SET SQL_MODE="NO_AUTO_VALUE_ON_ZERO";

/*!40101 SET @OLD_CHARACTER_SET_CLIENT=@@CHARACTER_SET_CLIENT */;
/*!40101 SET @OLD_CHARACTER_SET_RESULTS=@@CHARACTER_SET_RESULTS */;
/*!40101 SET @OLD_COLLATION_CONNECTION=@@COLLATION_CONNECTION */;
/*!40101 SET NAMES utf8 */;


DROP TABLE IF EXISTS `prefixpinboard_accesslog`;
CREATE TABLE `prefixpinboard_accesslog` (
  `aid` int(11) NOT NULL AUTO_INCREMENT COMMENT 'Primary Key: Unique accesslog ID.',
  `sid` varchar(128) NOT NULL DEFAULT '' COMMENT 'Browser session ID of user that visited page.',
  `title` varchar(255) DEFAULT NULL COMMENT 'Title of page visited.',
  `path` varchar(255) DEFAULT NULL COMMENT 'Internal path to page visited (relative to Drupal root.)',
  `url` text COMMENT 'Referrer URI.',
  `hostname` varchar(128) DEFAULT NULL COMMENT 'Hostname of user that visited the page.',
  `uid` int(10) unsigned DEFAULT '0' COMMENT 'User prefixpinboard_users.uid that visited the page.',
  `timer` int(10) unsigned NOT NULL DEFAULT '0' COMMENT 'Time in milliseconds that the page took to load.',
  `timestamp` int(10) unsigned NOT NULL DEFAULT '0' COMMENT 'Timestamp of when the page was visited.',
  PRIMARY KEY (`aid`),
  KEY `accesslog_timestamp` (`timestamp`),
  KEY `uid` (`uid`)
) ENGINE=InnoDB DEFAULT CHARSET=utf8 COMMENT='Stores site access information for statistics.' AUTO_INCREMENT=1 ;


DROP TABLE IF EXISTS `prefixpinboard_actions`;
CREATE TABLE `prefixpinboard_actions` (
  `aid` varchar(255) NOT NULL DEFAULT '0' COMMENT 'Primary Key: Unique actions ID.',
  `type` varchar(32) NOT NULL DEFAULT '' COMMENT 'The object that that action acts on (node, user, comment, system or custom types.)',
  `callback` varchar(255) NOT NULL DEFAULT '' COMMENT 'The callback function that executes when the action runs.',
  `parameters` longblob NOT NULL COMMENT 'Parameters to be passed to the callback function.',
  `label` varchar(255) NOT NULL DEFAULT '0' COMMENT 'Label of the action.',
  PRIMARY KEY (`aid`)
) ENGINE=InnoDB DEFAULT CHARSET=utf8 COMMENT='Stores action information.';

INSERT INTO `prefixpinboard_actions` (`aid`, `type`, `callback`, `parameters`, `label`) VALUES
('comment_publish_action', 'comment', 'comment_publish_action', '', 'Publish comment'),
('comment_save_action', 'comment', 'comment_save_action', '', 'Save comment'),
('comment_unpublish_action', 'comment', 'comment_unpublish_action', '', 'Unpublish comment'),
('node_make_sticky_action', 'node', 'node_make_sticky_action', '', 'Make content sticky'),
('node_make_unsticky_action', 'node', 'node_make_unsticky_action', '', 'Make content unsticky'),
('node_promote_action', 'node', 'node_promote_action', '', 'Promote content to front page'),
('node_publish_action', 'node', 'node_publish_action', '', 'Publish content'),
('node_save_action', 'node', 'node_save_action', '', 'Save content'),
('node_unpromote_action', 'node', 'node_unpromote_action', '', 'Remove content from front page'),
('node_unpublish_action', 'node', 'node_unpublish_action', '', 'Unpublish content'),
('system_block_ip_action', 'user', 'system_block_ip_action', '', 'Ban IP address of current user'),
('user_block_user_action', 'user', 'user_block_user_action', '', 'Block current user');

DROP TABLE IF EXISTS `prefixpinboard_authmap`;
CREATE TABLE `prefixpinboard_authmap` (
  `aid` int(10) unsigned NOT NULL AUTO_INCREMENT COMMENT 'Primary Key: Unique authmap ID.',
  `uid` int(11) NOT NULL DEFAULT '0' COMMENT 'User’s prefixpinboard_users.uid.',
  `authname` varchar(128) NOT NULL DEFAULT '' COMMENT 'Unique authentication name.',
  `module` varchar(128) NOT NULL DEFAULT '' COMMENT 'Module which is controlling the authentication.',
  PRIMARY KEY (`aid`),
  UNIQUE KEY `authname` (`authname`)
) ENGINE=InnoDB DEFAULT CHARSET=utf8 COMMENT='Stores distributed authentication mapping.' AUTO_INCREMENT=1 ;


DROP TABLE IF EXISTS `prefixpinboard_batch`;
CREATE TABLE `prefixpinboard_batch` (
  `bid` int(10) unsigned NOT NULL COMMENT 'Primary Key: Unique batch ID.',
  `token` varchar(64) NOT NULL COMMENT 'A string token generated against the current user’s session id and the batch id, used to ensure that only the user who submitted the batch can effectively access it.',
  `timestamp` int(11) NOT NULL COMMENT 'A Unix timestamp indicating when this batch was submitted for processing. Stale batches are purged at cron time.',
  `batch` longblob COMMENT 'A serialized array containing the processing data for the batch.',
  PRIMARY KEY (`bid`),
  KEY `token` (`token`)
) ENGINE=InnoDB DEFAULT CHARSET=utf8 COMMENT='Stores details about batches (processes that run in...';


DROP TABLE IF EXISTS `prefixpinboard_block`;
CREATE TABLE `prefixpinboard_block` (
  `bid` int(11) NOT NULL AUTO_INCREMENT COMMENT 'Primary Key: Unique block ID.',
  `module` varchar(64) NOT NULL DEFAULT '' COMMENT 'The module from which the block originates; for example, ’user’ for the Who’s Online block, and ’block’ for any custom blocks.',
  `delta` varchar(32) NOT NULL DEFAULT '0' COMMENT 'Unique ID for block within a module.',
  `theme` varchar(64) NOT NULL DEFAULT '' COMMENT 'The theme under which the block settings apply.',
  `status` tinyint(4) NOT NULL DEFAULT '0' COMMENT 'Block enabled status. (1 = enabled, 0 = disabled)',
  `weight` int(11) NOT NULL DEFAULT '0' COMMENT 'Block weight within region.',
  `region` varchar(64) NOT NULL DEFAULT '' COMMENT 'Theme region within which the block is set.',
  `custom` tinyint(4) NOT NULL DEFAULT '0' COMMENT 'Flag to indicate how users may control visibility of the block. (0 = Users cannot control, 1 = On by default, but can be hidden, 2 = Hidden by default, but can be shown)',
  `visibility` tinyint(4) NOT NULL DEFAULT '0' COMMENT 'Flag to indicate how to show blocks on pages. (0 = Show on all pages except listed pages, 1 = Show only on listed pages, 2 = Use custom PHP code to determine visibility)',
  `pages` text NOT NULL COMMENT 'Contents of the "Pages" block; contains either a list of paths on which to include/exclude the block or PHP code, depending on "visibility" setting.',
  `title` varchar(64) NOT NULL DEFAULT '' COMMENT 'Custom title for the block. (Empty string will use block default title, <none> will remove the title, text will cause block to use specified title.)',
  `cache` tinyint(4) NOT NULL DEFAULT '1' COMMENT 'Binary flag to indicate block cache mode. (-2: Custom cache, -1: Do not cache, 1: Cache per role, 2: Cache per user, 4: Cache per page, 8: Block cache global) See DRUPAL_CACHE_* constants in ../includes/common.inc for more detailed information.',
  PRIMARY KEY (`bid`),
  UNIQUE KEY `tmd` (`theme`,`module`,`delta`),
  KEY `list` (`theme`,`status`,`region`,`weight`,`module`)
) ENGINE=InnoDB  DEFAULT CHARSET=utf8 COMMENT='Stores block settings, such as region and visibility...' AUTO_INCREMENT=88 ;

INSERT INTO `prefixpinboard_block` (`bid`, `module`, `delta`, `theme`, `status`, `weight`, `region`, `custom`, `visibility`, `pages`, `title`, `cache`) VALUES
(1, 'system', 'main', 'bartik', 1, 0, 'content', 0, 0, '', '', -1),
(2, 'search', 'form', 'bartik', 1, -1, 'sidebar_first', 0, 0, '', '<none>', -1),
(3, 'node', 'recent', 'seven', 1, 10, 'dashboard_main', 0, 0, '', '', -1),
(4, 'user', 'login', 'bartik', 1, 0, 'sidebar_first', 0, 0, '', '', -1),
(5, 'system', 'navigation', 'bartik', 1, 0, 'sidebar_first', 0, 0, '', '<none>', -1),
(6, 'system', 'powered-by', 'bartik', 1, 10, 'footer', 0, 0, '', '', -1),
(7, 'system', 'help', 'bartik', 1, 0, 'help', 0, 0, '', '', -1),
(8, 'system', 'main', 'seven', 1, 0, 'content', 0, 0, '', '', -1),
(9, 'system', 'help', 'seven', 1, 0, 'help', 0, 0, '', '', -1),
(10, 'user', 'login', 'seven', 1, 10, 'content', 0, 0, '', '', -1),
(11, 'user', 'new', 'seven', 1, 0, 'dashboard_sidebar', 0, 0, '', '', -1),
(12, 'search', 'form', 'seven', 1, -10, 'dashboard_sidebar', 0, 0, '', '<none>', -1),
(13, 'comment', 'recent', 'bartik', 0, 0, '-1', 0, 0, '', '', 1),
(14, 'node', 'syndicate', 'bartik', 0, 0, '-1', 0, 0, '', '', -1),
(15, 'node', 'recent', 'bartik', 0, 0, '-1', 0, 0, '', '', 1),
(16, 'shortcut', 'shortcuts', 'bartik', 0, 0, '-1', 0, 0, '', '', -1),
(17, 'system', 'management', 'bartik', 0, 0, '-1', 0, 0, '', '', -1),
(18, 'system', 'user-menu', 'bartik', 0, 0, '-1', 0, 0, '', '<none>', -1),
(19, 'system', 'main-menu', 'bartik', 0, 0, '-1', 0, 0, '', '<none>', -1),
(20, 'user', 'new', 'bartik', 0, 0, '-1', 0, 0, '', '', 1),
(21, 'user', 'online', 'bartik', 0, 0, '-1', 0, 0, '', '', -1),
(22, 'comment', 'recent', 'seven', 1, 0, 'dashboard_inactive', 0, 0, '', '', 1),
(23, 'node', 'syndicate', 'seven', 0, 0, '-1', 0, 0, '', '', -1),
(24, 'shortcut', 'shortcuts', 'seven', 0, 0, '-1', 0, 0, '', '', -1),
(25, 'system', 'powered-by', 'seven', 0, 10, '-1', 0, 0, '', '', -1),
(26, 'system', 'navigation', 'seven', 0, 0, '-1', 0, 0, '', '<none>', -1),
(27, 'system', 'management', 'seven', 0, 0, '-1', 0, 0, '', '', -1),
(28, 'system', 'user-menu', 'seven', 0, 0, '-1', 0, 0, '', '<none>', -1),
(29, 'system', 'main-menu', 'seven', 0, 0, '-1', 0, 0, '', '<none>', -1),
(30, 'user', 'online', 'seven', 1, 0, 'dashboard_inactive', 0, 0, '', '', -1),
(31, 'comment', 'recent', 'pinboard', 1, -4, 'sidebar_right', 0, 0, '', '', 1),
(32, 'node', 'recent', 'pinboard', 0, -11, '-1', 0, 0, '', '', 1),
(33, 'node', 'syndicate', 'pinboard', 1, -6, 'sidebar_right', 0, 0, '', '', -1),
(34, 'search', 'form', 'pinboard', 1, -1, 'sidebar_top_right', 0, 0, '', '<none>', -1),
(35, 'shortcut', 'shortcuts', 'pinboard', 0, -9, '-1', 0, 0, '', '', -1),
(36, 'system', 'help', 'pinboard', 1, -7, 'sidebar_right', 0, 0, '', '', -1),
(37, 'system', 'main', 'pinboard', 1, -12, 'content', 0, 0, '', '', -1),
(38, 'system', 'main-menu', 'pinboard', 1, -8, 'sidebar_top_menu', 0, 0, '', '<none>', -1),
(39, 'system', 'management', 'pinboard', 0, -1, '-1', 0, 0, '', '', -1),
(40, 'system', 'navigation', 'pinboard', 1, 0, 'sidebar_top_left', 0, 0, '', '<none>', -1),
(41, 'system', 'powered-by', 'pinboard', 1, -2, 'sidebar_right', 0, 0, '', '', -1),
(42, 'system', 'user-menu', 'pinboard', 0, -8, '-1', 0, 0, '', '<none>', -1),
(43, 'user', 'login', 'pinboard', 1, -8, 'sidebar_right', 0, 0, '', '', -1),
(44, 'user', 'new', 'pinboard', 1, -9, 'sidebar_right', 0, 0, '', '', 1),
(45, 'user', 'online', 'pinboard', 1, 0, 'sidebar_right', 0, 0, '', '', -1),
(46, 'blog', 'recent', 'bartik', 0, 0, '-1', 0, 0, '', '', 1),
(47, 'blog', 'recent', 'pinboard', 1, -3, 'sidebar_right', 0, 0, '', '', 1),
(48, 'blog', 'recent', 'seven', 1, 0, 'dashboard_inactive', 0, 0, '', '', 1),
(49, 'block', '1', 'bartik', 0, 0, '-1', 0, 0, '', '', -1),
(50, 'block', '1', 'pinboard', 1, 0, 'footer_copyright', 0, 0, '', '', -1),
(51, 'block', '1', 'seven', 0, 0, '-1', 0, 0, '', '', -1),
(52, 'views', 'pinned_onto_the_board-block', 'bartik', 0, 0, '-1', 0, 0, '', '', -1),
(53, 'views', 'pinned_onto_the_board-block', 'pinboard', 0, -6, '-1', 0, 0, '', '', -1),
(54, 'views', 'pinned_onto_the_board-block', 'seven', 0, 0, '-1', 0, 0, '', '', -1),
(55, 'views', 'originally_pinned_by-block', 'bartik', 0, 0, '-1', 0, 0, '', '', -1),
(56, 'views', 'uploaded_pins-block', 'bartik', 0, 0, '-1', 0, 0, '', '', -1),
(57, 'views', 'originally_pinned_by-block', 'pinboard', 0, -7, '-1', 0, 0, '', '', -1),
(58, 'views', 'uploaded_pins-block', 'pinboard', 0, -5, '-1', 0, 0, '', '', -1),
(59, 'views', 'originally_pinned_by-block', 'seven', 0, 0, '-1', 0, 0, '', '', -1),
(60, 'views', 'uploaded_pins-block', 'seven', 0, 0, '-1', 0, 0, '', '', -1),
(61, 'menu', 'menu-navigation', 'bartik', 0, 0, '-1', 0, 0, '', '', -1),
(62, 'menu', 'menu-navigation', 'pinboard', 1, -11, 'sidebar_right', 0, 0, '', '', -1),
(63, 'menu', 'menu-navigation', 'seven', 0, 0, '-1', 0, 0, '', '', -1),
(67, 'sharethis', 'sharethis_block', 'bartik', 0, 0, '-1', 0, 0, '', '', 1),
(68, 'sharethis', 'sharethis_block', 'pinboard', 0, -10, '-1', 0, 0, '', '', 1),
(69, 'sharethis', 'sharethis_block', 'seven', 0, 0, '-1', 0, 0, '', '', 1),
(70, 'invite', 'invite', 'bartik', 0, 0, '-1', 0, 0, '', '', 1),
(71, 'invite', 'invite', 'pinboard', 0, -12, '-1', 0, 0, '', '', 1),
(72, 'invite', 'invite', 'seven', 0, 0, '-1', 0, 0, '', '', 1),
(73, 'locale', 'language', 'bartik', 0, 0, '-1', 0, 0, '', '', -1),
(74, 'locale', 'language', 'pinboard', 0, 0, '-1', 0, 0, '', '', -1),
(75, 'locale', 'language', 'seven', 0, 0, '-1', 0, 0, '', '', -1),
(76, 'loginza', 'loginza_login_button', 'bartik', 0, 0, '-1', 0, 0, '', '', 1),
(77, 'loginza', 'loginza_login_button', 'pinboard', 0, 0, '-1', 0, 0, '', '', 1),
(78, 'loginza', 'loginza_login_button', 'seven', 0, 0, '-1', 0, 0, '', '', 1),
(79, 'block', '2', 'bartik', 0, 0, '-1', 0, 0, '', '', -1),
(80, 'block', '2', 'pinboard', 1, 0, 'sidebar_welcome', 0, 0, '', '', -1),
(81, 'block', '2', 'seven', 0, 0, '-1', 0, 0, '', '', -1),
(85, 'block', '3', 'bartik', 0, 0, '-1', 0, 0, '', '', -1),
(86, 'block', '3', 'pinboard', 1, 0, 'sidebar_ad', 0, 0, '', '', -1),
(87, 'block', '3', 'seven', 0, 0, '-1', 0, 0, '', '', -1);

DROP TABLE IF EXISTS `prefixpinboard_blocked_ips`;
CREATE TABLE `prefixpinboard_blocked_ips` (
  `iid` int(10) unsigned NOT NULL AUTO_INCREMENT COMMENT 'Primary Key: unique ID for IP addresses.',
  `ip` varchar(40) NOT NULL DEFAULT '' COMMENT 'IP address',
  PRIMARY KEY (`iid`),
  KEY `blocked_ip` (`ip`)
) ENGINE=InnoDB DEFAULT CHARSET=utf8 COMMENT='Stores blocked IP addresses.' AUTO_INCREMENT=1 ;


DROP TABLE IF EXISTS `prefixpinboard_block_custom`;
CREATE TABLE `prefixpinboard_block_custom` (
  `bid` int(10) unsigned NOT NULL AUTO_INCREMENT COMMENT 'The block’s prefixpinboard_block.bid.',
  `body` longtext COMMENT 'Block contents.',
  `info` varchar(128) NOT NULL DEFAULT '' COMMENT 'Block description.',
  `format` varchar(255) DEFAULT NULL COMMENT 'The prefixpinboard_filter_format.format of the block body.',
  PRIMARY KEY (`bid`),
  UNIQUE KEY `info` (`info`)
) ENGINE=InnoDB  DEFAULT CHARSET=utf8 COMMENT='Stores contents of custom-made blocks.' AUTO_INCREMENT=4 ;

INSERT INTO `prefixpinboard_block_custom` (`bid`, `body`, `info`, `format`) VALUES
(1, '&copy; 2011 Pin Board', 'Copyright', 'filtered_html'),
(2, '<h4>Welcome to PinBoard</h4>\r\n<h5><a href="<?php print url(''user''); ?>">Organize and share things you love.</a></h5>\r\n ', 'Welcome', 'php_code'),
(3, '<div style="border: 1px solid #999;text-align: center;padding:30px;background-color: #f0f0f0;">ad banner</div>', 'ad banner', 'full_html');

DROP TABLE IF EXISTS `prefixpinboard_block_node_type`;
CREATE TABLE `prefixpinboard_block_node_type` (
  `module` varchar(64) NOT NULL COMMENT 'The block’s origin module, from prefixpinboard_block.module.',
  `delta` varchar(32) NOT NULL COMMENT 'The block’s unique delta within module, from prefixpinboard_block.delta.',
  `type` varchar(32) NOT NULL COMMENT 'The machine-readable name of this type from prefixpinboard_node_type.type.',
  PRIMARY KEY (`module`,`delta`,`type`),
  KEY `type` (`type`)
) ENGINE=InnoDB DEFAULT CHARSET=utf8 COMMENT='Sets up display criteria for blocks based on content types';


DROP TABLE IF EXISTS `prefixpinboard_block_role`;
CREATE TABLE `prefixpinboard_block_role` (
  `module` varchar(64) NOT NULL COMMENT 'The block’s origin module, from prefixpinboard_block.module.',
  `delta` varchar(32) NOT NULL COMMENT 'The block’s unique delta within module, from prefixpinboard_block.delta.',
  `rid` int(10) unsigned NOT NULL COMMENT 'The user’s role ID from prefixpinboard_users_roles.rid.',
  PRIMARY KEY (`module`,`delta`,`rid`),
  KEY `rid` (`rid`)
) ENGINE=InnoDB DEFAULT CHARSET=utf8 COMMENT='Sets up access permissions for blocks based on user roles';

INSERT INTO `prefixpinboard_block_role` (`module`, `delta`, `rid`) VALUES
('block', '2', 1);

DROP TABLE IF EXISTS `prefixpinboard_cache`;
CREATE TABLE `prefixpinboard_cache` (
  `cid` varchar(255) NOT NULL DEFAULT '' COMMENT 'Primary Key: Unique cache ID.',
  `data` longblob COMMENT 'A collection of data to cache.',
  `expire` int(11) NOT NULL DEFAULT '0' COMMENT 'A Unix timestamp indicating when the cache entry should expire, or 0 for never.',
  `created` int(11) NOT NULL DEFAULT '0' COMMENT 'A Unix timestamp indicating when the cache entry was created.',
  `serialized` smallint(6) NOT NULL DEFAULT '0' COMMENT 'A flag to indicate whether content is serialized (1) or not (0).',
  PRIMARY KEY (`cid`),
  KEY `expire` (`expire`)
) ENGINE=InnoDB DEFAULT CHARSET=utf8 COMMENT='Generic cache table for caching things not separated out...';


DROP TABLE IF EXISTS `prefixpinboard_cache_block`;
CREATE TABLE `prefixpinboard_cache_block` (
  `cid` varchar(255) NOT NULL DEFAULT '' COMMENT 'Primary Key: Unique cache ID.',
  `data` longblob COMMENT 'A collection of data to cache.',
  `expire` int(11) NOT NULL DEFAULT '0' COMMENT 'A Unix timestamp indicating when the cache entry should expire, or 0 for never.',
  `created` int(11) NOT NULL DEFAULT '0' COMMENT 'A Unix timestamp indicating when the cache entry was created.',
  `serialized` smallint(6) NOT NULL DEFAULT '0' COMMENT 'A flag to indicate whether content is serialized (1) or not (0).',
  PRIMARY KEY (`cid`),
  KEY `expire` (`expire`)
) ENGINE=InnoDB DEFAULT CHARSET=utf8 COMMENT='Cache table for the Block module to store already built...';


DROP TABLE IF EXISTS `prefixpinboard_cache_bootstrap`;
CREATE TABLE `prefixpinboard_cache_bootstrap` (
  `cid` varchar(255) NOT NULL DEFAULT '' COMMENT 'Primary Key: Unique cache ID.',
  `data` longblob COMMENT 'A collection of data to cache.',
  `expire` int(11) NOT NULL DEFAULT '0' COMMENT 'A Unix timestamp indicating when the cache entry should expire, or 0 for never.',
  `created` int(11) NOT NULL DEFAULT '0' COMMENT 'A Unix timestamp indicating when the cache entry was created.',
  `serialized` smallint(6) NOT NULL DEFAULT '0' COMMENT 'A flag to indicate whether content is serialized (1) or not (0).',
  PRIMARY KEY (`cid`),
  KEY `expire` (`expire`)
) ENGINE=InnoDB DEFAULT CHARSET=utf8 COMMENT='Cache table for data required to bootstrap Drupal, may be...';


DROP TABLE IF EXISTS `prefixpinboard_cache_field`;
CREATE TABLE `prefixpinboard_cache_field` (
  `cid` varchar(255) NOT NULL DEFAULT '' COMMENT 'Primary Key: Unique cache ID.',
  `data` longblob COMMENT 'A collection of data to cache.',
  `expire` int(11) NOT NULL DEFAULT '0' COMMENT 'A Unix timestamp indicating when the cache entry should expire, or 0 for never.',
  `created` int(11) NOT NULL DEFAULT '0' COMMENT 'A Unix timestamp indicating when the cache entry was created.',
  `serialized` smallint(6) NOT NULL DEFAULT '0' COMMENT 'A flag to indicate whether content is serialized (1) or not (0).',
  PRIMARY KEY (`cid`),
  KEY `expire` (`expire`)
) ENGINE=InnoDB DEFAULT CHARSET=utf8 COMMENT='Generic cache table for caching things not separated out...';


DROP TABLE IF EXISTS `prefixpinboard_cache_filter`;
CREATE TABLE `prefixpinboard_cache_filter` (
  `cid` varchar(255) NOT NULL DEFAULT '' COMMENT 'Primary Key: Unique cache ID.',
  `data` longblob COMMENT 'A collection of data to cache.',
  `expire` int(11) NOT NULL DEFAULT '0' COMMENT 'A Unix timestamp indicating when the cache entry should expire, or 0 for never.',
  `created` int(11) NOT NULL DEFAULT '0' COMMENT 'A Unix timestamp indicating when the cache entry was created.',
  `serialized` smallint(6) NOT NULL DEFAULT '0' COMMENT 'A flag to indicate whether content is serialized (1) or not (0).',
  PRIMARY KEY (`cid`),
  KEY `expire` (`expire`)
) ENGINE=InnoDB DEFAULT CHARSET=utf8 COMMENT='Cache table for the Filter module to store already...';


DROP TABLE IF EXISTS `prefixpinboard_cache_form`;
CREATE TABLE `prefixpinboard_cache_form` (
  `cid` varchar(255) NOT NULL DEFAULT '' COMMENT 'Primary Key: Unique cache ID.',
  `data` longblob COMMENT 'A collection of data to cache.',
  `expire` int(11) NOT NULL DEFAULT '0' COMMENT 'A Unix timestamp indicating when the cache entry should expire, or 0 for never.',
  `created` int(11) NOT NULL DEFAULT '0' COMMENT 'A Unix timestamp indicating when the cache entry was created.',
  `serialized` smallint(6) NOT NULL DEFAULT '0' COMMENT 'A flag to indicate whether content is serialized (1) or not (0).',
  PRIMARY KEY (`cid`),
  KEY `expire` (`expire`)
) ENGINE=InnoDB DEFAULT CHARSET=utf8 COMMENT='Cache table for the form system to store recently built...';


DROP TABLE IF EXISTS `prefixpinboard_cache_gravatar`;
CREATE TABLE `prefixpinboard_cache_gravatar` (
  `cid` varchar(255) NOT NULL DEFAULT '' COMMENT 'Primary Key: Unique cache ID.',
  `data` longblob COMMENT 'A collection of data to cache.',
  `expire` int(11) NOT NULL DEFAULT '0' COMMENT 'A Unix timestamp indicating when the cache entry should expire, or 0 for never.',
  `created` int(11) NOT NULL DEFAULT '0' COMMENT 'A Unix timestamp indicating when the cache entry was created.',
  `serialized` smallint(6) NOT NULL DEFAULT '0' COMMENT 'A flag to indicate whether content is serialized (1) or not (0).',
  PRIMARY KEY (`cid`),
  KEY `expire` (`expire`)
) ENGINE=InnoDB DEFAULT CHARSET=utf8 COMMENT='Cache table for the Gravatar module to store already...';


DROP TABLE IF EXISTS `prefixpinboard_cache_image`;
CREATE TABLE `prefixpinboard_cache_image` (
  `cid` varchar(255) NOT NULL DEFAULT '' COMMENT 'Primary Key: Unique cache ID.',
  `data` longblob COMMENT 'A collection of data to cache.',
  `expire` int(11) NOT NULL DEFAULT '0' COMMENT 'A Unix timestamp indicating when the cache entry should expire, or 0 for never.',
  `created` int(11) NOT NULL DEFAULT '0' COMMENT 'A Unix timestamp indicating when the cache entry was created.',
  `serialized` smallint(6) NOT NULL DEFAULT '0' COMMENT 'A flag to indicate whether content is serialized (1) or not (0).',
  PRIMARY KEY (`cid`),
  KEY `expire` (`expire`)
) ENGINE=InnoDB DEFAULT CHARSET=utf8 COMMENT='Cache table used to store information about image...';


DROP TABLE IF EXISTS `prefixpinboard_cache_menu`;
CREATE TABLE `prefixpinboard_cache_menu` (
  `cid` varchar(255) NOT NULL DEFAULT '' COMMENT 'Primary Key: Unique cache ID.',
  `data` longblob COMMENT 'A collection of data to cache.',
  `expire` int(11) NOT NULL DEFAULT '0' COMMENT 'A Unix timestamp indicating when the cache entry should expire, or 0 for never.',
  `created` int(11) NOT NULL DEFAULT '0' COMMENT 'A Unix timestamp indicating when the cache entry was created.',
  `serialized` smallint(6) NOT NULL DEFAULT '0' COMMENT 'A flag to indicate whether content is serialized (1) or not (0).',
  PRIMARY KEY (`cid`),
  KEY `expire` (`expire`)
) ENGINE=InnoDB DEFAULT CHARSET=utf8 COMMENT='Cache table for the menu system to store router...';


DROP TABLE IF EXISTS `prefixpinboard_cache_page`;
CREATE TABLE `prefixpinboard_cache_page` (
  `cid` varchar(255) NOT NULL DEFAULT '' COMMENT 'Primary Key: Unique cache ID.',
  `data` longblob COMMENT 'A collection of data to cache.',
  `expire` int(11) NOT NULL DEFAULT '0' COMMENT 'A Unix timestamp indicating when the cache entry should expire, or 0 for never.',
  `created` int(11) NOT NULL DEFAULT '0' COMMENT 'A Unix timestamp indicating when the cache entry was created.',
  `serialized` smallint(6) NOT NULL DEFAULT '0' COMMENT 'A flag to indicate whether content is serialized (1) or not (0).',
  PRIMARY KEY (`cid`),
  KEY `expire` (`expire`)
) ENGINE=InnoDB DEFAULT CHARSET=utf8 COMMENT='Cache table used to store compressed pages for anonymous...';


DROP TABLE IF EXISTS `prefixpinboard_cache_path`;
CREATE TABLE `prefixpinboard_cache_path` (
  `cid` varchar(255) NOT NULL DEFAULT '' COMMENT 'Primary Key: Unique cache ID.',
  `data` longblob COMMENT 'A collection of data to cache.',
  `expire` int(11) NOT NULL DEFAULT '0' COMMENT 'A Unix timestamp indicating when the cache entry should expire, or 0 for never.',
  `created` int(11) NOT NULL DEFAULT '0' COMMENT 'A Unix timestamp indicating when the cache entry was created.',
  `serialized` smallint(6) NOT NULL DEFAULT '0' COMMENT 'A flag to indicate whether content is serialized (1) or not (0).',
  PRIMARY KEY (`cid`),
  KEY `expire` (`expire`)
) ENGINE=InnoDB DEFAULT CHARSET=utf8 COMMENT='Cache table for path alias lookup.';


DROP TABLE IF EXISTS `prefixpinboard_cache_token`;
CREATE TABLE `prefixpinboard_cache_token` (
  `cid` varchar(255) NOT NULL DEFAULT '' COMMENT 'Primary Key: Unique cache ID.',
  `data` longblob COMMENT 'A collection of data to cache.',
  `expire` int(11) NOT NULL DEFAULT '0' COMMENT 'A Unix timestamp indicating when the cache entry should expire, or 0 for never.',
  `created` int(11) NOT NULL DEFAULT '0' COMMENT 'A Unix timestamp indicating when the cache entry was created.',
  `serialized` smallint(6) NOT NULL DEFAULT '0' COMMENT 'A flag to indicate whether content is serialized (1) or not (0).',
  PRIMARY KEY (`cid`),
  KEY `expire` (`expire`)
) ENGINE=InnoDB DEFAULT CHARSET=utf8 COMMENT='Cache table for token information.';


DROP TABLE IF EXISTS `prefixpinboard_cache_update`;
CREATE TABLE `prefixpinboard_cache_update` (
  `cid` varchar(255) NOT NULL DEFAULT '' COMMENT 'Primary Key: Unique cache ID.',
  `data` longblob COMMENT 'A collection of data to cache.',
  `expire` int(11) NOT NULL DEFAULT '0' COMMENT 'A Unix timestamp indicating when the cache entry should expire, or 0 for never.',
  `created` int(11) NOT NULL DEFAULT '0' COMMENT 'A Unix timestamp indicating when the cache entry was created.',
  `serialized` smallint(6) NOT NULL DEFAULT '0' COMMENT 'A flag to indicate whether content is serialized (1) or not (0).',
  PRIMARY KEY (`cid`),
  KEY `expire` (`expire`)
) ENGINE=InnoDB DEFAULT CHARSET=utf8 COMMENT='Cache table for the Update module to store information...';


DROP TABLE IF EXISTS `prefixpinboard_cache_views`;
CREATE TABLE `prefixpinboard_cache_views` (
  `cid` varchar(255) NOT NULL DEFAULT '' COMMENT 'Primary Key: Unique cache ID.',
  `data` longblob COMMENT 'A collection of data to cache.',
  `expire` int(11) NOT NULL DEFAULT '0' COMMENT 'A Unix timestamp indicating when the cache entry should expire, or 0 for never.',
  `created` int(11) NOT NULL DEFAULT '0' COMMENT 'A Unix timestamp indicating when the cache entry was created.',
  `serialized` smallint(6) NOT NULL DEFAULT '0' COMMENT 'A flag to indicate whether content is serialized (1) or not (0).',
  PRIMARY KEY (`cid`),
  KEY `expire` (`expire`)
) ENGINE=InnoDB DEFAULT CHARSET=utf8 COMMENT='Generic cache table for caching things not separated out...';


DROP TABLE IF EXISTS `prefixpinboard_cache_views_data`;
CREATE TABLE `prefixpinboard_cache_views_data` (
  `cid` varchar(255) NOT NULL DEFAULT '' COMMENT 'Primary Key: Unique cache ID.',
  `data` longblob COMMENT 'A collection of data to cache.',
  `expire` int(11) NOT NULL DEFAULT '0' COMMENT 'A Unix timestamp indicating when the cache entry should expire, or 0 for never.',
  `created` int(11) NOT NULL DEFAULT '0' COMMENT 'A Unix timestamp indicating when the cache entry was created.',
  `serialized` smallint(6) NOT NULL DEFAULT '1' COMMENT 'A flag to indicate whether content is serialized (1) or not (0).',
  PRIMARY KEY (`cid`),
  KEY `expire` (`expire`)
) ENGINE=InnoDB DEFAULT CHARSET=utf8 COMMENT='Cache table for views to store pre-rendered queries,...';


DROP TABLE IF EXISTS `prefixpinboard_comment`;
CREATE TABLE `prefixpinboard_comment` (
  `cid` int(11) NOT NULL AUTO_INCREMENT COMMENT 'Primary Key: Unique comment ID.',
  `pid` int(11) NOT NULL DEFAULT '0' COMMENT 'The prefixpinboard_comment.cid to which this comment is a reply. If set to 0, this comment is not a reply to an existing comment.',
  `nid` int(11) NOT NULL DEFAULT '0' COMMENT 'The prefixpinboard_node.nid to which this comment is a reply.',
  `uid` int(11) NOT NULL DEFAULT '0' COMMENT 'The prefixpinboard_users.uid who authored the comment. If set to 0, this comment was created by an anonymous user.',
  `subject` varchar(64) NOT NULL DEFAULT '' COMMENT 'The comment title.',
  `hostname` varchar(128) NOT NULL DEFAULT '' COMMENT 'The author’s host name.',
  `created` int(11) NOT NULL DEFAULT '0' COMMENT 'The time that the comment was created, as a Unix timestamp.',
  `changed` int(11) NOT NULL DEFAULT '0' COMMENT 'The time that the comment was last edited, as a Unix timestamp.',
  `status` tinyint(3) unsigned NOT NULL DEFAULT '1' COMMENT 'The published status of a comment. (0 = Not Published, 1 = Published)',
  `thread` varchar(255) NOT NULL COMMENT 'The vancode representation of the comment’s place in a thread.',
  `name` varchar(60) DEFAULT NULL COMMENT 'The comment author’s name. Uses prefixpinboard_users.name if the user is logged in, otherwise uses the value typed into the comment form.',
  `mail` varchar(64) DEFAULT NULL COMMENT 'The comment author’s e-mail address from the comment form, if user is anonymous, and the ’Anonymous users may/must leave their contact information’ setting is turned on.',
  `homepage` varchar(255) DEFAULT NULL COMMENT 'The comment author’s home page address from the comment form, if user is anonymous, and the ’Anonymous users may/must leave their contact information’ setting is turned on.',
  `language` varchar(12) NOT NULL DEFAULT '' COMMENT 'The prefixpinboard_languages.language of this comment.',
  PRIMARY KEY (`cid`),
  KEY `comment_status_pid` (`pid`,`status`),
  KEY `comment_num_new` (`nid`,`status`,`created`,`cid`,`thread`),
  KEY `comment_uid` (`uid`),
  KEY `comment_nid_language` (`nid`,`language`),
  KEY `comment_created` (`created`)
) ENGINE=InnoDB  DEFAULT CHARSET=utf8 COMMENT='Stores comments and associated data.' AUTO_INCREMENT=26 ;

INSERT INTO `prefixpinboard_comment` (`cid`, `pid`, `nid`, `uid`, `subject`, `hostname`, `created`, `changed`, `status`, `thread`, `name`, `mail`, `homepage`, `language`) VALUES
(1, 0, 5, 1, 'Tastes veer towards the more', '127.0.0.1', 1331244957, 1331244957, 1, '01/', 'admin', '', '', 'und'),
(2, 0, 5, 1, 'Rococo, as well as Art', '127.0.0.1', 1331244987, 1331244986, 1, '02/', 'admin', '', '', 'und'),
(3, 0, 8, 1, 'fancy side - minimalist I ain', '127.0.0.1', 1331577337, 1331577337, 1, '01/', 'admin', '', '', 'und'),
(4, 0, 8, 1, 'I ain''t! If I tell you I', '127.0.0.1', 1331578597, 1331578597, 1, '02/', 'admin', '', '', 'und'),
(5, 0, 99, 1, 'asdasdas', '127.0.0.1', 1335438567, 1335438567, 1, '01/', 'admin', '', '', 'und'),
(6, 0, 99, 1, 'dasfasdf', '127.0.0.1', 1335439033, 1335439033, 1, '02/', 'admin', '', '', 'und'),
(7, 0, 99, 1, 'sdsdf', '127.0.0.1', 1335439045, 1335439045, 1, '03/', 'admin', '', '', 'und'),
(13, 0, 114, 0, 'sdfsdfdsf', '127.0.0.1', 1335696052, 1335696052, 1, '01/', 'sdfdfdfsdfss', '', '', 'und'),
(14, 0, 114, 0, '`csadfasdf', '127.0.0.1', 1335696274, 1335696274, 1, '02/', 'sadfasd', '', '', 'und'),
(15, 0, 114, 0, 'asdfasdf', '127.0.0.1', 1335696293, 1335696293, 1, '03/', 'asdfasd', '', '', 'und'),
(16, 0, 114, 1, 'dfgdsfgsdfsdf', '127.0.0.1', 1338809420, 1338809420, 1, '04/', 'admin', '', '', 'und'),
(17, 0, 114, 1, 'dsfgsdfgerytwer', '127.0.0.1', 1338809425, 1338809425, 1, '05/', 'admin', '', '', 'und'),
(18, 0, 114, 1, 'sdfstrerwete', '127.0.0.1', 1338809429, 1338809429, 1, '06/', 'admin', '', '', 'und'),
(19, 0, 114, 1, 'dfhsrherherh', '127.0.0.1', 1338809433, 1338809433, 1, '07/', 'admin', '', '', 'und'),
(20, 0, 114, 1, 'dfghryery', '127.0.0.1', 1338809437, 1338809437, 1, '08/', 'admin', '', '', 'und'),
(21, 0, 114, 1, 'rthfgnsdfha', '127.0.0.1', 1338809441, 1338809441, 1, '09/', 'admin', '', '', 'und'),
(22, 0, 77, 1, 'asas', '127.0.0.1', 1339019217, 1339019217, 1, '01/', 'admin', '', '', 'und'),
(23, 0, 77, 1, 'xsdsd', '127.0.0.1', 1339019225, 1339019224, 1, '02/', 'admin', '', '', 'und'),
(24, 0, 77, 1, 'fsfdgsdf', '127.0.0.1', 1339019230, 1339019230, 1, '03/', 'admin', '', '', 'und'),
(25, 0, 77, 1, 'dfgsdf', '127.0.0.1', 1339019237, 1339019237, 1, '04/', 'admin', '', '', 'und');

DROP TABLE IF EXISTS `prefixpinboard_contact`;
CREATE TABLE `prefixpinboard_contact` (
  `cid` int(10) unsigned NOT NULL AUTO_INCREMENT COMMENT 'Primary Key: Unique category ID.',
  `category` varchar(255) NOT NULL DEFAULT '' COMMENT 'Category name.',
  `recipients` longtext NOT NULL COMMENT 'Comma-separated list of recipient e-mail addresses.',
  `reply` longtext NOT NULL COMMENT 'Text of the auto-reply message.',
  `weight` int(11) NOT NULL DEFAULT '0' COMMENT 'The category’s weight.',
  `selected` tinyint(4) NOT NULL DEFAULT '0' COMMENT 'Flag to indicate whether or not category is selected by default. (1 = Yes, 0 = No)',
  PRIMARY KEY (`cid`),
  UNIQUE KEY `category` (`category`),
  KEY `list` (`weight`,`category`)
) ENGINE=InnoDB  DEFAULT CHARSET=utf8 COMMENT='Contact form category settings.' AUTO_INCREMENT=2 ;

INSERT INTO `prefixpinboard_contact` (`cid`, `category`, `recipients`, `reply`, `weight`, `selected`) VALUES
(1, 'Website feedback', 'me@localhost.com', '', 0, 1);

DROP TABLE IF EXISTS `prefixpinboard_contact_importer_forms`;
CREATE TABLE `prefixpinboard_contact_importer_forms` (
  `form_id` varchar(127) NOT NULL DEFAULT '' COMMENT 'The form_id to act upon.',
  `field` varchar(127) NOT NULL DEFAULT '' COMMENT 'The field on the given form.',
  PRIMARY KEY (`form_id`,`field`)
) ENGINE=InnoDB DEFAULT CHARSET=utf8 COMMENT='Stores a list of forms and fields that Contact Importer...';

INSERT INTO `prefixpinboard_contact_importer_forms` (`form_id`, `field`) VALUES
('invite_form', 'email');

DROP TABLE IF EXISTS `prefixpinboard_contact_importer_log`;
CREATE TABLE `prefixpinboard_contact_importer_log` (
  `log_id` int(10) unsigned NOT NULL AUTO_INCREMENT COMMENT 'Auto-incrementing primary key.',
  `session_id` varchar(64) NOT NULL DEFAULT '' COMMENT 'FK to prefixpinboard_session.sid.',
  `provider_name` varchar(64) NOT NULL DEFAULT '' COMMENT 'The machine readable provider name.',
  `engine_name` varchar(64) NOT NULL DEFAULT '' COMMENT 'The machine readable engine name.',
  `email` varchar(64) NOT NULL DEFAULT '' COMMENT 'The email_address or username used.',
  `authentication_success` tinyint(3) unsigned NOT NULL DEFAULT '0' COMMENT 'Did the user successfully authenticate with the provider?',
  `contacts_retrieved` smallint(5) unsigned NOT NULL DEFAULT '0' COMMENT 'The number of contacts that the engine retrieved from the provider.',
  `contacts_imported` smallint(5) unsigned NOT NULL DEFAULT '0' COMMENT 'The number of contacts that the user selected.',
  `completed` tinyint(3) unsigned NOT NULL DEFAULT '0' COMMENT 'Is the contact import form wizard still in progress.',
  PRIMARY KEY (`log_id`),
  KEY `provider_name` (`provider_name`),
  KEY `session_id` (`session_id`,`email`,`authentication_success`,`completed`)
) ENGINE=InnoDB  DEFAULT CHARSET=utf8 COMMENT='Logs Contact Imports.' AUTO_INCREMENT=5 ;

INSERT INTO `prefixpinboard_contact_importer_log` (`log_id`, `session_id`, `provider_name`, `engine_name`, `email`, `authentication_success`, `contacts_retrieved`, `contacts_imported`, `completed`) VALUES
(1, 'qSenv8DAek16d_zJg1G20D7rfmV8geQwKERGj6gSXOA', 'gmail', 'openinviter_engine', 'ricofenix@gmail.com', 0, 0, 0, 1),
(2, 'qSenv8DAek16d_zJg1G20D7rfmV8geQwKERGj6gSXOA', 'mailru', 'openinviter_engine', 'ricofenix@mail.ru', 0, 0, 0, 1),
(3, 'qSenv8DAek16d_zJg1G20D7rfmV8geQwKERGj6gSXOA', 'mailru', 'openinviter_engine', 'ricofenix@mail.ru', 0, 0, 0, 1),
(4, 'qSenv8DAek16d_zJg1G20D7rfmV8geQwKERGj6gSXOA', 'gmail', 'openinviter_engine', 'ricofenix@gmail.com', 0, 0, 0, 1);

DROP TABLE IF EXISTS `prefixpinboard_ctools_css_cache`;
CREATE TABLE `prefixpinboard_ctools_css_cache` (
  `cid` varchar(128) NOT NULL COMMENT 'The CSS ID this cache object belongs to.',
  `filename` varchar(255) DEFAULT NULL COMMENT 'The filename this CSS is stored in.',
  `css` longtext COMMENT 'CSS being stored.',
  `filter` tinyint(4) DEFAULT NULL COMMENT 'Whether or not this CSS needs to be filtered.',
  PRIMARY KEY (`cid`)
) ENGINE=InnoDB DEFAULT CHARSET=utf8 COMMENT='A special cache used to store CSS that must be non-volatile.';


DROP TABLE IF EXISTS `prefixpinboard_ctools_object_cache`;
CREATE TABLE `prefixpinboard_ctools_object_cache` (
  `sid` varchar(64) NOT NULL COMMENT 'The session ID this cache object belongs to.',
  `name` varchar(128) NOT NULL COMMENT 'The name of the object this cache is attached to.',
  `obj` varchar(32) NOT NULL COMMENT 'The type of the object this cache is attached to; this essentially represents the owner so that several sub-systems can use this cache.',
  `updated` int(10) unsigned NOT NULL DEFAULT '0' COMMENT 'The time this cache was created or updated.',
  `data` longtext COMMENT 'Serialized data being stored.',
  PRIMARY KEY (`sid`,`obj`,`name`),
  KEY `updated` (`updated`)
) ENGINE=InnoDB DEFAULT CHARSET=utf8 COMMENT='A special cache used to store objects that are being...';


DROP TABLE IF EXISTS `prefixpinboard_date_formats`;
CREATE TABLE `prefixpinboard_date_formats` (
  `dfid` int(10) unsigned NOT NULL AUTO_INCREMENT COMMENT 'The date format identifier.',
  `format` varchar(100) NOT NULL COMMENT 'The date format string.',
  `type` varchar(64) NOT NULL COMMENT 'The date format type, e.g. medium.',
  `locked` tinyint(4) NOT NULL DEFAULT '0' COMMENT 'Whether or not this format can be modified.',
  PRIMARY KEY (`dfid`),
  UNIQUE KEY `formats` (`format`,`type`)
) ENGINE=InnoDB  DEFAULT CHARSET=utf8 COMMENT='Stores configured date formats.' AUTO_INCREMENT=36 ;

INSERT INTO `prefixpinboard_date_formats` (`dfid`, `format`, `type`, `locked`) VALUES
(1, 'Y-m-d H:i', 'short', 1),
(2, 'm/d/Y - H:i', 'short', 1),
(3, 'd/m/Y - H:i', 'short', 1),
(4, 'Y/m/d - H:i', 'short', 1),
(5, 'd.m.Y - H:i', 'short', 1),
(6, 'm/d/Y - g:ia', 'short', 1),
(7, 'd/m/Y - g:ia', 'short', 1),
(8, 'Y/m/d - g:ia', 'short', 1),
(9, 'M j Y - H:i', 'short', 1),
(10, 'j M Y - H:i', 'short', 1),
(11, 'Y M j - H:i', 'short', 1),
(12, 'M j Y - g:ia', 'short', 1),
(13, 'j M Y - g:ia', 'short', 1),
(14, 'Y M j - g:ia', 'short', 1),
(15, 'D, Y-m-d H:i', 'medium', 1),
(16, 'D, m/d/Y - H:i', 'medium', 1),
(17, 'D, d/m/Y - H:i', 'medium', 1),
(18, 'D, Y/m/d - H:i', 'medium', 1),
(19, 'F j, Y - H:i', 'medium', 1),
(20, 'j F, Y - H:i', 'medium', 1),
(21, 'Y, F j - H:i', 'medium', 1),
(22, 'D, m/d/Y - g:ia', 'medium', 1),
(23, 'D, d/m/Y - g:ia', 'medium', 1),
(24, 'D, Y/m/d - g:ia', 'medium', 1),
(25, 'F j, Y - g:ia', 'medium', 1),
(26, 'j F Y - g:ia', 'medium', 1),
(27, 'Y, F j - g:ia', 'medium', 1),
(28, 'j. F Y - G:i', 'medium', 1),
(29, 'l, F j, Y - H:i', 'long', 1),
(30, 'l, j F, Y - H:i', 'long', 1),
(31, 'l, Y,  F j - H:i', 'long', 1),
(32, 'l, F j, Y - g:ia', 'long', 1),
(33, 'l, j F Y - g:ia', 'long', 1),
(34, 'l, Y,  F j - g:ia', 'long', 1),
(35, 'l, j. F Y - G:i', 'long', 1);

DROP TABLE IF EXISTS `prefixpinboard_date_format_locale`;
CREATE TABLE `prefixpinboard_date_format_locale` (
  `format` varchar(100) NOT NULL COMMENT 'The date format string.',
  `type` varchar(64) NOT NULL COMMENT 'The date format type, e.g. medium.',
  `language` varchar(12) NOT NULL COMMENT 'A prefixpinboard_languages.language for this format to be used with.',
  PRIMARY KEY (`type`,`language`)
) ENGINE=InnoDB DEFAULT CHARSET=utf8 COMMENT='Stores configured date formats for each locale.';


DROP TABLE IF EXISTS `prefixpinboard_date_format_type`;
CREATE TABLE `prefixpinboard_date_format_type` (
  `type` varchar(64) NOT NULL COMMENT 'The date format type, e.g. medium.',
  `title` varchar(255) NOT NULL COMMENT 'The human readable name of the format type.',
  `locked` tinyint(4) NOT NULL DEFAULT '0' COMMENT 'Whether or not this is a system provided format.',
  PRIMARY KEY (`type`),
  KEY `title` (`title`)
) ENGINE=InnoDB DEFAULT CHARSET=utf8 COMMENT='Stores configured date format types.';

INSERT INTO `prefixpinboard_date_format_type` (`type`, `title`, `locked`) VALUES
('long', 'Long', 1),
('medium', 'Medium', 1),
('short', 'Short', 1);

DROP TABLE IF EXISTS `prefixpinboard_field_config`;
CREATE TABLE `prefixpinboard_field_config` (
  `id` int(11) NOT NULL AUTO_INCREMENT COMMENT 'The primary identifier for a field',
  `field_name` varchar(32) NOT NULL COMMENT 'The name of this field. Non-deleted field names are unique, but multiple deleted fields can have the same name.',
  `type` varchar(128) NOT NULL COMMENT 'The type of this field.',
  `module` varchar(128) NOT NULL DEFAULT '' COMMENT 'The module that implements the field type.',
  `active` tinyint(4) NOT NULL DEFAULT '0' COMMENT 'Boolean indicating whether the module that implements the field type is enabled.',
  `storage_type` varchar(128) NOT NULL COMMENT 'The storage backend for the field.',
  `storage_module` varchar(128) NOT NULL DEFAULT '' COMMENT 'The module that implements the storage backend.',
  `storage_active` tinyint(4) NOT NULL DEFAULT '0' COMMENT 'Boolean indicating whether the module that implements the storage backend is enabled.',
  `locked` tinyint(4) NOT NULL DEFAULT '0' COMMENT '@TODO',
  `data` longblob NOT NULL COMMENT 'Serialized data containing the field properties that do not warrant a dedicated column.',
  `cardinality` tinyint(4) NOT NULL DEFAULT '0',
  `translatable` tinyint(4) NOT NULL DEFAULT '0',
  `deleted` tinyint(4) NOT NULL DEFAULT '0',
  PRIMARY KEY (`id`),
  KEY `field_name` (`field_name`),
  KEY `active` (`active`),
  KEY `storage_active` (`storage_active`),
  KEY `deleted` (`deleted`),
  KEY `module` (`module`),
  KEY `storage_module` (`storage_module`),
  KEY `type` (`type`),
  KEY `storage_type` (`storage_type`)
) ENGINE=InnoDB  DEFAULT CHARSET=utf8 AUTO_INCREMENT=12 ;

INSERT INTO `prefixpinboard_field_config` (`id`, `field_name`, `type`, `module`, `active`, `storage_type`, `storage_module`, `storage_active`, `locked`, `data`, `cardinality`, `translatable`, `deleted`) VALUES
(1, 'comment_body', 'text_long', 'text', 1, 'field_sql_storage', 'field_sql_storage', 1, 0, 0x613a363a7b733a31323a22656e746974795f7479706573223b613a313a7b693a303b733a373a22636f6d6d656e74223b7d733a31323a227472616e736c617461626c65223b623a303b733a383a2273657474696e6773223b613a303a7b7d733a373a2273746f72616765223b613a343a7b733a343a2274797065223b733a31373a226669656c645f73716c5f73746f72616765223b733a383a2273657474696e6773223b613a303a7b7d733a363a226d6f64756c65223b733a31373a226669656c645f73716c5f73746f72616765223b733a363a22616374697665223b693a313b7d733a31323a22666f726569676e206b657973223b613a313a7b733a363a22666f726d6174223b613a323a7b733a353a227461626c65223b733a31333a2266696c7465725f666f726d6174223b733a373a22636f6c756d6e73223b613a313a7b733a363a22666f726d6174223b733a363a22666f726d6174223b7d7d7d733a373a22696e6465786573223b613a313a7b733a363a22666f726d6174223b613a313a7b693a303b733a363a22666f726d6174223b7d7d7d, 1, 0, 0),
(2, 'body', 'text_with_summary', 'text', 1, 'field_sql_storage', 'field_sql_storage', 1, 0, 0x613a373a7b733a31323a22656e746974795f7479706573223b613a313a7b693a303b733a343a226e6f6465223b7d733a31323a227472616e736c617461626c65223b733a313a2230223b733a383a2273657474696e6773223b613a303a7b7d733a373a2273746f72616765223b613a353a7b733a343a2274797065223b733a31373a226669656c645f73716c5f73746f72616765223b733a383a2273657474696e6773223b613a303a7b7d733a363a226d6f64756c65223b733a31373a226669656c645f73716c5f73746f72616765223b733a363a22616374697665223b733a313a2231223b733a373a2264657461696c73223b613a313a7b733a333a2273716c223b613a323a7b733a31383a224649454c445f4c4f41445f43555252454e54223b613a313a7b733a31353a226669656c645f646174615f626f6479223b613a333a7b733a353a2276616c7565223b733a31303a22626f64795f76616c7565223b733a373a2273756d6d617279223b733a31323a22626f64795f73756d6d617279223b733a363a22666f726d6174223b733a31313a22626f64795f666f726d6174223b7d7d733a31393a224649454c445f4c4f41445f5245564953494f4e223b613a313a7b733a31393a226669656c645f7265766973696f6e5f626f6479223b613a333a7b733a353a2276616c7565223b733a31303a22626f64795f76616c7565223b733a373a2273756d6d617279223b733a31323a22626f64795f73756d6d617279223b733a363a22666f726d6174223b733a31313a22626f64795f666f726d6174223b7d7d7d7d7d733a31323a22666f726569676e206b657973223b613a313a7b733a363a22666f726d6174223b613a323a7b733a353a227461626c65223b733a31333a2266696c7465725f666f726d6174223b733a373a22636f6c756d6e73223b613a313a7b733a363a22666f726d6174223b733a363a22666f726d6174223b7d7d7d733a373a22696e6465786573223b613a313a7b733a363a22666f726d6174223b613a313a7b693a303b733a363a22666f726d6174223b7d7d733a323a226964223b733a313a2232223b7d, 1, 0, 0),
(3, 'field_tags', 'taxonomy_term_reference', 'taxonomy', 1, 'field_sql_storage', 'field_sql_storage', 1, 0, 0x613a363a7b733a383a2273657474696e6773223b613a313a7b733a31343a22616c6c6f7765645f76616c756573223b613a313a7b693a303b613a323a7b733a31303a22766f636162756c617279223b733a343a2274616773223b733a363a22706172656e74223b693a303b7d7d7d733a31323a22656e746974795f7479706573223b613a303a7b7d733a31323a227472616e736c617461626c65223b623a303b733a373a2273746f72616765223b613a343a7b733a343a2274797065223b733a31373a226669656c645f73716c5f73746f72616765223b733a383a2273657474696e6773223b613a303a7b7d733a363a226d6f64756c65223b733a31373a226669656c645f73716c5f73746f72616765223b733a363a22616374697665223b693a313b7d733a31323a22666f726569676e206b657973223b613a313a7b733a333a22746964223b613a323a7b733a353a227461626c65223b733a31383a227461786f6e6f6d795f7465726d5f64617461223b733a373a22636f6c756d6e73223b613a313a7b733a333a22746964223b733a333a22746964223b7d7d7d733a373a22696e6465786573223b613a313a7b733a333a22746964223b613a313a7b693a303b733a333a22746964223b7d7d7d, -1, 0, 0),
(4, 'field_image', 'image', 'image', 1, 'field_sql_storage', 'field_sql_storage', 1, 0, 0x613a363a7b733a373a22696e6465786573223b613a313a7b733a333a22666964223b613a313a7b693a303b733a333a22666964223b7d7d733a383a2273657474696e6773223b613a323a7b733a31303a227572695f736368656d65223b733a363a227075626c6963223b733a31333a2264656661756c745f696d616765223b623a303b7d733a373a2273746f72616765223b613a343a7b733a343a2274797065223b733a31373a226669656c645f73716c5f73746f72616765223b733a383a2273657474696e6773223b613a303a7b7d733a363a226d6f64756c65223b733a31373a226669656c645f73716c5f73746f72616765223b733a363a22616374697665223b693a313b7d733a31323a22656e746974795f7479706573223b613a303a7b7d733a31323a227472616e736c617461626c65223b623a303b733a31323a22666f726569676e206b657973223b613a313a7b733a333a22666964223b613a323a7b733a353a227461626c65223b733a31323a2266696c655f6d616e61676564223b733a373a22636f6c756d6e73223b613a313a7b733a333a22666964223b733a333a22666964223b7d7d7d7d, 1, 0, 0),
(5, 'field_url', 'text', 'text', 1, 'field_sql_storage', 'field_sql_storage', 1, 0, 0x613a373a7b733a31323a227472616e736c617461626c65223b733a313a2230223b733a31323a22656e746974795f7479706573223b613a303a7b7d733a383a2273657474696e6773223b613a313a7b733a31303a226d61785f6c656e677468223b733a343a2231303234223b7d733a373a2273746f72616765223b613a353a7b733a343a2274797065223b733a31373a226669656c645f73716c5f73746f72616765223b733a383a2273657474696e6773223b613a303a7b7d733a363a226d6f64756c65223b733a31373a226669656c645f73716c5f73746f72616765223b733a363a22616374697665223b733a313a2231223b733a373a2264657461696c73223b613a313a7b733a333a2273716c223b613a323a7b733a31383a224649454c445f4c4f41445f43555252454e54223b613a313a7b733a32303a226669656c645f646174615f6669656c645f75726c223b613a323a7b733a353a2276616c7565223b733a31353a226669656c645f75726c5f76616c7565223b733a363a22666f726d6174223b733a31363a226669656c645f75726c5f666f726d6174223b7d7d733a31393a224649454c445f4c4f41445f5245564953494f4e223b613a313a7b733a32343a226669656c645f7265766973696f6e5f6669656c645f75726c223b613a323a7b733a353a2276616c7565223b733a31353a226669656c645f75726c5f76616c7565223b733a363a22666f726d6174223b733a31363a226669656c645f75726c5f666f726d6174223b7d7d7d7d7d733a31323a22666f726569676e206b657973223b613a313a7b733a363a22666f726d6174223b613a323a7b733a353a227461626c65223b733a31333a2266696c7465725f666f726d6174223b733a373a22636f6c756d6e73223b613a313a7b733a363a22666f726d6174223b733a363a22666f726d6174223b7d7d7d733a373a22696e6465786573223b613a313a7b733a363a22666f726d6174223b613a313a7b693a303b733a363a22666f726d6174223b7d7d733a323a226964223b733a323a223132223b7d, 1, 0, 0),
(6, 'field_price', 'number_decimal', 'number', 1, 'field_sql_storage', 'field_sql_storage', 1, 0, 0x613a373a7b733a31323a227472616e736c617461626c65223b733a313a2230223b733a31323a22656e746974795f7479706573223b613a303a7b7d733a383a2273657474696e6773223b613a333a7b733a393a22707265636973696f6e223b733a323a223130223b733a353a227363616c65223b733a313a2232223b733a31373a22646563696d616c5f736570617261746f72223b733a313a222e223b7d733a373a2273746f72616765223b613a353a7b733a343a2274797065223b733a31373a226669656c645f73716c5f73746f72616765223b733a383a2273657474696e6773223b613a303a7b7d733a363a226d6f64756c65223b733a31373a226669656c645f73716c5f73746f72616765223b733a363a22616374697665223b733a313a2231223b733a373a2264657461696c73223b613a313a7b733a333a2273716c223b613a323a7b733a31383a224649454c445f4c4f41445f43555252454e54223b613a313a7b733a32323a226669656c645f646174615f6669656c645f7072696365223b613a313a7b733a353a2276616c7565223b733a31373a226669656c645f70726963655f76616c7565223b7d7d733a31393a224649454c445f4c4f41445f5245564953494f4e223b613a313a7b733a32363a226669656c645f7265766973696f6e5f6669656c645f7072696365223b613a313a7b733a353a2276616c7565223b733a31373a226669656c645f70726963655f76616c7565223b7d7d7d7d7d733a31323a22666f726569676e206b657973223b613a303a7b7d733a373a22696e6465786573223b613a303a7b7d733a323a226964223b733a313a2236223b7d, 1, 0, 0),
(7, 'field_category', 'taxonomy_term_reference', 'taxonomy', 1, 'field_sql_storage', 'field_sql_storage', 1, 0, 0x613a373a7b733a31323a227472616e736c617461626c65223b733a313a2230223b733a31323a22656e746974795f7479706573223b613a303a7b7d733a383a2273657474696e6773223b613a313a7b733a31343a22616c6c6f7765645f76616c756573223b613a313a7b693a303b613a323a7b733a31303a22766f636162756c617279223b733a383a2263617465676f7279223b733a363a22706172656e74223b733a313a2230223b7d7d7d733a373a2273746f72616765223b613a353a7b733a343a2274797065223b733a31373a226669656c645f73716c5f73746f72616765223b733a383a2273657474696e6773223b613a303a7b7d733a363a226d6f64756c65223b733a31373a226669656c645f73716c5f73746f72616765223b733a363a22616374697665223b733a313a2231223b733a373a2264657461696c73223b613a313a7b733a333a2273716c223b613a323a7b733a31383a224649454c445f4c4f41445f43555252454e54223b613a313a7b733a32353a226669656c645f646174615f6669656c645f63617465676f7279223b613a313a7b733a333a22746964223b733a31383a226669656c645f63617465676f72795f746964223b7d7d733a31393a224649454c445f4c4f41445f5245564953494f4e223b613a313a7b733a32393a226669656c645f7265766973696f6e5f6669656c645f63617465676f7279223b613a313a7b733a333a22746964223b733a31383a226669656c645f63617465676f72795f746964223b7d7d7d7d7d733a31323a22666f726569676e206b657973223b613a313a7b733a333a22746964223b613a323a7b733a353a227461626c65223b733a31383a227461786f6e6f6d795f7465726d5f64617461223b733a373a22636f6c756d6e73223b613a313a7b733a333a22746964223b733a333a22746964223b7d7d7d733a373a22696e6465786573223b613a313a7b733a333a22746964223b613a313a7b693a303b733a333a22746964223b7d7d733a323a226964223b733a313a2237223b7d, -1, 0, 0),
(8, 'field_aboutuser', 'text_long', 'text', 1, 'field_sql_storage', 'field_sql_storage', 1, 0, 0x613a373a7b733a31323a227472616e736c617461626c65223b733a313a2230223b733a31323a22656e746974795f7479706573223b613a303a7b7d733a383a2273657474696e6773223b613a303a7b7d733a373a2273746f72616765223b613a353a7b733a343a2274797065223b733a31373a226669656c645f73716c5f73746f72616765223b733a383a2273657474696e6773223b613a303a7b7d733a363a226d6f64756c65223b733a31373a226669656c645f73716c5f73746f72616765223b733a363a22616374697665223b733a313a2231223b733a373a2264657461696c73223b613a313a7b733a333a2273716c223b613a323a7b733a31383a224649454c445f4c4f41445f43555252454e54223b613a313a7b733a32363a226669656c645f646174615f6669656c645f61626f757475736572223b613a323a7b733a353a2276616c7565223b733a32313a226669656c645f61626f7574757365725f76616c7565223b733a363a22666f726d6174223b733a32323a226669656c645f61626f7574757365725f666f726d6174223b7d7d733a31393a224649454c445f4c4f41445f5245564953494f4e223b613a313a7b733a33303a226669656c645f7265766973696f6e5f6669656c645f61626f757475736572223b613a323a7b733a353a2276616c7565223b733a32313a226669656c645f61626f7574757365725f76616c7565223b733a363a22666f726d6174223b733a32323a226669656c645f61626f7574757365725f666f726d6174223b7d7d7d7d7d733a31323a22666f726569676e206b657973223b613a313a7b733a363a22666f726d6174223b613a323a7b733a353a227461626c65223b733a31333a2266696c7465725f666f726d6174223b733a373a22636f6c756d6e73223b613a313a7b733a363a22666f726d6174223b733a363a22666f726d6174223b7d7d7d733a373a22696e6465786573223b613a313a7b733a363a22666f726d6174223b613a313a7b693a303b733a363a22666f726d6174223b7d7d733a323a226964223b733a313a2238223b7d, 1, 0, 0),
(9, 'field_facebook', 'text', 'text', 1, 'field_sql_storage', 'field_sql_storage', 1, 0, 0x613a373a7b733a31323a227472616e736c617461626c65223b733a313a2230223b733a31323a22656e746974795f7479706573223b613a303a7b7d733a383a2273657474696e6773223b613a313a7b733a31303a226d61785f6c656e677468223b733a333a22323535223b7d733a373a2273746f72616765223b613a353a7b733a343a2274797065223b733a31373a226669656c645f73716c5f73746f72616765223b733a383a2273657474696e6773223b613a303a7b7d733a363a226d6f64756c65223b733a31373a226669656c645f73716c5f73746f72616765223b733a363a22616374697665223b733a313a2231223b733a373a2264657461696c73223b613a313a7b733a333a2273716c223b613a323a7b733a31383a224649454c445f4c4f41445f43555252454e54223b613a313a7b733a32353a226669656c645f646174615f6669656c645f66616365626f6f6b223b613a323a7b733a353a2276616c7565223b733a32303a226669656c645f66616365626f6f6b5f76616c7565223b733a363a22666f726d6174223b733a32313a226669656c645f66616365626f6f6b5f666f726d6174223b7d7d733a31393a224649454c445f4c4f41445f5245564953494f4e223b613a313a7b733a32393a226669656c645f7265766973696f6e5f6669656c645f66616365626f6f6b223b613a323a7b733a353a2276616c7565223b733a32303a226669656c645f66616365626f6f6b5f76616c7565223b733a363a22666f726d6174223b733a32313a226669656c645f66616365626f6f6b5f666f726d6174223b7d7d7d7d7d733a31323a22666f726569676e206b657973223b613a313a7b733a363a22666f726d6174223b613a323a7b733a353a227461626c65223b733a31333a2266696c7465725f666f726d6174223b733a373a22636f6c756d6e73223b613a313a7b733a363a22666f726d6174223b733a363a22666f726d6174223b7d7d7d733a373a22696e6465786573223b613a313a7b733a363a22666f726d6174223b613a313a7b693a303b733a363a22666f726d6174223b7d7d733a323a226964223b733a313a2239223b7d, 1, 0, 0),
(10, 'field_twitter', 'text', 'text', 1, 'field_sql_storage', 'field_sql_storage', 1, 0, 0x613a373a7b733a31323a227472616e736c617461626c65223b733a313a2230223b733a31323a22656e746974795f7479706573223b613a303a7b7d733a383a2273657474696e6773223b613a313a7b733a31303a226d61785f6c656e677468223b733a333a22323535223b7d733a373a2273746f72616765223b613a353a7b733a343a2274797065223b733a31373a226669656c645f73716c5f73746f72616765223b733a383a2273657474696e6773223b613a303a7b7d733a363a226d6f64756c65223b733a31373a226669656c645f73716c5f73746f72616765223b733a363a22616374697665223b733a313a2231223b733a373a2264657461696c73223b613a313a7b733a333a2273716c223b613a323a7b733a31383a224649454c445f4c4f41445f43555252454e54223b613a313a7b733a32343a226669656c645f646174615f6669656c645f74776974746572223b613a323a7b733a353a2276616c7565223b733a31393a226669656c645f747769747465725f76616c7565223b733a363a22666f726d6174223b733a32303a226669656c645f747769747465725f666f726d6174223b7d7d733a31393a224649454c445f4c4f41445f5245564953494f4e223b613a313a7b733a32383a226669656c645f7265766973696f6e5f6669656c645f74776974746572223b613a323a7b733a353a2276616c7565223b733a31393a226669656c645f747769747465725f76616c7565223b733a363a22666f726d6174223b733a32303a226669656c645f747769747465725f666f726d6174223b7d7d7d7d7d733a31323a22666f726569676e206b657973223b613a313a7b733a363a22666f726d6174223b613a323a7b733a353a227461626c65223b733a31333a2266696c7465725f666f726d6174223b733a373a22636f6c756d6e73223b613a313a7b733a363a22666f726d6174223b733a363a22666f726d6174223b7d7d7d733a373a22696e6465786573223b613a313a7b733a363a22666f726d6174223b613a313a7b693a303b733a363a22666f726d6174223b7d7d733a323a226964223b733a323a223130223b7d, 1, 0, 0),
(11, 'field_embed', 'video_embed_field', 'video_embed_field', 1, 'field_sql_storage', 'field_sql_storage', 1, 0, 0x613a373a7b733a31323a227472616e736c617461626c65223b733a313a2230223b733a31323a22656e746974795f7479706573223b613a303a7b7d733a383a2273657474696e6773223b613a303a7b7d733a373a2273746f72616765223b613a353a7b733a343a2274797065223b733a31373a226669656c645f73716c5f73746f72616765223b733a383a2273657474696e6773223b613a303a7b7d733a363a226d6f64756c65223b733a31373a226669656c645f73716c5f73746f72616765223b733a363a22616374697665223b733a313a2231223b733a373a2264657461696c73223b613a313a7b733a333a2273716c223b613a323a7b733a31383a224649454c445f4c4f41445f43555252454e54223b613a313a7b733a32323a226669656c645f646174615f6669656c645f656d626564223b613a343a7b733a393a22766964656f5f75726c223b733a32313a226669656c645f656d6265645f766964656f5f75726c223b733a31343a227468756d626e61696c5f70617468223b733a32363a226669656c645f656d6265645f7468756d626e61696c5f70617468223b733a31303a22656d6265645f636f6465223b733a32323a226669656c645f656d6265645f656d6265645f636f6465223b733a31313a226465736372697074696f6e223b733a32333a226669656c645f656d6265645f6465736372697074696f6e223b7d7d733a31393a224649454c445f4c4f41445f5245564953494f4e223b613a313a7b733a32363a226669656c645f7265766973696f6e5f6669656c645f656d626564223b613a343a7b733a393a22766964656f5f75726c223b733a32313a226669656c645f656d6265645f766964656f5f75726c223b733a31343a227468756d626e61696c5f70617468223b733a32363a226669656c645f656d6265645f7468756d626e61696c5f70617468223b733a31303a22656d6265645f636f6465223b733a32323a226669656c645f656d6265645f656d6265645f636f6465223b733a31313a226465736372697074696f6e223b733a32333a226669656c645f656d6265645f6465736372697074696f6e223b7d7d7d7d7d733a31323a22666f726569676e206b657973223b613a303a7b7d733a373a22696e6465786573223b613a303a7b7d733a323a226964223b733a323a223131223b7d, 1, 0, 0);

DROP TABLE IF EXISTS `prefixpinboard_field_config_instance`;
CREATE TABLE `prefixpinboard_field_config_instance` (
  `id` int(11) NOT NULL AUTO_INCREMENT COMMENT 'The primary identifier for a field instance',
  `field_id` int(11) NOT NULL COMMENT 'The identifier of the field attached by this instance',
  `field_name` varchar(32) NOT NULL DEFAULT '',
  `entity_type` varchar(32) NOT NULL DEFAULT '',
  `bundle` varchar(128) NOT NULL DEFAULT '',
  `data` longblob NOT NULL,
  `deleted` tinyint(4) NOT NULL DEFAULT '0',
  PRIMARY KEY (`id`),
  KEY `field_name_bundle` (`field_name`,`entity_type`,`bundle`),
  KEY `deleted` (`deleted`)
) ENGINE=InnoDB  DEFAULT CHARSET=utf8 AUTO_INCREMENT=16 ;

INSERT INTO `prefixpinboard_field_config_instance` (`id`, `field_id`, `field_name`, `entity_type`, `bundle`, `data`, `deleted`) VALUES
(1, 1, 'comment_body', 'comment', 'comment_node_page', 0x613a363a7b733a353a226c6162656c223b733a373a22436f6d6d656e74223b733a383a2273657474696e6773223b613a323a7b733a31353a22746578745f70726f63657373696e67223b693a313b733a31383a22757365725f72656769737465725f666f726d223b623a303b7d733a383a227265717569726564223b623a313b733a373a22646973706c6179223b613a313a7b733a373a2264656661756c74223b613a353a7b733a353a226c6162656c223b733a363a2268696464656e223b733a343a2274797065223b733a31323a22746578745f64656661756c74223b733a363a22776569676874223b693a303b733a383a2273657474696e6773223b613a303a7b7d733a363a226d6f64756c65223b733a343a2274657874223b7d7d733a363a22776964676574223b613a343a7b733a343a2274797065223b733a31333a22746578745f7465787461726561223b733a383a2273657474696e6773223b613a313a7b733a343a22726f7773223b693a353b7d733a363a22776569676874223b693a303b733a363a226d6f64756c65223b733a343a2274657874223b7d733a31313a226465736372697074696f6e223b733a303a22223b7d, 0),
(2, 2, 'body', 'node', 'page', 0x613a363a7b733a353a226c6162656c223b733a343a22426f6479223b733a363a22776964676574223b613a343a7b733a343a2274797065223b733a32363a22746578745f74657874617265615f776974685f73756d6d617279223b733a383a2273657474696e6773223b613a323a7b733a343a22726f7773223b693a32303b733a31323a2273756d6d6172795f726f7773223b693a353b7d733a363a22776569676874223b693a2d343b733a363a226d6f64756c65223b733a343a2274657874223b7d733a383a2273657474696e6773223b613a333a7b733a31353a22646973706c61795f73756d6d617279223b623a313b733a31353a22746578745f70726f63657373696e67223b693a313b733a31383a22757365725f72656769737465725f666f726d223b623a303b7d733a373a22646973706c6179223b613a323a7b733a373a2264656661756c74223b613a353a7b733a353a226c6162656c223b733a363a2268696464656e223b733a343a2274797065223b733a31323a22746578745f64656661756c74223b733a383a2273657474696e6773223b613a303a7b7d733a363a226d6f64756c65223b733a343a2274657874223b733a363a22776569676874223b693a303b7d733a363a22746561736572223b613a353a7b733a353a226c6162656c223b733a363a2268696464656e223b733a343a2274797065223b733a32333a22746578745f73756d6d6172795f6f725f7472696d6d6564223b733a383a2273657474696e6773223b613a313a7b733a31313a227472696d5f6c656e677468223b693a3630303b7d733a363a226d6f64756c65223b733a343a2274657874223b733a363a22776569676874223b693a303b7d7d733a383a227265717569726564223b623a303b733a31313a226465736372697074696f6e223b733a303a22223b7d, 0),
(3, 1, 'comment_body', 'comment', 'comment_node_pin', 0x613a363a7b733a353a226c6162656c223b733a373a22436f6d6d656e74223b733a383a2273657474696e6773223b613a323a7b733a31353a22746578745f70726f63657373696e67223b693a313b733a31383a22757365725f72656769737465725f666f726d223b623a303b7d733a383a227265717569726564223b623a313b733a373a22646973706c6179223b613a313a7b733a373a2264656661756c74223b613a353a7b733a353a226c6162656c223b733a363a2268696464656e223b733a343a2274797065223b733a31303a22746578745f706c61696e223b733a363a22776569676874223b733a313a2230223b733a383a2273657474696e6773223b613a303a7b7d733a363a226d6f64756c65223b733a343a2274657874223b7d7d733a363a22776964676574223b613a343a7b733a343a2274797065223b733a31333a22746578745f7465787461726561223b733a383a2273657474696e6773223b613a313a7b733a343a22726f7773223b693a353b7d733a363a22776569676874223b693a303b733a363a226d6f64756c65223b733a343a2274657874223b7d733a31313a226465736372697074696f6e223b733a303a22223b7d, 0),
(4, 2, 'body', 'node', 'pin', 0x613a373a7b733a353a226c6162656c223b733a31313a224465736372697074696f6e223b733a363a22776964676574223b613a353a7b733a363a22776569676874223b733a313a2234223b733a343a2274797065223b733a32363a22746578745f74657874617265615f776974685f73756d6d617279223b733a363a226d6f64756c65223b733a343a2274657874223b733a363a22616374697665223b693a313b733a383a2273657474696e6773223b613a323a7b733a343a22726f7773223b733a313a2233223b733a31323a2273756d6d6172795f726f7773223b693a353b7d7d733a383a2273657474696e6773223b613a333a7b733a31353a22746578745f70726f63657373696e67223b733a313a2231223b733a31353a22646973706c61795f73756d6d617279223b693a313b733a31383a22757365725f72656769737465725f666f726d223b623a303b7d733a373a22646973706c6179223b613a323a7b733a373a2264656661756c74223b613a353a7b733a353a226c6162656c223b733a363a2268696464656e223b733a343a2274797065223b733a31323a22746578745f64656661756c74223b733a363a22776569676874223b733a313a2232223b733a383a2273657474696e6773223b613a303a7b7d733a363a226d6f64756c65223b733a343a2274657874223b7d733a363a22746561736572223b613a353a7b733a353a226c6162656c223b733a363a2268696464656e223b733a343a2274797065223b733a32333a22746578745f73756d6d6172795f6f725f7472696d6d6564223b733a363a22776569676874223b733a313a2232223b733a383a2273657474696e6773223b613a313a7b733a31313a227472696d5f6c656e677468223b733a333a22323030223b7d733a363a226d6f64756c65223b733a343a2274657874223b7d7d733a383a227265717569726564223b693a303b733a31313a226465736372697074696f6e223b733a303a22223b733a31333a2264656661756c745f76616c7565223b4e3b7d, 0),
(5, 3, 'field_tags', 'node', 'pin', 0x613a363a7b733a353a226c6162656c223b733a343a2254616773223b733a31313a226465736372697074696f6e223b733a36333a22456e746572206120636f6d6d612d736570617261746564206c697374206f6620776f72647320746f20646573637269626520796f757220636f6e74656e742e223b733a363a22776964676574223b613a343a7b733a343a2274797065223b733a32313a227461786f6e6f6d795f6175746f636f6d706c657465223b733a363a22776569676874223b733a313a2237223b733a383a2273657474696e6773223b613a323a7b733a343a2273697a65223b693a36303b733a31373a226175746f636f6d706c6574655f70617468223b733a32313a227461786f6e6f6d792f6175746f636f6d706c657465223b7d733a363a226d6f64756c65223b733a383a227461786f6e6f6d79223b7d733a373a22646973706c6179223b613a323a7b733a373a2264656661756c74223b613a353a7b733a353a226c6162656c223b733a363a22696e6c696e65223b733a343a2274797065223b733a32383a227461786f6e6f6d795f7465726d5f7265666572656e63655f6c696e6b223b733a363a22776569676874223b733a313a2236223b733a383a2273657474696e6773223b613a303a7b7d733a363a226d6f64756c65223b733a383a227461786f6e6f6d79223b7d733a363a22746561736572223b613a343a7b733a353a226c6162656c223b733a353a2261626f7665223b733a343a2274797065223b733a363a2268696464656e223b733a363a22776569676874223b733a313a2236223b733a383a2273657474696e6773223b613a303a7b7d7d7d733a383a2273657474696e6773223b613a313a7b733a31383a22757365725f72656769737465725f666f726d223b623a303b7d733a383a227265717569726564223b623a303b7d, 0),
(6, 4, 'field_image', 'node', 'pin', 0x613a363a7b733a353a226c6162656c223b733a353a22496d616765223b733a31313a226465736372697074696f6e223b733a34303a2255706c6f616420616e20696d61676520746f20676f207769746820746869732061727469636c652e223b733a383a227265717569726564223b623a303b733a383a2273657474696e6773223b613a393a7b733a31343a2266696c655f6469726563746f7279223b733a31313a226669656c642f696d616765223b733a31353a2266696c655f657874656e73696f6e73223b733a31363a22706e6720676966206a7067206a706567223b733a31323a226d61785f66696c6573697a65223b733a303a22223b733a31343a226d61785f7265736f6c7574696f6e223b733a303a22223b733a31343a226d696e5f7265736f6c7574696f6e223b733a303a22223b733a393a22616c745f6669656c64223b623a313b733a31313a227469746c655f6669656c64223b733a303a22223b733a31383a22757365725f72656769737465725f666f726d223b623a303b733a31333a2264656661756c745f696d616765223b693a303b7d733a363a22776964676574223b613a343a7b733a343a2274797065223b733a31313a22696d6167655f696d616765223b733a383a2273657474696e6773223b613a323a7b733a31383a2270726f67726573735f696e64696361746f72223b733a383a227468726f62626572223b733a31393a22707265766965775f696d6167655f7374796c65223b733a393a227468756d626e61696c223b7d733a363a22776569676874223b733a313a2231223b733a363a226d6f64756c65223b733a353a22696d616765223b7d733a373a22646973706c6179223b613a323a7b733a373a2264656661756c74223b613a353a7b733a353a226c6162656c223b733a363a2268696464656e223b733a343a2274797065223b733a353a22696d616765223b733a363a22776569676874223b733a313a2230223b733a383a2273657474696e6773223b613a323a7b733a31313a22696d6167655f7374796c65223b733a383a2270696e5f70616765223b733a31303a22696d6167655f6c696e6b223b733a303a22223b7d733a363a226d6f64756c65223b733a353a22696d616765223b7d733a363a22746561736572223b613a353a7b733a353a226c6162656c223b733a363a2268696464656e223b733a343a2274797065223b733a353a22696d616765223b733a363a22776569676874223b733a313a2230223b733a383a2273657474696e6773223b613a323a7b733a31313a22696d6167655f7374796c65223b733a31303a2270696e5f746561736572223b733a31303a22696d6167655f6c696e6b223b733a373a22636f6e74656e74223b7d733a363a226d6f64756c65223b733a353a22696d616765223b7d7d7d, 0),
(7, 1, 'comment_body', 'comment', 'comment_node_blog', 0x613a363a7b733a353a226c6162656c223b733a373a22436f6d6d656e74223b733a383a2273657474696e6773223b613a323a7b733a31353a22746578745f70726f63657373696e67223b693a313b733a31383a22757365725f72656769737465725f666f726d223b623a303b7d733a383a227265717569726564223b623a313b733a373a22646973706c6179223b613a313a7b733a373a2264656661756c74223b613a353a7b733a353a226c6162656c223b733a363a2268696464656e223b733a343a2274797065223b733a31323a22746578745f64656661756c74223b733a363a22776569676874223b693a303b733a383a2273657474696e6773223b613a303a7b7d733a363a226d6f64756c65223b733a343a2274657874223b7d7d733a363a22776964676574223b613a343a7b733a343a2274797065223b733a31333a22746578745f7465787461726561223b733a383a2273657474696e6773223b613a313a7b733a343a22726f7773223b693a353b7d733a363a22776569676874223b693a303b733a363a226d6f64756c65223b733a343a2274657874223b7d733a31313a226465736372697074696f6e223b733a303a22223b7d, 0),
(8, 2, 'body', 'node', 'blog', 0x613a363a7b733a353a226c6162656c223b733a343a22426f6479223b733a363a22776964676574223b613a343a7b733a343a2274797065223b733a32363a22746578745f74657874617265615f776974685f73756d6d617279223b733a383a2273657474696e6773223b613a323a7b733a343a22726f7773223b693a32303b733a31323a2273756d6d6172795f726f7773223b693a353b7d733a363a22776569676874223b693a2d343b733a363a226d6f64756c65223b733a343a2274657874223b7d733a383a2273657474696e6773223b613a333a7b733a31353a22646973706c61795f73756d6d617279223b623a313b733a31353a22746578745f70726f63657373696e67223b693a313b733a31383a22757365725f72656769737465725f666f726d223b623a303b7d733a373a22646973706c6179223b613a323a7b733a373a2264656661756c74223b613a353a7b733a353a226c6162656c223b733a363a2268696464656e223b733a343a2274797065223b733a31323a22746578745f64656661756c74223b733a383a2273657474696e6773223b613a303a7b7d733a363a226d6f64756c65223b733a343a2274657874223b733a363a22776569676874223b693a303b7d733a363a22746561736572223b613a353a7b733a353a226c6162656c223b733a363a2268696464656e223b733a343a2274797065223b733a32333a22746578745f73756d6d6172795f6f725f7472696d6d6564223b733a383a2273657474696e6773223b613a313a7b733a31313a227472696d5f6c656e677468223b693a3630303b7d733a363a226d6f64756c65223b733a343a2274657874223b733a363a22776569676874223b693a303b7d7d733a383a227265717569726564223b623a303b733a31313a226465736372697074696f6e223b733a303a22223b7d, 0),
(9, 5, 'field_url', 'node', 'pin', 0x613a373a7b733a353a226c6162656c223b733a333a2255524c223b733a363a22776964676574223b613a353a7b733a363a22776569676874223b733a313a2238223b733a343a2274797065223b733a31343a22746578745f746578746669656c64223b733a363a226d6f64756c65223b733a343a2274657874223b733a363a22616374697665223b693a313b733a383a2273657474696e6773223b613a313a7b733a343a2273697a65223b733a323a223630223b7d7d733a383a2273657474696e6773223b613a323a7b733a31353a22746578745f70726f63657373696e67223b733a313a2230223b733a31383a22757365725f72656769737465725f666f726d223b623a303b7d733a373a22646973706c6179223b613a323a7b733a373a2264656661756c74223b613a353a7b733a353a226c6162656c223b733a363a2268696464656e223b733a343a2274797065223b733a31323a22746578745f64656661756c74223b733a363a22776569676874223b733a313a2237223b733a383a2273657474696e6773223b613a303a7b7d733a363a226d6f64756c65223b733a343a2274657874223b7d733a363a22746561736572223b613a353a7b733a353a226c6162656c223b733a363a2268696464656e223b733a343a2274797065223b733a31323a22746578745f64656661756c74223b733a363a22776569676874223b733a313a2230223b733a383a2273657474696e6773223b613a303a7b7d733a363a226d6f64756c65223b733a343a2274657874223b7d7d733a383a227265717569726564223b693a303b733a31313a226465736372697074696f6e223b733a303a22223b733a31333a2264656661756c745f76616c7565223b4e3b7d, 0),
(10, 6, 'field_price', 'node', 'pin', 0x613a373a7b733a353a226c6162656c223b733a353a225072696365223b733a363a22776964676574223b613a353a7b733a363a22776569676874223b733a313a2239223b733a343a2274797065223b733a363a226e756d626572223b733a363a226d6f64756c65223b733a363a226e756d626572223b733a363a22616374697665223b693a303b733a383a2273657474696e6773223b613a303a7b7d7d733a383a2273657474696e6773223b613a353a7b733a333a226d696e223b733a303a22223b733a333a226d6178223b733a303a22223b733a363a22707265666978223b733a313a2224223b733a363a22737566666978223b733a303a22223b733a31383a22757365725f72656769737465725f666f726d223b623a303b7d733a373a22646973706c6179223b613a323a7b733a373a2264656661756c74223b613a353a7b733a353a226c6162656c223b733a363a2268696464656e223b733a343a2274797065223b733a31343a226e756d6265725f646563696d616c223b733a363a22776569676874223b733a313a2234223b733a383a2273657474696e6773223b613a343a7b733a31383a2274686f7573616e645f736570617261746f72223b733a313a2220223b733a31373a22646563696d616c5f736570617261746f72223b733a313a222e223b733a353a227363616c65223b693a323b733a31333a227072656669785f737566666978223b623a313b7d733a363a226d6f64756c65223b733a363a226e756d626572223b7d733a363a22746561736572223b613a353a7b733a353a226c6162656c223b733a363a2268696464656e223b733a343a2274797065223b733a31343a226e756d6265725f646563696d616c223b733a363a22776569676874223b733a313a2233223b733a383a2273657474696e6773223b613a343a7b733a31383a2274686f7573616e645f736570617261746f72223b733a313a2220223b733a31373a22646563696d616c5f736570617261746f72223b733a313a222e223b733a353a227363616c65223b693a323b733a31333a227072656669785f737566666978223b623a313b7d733a363a226d6f64756c65223b733a363a226e756d626572223b7d7d733a383a227265717569726564223b693a303b733a31313a226465736372697074696f6e223b733a303a22223b733a31333a2264656661756c745f76616c7565223b4e3b7d, 0),
(11, 7, 'field_category', 'node', 'pin', 0x613a373a7b733a353a226c6162656c223b733a383a2243617465676f7279223b733a363a22776964676574223b613a353a7b733a363a22776569676874223b733a313a2236223b733a343a2274797065223b733a31343a226f7074696f6e735f73656c656374223b733a363a226d6f64756c65223b733a373a226f7074696f6e73223b733a363a22616374697665223b693a313b733a383a2273657474696e6773223b613a303a7b7d7d733a383a2273657474696e6773223b613a313a7b733a31383a22757365725f72656769737465725f666f726d223b623a303b7d733a373a22646973706c6179223b613a323a7b733a373a2264656661756c74223b613a353a7b733a353a226c6162656c223b733a363a22696e6c696e65223b733a343a2274797065223b733a32383a227461786f6e6f6d795f7465726d5f7265666572656e63655f6c696e6b223b733a363a22776569676874223b733a313a2235223b733a383a2273657474696e6773223b613a303a7b7d733a363a226d6f64756c65223b733a383a227461786f6e6f6d79223b7d733a363a22746561736572223b613a343a7b733a353a226c6162656c223b733a353a2261626f7665223b733a343a2274797065223b733a363a2268696464656e223b733a363a22776569676874223b733a313a2234223b733a383a2273657474696e6773223b613a303a7b7d7d7d733a383a227265717569726564223b693a303b733a31313a226465736372697074696f6e223b733a303a22223b733a31333a2264656661756c745f76616c7565223b4e3b7d, 0),
(12, 8, 'field_aboutuser', 'user', 'user', 0x613a373a7b733a353a226c6162656c223b733a353a2241626f7574223b733a363a22776964676574223b613a353a7b733a363a22776569676874223b733a313a2231223b733a343a2274797065223b733a31333a22746578745f7465787461726561223b733a363a226d6f64756c65223b733a343a2274657874223b733a363a22616374697665223b693a313b733a383a2273657474696e6773223b613a313a7b733a343a22726f7773223b733a313a2235223b7d7d733a383a2273657474696e6773223b613a323a7b733a31353a22746578745f70726f63657373696e67223b733a313a2230223b733a31383a22757365725f72656769737465725f666f726d223b693a303b7d733a373a22646973706c6179223b613a313a7b733a373a2264656661756c74223b613a353a7b733a353a226c6162656c223b733a363a2268696464656e223b733a343a2274797065223b733a31303a22746578745f706c61696e223b733a363a22776569676874223b733a313a2230223b733a383a2273657474696e6773223b613a303a7b7d733a363a226d6f64756c65223b733a343a2274657874223b7d7d733a383a227265717569726564223b693a303b733a31313a226465736372697074696f6e223b733a303a22223b733a31333a2264656661756c745f76616c7565223b4e3b7d, 0),
(13, 9, 'field_facebook', 'user', 'user', 0x613a373a7b733a353a226c6162656c223b733a383a2246616365626f6f6b223b733a363a22776964676574223b613a353a7b733a363a22776569676874223b733a313a2232223b733a343a2274797065223b733a31343a22746578745f746578746669656c64223b733a363a226d6f64756c65223b733a343a2274657874223b733a363a22616374697665223b693a313b733a383a2273657474696e6773223b613a313a7b733a343a2273697a65223b733a323a223630223b7d7d733a383a2273657474696e6773223b613a323a7b733a31353a22746578745f70726f63657373696e67223b733a313a2230223b733a31383a22757365725f72656769737465725f666f726d223b693a303b7d733a373a22646973706c6179223b613a313a7b733a373a2264656661756c74223b613a353a7b733a353a226c6162656c223b733a363a2268696464656e223b733a343a2274797065223b733a31323a22746578745f64656661756c74223b733a363a22776569676874223b733a313a2231223b733a383a2273657474696e6773223b613a303a7b7d733a363a226d6f64756c65223b733a343a2274657874223b7d7d733a383a227265717569726564223b693a303b733a31313a226465736372697074696f6e223b733a303a22223b733a31333a2264656661756c745f76616c7565223b4e3b7d, 0),
(14, 10, 'field_twitter', 'user', 'user', 0x613a373a7b733a353a226c6162656c223b733a373a2254776974746572223b733a363a22776964676574223b613a353a7b733a363a22776569676874223b733a313a2233223b733a343a2274797065223b733a31343a22746578745f746578746669656c64223b733a363a226d6f64756c65223b733a343a2274657874223b733a363a22616374697665223b693a313b733a383a2273657474696e6773223b613a313a7b733a343a2273697a65223b733a323a223630223b7d7d733a383a2273657474696e6773223b613a323a7b733a31353a22746578745f70726f63657373696e67223b733a313a2230223b733a31383a22757365725f72656769737465725f666f726d223b693a303b7d733a373a22646973706c6179223b613a313a7b733a373a2264656661756c74223b613a353a7b733a353a226c6162656c223b733a363a2268696464656e223b733a343a2274797065223b733a31323a22746578745f64656661756c74223b733a363a22776569676874223b733a313a2232223b733a383a2273657474696e6773223b613a303a7b7d733a363a226d6f64756c65223b733a343a2274657874223b7d7d733a383a227265717569726564223b693a303b733a31313a226465736372697074696f6e223b733a303a22223b733a31333a2264656661756c745f76616c7565223b4e3b7d, 0),
(15, 11, 'field_embed', 'node', 'pin', 0x613a373a7b733a353a226c6162656c223b733a31313a22456d62656420566964656f223b733a363a22776964676574223b613a353a7b733a363a22776569676874223b733a313a2232223b733a343a2274797065223b733a32333a22766964656f5f656d6265645f6669656c645f766964656f223b733a363a226d6f64756c65223b733a31373a22766964656f5f656d6265645f6669656c64223b733a363a22616374697665223b693a303b733a383a2273657474696e6773223b613a303a7b7d7d733a383a2273657474696e6773223b613a323a7b733a31373a226465736372697074696f6e5f6669656c64223b693a303b733a31383a22757365725f72656769737465725f666f726d223b623a303b7d733a373a22646973706c6179223b613a323a7b733a373a2264656661756c74223b613a353a7b733a353a226c6162656c223b733a363a2268696464656e223b733a343a2274797065223b733a31373a22766964656f5f656d6265645f6669656c64223b733a363a22776569676874223b733a313a2231223b733a383a2273657474696e6773223b613a323a7b733a31313a22766964656f5f7374796c65223b733a363a226e6f726d616c223b733a31313a226465736372697074696f6e223b693a313b7d733a363a226d6f64756c65223b733a31373a22766964656f5f656d6265645f6669656c64223b7d733a363a22746561736572223b613a353a7b733a353a226c6162656c223b733a363a2268696464656e223b733a343a2274797065223b733a32373a22766964656f5f656d6265645f6669656c645f7468756d626e61696c223b733a363a22776569676874223b733a313a2231223b733a383a2273657474696e6773223b613a333a7b733a31313a22696d6167655f7374796c65223b733a31303a2270696e5f746561736572223b733a31303a22696d6167655f6c696e6b223b733a343a226e6f6465223b733a31313a226465736372697074696f6e223b693a313b7d733a363a226d6f64756c65223b733a31373a22766964656f5f656d6265645f6669656c64223b7d7d733a383a227265717569726564223b693a303b733a31313a226465736372697074696f6e223b733a303a22223b733a31333a2264656661756c745f76616c7565223b4e3b7d, 0);

DROP TABLE IF EXISTS `prefixpinboard_field_data_body`;
CREATE TABLE `prefixpinboard_field_data_body` (
  `entity_type` varchar(128) NOT NULL DEFAULT '' COMMENT 'The entity type this data is attached to',
  `bundle` varchar(128) NOT NULL DEFAULT '' COMMENT 'The field instance bundle to which this row belongs, used when deleting a field instance',
  `deleted` tinyint(4) NOT NULL DEFAULT '0' COMMENT 'A boolean indicating whether this data item has been deleted',
  `entity_id` int(10) unsigned NOT NULL COMMENT 'The entity id this data is attached to',
  `revision_id` int(10) unsigned DEFAULT NULL COMMENT 'The entity revision id this data is attached to, or NULL if the entity type is not versioned',
  `language` varchar(32) NOT NULL DEFAULT '' COMMENT 'The language for this data item.',
  `delta` int(10) unsigned NOT NULL COMMENT 'The sequence number for this data item, used for multi-value fields',
  `body_value` longtext,
  `body_summary` longtext,
  `body_format` varchar(255) DEFAULT NULL,
  PRIMARY KEY (`entity_type`,`entity_id`,`deleted`,`delta`,`language`),
  KEY `entity_type` (`entity_type`),
  KEY `bundle` (`bundle`),
  KEY `deleted` (`deleted`),
  KEY `entity_id` (`entity_id`),
  KEY `revision_id` (`revision_id`),
  KEY `language` (`language`),
  KEY `body_format` (`body_format`)
) ENGINE=InnoDB DEFAULT CHARSET=utf8 COMMENT='Data storage for field 2 (body)';

INSERT INTO `prefixpinboard_field_data_body` (`entity_type`, `bundle`, `deleted`, `entity_id`, `revision_id`, `language`, `delta`, `body_value`, `body_summary`, `body_format`) VALUES
('node', 'page', 0, 1, 1, 'und', 0, 'Lorem ipsum dolor sit amet, consectetur adipiscing elit. Cras eget nisi lacus, sit amet aliquet urna. Nam nisl odio, mattis eget auctor eget, rutrum ut ante. Nunc et augue non lorem lobortis suscipit dictum quis nibh. Mauris est nisl, gravida id porttitor consectetur, blandit vel mauris. Donec condimentum leo quis dolor porttitor ac sagittis sapien rutrum. Duis et lobortis sapien. Suspendisse dictum felis vitae tellus sodales pretium. Integer nec porttitor metus. Pellentesque feugiat tempor pulvinar. Integer vel risus a tellus lobortis dictum nec vitae dolor.\r\n\r\nFusce eleifend vestibulum congue. Sed auctor lacinia diam non tempus. Mauris dui metus, sodales at lacinia at, elementum ut risus. Integer sapien dolor, blandit at consectetur non, lobortis posuere mauris. Donec ultricies massa sit amet nisl lobortis eu pellentesque diam pretium. Pellentesque commodo ultricies ligula aliquet fermentum. Phasellus blandit fermentum dui, eu hendrerit nulla molestie nec. Suspendisse potenti. Nullam sagittis est ac tortor vehicula fermentum at sed sapien. Nullam a ipsum eu nibh placerat blandit. Aliquam erat volutpat. Vestibulum nunc quam, tempor eget varius sagittis, gravida at enim. Ut tincidunt varius volutpat. Integer nec justo urna, a tempus ligula.\r\n\r\nSuspendisse velit enim, placerat id sollicitudin sit amet, molestie non quam. Duis ac ante urna, vitae fringilla sapien. Morbi eget ligula at justo suscipit pharetra. In at mauris sed nisl dapibus consectetur at nec tortor. Maecenas varius, neque eu tincidunt porttitor, tortor nunc adipiscing nibh, eu placerat lorem magna ullamcorper turpis. Curabitur ornare commodo sapien, sit amet tristique nibh tempus et. Maecenas urna purus, consectetur a pulvinar et, placerat sit amet elit. Mauris sollicitudin varius metus sed malesuada. Pellentesque tincidunt, leo non sollicitudin ultrices, est dolor scelerisque tortor, vel malesuada purus turpis ac neque. Integer ornare nunc non risus dignissim eget ultrices nisi blandit. Proin quis nunc vitae leo consectetur ultrices ut a neque. Cum sociis natoque penatibus et magnis dis parturient montes, nascetur ridiculus mus. Nam dui dolor, vehicula vel tristique id, viverra nec lacus. Duis metus ligula, posuere id facilisis et, iaculis et turpis. Pellentesque et elit massa. Phasellus imperdiet feugiat mauris eget gravida.\r\n\r\nMorbi mattis aliquam lectus nec commodo. Nulla posuere molestie mi, at ornare dui ultrices nec. Suspendisse eros diam, vulputate ac molestie sit amet, mollis ut enim. Nulla facilisi. Aliquam sem nisl, tincidunt non iaculis nec, tristique eget dui. Quisque rhoncus dolor quis mauris bibendum eu fringilla nisi dapibus. Nulla id arcu ac neque lobortis elementum a quis leo. Cras quis ligula neque, ut dapibus enim. Cras vitae lacus ante, id fermentum purus. Nunc quis eros id eros tristique hendrerit eu quis odio. In hac habitasse platea dictumst. Nam fermentum metus a mi tincidunt euismod. Aenean id consequat ante. Integer ac velit ante, id volutpat neque. Etiam sit amet ornare ipsum.\r\n\r\nAenean vel nunc id ipsum pharetra venenatis. Aenean vulputate eleifend pulvinar. Etiam malesuada sollicitudin adipiscing. Curabitur non sapien orci. Vivamus eu tellus ut nunc facilisis dignissim vitae pulvinar libero. Ut elementum nisl non elit ultricies vestibulum pretium est tempor. Phasellus sit amet nisl nulla. Morbi vestibulum interdum justo, ac scelerisque ipsum tincidunt eu. Quisque a urna ipsum, nec rhoncus velit. ', '', 'filtered_html'),
('node', 'pin', 0, 2, 2, 'und', 0, 'Born in Ireland, living in England', '', 'filtered_html'),
('node', 'pin', 0, 4, 4, 'und', 0, 'Maecenas tempus, tellus eget condimentum rhoncus, sem quam semper libero, sit amet adipiscing sem neque sed ipsum. ', '', 'filtered_html'),
('node', 'pin', 0, 5, 5, 'und', 0, 'Working full-time in I.T., but still manage to find the time to pin as much as possible! Tastes veer towards the more ornate and fancy side - minimalist I ain''t! If I tell you I adore the Baroque & Rococo, as well as Art Nouveau, you''ll get some idea! ', '', 'filtered_html'),
('node', 'pin', 0, 6, 6, 'und', 0, 'Lorem ipsum dolor sit amet, consectetuer adipiscing elit.', '', 'filtered_html'),
('node', 'pin', 0, 7, 7, 'und', 0, 'Maecenas tempus, tellus eget condimentum rhoncus, sem quam', '', 'filtered_html'),
('node', 'pin', 0, 8, 8, 'und', 0, 'Etiam ultricies nisi vel augue. Curabitur ullamcorper ultricies nisi. Nam eget dui. Etiam rhoncus.', '', 'filtered_html'),
('node', 'pin', 0, 9, 9, 'und', 0, 'Etiam ultricies nisi vel augue. Curabitur ullamcorper ultricies nisi. Nam eget dui. Etiam rhoncus.', '', 'filtered_html'),
('node', 'pin', 0, 10, 10, 'und', 0, 'Etiam ultricies nisi vel augue. Curabitur ullamcorper ultricies nisi. Nam eget dui. Etiam rhoncus.', '', 'filtered_html'),
('node', 'pin', 0, 13, 13, 'und', 0, 'Etiam ultricies nisi vel augue. Curabitur ullamcorper ultricies nisi. Nam eget dui. Etiam rhoncus.', '', 'filtered_html'),
('node', 'pin', 0, 14, 14, 'und', 0, 'Etiam ultricies nisi vel augue. Curabitur ullamcorper ultricies nisi. Nam eget dui. Etiam rhoncus.', '', 'filtered_html'),
('node', 'pin', 0, 15, 15, 'und', 0, 'Etiam ultricies nisi vel augue. Curabitur ullamcorper ultricies nisi. Nam eget dui. Etiam rhoncus.', '', 'filtered_html'),
('node', 'pin', 0, 16, 16, 'und', 0, 'Curabitur ullamcorper ultricies nisi. Nam eget dui. Etiam rhoncus.', '', 'filtered_html'),
('node', 'pin', 0, 17, 17, 'und', 0, 'condimentum rhoncus, sem quam', '', 'filtered_html'),
('node', 'pin', 0, 20, 20, 'und', 0, '', NULL, NULL),
('node', 'pin', 0, 21, 21, 'und', 0, 'Enter a comma-separated list of words to describe your content.', '', 'filtered_html'),
('node', 'pin', 0, 22, 22, 'und', 0, '', NULL, NULL),
('node', 'pin', 0, 23, 23, 'und', 0, '', NULL, NULL),
('node', 'pin', 0, 24, 24, 'und', 0, 'Curabitur ullamcorper ultricies nisi. Nam eget dui. Etiam rhoncus.', '', 'filtered_html'),
('node', 'pin', 0, 25, 25, 'und', 0, '', NULL, NULL),
('node', 'pin', 0, 26, 26, 'und', 0, '', NULL, NULL),
('node', 'pin', 0, 29, 29, 'und', 0, 'Lines and paragraphs break automatically.', '', 'filtered_html'),
('node', 'pin', 0, 30, 30, 'und', 0, 'Butternut Squash ravioli with light creamy sauce', '', 'filtered_html'),
('node', 'pin', 0, 31, 31, 'und', 0, '', NULL, NULL),
('node', 'pin', 0, 34, 34, 'und', 0, 'FFFFOUND!', '', 'filtered_html'),
('node', 'pin', 0, 35, 35, 'und', 0, 'FFFFOUND!', '', 'filtered_html'),
('node', 'pin', 0, 37, 37, 'und', 0, 'Google Image Result for http://www.imgbase.info/images/safe-wallpapers/photography/sky/15039_sky_clouds.jpg', '', 'filtered_html'),
('node', 'pin', 0, 38, 38, 'und', 0, 'wow', '', 'filtered_html'),
('node', 'pin', 0, 39, 39, 'und', 0, '', NULL, NULL),
('node', 'pin', 0, 40, 40, 'und', 0, 'Sci-Fi-O-Rama - Welcome to Sci-Fi-O-Rama! A visual scrapbook for cataloging inspiring Art, Graphics and Illustration with a Sci-Fi and Fantasy Slant.', '', 'filtered_html'),
('node', 'pin', 0, 41, 41, 'und', 0, 'lol', '', 'filtered_html'),
('node', 'pin', 0, 42, 42, 'und', 0, '? ? ? | Flickr - Photo Sharing!', '', 'filtered_html'),
('node', 'pin', 0, 43, 43, 'und', 0, 'Sci-Fi-O-Rama ', '', 'filtered_html'),
('node', 'pin', 0, 44, 44, 'und', 0, '«Art & Design blog»', '', 'filtered_html'),
('node', 'pin', 0, 45, 45, 'und', 0, 'Sci-Fi-O-Rama', '', 'filtered_html'),
('node', 'pin', 0, 46, 46, 'und', 0, 'Sci-Fi-O-Rama ', '', 'filtered_html'),
('node', 'pin', 0, 47, 47, 'und', 0, 'Sci-Fi-O-Rama', '', 'filtered_html'),
('node', 'pin', 0, 48, 48, 'und', 0, 'Sci-Fi-O-Rama ', '', 'filtered_html'),
('node', 'pin', 0, 49, 49, 'und', 0, 'Sci-Fi-O-Rama', '', 'filtered_html'),
('node', 'pin', 0, 50, 50, 'und', 0, ' page 13', '', 'filtered_html'),
('node', 'pin', 0, 51, 51, 'und', 0, 'Sci-Fi-O-Rama ', '', 'filtered_html'),
('node', 'pin', 0, 52, 52, 'und', 0, 'Sci-Fi-O-Rama - ', '', 'filtered_html'),
('node', 'pin', 0, 53, 53, 'und', 0, 'Sci-Fi-O-Rama ', '', 'filtered_html'),
('node', 'pin', 0, 54, 54, 'und', 0, 'Apple', '', 'filtered_html'),
('node', 'pin', 0, 55, 55, 'und', 0, ' page 18', '', 'filtered_html'),
('node', 'pin', 0, 56, 56, 'und', 0, 'Apple - iPod touch - It’s fun-filled and feature-packed.', '', 'filtered_html'),
('node', 'pin', 0, 57, 57, 'und', 0, 'Apple - MacBook Pro - The new MacBook Pro. Huge leaps in performance.', '', 'filtered_html'),
('node', 'pin', 0, 58, 58, 'und', 0, 'Apple - MacBook Pro - The new MacBook Pro. Huge leaps in performance.', '', 'filtered_html'),
('node', 'pin', 0, 59, 59, 'und', 0, 'Google Image Result for http://usiter.com/uploads/20101011/sport_kstrim_7181.jpg', '', 'filtered_html'),
('node', 'pin', 0, 60, 60, 'und', 0, 'sport-9-800.jpg (JPEG Image, 800 ? 600 pixels)', '', 'filtered_html'),
('node', 'pin', 0, 61, 61, 'und', 0, '', NULL, NULL),
('node', 'pin', 0, 62, 62, 'und', 0, 'Google Image', '', 'filtered_html'),
('node', 'pin', 0, 63, 63, 'und', 0, '', NULL, NULL),
('node', 'pin', 0, 66, 66, 'und', 0, '', NULL, NULL),
('node', 'pin', 0, 67, 67, 'und', 0, '2222', '1111', 'filtered_html'),
('node', 'pin', 0, 68, 68, 'und', 0, '', NULL, NULL),
('node', 'pin', 0, 71, 71, 'und', 0, '', NULL, NULL),
('node', 'pin', 0, 73, 73, 'und', 0, 'GLEE - Full Performance of "Somebody That I Used To Know" airing TUE 4/10 - YouTube', '', 'filtered_html'),
('node', 'pin', 0, 74, 74, 'und', 0, 'Congi - Somnium (Triangle/Circle/Square) on Vimeo', '', 'filtered_html'),
('node', 'blog', 0, 75, 75, 'und', 0, 'Donec pede justo, fringilla vel, aliquet nec, vulputate eget, arcu. In enim justo, rhoncus ut, imperdiet a, venenatis vitae, justo. Nullam dictum felis eu pede mollis pretium. Integer tincidunt. Cras dapibus. Vivamus elementum semper nisi. Aenean vulputate eleifend tellus. Aenean leo ligula, porttitor eu, consequat vitae, eleifend ac, enim. Example image\r\nQuisque rutrum. Aenean imperdiet. Etiam ultricies nisi vel augue. Curabitur ullamcorper ultricies nisi. Nam eget dui. Etiam rhoncus. Maecenas tempus, tellus eget condimentum rhoncus, sem quam semper libero, sit amet adipiscing sem neque sed ipsum. Nam quam nunc, blandit vel, luctus pulvinar, hendrerit id, lorem. Maecenas nec odio et ante tincidunt tempus. Donec vitae sapien ut libero venenatis faucibus. Nullam quis ante. Etiam sit amet orci eget eros faucibus tincidunt. Duis leo. Sed fringilla mauris sit amet nibh. Donec sodales sagittis magna. Sed consequat, leo eget bibendum sodales, augue velit cursus nunc.\r\nLorem ipsum dolor sit amet, consectetuer adipiscing elit. Aenean commodo ligula eget dolor. Aenean massa. Cum sociis natoque penatibus et magnis dis parturient montes, nascetur ridiculus mus. Donec quam felis, ultricies nec, pellentesque eu, pretium quis, sem. Nulla consequat massa quis enim. Donec pede justo, fringilla vel, aliquet nec, vulputate eget, arcu. In enim justo, rhoncus ut, imperdiet a, venenatis vitae, justo. Nullam dictum felis eu pede mollis pretium. Integer tincidunt. Cras dapibus. Vivamus elementum semper nisi. Aenean vulputate eleifend tellus. Aenean leo ligula, porttitor eu, consequat vitae, eleifend ac, enim. Aliquam lorem ante, dapibus in, viverra quis, feugiat a, tellus. Phasellus viverra nulla ut metus varius laoreet.', '', 'filtered_html'),
('node', 'blog', 0, 76, 76, 'und', 0, 'Donec pede justo, fringilla vel, aliquet nec, vulputate eget, arcu. In enim justo, rhoncus ut, imperdiet a, venenatis vitae, justo. Nullam dictum felis eu pede mollis pretium. Integer tincidunt. Cras dapibus. Vivamus elementum semper nisi. Aenean vulputate eleifend tellus. Aenean leo ligula, porttitor eu, consequat vitae, eleifend ac, enim. Example image\r\nQuisque rutrum. Aenean imperdiet. Etiam ultricies nisi vel augue. Curabitur ullamcorper ultricies nisi. Nam eget dui. Etiam rhoncus. Maecenas tempus, tellus eget condimentum rhoncus, sem quam semper libero, sit amet adipiscing sem neque sed ipsum. Nam quam nunc, blandit vel, luctus pulvinar, hendrerit id, lorem. Maecenas nec odio et ante tincidunt tempus. Donec vitae sapien ut libero venenatis faucibus. Nullam quis ante. Etiam sit amet orci eget eros faucibus tincidunt. Duis leo. Sed fringilla mauris sit amet nibh. Donec sodales sagittis magna. Sed consequat, leo eget bibendum sodales, augue velit cursus nunc.\r\nLorem ipsum dolor sit amet, consectetuer adipiscing elit. Aenean commodo ligula eget dolor. Aenean massa. Cum sociis natoque penatibus et magnis dis parturient montes, nascetur ridiculus mus. Donec quam felis, ultricies nec, pellentesque eu, pretium quis, sem. Nulla consequat massa quis enim. Donec pede justo, fringilla vel, aliquet nec, vulputate eget, arcu. In enim justo, rhoncus ut, imperdiet a, venenatis vitae, justo. Nullam dictum felis eu pede mollis pretium. Integer tincidunt. Cras dapibus. Vivamus elementum semper nisi. Aenean vulputate eleifend tellus. Aenean leo ligula, porttitor eu, consequat vitae, eleifend ac, enim. Aliquam lorem ante, dapibus in, viverra quis, feugiat a, tellus. Phasellus viverra nulla ut metus varius laoreet.', '', 'filtered_html'),
('node', 'pin', 0, 77, 77, 'und', 0, '', NULL, NULL),
('node', 'pin', 0, 99, 99, 'und', 0, 'Team Collaboration | Feng Office 1', '', 'filtered_html'),
('node', 'pin', 0, 103, 103, 'und', 0, '', NULL, NULL),
('node', 'pin', 0, 107, 107, 'und', 0, 'Google Image Result for http://usiter.com/uploads/20101011/sport_kstrim_7181.jpg', '', 'filtered_html'),
('node', 'pin', 0, 108, 108, 'und', 0, '', NULL, NULL),
('node', 'pin', 0, 109, 109, 'und', 0, '', NULL, NULL),
('node', 'pin', 0, 110, 110, 'und', 0, 'Butternut Squash ravioli with light creamy sauce', '', 'filtered_html'),
('node', 'pin', 0, 111, 111, 'und', 0, '', NULL, NULL),
('node', 'pin', 0, 114, 114, 'und', 0, '', NULL, NULL);

DROP TABLE IF EXISTS `prefixpinboard_field_data_comment_body`;
CREATE TABLE `prefixpinboard_field_data_comment_body` (
  `entity_type` varchar(128) NOT NULL DEFAULT '' COMMENT 'The entity type this data is attached to',
  `bundle` varchar(128) NOT NULL DEFAULT '' COMMENT 'The field instance bundle to which this row belongs, used when deleting a field instance',
  `deleted` tinyint(4) NOT NULL DEFAULT '0' COMMENT 'A boolean indicating whether this data item has been deleted',
  `entity_id` int(10) unsigned NOT NULL COMMENT 'The entity id this data is attached to',
  `revision_id` int(10) unsigned DEFAULT NULL COMMENT 'The entity revision id this data is attached to, or NULL if the entity type is not versioned',
  `language` varchar(32) NOT NULL DEFAULT '' COMMENT 'The language for this data item.',
  `delta` int(10) unsigned NOT NULL COMMENT 'The sequence number for this data item, used for multi-value fields',
  `comment_body_value` longtext,
  `comment_body_format` varchar(255) DEFAULT NULL,
  PRIMARY KEY (`entity_type`,`entity_id`,`deleted`,`delta`,`language`),
  KEY `entity_type` (`entity_type`),
  KEY `bundle` (`bundle`),
  KEY `deleted` (`deleted`),
  KEY `entity_id` (`entity_id`),
  KEY `revision_id` (`revision_id`),
  KEY `language` (`language`),
  KEY `comment_body_format` (`comment_body_format`)
) ENGINE=InnoDB DEFAULT CHARSET=utf8 COMMENT='Data storage for field 1 (comment_body)';

INSERT INTO `prefixpinboard_field_data_comment_body` (`entity_type`, `bundle`, `deleted`, `entity_id`, `revision_id`, `language`, `delta`, `comment_body_value`, `comment_body_format`) VALUES
('comment', 'comment_node_pin', 0, 1, 1, 'und', 0, 'Tastes veer towards the more ornate', 'filtered_html'),
('comment', 'comment_node_pin', 0, 2, 2, 'und', 0, 'Rococo, as well as Art Nouveau, you''ll get some', 'filtered_html'),
('comment', 'comment_node_pin', 0, 3, 3, 'und', 0, 'fancy side - minimalist I ain''t! If I tell you I adore the Baroque & Rococo, as well as Art Nouveau, you''ll', 'filtered_html'),
('comment', 'comment_node_pin', 0, 4, 4, 'und', 0, 'I ain''t! If I tell you I adore the', 'filtered_html'),
('comment', 'comment_node_pin', 0, 5, 5, 'und', 0, 'asdasdas', 'filtered_html'),
('comment', 'comment_node_pin', 0, 6, 6, 'und', 0, 'dasfasdf', 'filtered_html'),
('comment', 'comment_node_pin', 0, 7, 7, 'und', 0, 'sdsdf', 'filtered_html'),
('comment', 'comment_node_pin', 0, 13, 13, 'und', 0, 'sdfsdfdsf', 'filtered_html'),
('comment', 'comment_node_pin', 0, 14, 14, 'und', 0, '`csadfasdf', 'filtered_html'),
('comment', 'comment_node_pin', 0, 15, 15, 'und', 0, 'asdfasdf', 'filtered_html'),
('comment', 'comment_node_pin', 0, 16, 16, 'und', 0, 'dfgdsfgsdfsdf', 'filtered_html'),
('comment', 'comment_node_pin', 0, 17, 17, 'und', 0, 'dsfgsdfgerytwer', 'filtered_html'),
('comment', 'comment_node_pin', 0, 18, 18, 'und', 0, 'sdfstrerwete', 'filtered_html'),
('comment', 'comment_node_pin', 0, 19, 19, 'und', 0, 'dfhsrherherh', 'filtered_html'),
('comment', 'comment_node_pin', 0, 20, 20, 'und', 0, 'dfghryery', 'filtered_html'),
('comment', 'comment_node_pin', 0, 21, 21, 'und', 0, 'rthfgnsdfha', 'filtered_html'),
('comment', 'comment_node_pin', 0, 22, 22, 'und', 0, 'asas', 'filtered_html'),
('comment', 'comment_node_pin', 0, 23, 23, 'und', 0, 'xsdsd', 'filtered_html'),
('comment', 'comment_node_pin', 0, 24, 24, 'und', 0, 'fsfdgsdf', 'filtered_html'),
('comment', 'comment_node_pin', 0, 25, 25, 'und', 0, 'dfgsdf', 'filtered_html');

DROP TABLE IF EXISTS `prefixpinboard_field_data_field_aboutuser`;
CREATE TABLE `prefixpinboard_field_data_field_aboutuser` (
  `entity_type` varchar(128) NOT NULL DEFAULT '' COMMENT 'The entity type this data is attached to',
  `bundle` varchar(128) NOT NULL DEFAULT '' COMMENT 'The field instance bundle to which this row belongs, used when deleting a field instance',
  `deleted` tinyint(4) NOT NULL DEFAULT '0' COMMENT 'A boolean indicating whether this data item has been deleted',
  `entity_id` int(10) unsigned NOT NULL COMMENT 'The entity id this data is attached to',
  `revision_id` int(10) unsigned DEFAULT NULL COMMENT 'The entity revision id this data is attached to, or NULL if the entity type is not versioned',
  `language` varchar(32) NOT NULL DEFAULT '' COMMENT 'The language for this data item.',
  `delta` int(10) unsigned NOT NULL COMMENT 'The sequence number for this data item, used for multi-value fields',
  `field_aboutuser_value` longtext,
  `field_aboutuser_format` varchar(255) DEFAULT NULL,
  PRIMARY KEY (`entity_type`,`entity_id`,`deleted`,`delta`,`language`),
  KEY `entity_type` (`entity_type`),
  KEY `bundle` (`bundle`),
  KEY `deleted` (`deleted`),
  KEY `entity_id` (`entity_id`),
  KEY `revision_id` (`revision_id`),
  KEY `language` (`language`),
  KEY `field_aboutuser_format` (`field_aboutuser_format`)
) ENGINE=InnoDB DEFAULT CHARSET=utf8 COMMENT='Data storage for field 8 (field_aboutuser)';

INSERT INTO `prefixpinboard_field_data_field_aboutuser` (`entity_type`, `bundle`, `deleted`, `entity_id`, `revision_id`, `language`, `delta`, `field_aboutuser_value`, `field_aboutuser_format`) VALUES
('user', 'user', 0, 1, 1, 'und', 0, 'Lorem ipsum dolor sit amet, consectetuer adipiscing elit. Aenean commodo ligula eget dolor. Aenean massa. Cum sociis natoque penatibus et magnis dis parturient montes, nascetur ridiculus mus. Donec quam felis, ultricies nec, pellentesque eu, pretium quis, sem. Nulla consequat massa quis enim. Donec pede justo, fringilla vel, aliquet nec, vulputate eget, arcu. In enim justo, rhoncus ut, imperdiet a, venenatis vitae, justo. Nullam dictum felis eu pede mollis pretium. Integer tincidunt.', NULL);

DROP TABLE IF EXISTS `prefixpinboard_field_data_field_category`;
CREATE TABLE `prefixpinboard_field_data_field_category` (
  `entity_type` varchar(128) NOT NULL DEFAULT '' COMMENT 'The entity type this data is attached to',
  `bundle` varchar(128) NOT NULL DEFAULT '' COMMENT 'The field instance bundle to which this row belongs, used when deleting a field instance',
  `deleted` tinyint(4) NOT NULL DEFAULT '0' COMMENT 'A boolean indicating whether this data item has been deleted',
  `entity_id` int(10) unsigned NOT NULL COMMENT 'The entity id this data is attached to',
  `revision_id` int(10) unsigned DEFAULT NULL COMMENT 'The entity revision id this data is attached to, or NULL if the entity type is not versioned',
  `language` varchar(32) NOT NULL DEFAULT '' COMMENT 'The language for this data item.',
  `delta` int(10) unsigned NOT NULL COMMENT 'The sequence number for this data item, used for multi-value fields',
  `field_category_tid` int(10) unsigned DEFAULT NULL,
  PRIMARY KEY (`entity_type`,`entity_id`,`deleted`,`delta`,`language`),
  KEY `entity_type` (`entity_type`),
  KEY `bundle` (`bundle`),
  KEY `deleted` (`deleted`),
  KEY `entity_id` (`entity_id`),
  KEY `revision_id` (`revision_id`),
  KEY `language` (`language`),
  KEY `field_category_tid` (`field_category_tid`)
) ENGINE=InnoDB DEFAULT CHARSET=utf8 COMMENT='Data storage for field 7 (field_category)';

INSERT INTO `prefixpinboard_field_data_field_category` (`entity_type`, `bundle`, `deleted`, `entity_id`, `revision_id`, `language`, `delta`, `field_category_tid`) VALUES
('node', 'pin', 0, 2, 2, 'und', 0, 2),
('node', 'pin', 0, 2, 2, 'und', 1, 6),
('node', 'pin', 0, 2, 2, 'und', 2, 10),
('node', 'pin', 0, 2, 2, 'und', 3, 14),
('node', 'pin', 0, 2, 2, 'und', 4, 18),
('node', 'pin', 0, 2, 2, 'und', 5, 23),
('node', 'pin', 0, 2, 2, 'und', 6, 27),
('node', 'pin', 0, 3, 3, 'und', 0, 1),
('node', 'pin', 0, 3, 3, 'und', 1, 5),
('node', 'pin', 0, 3, 3, 'und', 2, 10),
('node', 'pin', 0, 3, 3, 'und', 3, 14),
('node', 'pin', 0, 3, 3, 'und', 4, 24),
('node', 'pin', 0, 4, 4, 'und', 0, 1),
('node', 'pin', 0, 4, 4, 'und', 1, 2),
('node', 'pin', 0, 4, 4, 'und', 2, 4),
('node', 'pin', 0, 4, 4, 'und', 3, 8),
('node', 'pin', 0, 4, 4, 'und', 4, 11),
('node', 'pin', 0, 5, 5, 'und', 0, 1),
('node', 'pin', 0, 5, 5, 'und', 1, 16),
('node', 'pin', 0, 5, 5, 'und', 2, 7),
('node', 'pin', 0, 5, 5, 'und', 3, 12),
('node', 'pin', 0, 6, 6, 'und', 0, 1),
('node', 'pin', 0, 6, 6, 'und', 1, 3),
('node', 'pin', 0, 6, 6, 'und', 2, 6),
('node', 'pin', 0, 6, 6, 'und', 3, 9),
('node', 'pin', 0, 6, 6, 'und', 4, 11),
('node', 'pin', 0, 6, 6, 'und', 5, 14),
('node', 'pin', 0, 7, 7, 'und', 0, 1),
('node', 'pin', 0, 7, 7, 'und', 1, 16),
('node', 'pin', 0, 7, 7, 'und', 2, 7),
('node', 'pin', 0, 7, 7, 'und', 3, 12),
('node', 'pin', 0, 7, 7, 'und', 4, 15),
('node', 'pin', 0, 7, 7, 'und', 5, 21),
('node', 'pin', 0, 8, 8, 'und', 0, 1),
('node', 'pin', 0, 8, 8, 'und', 1, 3),
('node', 'pin', 0, 8, 8, 'und', 2, 4),
('node', 'pin', 0, 8, 8, 'und', 3, 7),
('node', 'pin', 0, 8, 8, 'und', 4, 10),
('node', 'pin', 0, 8, 8, 'und', 5, 12),
('node', 'pin', 0, 8, 8, 'und', 6, 21),
('node', 'pin', 0, 9, 9, 'und', 0, 1),
('node', 'pin', 0, 9, 9, 'und', 1, 16),
('node', 'pin', 0, 9, 9, 'und', 2, 7),
('node', 'pin', 0, 9, 9, 'und', 3, 10),
('node', 'pin', 0, 9, 9, 'und', 4, 13),
('node', 'pin', 0, 9, 9, 'und', 5, 28),
('node', 'pin', 0, 10, 10, 'und', 0, 1),
('node', 'pin', 0, 10, 10, 'und', 1, 2),
('node', 'pin', 0, 10, 10, 'und', 2, 3),
('node', 'pin', 0, 10, 10, 'und', 3, 5),
('node', 'pin', 0, 10, 10, 'und', 4, 7),
('node', 'pin', 0, 10, 10, 'und', 5, 10),
('node', 'pin', 0, 10, 10, 'und', 6, 21),
('node', 'pin', 0, 10, 10, 'und', 7, 23),
('node', 'pin', 0, 11, 11, 'und', 0, 1),
('node', 'pin', 0, 11, 11, 'und', 1, 2),
('node', 'pin', 0, 11, 11, 'und', 2, 3),
('node', 'pin', 0, 11, 11, 'und', 3, 16),
('node', 'pin', 0, 11, 11, 'und', 4, 4),
('node', 'pin', 0, 11, 11, 'und', 5, 5),
('node', 'pin', 0, 13, 13, 'und', 0, 1),
('node', 'pin', 0, 13, 13, 'und', 1, 2),
('node', 'pin', 0, 13, 13, 'und', 2, 3),
('node', 'pin', 0, 13, 13, 'und', 3, 5),
('node', 'pin', 0, 13, 13, 'und', 4, 7),
('node', 'pin', 0, 13, 13, 'und', 5, 10),
('node', 'pin', 0, 13, 13, 'und', 6, 21),
('node', 'pin', 0, 13, 13, 'und', 7, 23),
('node', 'pin', 0, 14, 14, 'und', 0, 1),
('node', 'pin', 0, 14, 14, 'und', 1, 3),
('node', 'pin', 0, 14, 14, 'und', 2, 4),
('node', 'pin', 0, 14, 14, 'und', 3, 7),
('node', 'pin', 0, 14, 14, 'und', 4, 10),
('node', 'pin', 0, 14, 14, 'und', 5, 12),
('node', 'pin', 0, 14, 14, 'und', 6, 21),
('node', 'pin', 0, 15, 15, 'und', 0, 1),
('node', 'pin', 0, 15, 15, 'und', 1, 3),
('node', 'pin', 0, 15, 15, 'und', 2, 4),
('node', 'pin', 0, 15, 15, 'und', 3, 7),
('node', 'pin', 0, 15, 15, 'und', 4, 10),
('node', 'pin', 0, 15, 15, 'und', 5, 12),
('node', 'pin', 0, 15, 15, 'und', 6, 21),
('node', 'pin', 0, 16, 16, 'und', 0, 1),
('node', 'pin', 0, 16, 16, 'und', 1, 16),
('node', 'pin', 0, 16, 16, 'und', 2, 7),
('node', 'pin', 0, 16, 16, 'und', 3, 10),
('node', 'pin', 0, 16, 16, 'und', 4, 13),
('node', 'pin', 0, 16, 16, 'und', 5, 28),
('node', 'pin', 0, 17, 17, 'und', 0, 1),
('node', 'pin', 0, 17, 17, 'und', 1, 16),
('node', 'pin', 0, 17, 17, 'und', 2, 7),
('node', 'pin', 0, 17, 17, 'und', 3, 12),
('node', 'pin', 0, 17, 17, 'und', 4, 15),
('node', 'pin', 0, 17, 17, 'und', 5, 21),
('node', 'pin', 0, 20, 20, 'und', 0, 1),
('node', 'pin', 0, 20, 20, 'und', 1, 5),
('node', 'pin', 0, 20, 20, 'und', 2, 10),
('node', 'pin', 0, 20, 20, 'und', 3, 14),
('node', 'pin', 0, 20, 20, 'und', 4, 24),
('node', 'pin', 0, 21, 21, 'und', 0, 1),
('node', 'pin', 0, 21, 21, 'und', 1, 3),
('node', 'pin', 0, 21, 21, 'und', 2, 16),
('node', 'pin', 0, 22, 22, 'und', 0, 1),
('node', 'pin', 0, 22, 22, 'und', 1, 2),
('node', 'pin', 0, 22, 22, 'und', 2, 3),
('node', 'pin', 0, 22, 22, 'und', 3, 16),
('node', 'pin', 0, 22, 22, 'und', 4, 4),
('node', 'pin', 0, 22, 22, 'und', 5, 5),
('node', 'pin', 0, 23, 23, 'und', 0, 1),
('node', 'pin', 0, 23, 23, 'und', 1, 2),
('node', 'pin', 0, 23, 23, 'und', 2, 16),
('node', 'pin', 0, 24, 24, 'und', 0, 1),
('node', 'pin', 0, 24, 24, 'und', 1, 16),
('node', 'pin', 0, 24, 24, 'und', 2, 7),
('node', 'pin', 0, 24, 24, 'und', 3, 10),
('node', 'pin', 0, 24, 24, 'und', 4, 13),
('node', 'pin', 0, 24, 24, 'und', 5, 28),
('node', 'pin', 0, 25, 25, 'und', 0, 1),
('node', 'pin', 0, 25, 25, 'und', 1, 2),
('node', 'pin', 0, 25, 25, 'und', 2, 3),
('node', 'pin', 0, 25, 25, 'und', 3, 16),
('node', 'pin', 0, 26, 26, 'und', 0, 1),
('node', 'pin', 0, 26, 26, 'und', 1, 2),
('node', 'pin', 0, 26, 26, 'und', 2, 3),
('node', 'pin', 0, 26, 26, 'und', 3, 16),
('node', 'pin', 0, 29, 29, 'und', 0, 1),
('node', 'pin', 0, 29, 29, 'und', 1, 2),
('node', 'pin', 0, 29, 29, 'und', 2, 3),
('node', 'pin', 0, 29, 29, 'und', 3, 16),
('node', 'pin', 0, 30, 30, 'und', 0, 1),
('node', 'pin', 0, 30, 30, 'und', 1, 16),
('node', 'pin', 0, 30, 30, 'und', 2, 6),
('node', 'pin', 0, 30, 30, 'und', 3, 8),
('node', 'pin', 0, 31, 31, 'und', 0, 1),
('node', 'pin', 0, 31, 31, 'und', 1, 2),
('node', 'pin', 0, 31, 31, 'und', 2, 3),
('node', 'pin', 0, 31, 31, 'und', 3, 16),
('node', 'pin', 0, 34, 34, 'und', 0, 1),
('node', 'pin', 0, 34, 34, 'und', 1, 3),
('node', 'pin', 0, 34, 34, 'und', 2, 16),
('node', 'pin', 0, 35, 35, 'und', 0, 1),
('node', 'pin', 0, 35, 35, 'und', 1, 2),
('node', 'pin', 0, 35, 35, 'und', 2, 3),
('node', 'pin', 0, 35, 35, 'und', 3, 16),
('node', 'pin', 0, 37, 37, 'und', 0, 33),
('node', 'pin', 0, 38, 38, 'und', 0, 33),
('node', 'pin', 0, 39, 39, 'und', 0, 4),
('node', 'pin', 0, 40, 40, 'und', 0, 4),
('node', 'pin', 0, 41, 41, 'und', 0, 3),
('node', 'pin', 0, 42, 42, 'und', 0, 33),
('node', 'pin', 0, 43, 43, 'und', 0, 11),
('node', 'pin', 0, 44, 44, 'und', 0, 4),
('node', 'pin', 0, 45, 45, 'und', 0, 4),
('node', 'pin', 0, 46, 46, 'und', 0, 4),
('node', 'pin', 0, 47, 47, 'und', 0, 4),
('node', 'pin', 0, 48, 48, 'und', 0, 4),
('node', 'pin', 0, 49, 49, 'und', 0, 4),
('node', 'pin', 0, 50, 50, 'und', 0, 4),
('node', 'pin', 0, 51, 51, 'und', 0, 4),
('node', 'pin', 0, 52, 52, 'und', 0, 4),
('node', 'pin', 0, 53, 53, 'und', 0, 4),
('node', 'pin', 0, 54, 54, 'und', 0, 4),
('node', 'pin', 0, 55, 55, 'und', 0, 4),
('node', 'pin', 0, 56, 56, 'und', 0, 4),
('node', 'pin', 0, 57, 57, 'und', 0, 4),
('node', 'pin', 0, 58, 58, 'und', 0, 4),
('node', 'pin', 0, 59, 59, 'und', 0, 29),
('node', 'pin', 0, 60, 60, 'und', 0, 29),
('node', 'pin', 0, 61, 61, 'und', 0, 29),
('node', 'pin', 0, 62, 62, 'und', 0, 29),
('node', 'pin', 0, 63, 63, 'und', 0, 29),
('node', 'pin', 0, 66, 66, 'und', 0, 4),
('node', 'pin', 0, 67, 67, 'und', 0, 4),
('node', 'pin', 0, 68, 68, 'und', 0, 4),
('node', 'pin', 0, 71, 71, 'und', 0, 1),
('node', 'pin', 0, 71, 71, 'und', 1, 2),
('node', 'pin', 0, 71, 71, 'und', 2, 3),
('node', 'pin', 0, 71, 71, 'und', 3, 16),
('node', 'pin', 0, 71, 71, 'und', 4, 4),
('node', 'pin', 0, 73, 73, 'und', 0, 1),
('node', 'pin', 0, 74, 74, 'und', 0, 1),
('node', 'pin', 0, 74, 74, 'und', 1, 2),
('node', 'pin', 0, 74, 74, 'und', 2, 3),
('node', 'pin', 0, 74, 74, 'und', 3, 16),
('node', 'pin', 0, 77, 77, 'und', 0, 1),
('node', 'pin', 0, 99, 99, 'und', 0, 2),
('node', 'pin', 0, 99, 99, 'und', 1, 3),
('node', 'pin', 0, 99, 99, 'und', 2, 4),
('node', 'pin', 0, 103, 103, 'und', 0, 3),
('node', 'pin', 0, 107, 107, 'und', 0, 29),
('node', 'pin', 0, 108, 108, 'und', 0, 29),
('node', 'pin', 0, 109, 109, 'und', 0, 1),
('node', 'pin', 0, 110, 110, 'und', 0, 1),
('node', 'pin', 0, 110, 110, 'und', 1, 16),
('node', 'pin', 0, 110, 110, 'und', 2, 6),
('node', 'pin', 0, 110, 110, 'und', 3, 8),
('node', 'pin', 0, 111, 111, 'und', 0, 1),
('node', 'pin', 0, 111, 111, 'und', 1, 2),
('node', 'pin', 0, 111, 111, 'und', 2, 3),
('node', 'pin', 0, 111, 111, 'und', 3, 16),
('node', 'pin', 0, 114, 114, 'und', 0, 1),
('node', 'pin', 0, 127, 127, 'und', 0, 3),
('node', 'pin', 0, 128, 128, 'und', 0, 16);

DROP TABLE IF EXISTS `prefixpinboard_field_data_field_embed`;
CREATE TABLE `prefixpinboard_field_data_field_embed` (
  `entity_type` varchar(128) NOT NULL DEFAULT '' COMMENT 'The entity type this data is attached to',
  `bundle` varchar(128) NOT NULL DEFAULT '' COMMENT 'The field instance bundle to which this row belongs, used when deleting a field instance',
  `deleted` tinyint(4) NOT NULL DEFAULT '0' COMMENT 'A boolean indicating whether this data item has been deleted',
  `entity_id` int(10) unsigned NOT NULL COMMENT 'The entity id this data is attached to',
  `revision_id` int(10) unsigned DEFAULT NULL COMMENT 'The entity revision id this data is attached to, or NULL if the entity type is not versioned',
  `language` varchar(32) NOT NULL DEFAULT '' COMMENT 'The language for this data item.',
  `delta` int(10) unsigned NOT NULL COMMENT 'The sequence number for this data item, used for multi-value fields',
  `field_embed_video_url` varchar(512) DEFAULT '',
  `field_embed_thumbnail_path` varchar(512) DEFAULT '',
  `field_embed_embed_code` varchar(1024) DEFAULT '',
  `field_embed_description` text,
  PRIMARY KEY (`entity_type`,`entity_id`,`deleted`,`delta`,`language`),
  KEY `entity_type` (`entity_type`),
  KEY `bundle` (`bundle`),
  KEY `deleted` (`deleted`),
  KEY `entity_id` (`entity_id`),
  KEY `revision_id` (`revision_id`),
  KEY `language` (`language`)
) ENGINE=InnoDB DEFAULT CHARSET=utf8 COMMENT='Data storage for field 11 (field_embed)';

INSERT INTO `prefixpinboard_field_data_field_embed` (`entity_type`, `bundle`, `deleted`, `entity_id`, `revision_id`, `language`, `delta`, `field_embed_video_url`, `field_embed_thumbnail_path`, `field_embed_embed_code`, `field_embed_description`) VALUES
('node', 'pin', 0, 14, 14, 'und', 0, 'http://vimeo.com/198363', 'public://video_embed_field_thumbnails/vimeo/198363.jpg', NULL, NULL),
('node', 'pin', 0, 71, 71, 'und', 0, 'http://www.youtube.com/watch?v=jFiDeufhxSY&feature=g-logo&context=G2127cb9FOAAAAAAADAA', 'public://video_embed_field_thumbnails/youtube/jFiDeufhxSY.jpg', NULL, NULL),
('node', 'pin', 0, 73, 73, 'und', 0, 'http://www.youtube.com/watch?v=0cay2dnuhcs&feature=g-logo&context=G2162cb5FOAAAAAAABAA', 'public://video_embed_field_thumbnails/youtube/0cay2dnuhcs.jpg', NULL, NULL),
('node', 'pin', 0, 74, 74, 'und', 0, 'http://vimeo.com/198363', 'public://video_embed_field_thumbnails/vimeo/198363.jpg', NULL, NULL);

DROP TABLE IF EXISTS `prefixpinboard_field_data_field_facebook`;
CREATE TABLE `prefixpinboard_field_data_field_facebook` (
  `entity_type` varchar(128) NOT NULL DEFAULT '' COMMENT 'The entity type this data is attached to',
  `bundle` varchar(128) NOT NULL DEFAULT '' COMMENT 'The field instance bundle to which this row belongs, used when deleting a field instance',
  `deleted` tinyint(4) NOT NULL DEFAULT '0' COMMENT 'A boolean indicating whether this data item has been deleted',
  `entity_id` int(10) unsigned NOT NULL COMMENT 'The entity id this data is attached to',
  `revision_id` int(10) unsigned DEFAULT NULL COMMENT 'The entity revision id this data is attached to, or NULL if the entity type is not versioned',
  `language` varchar(32) NOT NULL DEFAULT '' COMMENT 'The language for this data item.',
  `delta` int(10) unsigned NOT NULL COMMENT 'The sequence number for this data item, used for multi-value fields',
  `field_facebook_value` varchar(255) DEFAULT NULL,
  `field_facebook_format` varchar(255) DEFAULT NULL,
  PRIMARY KEY (`entity_type`,`entity_id`,`deleted`,`delta`,`language`),
  KEY `entity_type` (`entity_type`),
  KEY `bundle` (`bundle`),
  KEY `deleted` (`deleted`),
  KEY `entity_id` (`entity_id`),
  KEY `revision_id` (`revision_id`),
  KEY `language` (`language`),
  KEY `field_facebook_format` (`field_facebook_format`)
) ENGINE=InnoDB DEFAULT CHARSET=utf8 COMMENT='Data storage for field 9 (field_facebook)';

INSERT INTO `prefixpinboard_field_data_field_facebook` (`entity_type`, `bundle`, `deleted`, `entity_id`, `revision_id`, `language`, `delta`, `field_facebook_value`, `field_facebook_format`) VALUES
('user', 'user', 0, 1, 1, 'und', 0, 'http://facebook.com/profile.php?id=687937728', NULL);

DROP TABLE IF EXISTS `prefixpinboard_field_data_field_image`;
CREATE TABLE `prefixpinboard_field_data_field_image` (
  `entity_type` varchar(128) NOT NULL DEFAULT '' COMMENT 'The entity type this data is attached to',
  `bundle` varchar(128) NOT NULL DEFAULT '' COMMENT 'The field instance bundle to which this row belongs, used when deleting a field instance',
  `deleted` tinyint(4) NOT NULL DEFAULT '0' COMMENT 'A boolean indicating whether this data item has been deleted',
  `entity_id` int(10) unsigned NOT NULL COMMENT 'The entity id this data is attached to',
  `revision_id` int(10) unsigned DEFAULT NULL COMMENT 'The entity revision id this data is attached to, or NULL if the entity type is not versioned',
  `language` varchar(32) NOT NULL DEFAULT '' COMMENT 'The language for this data item.',
  `delta` int(10) unsigned NOT NULL COMMENT 'The sequence number for this data item, used for multi-value fields',
  `field_image_fid` int(10) unsigned DEFAULT NULL COMMENT 'The prefixpinboard_file_managed.fid being referenced in this field.',
  `field_image_alt` varchar(512) DEFAULT NULL COMMENT 'Alternative image text, for the image’s ’alt’ attribute.',
  `field_image_title` varchar(1024) DEFAULT NULL COMMENT 'Image title text, for the image’s ’title’ attribute.',
  `field_image_width` int(10) unsigned DEFAULT NULL COMMENT 'The width of the image in pixels.',
  `field_image_height` int(10) unsigned DEFAULT NULL COMMENT 'The height of the image in pixels.',
  PRIMARY KEY (`entity_type`,`entity_id`,`deleted`,`delta`,`language`),
  KEY `entity_type` (`entity_type`),
  KEY `bundle` (`bundle`),
  KEY `deleted` (`deleted`),
  KEY `entity_id` (`entity_id`),
  KEY `revision_id` (`revision_id`),
  KEY `language` (`language`),
  KEY `field_image_fid` (`field_image_fid`)
) ENGINE=InnoDB DEFAULT CHARSET=utf8 COMMENT='Data storage for field 4 (field_image)';

INSERT INTO `prefixpinboard_field_data_field_image` (`entity_type`, `bundle`, `deleted`, `entity_id`, `revision_id`, `language`, `delta`, `field_image_fid`, `field_image_alt`, `field_image_title`, `field_image_width`, `field_image_height`) VALUES
('node', 'pin', 0, 2, 2, 'und', 0, 1, '', '', 900, 702),
('node', 'pin', 0, 3, 3, 'und', 0, 2, '', '', 900, 598),
('node', 'pin', 0, 4, 4, 'und', 0, 3, '', '', 900, 598),
('node', 'pin', 0, 5, 5, 'und', 0, 4, '', '', 900, 598),
('node', 'pin', 0, 6, 6, 'und', 0, 5, '', '', 900, 1344),
('node', 'pin', 0, 7, 7, 'und', 0, 6, '', '', 900, 664),
('node', 'pin', 0, 8, 8, 'und', 0, 7, '', '', 900, 500),
('node', 'pin', 0, 9, 9, 'und', 0, 8, '', '', 900, 600),
('node', 'pin', 0, 10, 10, 'und', 0, 11, '', '', 900, 596),
('node', 'pin', 0, 11, 11, 'und', 0, 10, '', '', 900, 599),
('node', 'pin', 0, 13, 13, 'und', 0, 9, '', '', 900, 641),
('node', 'pin', 0, 14, 14, 'und', 0, 131, '', '', 900, 720),
('node', 'pin', 0, 15, 15, 'und', 0, 7, '', '', 900, 500),
('node', 'pin', 0, 16, 16, 'und', 0, 8, '', '', 900, 600),
('node', 'pin', 0, 17, 17, 'und', 0, 6, '', '', 900, 664),
('node', 'pin', 0, 20, 20, 'und', 0, 2, '', '', 900, 598),
('node', 'pin', 0, 21, 21, 'und', 0, 12, '', '', 900, 602),
('node', 'pin', 0, 22, 22, 'und', 0, 10, '', '', 900, 599),
('node', 'pin', 0, 23, 23, 'und', 0, 13, 'aaa', '', 900, 664),
('node', 'pin', 0, 24, 24, 'und', 0, 8, '', '', 900, 600),
('node', 'pin', 0, 25, 25, 'und', 0, 22, '', '', 900, 598),
('node', 'pin', 0, 26, 26, 'und', 0, 23, '', '', 900, 465),
('node', 'pin', 0, 29, 29, 'und', 0, 24, '', '', 900, 621),
('node', 'pin', 0, 30, 30, 'und', 0, 26, '', '', 900, 563),
('node', 'pin', 0, 31, 31, 'und', 0, 22, '', '', 900, 598),
('node', 'pin', 0, 34, 34, 'und', 0, 27, '', '', 480, 480),
('node', 'pin', 0, 35, 35, 'und', 0, 28, '', '', 387, 480),
('node', 'pin', 0, 37, 37, 'und', 0, 33, '', '', 1920, 1200),
('node', 'pin', 0, 38, 38, 'und', 0, 33, '', '', 1920, 1200),
('node', 'pin', 0, 39, 39, 'und', 0, 34, '', '', 450, 450),
('node', 'pin', 0, 40, 40, 'und', 0, 35, '', '', 306, 599),
('node', 'pin', 0, 41, 41, 'und', 0, 36, '', '', 736, 736),
('node', 'pin', 0, 42, 42, 'und', 0, 37, '', '', 640, 478),
('node', 'pin', 0, 43, 43, 'und', 0, 38, '', '', 700, 1049),
('node', 'pin', 0, 44, 44, 'und', 0, 39, '', '', 590, 394),
('node', 'pin', 0, 45, 45, 'und', 0, 40, '', '', 510, 752),
('node', 'pin', 0, 46, 46, 'und', 0, 41, '', '', 640, 640),
('node', 'pin', 0, 47, 47, 'und', 0, 42, '', '', 734, 734),
('node', 'pin', 0, 48, 48, 'und', 0, 43, '', '', 630, 760),
('node', 'pin', 0, 49, 49, 'und', 0, 44, '', '', 630, 760),
('node', 'pin', 0, 50, 50, 'und', 0, 45, '', '', 406, 635),
('node', 'pin', 0, 51, 51, 'und', 0, 46, 'design', '', 476, 700),
('node', 'pin', 0, 52, 52, 'und', 0, 47, '', '', 567, 789),
('node', 'pin', 0, 53, 53, 'und', 0, 48, 'design', '', 600, 569),
('node', 'pin', 0, 54, 54, 'und', 0, 49, 'design', '', 1454, 605),
('node', 'pin', 0, 55, 55, 'und', 0, 50, '', '', 734, 734),
('node', 'pin', 0, 56, 56, 'und', 0, 51, '', '', 343, 356),
('node', 'pin', 0, 57, 57, 'und', 0, 52, '', '', 1014, 318),
('node', 'pin', 0, 58, 58, 'und', 0, 53, '', '', 980, 535),
('node', 'pin', 0, 59, 59, 'und', 0, 55, '', '', 1524, 1016),
('node', 'pin', 0, 60, 60, 'und', 0, 56, '', '', 800, 600),
('node', 'pin', 0, 61, 61, 'und', 0, 57, '', '', 1600, 1200),
('node', 'pin', 0, 62, 62, 'und', 0, 58, '', '', 1024, 768),
('node', 'pin', 0, 63, 63, 'und', 0, 59, '', '', 1000, 1000),
('node', 'pin', 0, 66, 66, 'und', 0, 62, '', '', 736, 736),
('node', 'pin', 0, 67, 67, 'und', 0, 63, '', '', 736, 736),
('node', 'pin', 0, 68, 68, 'und', 0, 64, '', '', 736, 736),
('node', 'pin', 0, 77, 77, 'und', 0, 82, '', '', 894, 894),
('node', 'pin', 0, 99, 99, 'und', 0, 30, 'fengoffice', '', 600, 388),
('node', 'pin', 0, 103, 103, 'und', 0, 107, '', '', 900, 675),
('node', 'pin', 0, 107, 107, 'und', 0, 55, '', '', 1524, 1016),
('node', 'pin', 0, 108, 108, 'und', 0, 57, '', '', 1600, 1200),
('node', 'pin', 0, 109, 109, 'und', 0, 82, '', '', 894, 894),
('node', 'pin', 0, 110, 110, 'und', 0, 26, '', '', 900, 563),
('node', 'pin', 0, 111, 111, 'und', 0, 22, '', '', 900, 598),
('node', 'pin', 0, 114, 114, 'und', 0, 111, '', '', 699, 478),
('node', 'pin', 0, 127, 127, 'und', 0, 119, '', '', 670, 605),
('node', 'pin', 0, 128, 128, 'und', 0, 120, '', '', 720, 480);

DROP TABLE IF EXISTS `prefixpinboard_field_data_field_price`;
CREATE TABLE `prefixpinboard_field_data_field_price` (
  `entity_type` varchar(128) NOT NULL DEFAULT '' COMMENT 'The entity type this data is attached to',
  `bundle` varchar(128) NOT NULL DEFAULT '' COMMENT 'The field instance bundle to which this row belongs, used when deleting a field instance',
  `deleted` tinyint(4) NOT NULL DEFAULT '0' COMMENT 'A boolean indicating whether this data item has been deleted',
  `entity_id` int(10) unsigned NOT NULL COMMENT 'The entity id this data is attached to',
  `revision_id` int(10) unsigned DEFAULT NULL COMMENT 'The entity revision id this data is attached to, or NULL if the entity type is not versioned',
  `language` varchar(32) NOT NULL DEFAULT '' COMMENT 'The language for this data item.',
  `delta` int(10) unsigned NOT NULL COMMENT 'The sequence number for this data item, used for multi-value fields',
  `field_price_value` decimal(10,2) DEFAULT NULL,
  PRIMARY KEY (`entity_type`,`entity_id`,`deleted`,`delta`,`language`),
  KEY `entity_type` (`entity_type`),
  KEY `bundle` (`bundle`),
  KEY `deleted` (`deleted`),
  KEY `entity_id` (`entity_id`),
  KEY `revision_id` (`revision_id`),
  KEY `language` (`language`)
) ENGINE=InnoDB DEFAULT CHARSET=utf8 COMMENT='Data storage for field 6 (field_price)';

INSERT INTO `prefixpinboard_field_data_field_price` (`entity_type`, `bundle`, `deleted`, `entity_id`, `revision_id`, `language`, `delta`, `field_price_value`) VALUES
('node', 'pin', 0, 14, 14, 'und', 0, 30.00),
('node', 'pin', 0, 34, 34, 'und', 0, 300.00),
('node', 'pin', 0, 41, 41, 'und', 0, 100.00),
('node', 'pin', 0, 73, 73, 'und', 0, 15.00),
('node', 'pin', 0, 127, 127, 'und', 0, 10.00);

DROP TABLE IF EXISTS `prefixpinboard_field_data_field_tags`;
CREATE TABLE `prefixpinboard_field_data_field_tags` (
  `entity_type` varchar(128) NOT NULL DEFAULT '' COMMENT 'The entity type this data is attached to',
  `bundle` varchar(128) NOT NULL DEFAULT '' COMMENT 'The field instance bundle to which this row belongs, used when deleting a field instance',
  `deleted` tinyint(4) NOT NULL DEFAULT '0' COMMENT 'A boolean indicating whether this data item has been deleted',
  `entity_id` int(10) unsigned NOT NULL COMMENT 'The entity id this data is attached to',
  `revision_id` int(10) unsigned DEFAULT NULL COMMENT 'The entity revision id this data is attached to, or NULL if the entity type is not versioned',
  `language` varchar(32) NOT NULL DEFAULT '' COMMENT 'The language for this data item.',
  `delta` int(10) unsigned NOT NULL COMMENT 'The sequence number for this data item, used for multi-value fields',
  `field_tags_tid` int(10) unsigned DEFAULT NULL,
  PRIMARY KEY (`entity_type`,`entity_id`,`deleted`,`delta`,`language`),
  KEY `entity_type` (`entity_type`),
  KEY `bundle` (`bundle`),
  KEY `deleted` (`deleted`),
  KEY `entity_id` (`entity_id`),
  KEY `revision_id` (`revision_id`),
  KEY `language` (`language`),
  KEY `field_tags_tid` (`field_tags_tid`)
) ENGINE=InnoDB DEFAULT CHARSET=utf8 COMMENT='Data storage for field 3 (field_tags)';


DROP TABLE IF EXISTS `prefixpinboard_field_data_field_twitter`;
CREATE TABLE `prefixpinboard_field_data_field_twitter` (
  `entity_type` varchar(128) NOT NULL DEFAULT '' COMMENT 'The entity type this data is attached to',
  `bundle` varchar(128) NOT NULL DEFAULT '' COMMENT 'The field instance bundle to which this row belongs, used when deleting a field instance',
  `deleted` tinyint(4) NOT NULL DEFAULT '0' COMMENT 'A boolean indicating whether this data item has been deleted',
  `entity_id` int(10) unsigned NOT NULL COMMENT 'The entity id this data is attached to',
  `revision_id` int(10) unsigned DEFAULT NULL COMMENT 'The entity revision id this data is attached to, or NULL if the entity type is not versioned',
  `language` varchar(32) NOT NULL DEFAULT '' COMMENT 'The language for this data item.',
  `delta` int(10) unsigned NOT NULL COMMENT 'The sequence number for this data item, used for multi-value fields',
  `field_twitter_value` varchar(255) DEFAULT NULL,
  `field_twitter_format` varchar(255) DEFAULT NULL,
  PRIMARY KEY (`entity_type`,`entity_id`,`deleted`,`delta`,`language`),
  KEY `entity_type` (`entity_type`),
  KEY `bundle` (`bundle`),
  KEY `deleted` (`deleted`),
  KEY `entity_id` (`entity_id`),
  KEY `revision_id` (`revision_id`),
  KEY `language` (`language`),
  KEY `field_twitter_format` (`field_twitter_format`)
) ENGINE=InnoDB DEFAULT CHARSET=utf8 COMMENT='Data storage for field 10 (field_twitter)';

INSERT INTO `prefixpinboard_field_data_field_twitter` (`entity_type`, `bundle`, `deleted`, `entity_id`, `revision_id`, `language`, `delta`, `field_twitter_value`, `field_twitter_format`) VALUES
('user', 'user', 0, 1, 1, 'und', 0, 'themesnap', NULL);

DROP TABLE IF EXISTS `prefixpinboard_field_data_field_url`;
CREATE TABLE `prefixpinboard_field_data_field_url` (
  `entity_type` varchar(128) NOT NULL DEFAULT '' COMMENT 'The entity type this data is attached to',
  `bundle` varchar(128) NOT NULL DEFAULT '' COMMENT 'The field instance bundle to which this row belongs, used when deleting a field instance',
  `deleted` tinyint(4) NOT NULL DEFAULT '0' COMMENT 'A boolean indicating whether this data item has been deleted',
  `entity_id` int(10) unsigned NOT NULL COMMENT 'The entity id this data is attached to',
  `revision_id` int(10) unsigned DEFAULT NULL COMMENT 'The entity revision id this data is attached to, or NULL if the entity type is not versioned',
  `language` varchar(32) NOT NULL DEFAULT '' COMMENT 'The language for this data item.',
  `delta` int(10) unsigned NOT NULL COMMENT 'The sequence number for this data item, used for multi-value fields',
  `field_url_value` varchar(1024) DEFAULT NULL,
  `field_url_format` varchar(255) DEFAULT NULL,
  PRIMARY KEY (`entity_type`,`entity_id`,`deleted`,`delta`,`language`),
  KEY `entity_type` (`entity_type`),
  KEY `bundle` (`bundle`),
  KEY `deleted` (`deleted`),
  KEY `entity_id` (`entity_id`),
  KEY `revision_id` (`revision_id`),
  KEY `language` (`language`),
  KEY `field_url_format` (`field_url_format`)
) ENGINE=InnoDB DEFAULT CHARSET=utf8 COMMENT='Data storage for field 5 (field_url)';

INSERT INTO `prefixpinboard_field_data_field_url` (`entity_type`, `bundle`, `deleted`, `entity_id`, `revision_id`, `language`, `delta`, `field_url_value`, `field_url_format`) VALUES
('node', 'pin', 0, 2, 2, 'und', 0, 'http://themesnap.com', NULL),
('node', 'pin', 0, 5, 5, 'und', 0, 'http://themesnap.com', NULL),
('node', 'pin', 0, 6, 6, 'und', 0, 'http://themesnap.com', NULL),
('node', 'pin', 0, 7, 7, 'und', 0, 'http://themesnap.com', NULL),
('node', 'pin', 0, 8, 8, 'und', 0, 'http://themesnap.com', NULL),
('node', 'pin', 0, 9, 9, 'und', 0, 'http://themesnap.com', NULL),
('node', 'pin', 0, 10, 10, 'und', 0, 'http://themesnap.com', NULL),
('node', 'pin', 0, 11, 11, 'und', 0, 'http://themesnap.com', NULL),
('node', 'pin', 0, 13, 13, 'und', 0, 'http://themesnap.com', NULL),
('node', 'pin', 0, 14, 14, 'und', 0, 'http://themesnap.com', NULL),
('node', 'pin', 0, 15, 15, 'und', 0, 'http://themesnap.com', NULL),
('node', 'pin', 0, 16, 16, 'und', 0, 'http://themesnap.com', NULL),
('node', 'pin', 0, 17, 17, 'und', 0, 'http://themesnap.com', NULL),
('node', 'pin', 0, 22, 22, 'und', 0, 'http://themesnap.com', NULL),
('node', 'pin', 0, 24, 24, 'und', 0, 'http://themesnap.com', NULL),
('node', 'pin', 0, 30, 30, 'und', 0, 'http://themesnap.com', NULL),
('node', 'pin', 0, 34, 34, 'und', 0, 'http://ffffound.com/', NULL),
('node', 'pin', 0, 35, 35, 'und', 0, 'http://ffffound.com/', NULL),
('node', 'pin', 0, 40, 40, 'und', 0, 'http://www.sci-fi-o-rama.com/', NULL),
('node', 'pin', 0, 41, 41, 'und', 0, 'http://www.sci-fi-o-rama.com/page/2/', NULL),
('node', 'pin', 0, 42, 42, 'und', 0, 'http://www.flickr.com/photos/36574021@N03/6811065646/in/photostream', NULL),
('node', 'pin', 0, 43, 43, 'und', 0, 'http://www.sci-fi-o-rama.com/page/6/', NULL),
('node', 'pin', 0, 44, 44, 'und', 0, 'http://www.lookatme.ru/mag/art-design/art-and-design/156497-rabochee-mesto-kristina-shteynbreher-art-direktor-tsdh', NULL),
('node', 'pin', 0, 45, 45, 'und', 0, 'http://www.sci-fi-o-rama.com/page/8/', NULL),
('node', 'pin', 0, 46, 46, 'und', 0, 'http://www.sci-fi-o-rama.com/page/9/', NULL),
('node', 'pin', 0, 47, 47, 'und', 0, 'http://www.sci-fi-o-rama.com/page/10/', NULL),
('node', 'pin', 0, 48, 48, 'und', 0, 'http://www.sci-fi-o-rama.com/page/11/', NULL),
('node', 'pin', 0, 49, 49, 'und', 0, 'http://www.sci-fi-o-rama.com/page/11/', NULL),
('node', 'pin', 0, 50, 50, 'und', 0, 'http://www.sci-fi-o-rama.com/page/13/', NULL),
('node', 'pin', 0, 51, 51, 'und', 0, 'http://www.sci-fi-o-rama.com/page/13/', NULL),
('node', 'pin', 0, 52, 52, 'und', 0, 'http://www.sci-fi-o-rama.com/page/16/', NULL),
('node', 'pin', 0, 53, 53, 'und', 0, 'http://www.sci-fi-o-rama.com/page/16/', NULL),
('node', 'pin', 0, 54, 54, 'und', 0, 'http://www.apple.com/', NULL),
('node', 'pin', 0, 55, 55, 'und', 0, 'http://www.sci-fi-o-rama.com/page/18/', NULL),
('node', 'pin', 0, 56, 56, 'und', 0, 'http://www.apple.com/ipodtouch/features/', NULL),
('node', 'pin', 0, 57, 57, 'und', 0, 'http://www.apple.com/macbookpro/', NULL),
('node', 'pin', 0, 58, 58, 'und', 0, 'http://www.apple.com/macbookpro/', NULL),
('node', 'pin', 0, 66, 66, 'und', 0, 'http://www.sci-fi-o-rama.com/page/2/', NULL),
('node', 'pin', 0, 68, 68, 'und', 0, 'http://www.sci-fi-o-rama.com/page/2/', NULL),
('node', 'pin', 0, 73, 73, 'und', 0, 'http://www.youtube.com/watch?v=0cay2dnuhcs&feature=g-logo&context=G2162cb5FOAAAAAAABAA', NULL),
('node', 'pin', 0, 74, 74, 'und', 0, 'http://vimeo.com/198363', NULL),
('node', 'pin', 0, 99, 99, 'und', 0, 'http://www.fengoffice.com/web/index.php?lang=en', NULL),
('node', 'pin', 0, 110, 110, 'und', 0, 'http://themesnap.com', NULL);

DROP TABLE IF EXISTS `prefixpinboard_field_revision_body`;
CREATE TABLE `prefixpinboard_field_revision_body` (
  `entity_type` varchar(128) NOT NULL DEFAULT '' COMMENT 'The entity type this data is attached to',
  `bundle` varchar(128) NOT NULL DEFAULT '' COMMENT 'The field instance bundle to which this row belongs, used when deleting a field instance',
  `deleted` tinyint(4) NOT NULL DEFAULT '0' COMMENT 'A boolean indicating whether this data item has been deleted',
  `entity_id` int(10) unsigned NOT NULL COMMENT 'The entity id this data is attached to',
  `revision_id` int(10) unsigned NOT NULL COMMENT 'The entity revision id this data is attached to',
  `language` varchar(32) NOT NULL DEFAULT '' COMMENT 'The language for this data item.',
  `delta` int(10) unsigned NOT NULL COMMENT 'The sequence number for this data item, used for multi-value fields',
  `body_value` longtext,
  `body_summary` longtext,
  `body_format` varchar(255) DEFAULT NULL,
  PRIMARY KEY (`entity_type`,`entity_id`,`revision_id`,`deleted`,`delta`,`language`),
  KEY `entity_type` (`entity_type`),
  KEY `bundle` (`bundle`),
  KEY `deleted` (`deleted`),
  KEY `entity_id` (`entity_id`),
  KEY `revision_id` (`revision_id`),
  KEY `language` (`language`),
  KEY `body_format` (`body_format`)
) ENGINE=InnoDB DEFAULT CHARSET=utf8 COMMENT='Revision archive storage for field 2 (body)';

INSERT INTO `prefixpinboard_field_revision_body` (`entity_type`, `bundle`, `deleted`, `entity_id`, `revision_id`, `language`, `delta`, `body_value`, `body_summary`, `body_format`) VALUES
('node', 'page', 0, 1, 1, 'und', 0, 'Lorem ipsum dolor sit amet, consectetur adipiscing elit. Cras eget nisi lacus, sit amet aliquet urna. Nam nisl odio, mattis eget auctor eget, rutrum ut ante. Nunc et augue non lorem lobortis suscipit dictum quis nibh. Mauris est nisl, gravida id porttitor consectetur, blandit vel mauris. Donec condimentum leo quis dolor porttitor ac sagittis sapien rutrum. Duis et lobortis sapien. Suspendisse dictum felis vitae tellus sodales pretium. Integer nec porttitor metus. Pellentesque feugiat tempor pulvinar. Integer vel risus a tellus lobortis dictum nec vitae dolor.\r\n\r\nFusce eleifend vestibulum congue. Sed auctor lacinia diam non tempus. Mauris dui metus, sodales at lacinia at, elementum ut risus. Integer sapien dolor, blandit at consectetur non, lobortis posuere mauris. Donec ultricies massa sit amet nisl lobortis eu pellentesque diam pretium. Pellentesque commodo ultricies ligula aliquet fermentum. Phasellus blandit fermentum dui, eu hendrerit nulla molestie nec. Suspendisse potenti. Nullam sagittis est ac tortor vehicula fermentum at sed sapien. Nullam a ipsum eu nibh placerat blandit. Aliquam erat volutpat. Vestibulum nunc quam, tempor eget varius sagittis, gravida at enim. Ut tincidunt varius volutpat. Integer nec justo urna, a tempus ligula.\r\n\r\nSuspendisse velit enim, placerat id sollicitudin sit amet, molestie non quam. Duis ac ante urna, vitae fringilla sapien. Morbi eget ligula at justo suscipit pharetra. In at mauris sed nisl dapibus consectetur at nec tortor. Maecenas varius, neque eu tincidunt porttitor, tortor nunc adipiscing nibh, eu placerat lorem magna ullamcorper turpis. Curabitur ornare commodo sapien, sit amet tristique nibh tempus et. Maecenas urna purus, consectetur a pulvinar et, placerat sit amet elit. Mauris sollicitudin varius metus sed malesuada. Pellentesque tincidunt, leo non sollicitudin ultrices, est dolor scelerisque tortor, vel malesuada purus turpis ac neque. Integer ornare nunc non risus dignissim eget ultrices nisi blandit. Proin quis nunc vitae leo consectetur ultrices ut a neque. Cum sociis natoque penatibus et magnis dis parturient montes, nascetur ridiculus mus. Nam dui dolor, vehicula vel tristique id, viverra nec lacus. Duis metus ligula, posuere id facilisis et, iaculis et turpis. Pellentesque et elit massa. Phasellus imperdiet feugiat mauris eget gravida.\r\n\r\nMorbi mattis aliquam lectus nec commodo. Nulla posuere molestie mi, at ornare dui ultrices nec. Suspendisse eros diam, vulputate ac molestie sit amet, mollis ut enim. Nulla facilisi. Aliquam sem nisl, tincidunt non iaculis nec, tristique eget dui. Quisque rhoncus dolor quis mauris bibendum eu fringilla nisi dapibus. Nulla id arcu ac neque lobortis elementum a quis leo. Cras quis ligula neque, ut dapibus enim. Cras vitae lacus ante, id fermentum purus. Nunc quis eros id eros tristique hendrerit eu quis odio. In hac habitasse platea dictumst. Nam fermentum metus a mi tincidunt euismod. Aenean id consequat ante. Integer ac velit ante, id volutpat neque. Etiam sit amet ornare ipsum.\r\n\r\nAenean vel nunc id ipsum pharetra venenatis. Aenean vulputate eleifend pulvinar. Etiam malesuada sollicitudin adipiscing. Curabitur non sapien orci. Vivamus eu tellus ut nunc facilisis dignissim vitae pulvinar libero. Ut elementum nisl non elit ultricies vestibulum pretium est tempor. Phasellus sit amet nisl nulla. Morbi vestibulum interdum justo, ac scelerisque ipsum tincidunt eu. Quisque a urna ipsum, nec rhoncus velit. ', '', 'filtered_html'),
('node', 'pin', 0, 2, 2, 'und', 0, 'Born in Ireland, living in England', '', 'filtered_html'),
('node', 'pin', 0, 4, 4, 'und', 0, 'Maecenas tempus, tellus eget condimentum rhoncus, sem quam semper libero, sit amet adipiscing sem neque sed ipsum. ', '', 'filtered_html'),
('node', 'pin', 0, 5, 5, 'und', 0, 'Working full-time in I.T., but still manage to find the time to pin as much as possible! Tastes veer towards the more ornate and fancy side - minimalist I ain''t! If I tell you I adore the Baroque & Rococo, as well as Art Nouveau, you''ll get some idea! ', '', 'filtered_html'),
('node', 'pin', 0, 6, 6, 'und', 0, 'Lorem ipsum dolor sit amet, consectetuer adipiscing elit.', '', 'filtered_html'),
('node', 'pin', 0, 7, 7, 'und', 0, 'Maecenas tempus, tellus eget condimentum rhoncus, sem quam', '', 'filtered_html'),
('node', 'pin', 0, 8, 8, 'und', 0, 'Etiam ultricies nisi vel augue. Curabitur ullamcorper ultricies nisi. Nam eget dui. Etiam rhoncus.', '', 'filtered_html'),
('node', 'pin', 0, 9, 9, 'und', 0, 'Etiam ultricies nisi vel augue. Curabitur ullamcorper ultricies nisi. Nam eget dui. Etiam rhoncus.', '', 'filtered_html'),
('node', 'pin', 0, 10, 10, 'und', 0, 'Etiam ultricies nisi vel augue. Curabitur ullamcorper ultricies nisi. Nam eget dui. Etiam rhoncus.', '', 'filtered_html'),
('node', 'pin', 0, 13, 13, 'und', 0, 'Etiam ultricies nisi vel augue. Curabitur ullamcorper ultricies nisi. Nam eget dui. Etiam rhoncus.', '', 'filtered_html'),
('node', 'pin', 0, 14, 14, 'und', 0, 'Etiam ultricies nisi vel augue. Curabitur ullamcorper ultricies nisi. Nam eget dui. Etiam rhoncus.', '', 'filtered_html'),
('node', 'pin', 0, 15, 15, 'und', 0, 'Etiam ultricies nisi vel augue. Curabitur ullamcorper ultricies nisi. Nam eget dui. Etiam rhoncus.', '', 'filtered_html'),
('node', 'pin', 0, 16, 16, 'und', 0, 'Curabitur ullamcorper ultricies nisi. Nam eget dui. Etiam rhoncus.', '', 'filtered_html'),
('node', 'pin', 0, 17, 17, 'und', 0, 'condimentum rhoncus, sem quam', '', 'filtered_html'),
('node', 'pin', 0, 20, 20, 'und', 0, '', NULL, NULL),
('node', 'pin', 0, 21, 21, 'und', 0, 'Enter a comma-separated list of words to describe your content.', '', 'filtered_html'),
('node', 'pin', 0, 22, 22, 'und', 0, '', NULL, NULL),
('node', 'pin', 0, 23, 23, 'und', 0, '', NULL, NULL),
('node', 'pin', 0, 24, 24, 'und', 0, 'Curabitur ullamcorper ultricies nisi. Nam eget dui. Etiam rhoncus.', '', 'filtered_html'),
('node', 'pin', 0, 25, 25, 'und', 0, '', NULL, NULL),
('node', 'pin', 0, 26, 26, 'und', 0, '', NULL, NULL),
('node', 'pin', 0, 29, 29, 'und', 0, 'Lines and paragraphs break automatically.', '', 'filtered_html'),
('node', 'pin', 0, 30, 30, 'und', 0, 'Butternut Squash ravioli with light creamy sauce', '', 'filtered_html'),
('node', 'pin', 0, 31, 31, 'und', 0, '', NULL, NULL),
('node', 'pin', 0, 34, 34, 'und', 0, 'FFFFOUND!', '', 'filtered_html'),
('node', 'pin', 0, 35, 35, 'und', 0, 'FFFFOUND!', '', 'filtered_html'),
('node', 'pin', 0, 37, 37, 'und', 0, 'Google Image Result for http://www.imgbase.info/images/safe-wallpapers/photography/sky/15039_sky_clouds.jpg', '', 'filtered_html'),
('node', 'pin', 0, 38, 38, 'und', 0, 'wow', '', 'filtered_html'),
('node', 'pin', 0, 39, 39, 'und', 0, '', NULL, NULL),
('node', 'pin', 0, 40, 40, 'und', 0, 'Sci-Fi-O-Rama - Welcome to Sci-Fi-O-Rama! A visual scrapbook for cataloging inspiring Art, Graphics and Illustration with a Sci-Fi and Fantasy Slant.', '', 'filtered_html'),
('node', 'pin', 0, 41, 41, 'und', 0, 'lol', '', 'filtered_html'),
('node', 'pin', 0, 42, 42, 'und', 0, '? ? ? | Flickr - Photo Sharing!', '', 'filtered_html'),
('node', 'pin', 0, 43, 43, 'und', 0, 'Sci-Fi-O-Rama ', '', 'filtered_html'),
('node', 'pin', 0, 44, 44, 'und', 0, '«Art & Design blog»', '', 'filtered_html'),
('node', 'pin', 0, 45, 45, 'und', 0, 'Sci-Fi-O-Rama', '', 'filtered_html'),
('node', 'pin', 0, 46, 46, 'und', 0, 'Sci-Fi-O-Rama ', '', 'filtered_html'),
('node', 'pin', 0, 47, 47, 'und', 0, 'Sci-Fi-O-Rama', '', 'filtered_html'),
('node', 'pin', 0, 48, 48, 'und', 0, 'Sci-Fi-O-Rama ', '', 'filtered_html'),
('node', 'pin', 0, 49, 49, 'und', 0, 'Sci-Fi-O-Rama', '', 'filtered_html'),
('node', 'pin', 0, 50, 50, 'und', 0, ' page 13', '', 'filtered_html'),
('node', 'pin', 0, 51, 51, 'und', 0, 'Sci-Fi-O-Rama ', '', 'filtered_html'),
('node', 'pin', 0, 52, 52, 'und', 0, 'Sci-Fi-O-Rama - ', '', 'filtered_html'),
('node', 'pin', 0, 53, 53, 'und', 0, 'Sci-Fi-O-Rama ', '', 'filtered_html'),
('node', 'pin', 0, 54, 54, 'und', 0, 'Apple', '', 'filtered_html'),
('node', 'pin', 0, 55, 55, 'und', 0, ' page 18', '', 'filtered_html'),
('node', 'pin', 0, 56, 56, 'und', 0, 'Apple - iPod touch - It’s fun-filled and feature-packed.', '', 'filtered_html'),
('node', 'pin', 0, 57, 57, 'und', 0, 'Apple - MacBook Pro - The new MacBook Pro. Huge leaps in performance.', '', 'filtered_html'),
('node', 'pin', 0, 58, 58, 'und', 0, 'Apple - MacBook Pro - The new MacBook Pro. Huge leaps in performance.', '', 'filtered_html'),
('node', 'pin', 0, 59, 59, 'und', 0, 'Google Image Result for http://usiter.com/uploads/20101011/sport_kstrim_7181.jpg', '', 'filtered_html'),
('node', 'pin', 0, 60, 60, 'und', 0, 'sport-9-800.jpg (JPEG Image, 800 ? 600 pixels)', '', 'filtered_html'),
('node', 'pin', 0, 61, 61, 'und', 0, '', NULL, NULL),
('node', 'pin', 0, 62, 62, 'und', 0, 'Google Image', '', 'filtered_html'),
('node', 'pin', 0, 63, 63, 'und', 0, '', NULL, NULL),
('node', 'pin', 0, 66, 66, 'und', 0, '', NULL, NULL),
('node', 'pin', 0, 67, 67, 'und', 0, '2222', '1111', 'filtered_html'),
('node', 'pin', 0, 68, 68, 'und', 0, '', NULL, NULL),
('node', 'pin', 0, 71, 71, 'und', 0, '', NULL, NULL),
('node', 'pin', 0, 73, 73, 'und', 0, 'GLEE - Full Performance of "Somebody That I Used To Know" airing TUE 4/10 - YouTube', '', 'filtered_html'),
('node', 'pin', 0, 74, 74, 'und', 0, 'Congi - Somnium (Triangle/Circle/Square) on Vimeo', '', 'filtered_html'),
('node', 'blog', 0, 75, 75, 'und', 0, 'Donec pede justo, fringilla vel, aliquet nec, vulputate eget, arcu. In enim justo, rhoncus ut, imperdiet a, venenatis vitae, justo. Nullam dictum felis eu pede mollis pretium. Integer tincidunt. Cras dapibus. Vivamus elementum semper nisi. Aenean vulputate eleifend tellus. Aenean leo ligula, porttitor eu, consequat vitae, eleifend ac, enim. Example image\r\nQuisque rutrum. Aenean imperdiet. Etiam ultricies nisi vel augue. Curabitur ullamcorper ultricies nisi. Nam eget dui. Etiam rhoncus. Maecenas tempus, tellus eget condimentum rhoncus, sem quam semper libero, sit amet adipiscing sem neque sed ipsum. Nam quam nunc, blandit vel, luctus pulvinar, hendrerit id, lorem. Maecenas nec odio et ante tincidunt tempus. Donec vitae sapien ut libero venenatis faucibus. Nullam quis ante. Etiam sit amet orci eget eros faucibus tincidunt. Duis leo. Sed fringilla mauris sit amet nibh. Donec sodales sagittis magna. Sed consequat, leo eget bibendum sodales, augue velit cursus nunc.\r\nLorem ipsum dolor sit amet, consectetuer adipiscing elit. Aenean commodo ligula eget dolor. Aenean massa. Cum sociis natoque penatibus et magnis dis parturient montes, nascetur ridiculus mus. Donec quam felis, ultricies nec, pellentesque eu, pretium quis, sem. Nulla consequat massa quis enim. Donec pede justo, fringilla vel, aliquet nec, vulputate eget, arcu. In enim justo, rhoncus ut, imperdiet a, venenatis vitae, justo. Nullam dictum felis eu pede mollis pretium. Integer tincidunt. Cras dapibus. Vivamus elementum semper nisi. Aenean vulputate eleifend tellus. Aenean leo ligula, porttitor eu, consequat vitae, eleifend ac, enim. Aliquam lorem ante, dapibus in, viverra quis, feugiat a, tellus. Phasellus viverra nulla ut metus varius laoreet.', '', 'filtered_html'),
('node', 'blog', 0, 76, 76, 'und', 0, 'Donec pede justo, fringilla vel, aliquet nec, vulputate eget, arcu. In enim justo, rhoncus ut, imperdiet a, venenatis vitae, justo. Nullam dictum felis eu pede mollis pretium. Integer tincidunt. Cras dapibus. Vivamus elementum semper nisi. Aenean vulputate eleifend tellus. Aenean leo ligula, porttitor eu, consequat vitae, eleifend ac, enim. Example image\r\nQuisque rutrum. Aenean imperdiet. Etiam ultricies nisi vel augue. Curabitur ullamcorper ultricies nisi. Nam eget dui. Etiam rhoncus. Maecenas tempus, tellus eget condimentum rhoncus, sem quam semper libero, sit amet adipiscing sem neque sed ipsum. Nam quam nunc, blandit vel, luctus pulvinar, hendrerit id, lorem. Maecenas nec odio et ante tincidunt tempus. Donec vitae sapien ut libero venenatis faucibus. Nullam quis ante. Etiam sit amet orci eget eros faucibus tincidunt. Duis leo. Sed fringilla mauris sit amet nibh. Donec sodales sagittis magna. Sed consequat, leo eget bibendum sodales, augue velit cursus nunc.\r\nLorem ipsum dolor sit amet, consectetuer adipiscing elit. Aenean commodo ligula eget dolor. Aenean massa. Cum sociis natoque penatibus et magnis dis parturient montes, nascetur ridiculus mus. Donec quam felis, ultricies nec, pellentesque eu, pretium quis, sem. Nulla consequat massa quis enim. Donec pede justo, fringilla vel, aliquet nec, vulputate eget, arcu. In enim justo, rhoncus ut, imperdiet a, venenatis vitae, justo. Nullam dictum felis eu pede mollis pretium. Integer tincidunt. Cras dapibus. Vivamus elementum semper nisi. Aenean vulputate eleifend tellus. Aenean leo ligula, porttitor eu, consequat vitae, eleifend ac, enim. Aliquam lorem ante, dapibus in, viverra quis, feugiat a, tellus. Phasellus viverra nulla ut metus varius laoreet.', '', 'filtered_html'),
('node', 'pin', 0, 77, 77, 'und', 0, '', NULL, NULL),
('node', 'pin', 0, 99, 99, 'und', 0, 'Team Collaboration | Feng Office 1', '', 'filtered_html'),
('node', 'pin', 0, 103, 103, 'und', 0, '', NULL, NULL),
('node', 'pin', 0, 107, 107, 'und', 0, 'Google Image Result for http://usiter.com/uploads/20101011/sport_kstrim_7181.jpg', '', 'filtered_html'),
('node', 'pin', 0, 108, 108, 'und', 0, '', NULL, NULL),
('node', 'pin', 0, 109, 109, 'und', 0, '', NULL, NULL),
('node', 'pin', 0, 110, 110, 'und', 0, 'Butternut Squash ravioli with light creamy sauce', '', 'filtered_html'),
('node', 'pin', 0, 111, 111, 'und', 0, '', NULL, NULL),
('node', 'pin', 0, 114, 114, 'und', 0, '', NULL, NULL);

DROP TABLE IF EXISTS `prefixpinboard_field_revision_comment_body`;
CREATE TABLE `prefixpinboard_field_revision_comment_body` (
  `entity_type` varchar(128) NOT NULL DEFAULT '' COMMENT 'The entity type this data is attached to',
  `bundle` varchar(128) NOT NULL DEFAULT '' COMMENT 'The field instance bundle to which this row belongs, used when deleting a field instance',
  `deleted` tinyint(4) NOT NULL DEFAULT '0' COMMENT 'A boolean indicating whether this data item has been deleted',
  `entity_id` int(10) unsigned NOT NULL COMMENT 'The entity id this data is attached to',
  `revision_id` int(10) unsigned NOT NULL COMMENT 'The entity revision id this data is attached to',
  `language` varchar(32) NOT NULL DEFAULT '' COMMENT 'The language for this data item.',
  `delta` int(10) unsigned NOT NULL COMMENT 'The sequence number for this data item, used for multi-value fields',
  `comment_body_value` longtext,
  `comment_body_format` varchar(255) DEFAULT NULL,
  PRIMARY KEY (`entity_type`,`entity_id`,`revision_id`,`deleted`,`delta`,`language`),
  KEY `entity_type` (`entity_type`),
  KEY `bundle` (`bundle`),
  KEY `deleted` (`deleted`),
  KEY `entity_id` (`entity_id`),
  KEY `revision_id` (`revision_id`),
  KEY `language` (`language`),
  KEY `comment_body_format` (`comment_body_format`)
) ENGINE=InnoDB DEFAULT CHARSET=utf8 COMMENT='Revision archive storage for field 1 (comment_body)';

INSERT INTO `prefixpinboard_field_revision_comment_body` (`entity_type`, `bundle`, `deleted`, `entity_id`, `revision_id`, `language`, `delta`, `comment_body_value`, `comment_body_format`) VALUES
('comment', 'comment_node_pin', 0, 1, 1, 'und', 0, 'Tastes veer towards the more ornate', 'filtered_html'),
('comment', 'comment_node_pin', 0, 2, 2, 'und', 0, 'Rococo, as well as Art Nouveau, you''ll get some', 'filtered_html'),
('comment', 'comment_node_pin', 0, 3, 3, 'und', 0, 'fancy side - minimalist I ain''t! If I tell you I adore the Baroque & Rococo, as well as Art Nouveau, you''ll', 'filtered_html'),
('comment', 'comment_node_pin', 0, 4, 4, 'und', 0, 'I ain''t! If I tell you I adore the', 'filtered_html'),
('comment', 'comment_node_pin', 0, 5, 5, 'und', 0, 'asdasdas', 'filtered_html'),
('comment', 'comment_node_pin', 0, 6, 6, 'und', 0, 'dasfasdf', 'filtered_html'),
('comment', 'comment_node_pin', 0, 7, 7, 'und', 0, 'sdsdf', 'filtered_html'),
('comment', 'comment_node_pin', 0, 13, 13, 'und', 0, 'sdfsdfdsf', 'filtered_html'),
('comment', 'comment_node_pin', 0, 14, 14, 'und', 0, '`csadfasdf', 'filtered_html'),
('comment', 'comment_node_pin', 0, 15, 15, 'und', 0, 'asdfasdf', 'filtered_html'),
('comment', 'comment_node_pin', 0, 16, 16, 'und', 0, 'dfgdsfgsdfsdf', 'filtered_html'),
('comment', 'comment_node_pin', 0, 17, 17, 'und', 0, 'dsfgsdfgerytwer', 'filtered_html'),
('comment', 'comment_node_pin', 0, 18, 18, 'und', 0, 'sdfstrerwete', 'filtered_html'),
('comment', 'comment_node_pin', 0, 19, 19, 'und', 0, 'dfhsrherherh', 'filtered_html'),
('comment', 'comment_node_pin', 0, 20, 20, 'und', 0, 'dfghryery', 'filtered_html'),
('comment', 'comment_node_pin', 0, 21, 21, 'und', 0, 'rthfgnsdfha', 'filtered_html'),
('comment', 'comment_node_pin', 0, 22, 22, 'und', 0, 'asas', 'filtered_html'),
('comment', 'comment_node_pin', 0, 23, 23, 'und', 0, 'xsdsd', 'filtered_html'),
('comment', 'comment_node_pin', 0, 24, 24, 'und', 0, 'fsfdgsdf', 'filtered_html'),
('comment', 'comment_node_pin', 0, 25, 25, 'und', 0, 'dfgsdf', 'filtered_html');

DROP TABLE IF EXISTS `prefixpinboard_field_revision_field_aboutuser`;
CREATE TABLE `prefixpinboard_field_revision_field_aboutuser` (
  `entity_type` varchar(128) NOT NULL DEFAULT '' COMMENT 'The entity type this data is attached to',
  `bundle` varchar(128) NOT NULL DEFAULT '' COMMENT 'The field instance bundle to which this row belongs, used when deleting a field instance',
  `deleted` tinyint(4) NOT NULL DEFAULT '0' COMMENT 'A boolean indicating whether this data item has been deleted',
  `entity_id` int(10) unsigned NOT NULL COMMENT 'The entity id this data is attached to',
  `revision_id` int(10) unsigned NOT NULL COMMENT 'The entity revision id this data is attached to',
  `language` varchar(32) NOT NULL DEFAULT '' COMMENT 'The language for this data item.',
  `delta` int(10) unsigned NOT NULL COMMENT 'The sequence number for this data item, used for multi-value fields',
  `field_aboutuser_value` longtext,
  `field_aboutuser_format` varchar(255) DEFAULT NULL,
  PRIMARY KEY (`entity_type`,`entity_id`,`revision_id`,`deleted`,`delta`,`language`),
  KEY `entity_type` (`entity_type`),
  KEY `bundle` (`bundle`),
  KEY `deleted` (`deleted`),
  KEY `entity_id` (`entity_id`),
  KEY `revision_id` (`revision_id`),
  KEY `language` (`language`),
  KEY `field_aboutuser_format` (`field_aboutuser_format`)
) ENGINE=InnoDB DEFAULT CHARSET=utf8 COMMENT='Revision archive storage for field 8 (field_aboutuser)';

INSERT INTO `prefixpinboard_field_revision_field_aboutuser` (`entity_type`, `bundle`, `deleted`, `entity_id`, `revision_id`, `language`, `delta`, `field_aboutuser_value`, `field_aboutuser_format`) VALUES
('user', 'user', 0, 1, 1, 'und', 0, 'Lorem ipsum dolor sit amet, consectetuer adipiscing elit. Aenean commodo ligula eget dolor. Aenean massa. Cum sociis natoque penatibus et magnis dis parturient montes, nascetur ridiculus mus. Donec quam felis, ultricies nec, pellentesque eu, pretium quis, sem. Nulla consequat massa quis enim. Donec pede justo, fringilla vel, aliquet nec, vulputate eget, arcu. In enim justo, rhoncus ut, imperdiet a, venenatis vitae, justo. Nullam dictum felis eu pede mollis pretium. Integer tincidunt.', NULL);

DROP TABLE IF EXISTS `prefixpinboard_field_revision_field_category`;
CREATE TABLE `prefixpinboard_field_revision_field_category` (
  `entity_type` varchar(128) NOT NULL DEFAULT '' COMMENT 'The entity type this data is attached to',
  `bundle` varchar(128) NOT NULL DEFAULT '' COMMENT 'The field instance bundle to which this row belongs, used when deleting a field instance',
  `deleted` tinyint(4) NOT NULL DEFAULT '0' COMMENT 'A boolean indicating whether this data item has been deleted',
  `entity_id` int(10) unsigned NOT NULL COMMENT 'The entity id this data is attached to',
  `revision_id` int(10) unsigned NOT NULL COMMENT 'The entity revision id this data is attached to',
  `language` varchar(32) NOT NULL DEFAULT '' COMMENT 'The language for this data item.',
  `delta` int(10) unsigned NOT NULL COMMENT 'The sequence number for this data item, used for multi-value fields',
  `field_category_tid` int(10) unsigned DEFAULT NULL,
  PRIMARY KEY (`entity_type`,`entity_id`,`revision_id`,`deleted`,`delta`,`language`),
  KEY `entity_type` (`entity_type`),
  KEY `bundle` (`bundle`),
  KEY `deleted` (`deleted`),
  KEY `entity_id` (`entity_id`),
  KEY `revision_id` (`revision_id`),
  KEY `language` (`language`),
  KEY `field_category_tid` (`field_category_tid`)
) ENGINE=InnoDB DEFAULT CHARSET=utf8 COMMENT='Revision archive storage for field 7 (field_category)';

INSERT INTO `prefixpinboard_field_revision_field_category` (`entity_type`, `bundle`, `deleted`, `entity_id`, `revision_id`, `language`, `delta`, `field_category_tid`) VALUES
('node', 'pin', 0, 2, 2, 'und', 0, 2),
('node', 'pin', 0, 2, 2, 'und', 1, 6),
('node', 'pin', 0, 2, 2, 'und', 2, 10),
('node', 'pin', 0, 2, 2, 'und', 3, 14),
('node', 'pin', 0, 2, 2, 'und', 4, 18),
('node', 'pin', 0, 2, 2, 'und', 5, 23),
('node', 'pin', 0, 2, 2, 'und', 6, 27),
('node', 'pin', 0, 3, 3, 'und', 0, 1),
('node', 'pin', 0, 3, 3, 'und', 1, 5),
('node', 'pin', 0, 3, 3, 'und', 2, 10),
('node', 'pin', 0, 3, 3, 'und', 3, 14),
('node', 'pin', 0, 3, 3, 'und', 4, 24),
('node', 'pin', 0, 4, 4, 'und', 0, 1),
('node', 'pin', 0, 4, 4, 'und', 1, 2),
('node', 'pin', 0, 4, 4, 'und', 2, 4),
('node', 'pin', 0, 4, 4, 'und', 3, 8),
('node', 'pin', 0, 4, 4, 'und', 4, 11),
('node', 'pin', 0, 5, 5, 'und', 0, 1),
('node', 'pin', 0, 5, 5, 'und', 1, 16),
('node', 'pin', 0, 5, 5, 'und', 2, 7),
('node', 'pin', 0, 5, 5, 'und', 3, 12),
('node', 'pin', 0, 6, 6, 'und', 0, 1),
('node', 'pin', 0, 6, 6, 'und', 1, 3),
('node', 'pin', 0, 6, 6, 'und', 2, 6),
('node', 'pin', 0, 6, 6, 'und', 3, 9),
('node', 'pin', 0, 6, 6, 'und', 4, 11),
('node', 'pin', 0, 6, 6, 'und', 5, 14),
('node', 'pin', 0, 7, 7, 'und', 0, 1),
('node', 'pin', 0, 7, 7, 'und', 1, 16),
('node', 'pin', 0, 7, 7, 'und', 2, 7),
('node', 'pin', 0, 7, 7, 'und', 3, 12),
('node', 'pin', 0, 7, 7, 'und', 4, 15),
('node', 'pin', 0, 7, 7, 'und', 5, 21),
('node', 'pin', 0, 8, 8, 'und', 0, 1),
('node', 'pin', 0, 8, 8, 'und', 1, 3),
('node', 'pin', 0, 8, 8, 'und', 2, 4),
('node', 'pin', 0, 8, 8, 'und', 3, 7),
('node', 'pin', 0, 8, 8, 'und', 4, 10),
('node', 'pin', 0, 8, 8, 'und', 5, 12),
('node', 'pin', 0, 8, 8, 'und', 6, 21),
('node', 'pin', 0, 9, 9, 'und', 0, 1),
('node', 'pin', 0, 9, 9, 'und', 1, 16),
('node', 'pin', 0, 9, 9, 'und', 2, 7),
('node', 'pin', 0, 9, 9, 'und', 3, 10),
('node', 'pin', 0, 9, 9, 'und', 4, 13),
('node', 'pin', 0, 9, 9, 'und', 5, 28),
('node', 'pin', 0, 10, 10, 'und', 0, 1),
('node', 'pin', 0, 10, 10, 'und', 1, 2),
('node', 'pin', 0, 10, 10, 'und', 2, 3),
('node', 'pin', 0, 10, 10, 'und', 3, 5),
('node', 'pin', 0, 10, 10, 'und', 4, 7),
('node', 'pin', 0, 10, 10, 'und', 5, 10),
('node', 'pin', 0, 10, 10, 'und', 6, 21),
('node', 'pin', 0, 10, 10, 'und', 7, 23),
('node', 'pin', 0, 11, 11, 'und', 0, 1),
('node', 'pin', 0, 11, 11, 'und', 1, 2),
('node', 'pin', 0, 11, 11, 'und', 2, 3),
('node', 'pin', 0, 11, 11, 'und', 3, 16),
('node', 'pin', 0, 11, 11, 'und', 4, 4),
('node', 'pin', 0, 11, 11, 'und', 5, 5),
('node', 'pin', 0, 13, 13, 'und', 0, 1),
('node', 'pin', 0, 13, 13, 'und', 1, 2),
('node', 'pin', 0, 13, 13, 'und', 2, 3),
('node', 'pin', 0, 13, 13, 'und', 3, 5),
('node', 'pin', 0, 13, 13, 'und', 4, 7),
('node', 'pin', 0, 13, 13, 'und', 5, 10),
('node', 'pin', 0, 13, 13, 'und', 6, 21),
('node', 'pin', 0, 13, 13, 'und', 7, 23),
('node', 'pin', 0, 14, 14, 'und', 0, 1),
('node', 'pin', 0, 14, 14, 'und', 1, 3),
('node', 'pin', 0, 14, 14, 'und', 2, 4),
('node', 'pin', 0, 14, 14, 'und', 3, 7),
('node', 'pin', 0, 14, 14, 'und', 4, 10),
('node', 'pin', 0, 14, 14, 'und', 5, 12),
('node', 'pin', 0, 14, 14, 'und', 6, 21),
('node', 'pin', 0, 15, 15, 'und', 0, 1),
('node', 'pin', 0, 15, 15, 'und', 1, 3),
('node', 'pin', 0, 15, 15, 'und', 2, 4),
('node', 'pin', 0, 15, 15, 'und', 3, 7),
('node', 'pin', 0, 15, 15, 'und', 4, 10),
('node', 'pin', 0, 15, 15, 'und', 5, 12),
('node', 'pin', 0, 15, 15, 'und', 6, 21),
('node', 'pin', 0, 16, 16, 'und', 0, 1),
('node', 'pin', 0, 16, 16, 'und', 1, 16),
('node', 'pin', 0, 16, 16, 'und', 2, 7),
('node', 'pin', 0, 16, 16, 'und', 3, 10),
('node', 'pin', 0, 16, 16, 'und', 4, 13),
('node', 'pin', 0, 16, 16, 'und', 5, 28),
('node', 'pin', 0, 17, 17, 'und', 0, 1),
('node', 'pin', 0, 17, 17, 'und', 1, 16),
('node', 'pin', 0, 17, 17, 'und', 2, 7),
('node', 'pin', 0, 17, 17, 'und', 3, 12),
('node', 'pin', 0, 17, 17, 'und', 4, 15),
('node', 'pin', 0, 17, 17, 'und', 5, 21),
('node', 'pin', 0, 20, 20, 'und', 0, 1),
('node', 'pin', 0, 20, 20, 'und', 1, 5),
('node', 'pin', 0, 20, 20, 'und', 2, 10),
('node', 'pin', 0, 20, 20, 'und', 3, 14),
('node', 'pin', 0, 20, 20, 'und', 4, 24),
('node', 'pin', 0, 21, 21, 'und', 0, 1),
('node', 'pin', 0, 21, 21, 'und', 1, 3),
('node', 'pin', 0, 21, 21, 'und', 2, 16),
('node', 'pin', 0, 22, 22, 'und', 0, 1),
('node', 'pin', 0, 22, 22, 'und', 1, 2),
('node', 'pin', 0, 22, 22, 'und', 2, 3),
('node', 'pin', 0, 22, 22, 'und', 3, 16),
('node', 'pin', 0, 22, 22, 'und', 4, 4),
('node', 'pin', 0, 22, 22, 'und', 5, 5),
('node', 'pin', 0, 23, 23, 'und', 0, 1),
('node', 'pin', 0, 23, 23, 'und', 1, 2),
('node', 'pin', 0, 23, 23, 'und', 2, 16),
('node', 'pin', 0, 24, 24, 'und', 0, 1),
('node', 'pin', 0, 24, 24, 'und', 1, 16),
('node', 'pin', 0, 24, 24, 'und', 2, 7),
('node', 'pin', 0, 24, 24, 'und', 3, 10),
('node', 'pin', 0, 24, 24, 'und', 4, 13),
('node', 'pin', 0, 24, 24, 'und', 5, 28),
('node', 'pin', 0, 25, 25, 'und', 0, 1),
('node', 'pin', 0, 25, 25, 'und', 1, 2),
('node', 'pin', 0, 25, 25, 'und', 2, 3),
('node', 'pin', 0, 25, 25, 'und', 3, 16),
('node', 'pin', 0, 26, 26, 'und', 0, 1),
('node', 'pin', 0, 26, 26, 'und', 1, 2),
('node', 'pin', 0, 26, 26, 'und', 2, 3),
('node', 'pin', 0, 26, 26, 'und', 3, 16),
('node', 'pin', 0, 29, 29, 'und', 0, 1),
('node', 'pin', 0, 29, 29, 'und', 1, 2),
('node', 'pin', 0, 29, 29, 'und', 2, 3),
('node', 'pin', 0, 29, 29, 'und', 3, 16),
('node', 'pin', 0, 30, 30, 'und', 0, 1),
('node', 'pin', 0, 30, 30, 'und', 1, 16),
('node', 'pin', 0, 30, 30, 'und', 2, 6),
('node', 'pin', 0, 30, 30, 'und', 3, 8),
('node', 'pin', 0, 31, 31, 'und', 0, 1),
('node', 'pin', 0, 31, 31, 'und', 1, 2),
('node', 'pin', 0, 31, 31, 'und', 2, 3),
('node', 'pin', 0, 31, 31, 'und', 3, 16),
('node', 'pin', 0, 34, 34, 'und', 0, 1),
('node', 'pin', 0, 34, 34, 'und', 1, 3),
('node', 'pin', 0, 34, 34, 'und', 2, 16),
('node', 'pin', 0, 35, 35, 'und', 0, 1),
('node', 'pin', 0, 35, 35, 'und', 1, 2),
('node', 'pin', 0, 35, 35, 'und', 2, 3),
('node', 'pin', 0, 35, 35, 'und', 3, 16),
('node', 'pin', 0, 37, 37, 'und', 0, 33),
('node', 'pin', 0, 38, 38, 'und', 0, 33),
('node', 'pin', 0, 39, 39, 'und', 0, 4),
('node', 'pin', 0, 40, 40, 'und', 0, 4),
('node', 'pin', 0, 41, 41, 'und', 0, 3),
('node', 'pin', 0, 42, 42, 'und', 0, 33),
('node', 'pin', 0, 43, 43, 'und', 0, 11),
('node', 'pin', 0, 44, 44, 'und', 0, 4),
('node', 'pin', 0, 45, 45, 'und', 0, 4),
('node', 'pin', 0, 46, 46, 'und', 0, 4),
('node', 'pin', 0, 47, 47, 'und', 0, 4),
('node', 'pin', 0, 48, 48, 'und', 0, 4),
('node', 'pin', 0, 49, 49, 'und', 0, 4),
('node', 'pin', 0, 50, 50, 'und', 0, 4),
('node', 'pin', 0, 51, 51, 'und', 0, 4),
('node', 'pin', 0, 52, 52, 'und', 0, 4),
('node', 'pin', 0, 53, 53, 'und', 0, 4),
('node', 'pin', 0, 54, 54, 'und', 0, 4),
('node', 'pin', 0, 55, 55, 'und', 0, 4),
('node', 'pin', 0, 56, 56, 'und', 0, 4),
('node', 'pin', 0, 57, 57, 'und', 0, 4),
('node', 'pin', 0, 58, 58, 'und', 0, 4),
('node', 'pin', 0, 59, 59, 'und', 0, 29),
('node', 'pin', 0, 60, 60, 'und', 0, 29),
('node', 'pin', 0, 61, 61, 'und', 0, 29),
('node', 'pin', 0, 62, 62, 'und', 0, 29),
('node', 'pin', 0, 63, 63, 'und', 0, 29),
('node', 'pin', 0, 66, 66, 'und', 0, 4),
('node', 'pin', 0, 67, 67, 'und', 0, 4),
('node', 'pin', 0, 68, 68, 'und', 0, 4),
('node', 'pin', 0, 71, 71, 'und', 0, 1),
('node', 'pin', 0, 71, 71, 'und', 1, 2),
('node', 'pin', 0, 71, 71, 'und', 2, 3),
('node', 'pin', 0, 71, 71, 'und', 3, 16),
('node', 'pin', 0, 71, 71, 'und', 4, 4),
('node', 'pin', 0, 73, 73, 'und', 0, 1),
('node', 'pin', 0, 74, 74, 'und', 0, 1),
('node', 'pin', 0, 74, 74, 'und', 1, 2),
('node', 'pin', 0, 74, 74, 'und', 2, 3),
('node', 'pin', 0, 74, 74, 'und', 3, 16),
('node', 'pin', 0, 77, 77, 'und', 0, 1),
('node', 'pin', 0, 99, 99, 'und', 0, 2),
('node', 'pin', 0, 99, 99, 'und', 1, 3),
('node', 'pin', 0, 99, 99, 'und', 2, 4),
('node', 'pin', 0, 103, 103, 'und', 0, 3),
('node', 'pin', 0, 107, 107, 'und', 0, 29),
('node', 'pin', 0, 108, 108, 'und', 0, 29),
('node', 'pin', 0, 109, 109, 'und', 0, 1),
('node', 'pin', 0, 110, 110, 'und', 0, 1),
('node', 'pin', 0, 110, 110, 'und', 1, 16),
('node', 'pin', 0, 110, 110, 'und', 2, 6),
('node', 'pin', 0, 110, 110, 'und', 3, 8),
('node', 'pin', 0, 111, 111, 'und', 0, 1),
('node', 'pin', 0, 111, 111, 'und', 1, 2),
('node', 'pin', 0, 111, 111, 'und', 2, 3),
('node', 'pin', 0, 111, 111, 'und', 3, 16),
('node', 'pin', 0, 114, 114, 'und', 0, 1),
('node', 'pin', 0, 127, 127, 'und', 0, 3),
('node', 'pin', 0, 128, 128, 'und', 0, 16);

DROP TABLE IF EXISTS `prefixpinboard_field_revision_field_embed`;
CREATE TABLE `prefixpinboard_field_revision_field_embed` (
  `entity_type` varchar(128) NOT NULL DEFAULT '' COMMENT 'The entity type this data is attached to',
  `bundle` varchar(128) NOT NULL DEFAULT '' COMMENT 'The field instance bundle to which this row belongs, used when deleting a field instance',
  `deleted` tinyint(4) NOT NULL DEFAULT '0' COMMENT 'A boolean indicating whether this data item has been deleted',
  `entity_id` int(10) unsigned NOT NULL COMMENT 'The entity id this data is attached to',
  `revision_id` int(10) unsigned NOT NULL COMMENT 'The entity revision id this data is attached to',
  `language` varchar(32) NOT NULL DEFAULT '' COMMENT 'The language for this data item.',
  `delta` int(10) unsigned NOT NULL COMMENT 'The sequence number for this data item, used for multi-value fields',
  `field_embed_video_url` varchar(512) DEFAULT '',
  `field_embed_thumbnail_path` varchar(512) DEFAULT '',
  `field_embed_embed_code` varchar(1024) DEFAULT '',
  `field_embed_description` text,
  PRIMARY KEY (`entity_type`,`entity_id`,`revision_id`,`deleted`,`delta`,`language`),
  KEY `entity_type` (`entity_type`),
  KEY `bundle` (`bundle`),
  KEY `deleted` (`deleted`),
  KEY `entity_id` (`entity_id`),
  KEY `revision_id` (`revision_id`),
  KEY `language` (`language`)
) ENGINE=InnoDB DEFAULT CHARSET=utf8 COMMENT='Revision archive storage for field 11 (field_embed)';

INSERT INTO `prefixpinboard_field_revision_field_embed` (`entity_type`, `bundle`, `deleted`, `entity_id`, `revision_id`, `language`, `delta`, `field_embed_video_url`, `field_embed_thumbnail_path`, `field_embed_embed_code`, `field_embed_description`) VALUES
('node', 'pin', 0, 14, 14, 'und', 0, 'http://vimeo.com/198363', 'public://video_embed_field_thumbnails/vimeo/198363.jpg', NULL, NULL),
('node', 'pin', 0, 71, 71, 'und', 0, 'http://www.youtube.com/watch?v=jFiDeufhxSY&feature=g-logo&context=G2127cb9FOAAAAAAADAA', 'public://video_embed_field_thumbnails/youtube/jFiDeufhxSY.jpg', NULL, NULL),
('node', 'pin', 0, 73, 73, 'und', 0, 'http://www.youtube.com/watch?v=0cay2dnuhcs&feature=g-logo&context=G2162cb5FOAAAAAAABAA', 'public://video_embed_field_thumbnails/youtube/0cay2dnuhcs.jpg', NULL, NULL),
('node', 'pin', 0, 74, 74, 'und', 0, 'http://vimeo.com/198363', 'public://video_embed_field_thumbnails/vimeo/198363.jpg', NULL, NULL);

DROP TABLE IF EXISTS `prefixpinboard_field_revision_field_facebook`;
CREATE TABLE `prefixpinboard_field_revision_field_facebook` (
  `entity_type` varchar(128) NOT NULL DEFAULT '' COMMENT 'The entity type this data is attached to',
  `bundle` varchar(128) NOT NULL DEFAULT '' COMMENT 'The field instance bundle to which this row belongs, used when deleting a field instance',
  `deleted` tinyint(4) NOT NULL DEFAULT '0' COMMENT 'A boolean indicating whether this data item has been deleted',
  `entity_id` int(10) unsigned NOT NULL COMMENT 'The entity id this data is attached to',
  `revision_id` int(10) unsigned NOT NULL COMMENT 'The entity revision id this data is attached to',
  `language` varchar(32) NOT NULL DEFAULT '' COMMENT 'The language for this data item.',
  `delta` int(10) unsigned NOT NULL COMMENT 'The sequence number for this data item, used for multi-value fields',
  `field_facebook_value` varchar(255) DEFAULT NULL,
  `field_facebook_format` varchar(255) DEFAULT NULL,
  PRIMARY KEY (`entity_type`,`entity_id`,`revision_id`,`deleted`,`delta`,`language`),
  KEY `entity_type` (`entity_type`),
  KEY `bundle` (`bundle`),
  KEY `deleted` (`deleted`),
  KEY `entity_id` (`entity_id`),
  KEY `revision_id` (`revision_id`),
  KEY `language` (`language`),
  KEY `field_facebook_format` (`field_facebook_format`)
) ENGINE=InnoDB DEFAULT CHARSET=utf8 COMMENT='Revision archive storage for field 9 (field_facebook)';

INSERT INTO `prefixpinboard_field_revision_field_facebook` (`entity_type`, `bundle`, `deleted`, `entity_id`, `revision_id`, `language`, `delta`, `field_facebook_value`, `field_facebook_format`) VALUES
('user', 'user', 0, 1, 1, 'und', 0, 'http://facebook.com/profile.php?id=687937728', NULL);

DROP TABLE IF EXISTS `prefixpinboard_field_revision_field_image`;
CREATE TABLE `prefixpinboard_field_revision_field_image` (
  `entity_type` varchar(128) NOT NULL DEFAULT '' COMMENT 'The entity type this data is attached to',
  `bundle` varchar(128) NOT NULL DEFAULT '' COMMENT 'The field instance bundle to which this row belongs, used when deleting a field instance',
  `deleted` tinyint(4) NOT NULL DEFAULT '0' COMMENT 'A boolean indicating whether this data item has been deleted',
  `entity_id` int(10) unsigned NOT NULL COMMENT 'The entity id this data is attached to',
  `revision_id` int(10) unsigned NOT NULL COMMENT 'The entity revision id this data is attached to',
  `language` varchar(32) NOT NULL DEFAULT '' COMMENT 'The language for this data item.',
  `delta` int(10) unsigned NOT NULL COMMENT 'The sequence number for this data item, used for multi-value fields',
  `field_image_fid` int(10) unsigned DEFAULT NULL COMMENT 'The prefixpinboard_file_managed.fid being referenced in this field.',
  `field_image_alt` varchar(512) DEFAULT NULL COMMENT 'Alternative image text, for the image’s ’alt’ attribute.',
  `field_image_title` varchar(1024) DEFAULT NULL COMMENT 'Image title text, for the image’s ’title’ attribute.',
  `field_image_width` int(10) unsigned DEFAULT NULL COMMENT 'The width of the image in pixels.',
  `field_image_height` int(10) unsigned DEFAULT NULL COMMENT 'The height of the image in pixels.',
  PRIMARY KEY (`entity_type`,`entity_id`,`revision_id`,`deleted`,`delta`,`language`),
  KEY `entity_type` (`entity_type`),
  KEY `bundle` (`bundle`),
  KEY `deleted` (`deleted`),
  KEY `entity_id` (`entity_id`),
  KEY `revision_id` (`revision_id`),
  KEY `language` (`language`),
  KEY `field_image_fid` (`field_image_fid`)
) ENGINE=InnoDB DEFAULT CHARSET=utf8 COMMENT='Revision archive storage for field 4 (field_image)';

INSERT INTO `prefixpinboard_field_revision_field_image` (`entity_type`, `bundle`, `deleted`, `entity_id`, `revision_id`, `language`, `delta`, `field_image_fid`, `field_image_alt`, `field_image_title`, `field_image_width`, `field_image_height`) VALUES
('node', 'pin', 0, 2, 2, 'und', 0, 1, '', '', 900, 702),
('node', 'pin', 0, 3, 3, 'und', 0, 2, '', '', 900, 598),
('node', 'pin', 0, 4, 4, 'und', 0, 3, '', '', 900, 598),
('node', 'pin', 0, 5, 5, 'und', 0, 4, '', '', 900, 598),
('node', 'pin', 0, 6, 6, 'und', 0, 5, '', '', 900, 1344),
('node', 'pin', 0, 7, 7, 'und', 0, 6, '', '', 900, 664),
('node', 'pin', 0, 8, 8, 'und', 0, 7, '', '', 900, 500),
('node', 'pin', 0, 9, 9, 'und', 0, 8, '', '', 900, 600),
('node', 'pin', 0, 10, 10, 'und', 0, 11, '', '', 900, 596),
('node', 'pin', 0, 11, 11, 'und', 0, 10, '', '', 900, 599),
('node', 'pin', 0, 13, 13, 'und', 0, 9, '', '', 900, 641),
('node', 'pin', 0, 14, 14, 'und', 0, 131, '', '', 900, 720),
('node', 'pin', 0, 15, 15, 'und', 0, 7, '', '', 900, 500),
('node', 'pin', 0, 16, 16, 'und', 0, 8, '', '', 900, 600),
('node', 'pin', 0, 17, 17, 'und', 0, 6, '', '', 900, 664),
('node', 'pin', 0, 20, 20, 'und', 0, 2, '', '', 900, 598),
('node', 'pin', 0, 21, 21, 'und', 0, 12, '', '', 900, 602),
('node', 'pin', 0, 22, 22, 'und', 0, 10, '', '', 900, 599),
('node', 'pin', 0, 23, 23, 'und', 0, 13, 'aaa', '', 900, 664),
('node', 'pin', 0, 24, 24, 'und', 0, 8, '', '', 900, 600),
('node', 'pin', 0, 25, 25, 'und', 0, 22, '', '', 900, 598),
('node', 'pin', 0, 26, 26, 'und', 0, 23, '', '', 900, 465),
('node', 'pin', 0, 29, 29, 'und', 0, 24, '', '', 900, 621),
('node', 'pin', 0, 30, 30, 'und', 0, 26, '', '', 900, 563),
('node', 'pin', 0, 31, 31, 'und', 0, 22, '', '', 900, 598),
('node', 'pin', 0, 34, 34, 'und', 0, 27, '', '', 480, 480),
('node', 'pin', 0, 35, 35, 'und', 0, 28, '', '', 387, 480),
('node', 'pin', 0, 37, 37, 'und', 0, 33, '', '', 1920, 1200),
('node', 'pin', 0, 38, 38, 'und', 0, 33, '', '', 1920, 1200),
('node', 'pin', 0, 39, 39, 'und', 0, 34, '', '', 450, 450),
('node', 'pin', 0, 40, 40, 'und', 0, 35, '', '', 306, 599),
('node', 'pin', 0, 41, 41, 'und', 0, 36, '', '', 736, 736),
('node', 'pin', 0, 42, 42, 'und', 0, 37, '', '', 640, 478),
('node', 'pin', 0, 43, 43, 'und', 0, 38, '', '', 700, 1049),
('node', 'pin', 0, 44, 44, 'und', 0, 39, '', '', 590, 394),
('node', 'pin', 0, 45, 45, 'und', 0, 40, '', '', 510, 752),
('node', 'pin', 0, 46, 46, 'und', 0, 41, '', '', 640, 640),
('node', 'pin', 0, 47, 47, 'und', 0, 42, '', '', 734, 734),
('node', 'pin', 0, 48, 48, 'und', 0, 43, '', '', 630, 760),
('node', 'pin', 0, 49, 49, 'und', 0, 44, '', '', 630, 760),
('node', 'pin', 0, 50, 50, 'und', 0, 45, '', '', 406, 635),
('node', 'pin', 0, 51, 51, 'und', 0, 46, 'design', '', 476, 700),
('node', 'pin', 0, 52, 52, 'und', 0, 47, '', '', 567, 789),
('node', 'pin', 0, 53, 53, 'und', 0, 48, 'design', '', 600, 569),
('node', 'pin', 0, 54, 54, 'und', 0, 49, 'design', '', 1454, 605),
('node', 'pin', 0, 55, 55, 'und', 0, 50, '', '', 734, 734),
('node', 'pin', 0, 56, 56, 'und', 0, 51, '', '', 343, 356),
('node', 'pin', 0, 57, 57, 'und', 0, 52, '', '', 1014, 318),
('node', 'pin', 0, 58, 58, 'und', 0, 53, '', '', 980, 535),
('node', 'pin', 0, 59, 59, 'und', 0, 55, '', '', 1524, 1016),
('node', 'pin', 0, 60, 60, 'und', 0, 56, '', '', 800, 600),
('node', 'pin', 0, 61, 61, 'und', 0, 57, '', '', 1600, 1200),
('node', 'pin', 0, 62, 62, 'und', 0, 58, '', '', 1024, 768),
('node', 'pin', 0, 63, 63, 'und', 0, 59, '', '', 1000, 1000),
('node', 'pin', 0, 66, 66, 'und', 0, 62, '', '', 736, 736),
('node', 'pin', 0, 67, 67, 'und', 0, 63, '', '', 736, 736),
('node', 'pin', 0, 68, 68, 'und', 0, 64, '', '', 736, 736),
('node', 'pin', 0, 77, 77, 'und', 0, 82, '', '', 894, 894),
('node', 'pin', 0, 99, 99, 'und', 0, 30, 'fengoffice', '', 600, 388),
('node', 'pin', 0, 103, 103, 'und', 0, 107, '', '', 900, 675),
('node', 'pin', 0, 107, 107, 'und', 0, 55, '', '', 1524, 1016),
('node', 'pin', 0, 108, 108, 'und', 0, 57, '', '', 1600, 1200),
('node', 'pin', 0, 109, 109, 'und', 0, 82, '', '', 894, 894),
('node', 'pin', 0, 110, 110, 'und', 0, 26, '', '', 900, 563),
('node', 'pin', 0, 111, 111, 'und', 0, 22, '', '', 900, 598),
('node', 'pin', 0, 114, 114, 'und', 0, 111, '', '', 699, 478),
('node', 'pin', 0, 127, 127, 'und', 0, 119, '', '', 670, 605),
('node', 'pin', 0, 128, 128, 'und', 0, 120, '', '', 720, 480);

DROP TABLE IF EXISTS `prefixpinboard_field_revision_field_price`;
CREATE TABLE `prefixpinboard_field_revision_field_price` (
  `entity_type` varchar(128) NOT NULL DEFAULT '' COMMENT 'The entity type this data is attached to',
  `bundle` varchar(128) NOT NULL DEFAULT '' COMMENT 'The field instance bundle to which this row belongs, used when deleting a field instance',
  `deleted` tinyint(4) NOT NULL DEFAULT '0' COMMENT 'A boolean indicating whether this data item has been deleted',
  `entity_id` int(10) unsigned NOT NULL COMMENT 'The entity id this data is attached to',
  `revision_id` int(10) unsigned NOT NULL COMMENT 'The entity revision id this data is attached to',
  `language` varchar(32) NOT NULL DEFAULT '' COMMENT 'The language for this data item.',
  `delta` int(10) unsigned NOT NULL COMMENT 'The sequence number for this data item, used for multi-value fields',
  `field_price_value` decimal(10,2) DEFAULT NULL,
  PRIMARY KEY (`entity_type`,`entity_id`,`revision_id`,`deleted`,`delta`,`language`),
  KEY `entity_type` (`entity_type`),
  KEY `bundle` (`bundle`),
  KEY `deleted` (`deleted`),
  KEY `entity_id` (`entity_id`),
  KEY `revision_id` (`revision_id`),
  KEY `language` (`language`)
) ENGINE=InnoDB DEFAULT CHARSET=utf8 COMMENT='Revision archive storage for field 6 (field_price)';

INSERT INTO `prefixpinboard_field_revision_field_price` (`entity_type`, `bundle`, `deleted`, `entity_id`, `revision_id`, `language`, `delta`, `field_price_value`) VALUES
('node', 'pin', 0, 14, 14, 'und', 0, 30.00),
('node', 'pin', 0, 34, 34, 'und', 0, 300.00),
('node', 'pin', 0, 41, 41, 'und', 0, 100.00),
('node', 'pin', 0, 73, 73, 'und', 0, 15.00),
('node', 'pin', 0, 127, 127, 'und', 0, 10.00);

DROP TABLE IF EXISTS `prefixpinboard_field_revision_field_tags`;
CREATE TABLE `prefixpinboard_field_revision_field_tags` (
  `entity_type` varchar(128) NOT NULL DEFAULT '' COMMENT 'The entity type this data is attached to',
  `bundle` varchar(128) NOT NULL DEFAULT '' COMMENT 'The field instance bundle to which this row belongs, used when deleting a field instance',
  `deleted` tinyint(4) NOT NULL DEFAULT '0' COMMENT 'A boolean indicating whether this data item has been deleted',
  `entity_id` int(10) unsigned NOT NULL COMMENT 'The entity id this data is attached to',
  `revision_id` int(10) unsigned NOT NULL COMMENT 'The entity revision id this data is attached to',
  `language` varchar(32) NOT NULL DEFAULT '' COMMENT 'The language for this data item.',
  `delta` int(10) unsigned NOT NULL COMMENT 'The sequence number for this data item, used for multi-value fields',
  `field_tags_tid` int(10) unsigned DEFAULT NULL,
  PRIMARY KEY (`entity_type`,`entity_id`,`revision_id`,`deleted`,`delta`,`language`),
  KEY `entity_type` (`entity_type`),
  KEY `bundle` (`bundle`),
  KEY `deleted` (`deleted`),
  KEY `entity_id` (`entity_id`),
  KEY `revision_id` (`revision_id`),
  KEY `language` (`language`),
  KEY `field_tags_tid` (`field_tags_tid`)
) ENGINE=InnoDB DEFAULT CHARSET=utf8 COMMENT='Revision archive storage for field 3 (field_tags)';


DROP TABLE IF EXISTS `prefixpinboard_field_revision_field_twitter`;
CREATE TABLE `prefixpinboard_field_revision_field_twitter` (
  `entity_type` varchar(128) NOT NULL DEFAULT '' COMMENT 'The entity type this data is attached to',
  `bundle` varchar(128) NOT NULL DEFAULT '' COMMENT 'The field instance bundle to which this row belongs, used when deleting a field instance',
  `deleted` tinyint(4) NOT NULL DEFAULT '0' COMMENT 'A boolean indicating whether this data item has been deleted',
  `entity_id` int(10) unsigned NOT NULL COMMENT 'The entity id this data is attached to',
  `revision_id` int(10) unsigned NOT NULL COMMENT 'The entity revision id this data is attached to',
  `language` varchar(32) NOT NULL DEFAULT '' COMMENT 'The language for this data item.',
  `delta` int(10) unsigned NOT NULL COMMENT 'The sequence number for this data item, used for multi-value fields',
  `field_twitter_value` varchar(255) DEFAULT NULL,
  `field_twitter_format` varchar(255) DEFAULT NULL,
  PRIMARY KEY (`entity_type`,`entity_id`,`revision_id`,`deleted`,`delta`,`language`),
  KEY `entity_type` (`entity_type`),
  KEY `bundle` (`bundle`),
  KEY `deleted` (`deleted`),
  KEY `entity_id` (`entity_id`),
  KEY `revision_id` (`revision_id`),
  KEY `language` (`language`),
  KEY `field_twitter_format` (`field_twitter_format`)
) ENGINE=InnoDB DEFAULT CHARSET=utf8 COMMENT='Revision archive storage for field 10 (field_twitter)';

INSERT INTO `prefixpinboard_field_revision_field_twitter` (`entity_type`, `bundle`, `deleted`, `entity_id`, `revision_id`, `language`, `delta`, `field_twitter_value`, `field_twitter_format`) VALUES
('user', 'user', 0, 1, 1, 'und', 0, 'themesnap', NULL);

DROP TABLE IF EXISTS `prefixpinboard_field_revision_field_url`;
CREATE TABLE `prefixpinboard_field_revision_field_url` (
  `entity_type` varchar(128) NOT NULL DEFAULT '' COMMENT 'The entity type this data is attached to',
  `bundle` varchar(128) NOT NULL DEFAULT '' COMMENT 'The field instance bundle to which this row belongs, used when deleting a field instance',
  `deleted` tinyint(4) NOT NULL DEFAULT '0' COMMENT 'A boolean indicating whether this data item has been deleted',
  `entity_id` int(10) unsigned NOT NULL COMMENT 'The entity id this data is attached to',
  `revision_id` int(10) unsigned NOT NULL COMMENT 'The entity revision id this data is attached to',
  `language` varchar(32) NOT NULL DEFAULT '' COMMENT 'The language for this data item.',
  `delta` int(10) unsigned NOT NULL COMMENT 'The sequence number for this data item, used for multi-value fields',
  `field_url_value` varchar(1024) DEFAULT NULL,
  `field_url_format` varchar(255) DEFAULT NULL,
  PRIMARY KEY (`entity_type`,`entity_id`,`revision_id`,`deleted`,`delta`,`language`),
  KEY `entity_type` (`entity_type`),
  KEY `bundle` (`bundle`),
  KEY `deleted` (`deleted`),
  KEY `entity_id` (`entity_id`),
  KEY `revision_id` (`revision_id`),
  KEY `language` (`language`),
  KEY `field_url_format` (`field_url_format`)
) ENGINE=InnoDB DEFAULT CHARSET=utf8 COMMENT='Revision archive storage for field 5 (field_url)';

INSERT INTO `prefixpinboard_field_revision_field_url` (`entity_type`, `bundle`, `deleted`, `entity_id`, `revision_id`, `language`, `delta`, `field_url_value`, `field_url_format`) VALUES
('node', 'pin', 0, 2, 2, 'und', 0, 'http://themesnap.com', NULL),
('node', 'pin', 0, 5, 5, 'und', 0, 'http://themesnap.com', NULL),
('node', 'pin', 0, 6, 6, 'und', 0, 'http://themesnap.com', NULL),
('node', 'pin', 0, 7, 7, 'und', 0, 'http://themesnap.com', NULL),
('node', 'pin', 0, 8, 8, 'und', 0, 'http://themesnap.com', NULL),
('node', 'pin', 0, 9, 9, 'und', 0, 'http://themesnap.com', NULL),
('node', 'pin', 0, 10, 10, 'und', 0, 'http://themesnap.com', NULL),
('node', 'pin', 0, 11, 11, 'und', 0, 'http://themesnap.com', NULL),
('node', 'pin', 0, 13, 13, 'und', 0, 'http://themesnap.com', NULL),
('node', 'pin', 0, 14, 14, 'und', 0, 'http://themesnap.com', NULL),
('node', 'pin', 0, 15, 15, 'und', 0, 'http://themesnap.com', NULL),
('node', 'pin', 0, 16, 16, 'und', 0, 'http://themesnap.com', NULL),
('node', 'pin', 0, 17, 17, 'und', 0, 'http://themesnap.com', NULL),
('node', 'pin', 0, 22, 22, 'und', 0, 'http://themesnap.com', NULL),
('node', 'pin', 0, 24, 24, 'und', 0, 'http://themesnap.com', NULL),
('node', 'pin', 0, 30, 30, 'und', 0, 'http://themesnap.com', NULL),
('node', 'pin', 0, 34, 34, 'und', 0, 'http://ffffound.com/', NULL),
('node', 'pin', 0, 35, 35, 'und', 0, 'http://ffffound.com/', NULL),
('node', 'pin', 0, 40, 40, 'und', 0, 'http://www.sci-fi-o-rama.com/', NULL),
('node', 'pin', 0, 41, 41, 'und', 0, 'http://www.sci-fi-o-rama.com/page/2/', NULL),
('node', 'pin', 0, 42, 42, 'und', 0, 'http://www.flickr.com/photos/36574021@N03/6811065646/in/photostream', NULL),
('node', 'pin', 0, 43, 43, 'und', 0, 'http://www.sci-fi-o-rama.com/page/6/', NULL),
('node', 'pin', 0, 44, 44, 'und', 0, 'http://www.lookatme.ru/mag/art-design/art-and-design/156497-rabochee-mesto-kristina-shteynbreher-art-direktor-tsdh', NULL),
('node', 'pin', 0, 45, 45, 'und', 0, 'http://www.sci-fi-o-rama.com/page/8/', NULL),
('node', 'pin', 0, 46, 46, 'und', 0, 'http://www.sci-fi-o-rama.com/page/9/', NULL),
('node', 'pin', 0, 47, 47, 'und', 0, 'http://www.sci-fi-o-rama.com/page/10/', NULL),
('node', 'pin', 0, 48, 48, 'und', 0, 'http://www.sci-fi-o-rama.com/page/11/', NULL),
('node', 'pin', 0, 49, 49, 'und', 0, 'http://www.sci-fi-o-rama.com/page/11/', NULL),
('node', 'pin', 0, 50, 50, 'und', 0, 'http://www.sci-fi-o-rama.com/page/13/', NULL),
('node', 'pin', 0, 51, 51, 'und', 0, 'http://www.sci-fi-o-rama.com/page/13/', NULL),
('node', 'pin', 0, 52, 52, 'und', 0, 'http://www.sci-fi-o-rama.com/page/16/', NULL),
('node', 'pin', 0, 53, 53, 'und', 0, 'http://www.sci-fi-o-rama.com/page/16/', NULL),
('node', 'pin', 0, 54, 54, 'und', 0, 'http://www.apple.com/', NULL),
('node', 'pin', 0, 55, 55, 'und', 0, 'http://www.sci-fi-o-rama.com/page/18/', NULL),
('node', 'pin', 0, 56, 56, 'und', 0, 'http://www.apple.com/ipodtouch/features/', NULL),
('node', 'pin', 0, 57, 57, 'und', 0, 'http://www.apple.com/macbookpro/', NULL),
('node', 'pin', 0, 58, 58, 'und', 0, 'http://www.apple.com/macbookpro/', NULL),
('node', 'pin', 0, 66, 66, 'und', 0, 'http://www.sci-fi-o-rama.com/page/2/', NULL),
('node', 'pin', 0, 68, 68, 'und', 0, 'http://www.sci-fi-o-rama.com/page/2/', NULL),
('node', 'pin', 0, 73, 73, 'und', 0, 'http://www.youtube.com/watch?v=0cay2dnuhcs&feature=g-logo&context=G2162cb5FOAAAAAAABAA', NULL),
('node', 'pin', 0, 74, 74, 'und', 0, 'http://vimeo.com/198363', NULL),
('node', 'pin', 0, 99, 99, 'und', 0, 'http://www.fengoffice.com/web/index.php?lang=en', NULL),
('node', 'pin', 0, 110, 110, 'und', 0, 'http://themesnap.com', NULL);

DROP TABLE IF EXISTS `prefixpinboard_file_managed`;
CREATE TABLE `prefixpinboard_file_managed` (
  `fid` int(10) unsigned NOT NULL AUTO_INCREMENT COMMENT 'File ID.',
  `uid` int(10) unsigned NOT NULL DEFAULT '0' COMMENT 'The prefixpinboard_users.uid of the user who is associated with the file.',
  `filename` varchar(255) CHARACTER SET utf8 COLLATE utf8_bin NOT NULL DEFAULT '' COMMENT 'Name of the file with no path components. This may differ from the basename of the URI if the file is renamed to avoid overwriting an existing file.',
  `uri` varchar(255) CHARACTER SET utf8 COLLATE utf8_bin NOT NULL DEFAULT '' COMMENT 'The URI to access the file (either local or remote).',
  `filemime` varchar(255) NOT NULL DEFAULT '' COMMENT 'The file’s MIME type.',
  `filesize` int(10) unsigned NOT NULL DEFAULT '0' COMMENT 'The size of the file in bytes.',
  `status` tinyint(4) NOT NULL DEFAULT '0' COMMENT 'A field indicating the status of the file. Two status are defined in core: temporary (0) and permanent (1). Temporary files older than DRUPAL_MAXIMUM_TEMP_FILE_AGE will be removed during a cron run.',
  `timestamp` int(10) unsigned NOT NULL DEFAULT '0' COMMENT 'UNIX timestamp for when the file was added.',
  PRIMARY KEY (`fid`),
  UNIQUE KEY `uri` (`uri`),
  KEY `uid` (`uid`),
  KEY `status` (`status`),
  KEY `timestamp` (`timestamp`)
) ENGINE=InnoDB  DEFAULT CHARSET=utf8 COMMENT='Stores information for uploaded files.' AUTO_INCREMENT=132 ;

INSERT INTO `prefixpinboard_file_managed` (`fid`, `uid`, `filename`, `uri`, `filemime`, `filesize`, `status`, `timestamp`) VALUES
(1, 1, '006.jpg', 'public://field/image/006.jpg', 'image/jpeg', 173833, 1, 1331234307),
(2, 1, '008.jpg', 'public://field/image/008.jpg', 'image/jpeg', 165166, 1, 1331234353),
(3, 1, '009.jpg', 'public://field/image/009.jpg', 'image/jpeg', 168501, 1, 1331234559),
(4, 1, '011.jpg', 'public://field/image/011.jpg', 'image/jpeg', 125059, 1, 1331234618),
(5, 1, '012.jpg', 'public://field/image/012.jpg', 'image/jpeg', 205233, 1, 1331544459),
(6, 1, '016.jpg', 'public://field/image/016.jpg', 'image/jpeg', 253512, 1, 1331547908),
(7, 1, '061.jpg', 'public://field/image/061.jpg', 'image/jpeg', 136014, 1, 1331548761),
(8, 1, '060.jpg', 'public://field/image/060.jpg', 'image/jpeg', 201135, 1, 1331548961),
(9, 1, '059.jpg', 'public://field/image/059.jpg', 'image/jpeg', 140120, 1, 1331549017),
(10, 1, '058.jpg', 'public://field/image/058.jpg', 'image/jpeg', 121231, 1, 1331549727),
(11, 1, '030.jpg', 'public://field/image/030.jpg', 'image/jpeg', 163262, 1, 1331656290),
(12, 1, '019.jpg', 'public://field/image/019.jpg', 'image/jpeg', 159183, 1, 1331665878),
(13, 1, '016.jpg', 'public://field/image/016_0.jpg', 'image/jpeg', 253512, 1, 1331671755),
(22, 1, '042.jpg', 'public://field/image/042_3.jpg', 'image/jpeg', 167339, 1, 1331675915),
(23, 1, '040.jpg', 'public://field/image/040.jpg', 'image/jpeg', 82202, 1, 1331675972),
(24, 1, '021.jpg', 'public://field/image/021.jpg', 'image/jpeg', 143000, 1, 1331676533),
(25, 1, 'picture-1-1331715129.jpg', 'public://pictures/picture-1-1331715129.jpg', 'image/jpeg', 3002, 1, 1331715129),
(26, 1, '037.jpg', 'public://field/image/037.jpg', 'image/jpeg', 138840, 1, 1331765910),
(27, 1, '8856c316d6187a34b57472efce55a31e291e4a1e_m.jpg', 'public://field/image/8856c316d6187a34b57472efce55a31e291e4a1e_m.jpg', 'image/jpeg', 51396, 1, 1332164630),
(28, 1, '9ddd3fb7944b3f46db1c42001c9a851ed593c970_m.jpg', 'public://field/image/9ddd3fb7944b3f46db1c42001c9a851ed593c970_m.jpg', 'image/jpeg', 36945, 1, 1332164676),
(30, 1, 'screenshot.png', 'public://field/image/screenshot.png', 'image/png', 136787, 1, 1332166000),
(32, 1, 'picture-2-1332171769.jpg', 'public://pictures/picture-2-1332171769.jpg', 'image/jpeg', 116891, 1, 1332171769),
(33, 1, '15039_sky_clouds.jpg', 'public://field/image/15039_sky_clouds.jpg', 'image/jpeg', 431994, 1, 1332684409),
(34, 1, 'horizon-platinum-white-1.jpg', 'public://field/image/horizon-platinum-white-1.jpg', 'image/jpeg', 52633, 1, 1332690888),
(35, 1, 'SciFiORama_on_Android.jpg', 'public://field/image/SciFiORama_on_Android.jpg', 'image/jpeg', 86187, 1, 1332690966),
(36, 1, 'silencetv_5.jpg', 'public://field/image/silencetv_5.jpg', 'image/jpeg', 277076, 1, 1332691040),
(37, 1, '6811065646_19cf9df60c_z.jpg', 'public://field/image/6811065646_19cf9df60c_z.jpg', 'image/jpeg', 131535, 1, 1332691247),
(38, 1, 'Mondo_ESBBlog.jpg', 'public://field/image/Mondo_ESBBlog.jpg', 'image/jpeg', 843026, 1, 1332691445),
(39, 1, 'article_image-image-article.b52c3e17-e8ea-4022-9b22-880b00209099.jpg', 'public://field/image/article_image-image-article.b52c3e17-e8ea-4022-9b22-880b00209099.jpg', 'image/jpeg', 95194, 1, 1332691719),
(40, 1, 'Knight_Attire_03.jpg', 'public://field/image/Knight_Attire_03.jpg', 'image/jpeg', 106775, 1, 1332691795),
(41, 1, 'Neil_Krug_Sing.jpg', 'public://field/image/Neil_Krug_Sing.jpg', 'image/jpeg', 151782, 1, 1332691834),
(42, 1, 'Dan_McPharlin_Spilling_Over_Every_Side.png', 'public://field/image/Dan_McPharlin_Spilling_Over_Every_Side.png', 'image/png', 174116, 1, 1332691873),
(43, 1, 'barnaby_ward_illustration_05.png', 'public://field/image/barnaby_ward_illustration_05.png', 'image/png', 102369, 1, 1332691903),
(44, 1, 'barnaby_ward_illustration_01.png', 'public://field/image/barnaby_ward_illustration_01.png', 'image/png', 110134, 1, 1332691943),
(45, 1, 'x15.jpg', 'public://field/image/x15.jpg', 'image/jpeg', 155890, 1, 1332692009),
(46, 1, 'destruction_of_neo_tokyo_03.png', 'public://field/image/destruction_of_neo_tokyo_03.png', 'image/png', 268525, 1, 1332692030),
(47, 1, 'Frank_Frazetta_The_Silver_Warrior1.jpg', 'public://field/image/Frank_Frazetta_The_Silver_Warrior1.jpg', 'image/jpeg', 179534, 1, 1332692211),
(48, 1, 'the_world_of_the_dark_crystal_06.jpg', 'public://field/image/the_world_of_the_dark_crystal_06.jpg', 'image/jpeg', 190583, 1, 1332692221),
(49, 1, 'ipad_hero.jpg', 'public://field/image/ipad_hero.jpg', 'image/jpeg', 113364, 1, 1332692392),
(50, 1, 'Dan_Mcpharlin_Making_Up_A_Changing_Mind.jpg', 'public://field/image/Dan_Mcpharlin_Making_Up_A_Changing_Mind.jpg', 'image/jpeg', 175368, 1, 1332692452),
(51, 1, 'features_voicecontrol.png', 'public://field/image/features_voicecontrol.png', 'image/png', 123497, 1, 1332692591),
(52, 1, 'overview_hero20110811.png', 'public://field/image/overview_hero20110811.png', 'image/png', 363435, 1, 1332692617),
(53, 1, 'overview_gallery2_20111024.png#gallery3', 'public://field/image/overview_gallery2_20111024.pnggallery3', 'application/octet-stream', 452333, 1, 1332692718),
(55, 1, 'sport_kstrim_7181.jpg', 'public://field/image/sport_kstrim_7181.jpg', 'image/jpeg', 672821, 1, 1332692888),
(56, 1, 'sport-9-800.jpg', 'public://field/image/sport-9-800.jpg', 'image/jpeg', 99747, 1, 1332692953),
(57, 1, '%D1%81%D0%BF%D0%BE%D1%80%D1%823.jpg', 'public://field/image/d181d0bfd0bed180d1823.jpg', 'image/jpeg', 118482, 1, 1332692968),
(58, 1, 'sport-6.jpg', 'public://field/image/sport-6.jpg', 'image/jpeg', 176376, 1, 1332693066),
(59, 1, '2014_1000.jpg', 'public://field/image/2014_1000.jpg', 'image/jpeg', 114334, 1, 1332693192),
(62, 1, 'silencetv_6.jpg', 'public://field/image/silencetv_6.jpg', 'image/jpeg', 197869, 1, 1332693574),
(63, 1, 'silencetv_2.jpg', 'public://field/image/silencetv_2.jpg', 'image/jpeg', 218338, 1, 1332693584),
(64, 1, 'silencetv_1.jpg', 'public://field/image/silencetv_1.jpg', 'image/jpeg', 153417, 1, 1332693610),
(68, 3, 'picture-3-1333705342.jpg', 'public://pictures/picture-3-1333705342.jpg', 'image/jpeg', 96255, 1, 1333705342),
(69, 1, 'jFiDeufhxSY.jpg', 'public://video_embed_field_thumbnails/youtube/jFiDeufhxSY.jpg', 'image/jpeg', 33443, 1, 1333706671),
(71, 1, 'U4qK2gvHC1E.jpg', 'public://video_embed_field_thumbnails/youtube/U4qK2gvHC1E.jpg', 'image/jpeg', 35205, 1, 1333724693),
(78, 1, '0cay2dnuhcs.jpg', 'public://video_embed_field_thumbnails/youtube/0cay2dnuhcs.jpg', 'image/jpeg', 7584, 1, 1333736777),
(81, 1, '198363.jpg', 'public://video_embed_field_thumbnails/vimeo/198363.jpg', 'image/jpeg', 24744, 1, 1333739751),
(82, 1, '1290779564_water_under_the_bridge_by_vaggelisf-d32febj.jpg', 'public://field/image/1290779564_water_under_the_bridge_by_vaggelisf-d32febj.jpg', 'image/jpeg', 191640, 1, 1335201636),
(107, 1, '1290779558_walbrzych_ogrodowa_by_p19-d32qm7o.jpg', 'public://field/image/1290779558_walbrzych_ogrodowa_by_p19-d32qm7o.jpg', 'image/jpeg', 98564, 1, 1335475687),
(111, 1, '1265268840_21.jpg', 'public://field/image/1265268840_21.jpg', 'image/jpeg', 83075, 1, 1335535121),
(115, 1, 'y432iwEl_Z4.jpg', 'public://video_embed_field_thumbnails/youtube/y432iwEl_Z4.jpg', 'image/jpeg', 13635, 1, 1335698709),
(119, 1, '1265268811_6.jpeg', 'public://field/image/1265268811_6.jpeg', 'image/jpeg', 114777, 1, 1335812426),
(120, 1, '1290779583_hdr-in-the-rain-by-mitch41.jpg', 'public://field/image/1290779583_hdr-in-the-rain-by-mitch41.jpg', 'image/jpeg', 77629, 1, 1335814183),
(128, 1, 'f2x-riRKapE.jpg', 'public://video_embed_field_thumbnails/youtube/f2x-riRKapE.jpg', 'image/jpeg', 11730, 1, 1336687512),
(129, 1, '0g9poWKKpbU.jpg', 'public://video_embed_field_thumbnails/youtube/0g9poWKKpbU.jpg', 'image/jpeg', 42673, 1, 1336687669),
(130, 1, '4zjXr6Qnpcw.jpg', 'public://video_embed_field_thumbnails/youtube/4zjXr6Qnpcw.jpg', 'image/jpeg', 17636, 1, 1336724544),
(131, 1, '006.jpg', 'public://field/image/006_0.jpg', 'image/jpeg', 171592, 1, 1338986386);

DROP TABLE IF EXISTS `prefixpinboard_file_usage`;
CREATE TABLE `prefixpinboard_file_usage` (
  `fid` int(10) unsigned NOT NULL COMMENT 'File ID.',
  `module` varchar(255) NOT NULL DEFAULT '' COMMENT 'The name of the module that is using the file.',
  `type` varchar(64) NOT NULL DEFAULT '' COMMENT 'The name of the object type in which the file is used.',
  `id` int(10) unsigned NOT NULL DEFAULT '0' COMMENT 'The primary key of the object using the file.',
  `count` int(10) unsigned NOT NULL DEFAULT '0' COMMENT 'The number of times this file is used by this object.',
  PRIMARY KEY (`fid`,`type`,`id`,`module`),
  KEY `type_id` (`type`,`id`),
  KEY `fid_count` (`fid`,`count`),
  KEY `fid_module` (`fid`,`module`)
) ENGINE=InnoDB DEFAULT CHARSET=utf8 COMMENT='Track where a file is used.';

INSERT INTO `prefixpinboard_file_usage` (`fid`, `module`, `type`, `id`, `count`) VALUES
(1, 'file', 'node', 2, 1),
(2, 'file', 'node', 3, 1),
(2, 'file', 'node', 20, 1),
(3, 'file', 'node', 4, 1),
(4, 'file', 'node', 5, 1),
(5, 'file', 'node', 6, 1),
(6, 'file', 'node', 7, 1),
(6, 'file', 'node', 17, 1),
(7, 'file', 'node', 8, 1),
(7, 'file', 'node', 15, 1),
(8, 'file', 'node', 9, 1),
(8, 'file', 'node', 16, 1),
(8, 'file', 'node', 24, 1),
(9, 'file', 'node', 13, 1),
(10, 'file', 'node', 11, 1),
(10, 'file', 'node', 22, 1),
(11, 'file', 'node', 10, 1),
(12, 'file', 'node', 21, 1),
(13, 'file', 'node', 23, 1),
(22, 'file', 'node', 25, 1),
(22, 'file', 'node', 31, 1),
(22, 'file', 'node', 111, 1),
(23, 'file', 'node', 26, 1),
(24, 'file', 'node', 29, 1),
(25, 'user', 'user', 1, 1),
(26, 'file', 'node', 30, 1),
(26, 'file', 'node', 110, 1),
(27, 'file', 'node', 34, 1),
(28, 'file', 'node', 35, 1),
(30, 'file', 'node', 99, 1),
(32, 'user', 'user', 2, 1),
(33, 'file', 'node', 37, 1),
(33, 'file', 'node', 38, 1),
(34, 'file', 'node', 39, 1),
(35, 'file', 'node', 40, 1),
(36, 'file', 'node', 41, 1),
(37, 'file', 'node', 42, 1),
(38, 'file', 'node', 43, 1),
(39, 'file', 'node', 44, 1),
(40, 'file', 'node', 45, 1),
(41, 'file', 'node', 46, 1),
(42, 'file', 'node', 47, 1),
(43, 'file', 'node', 48, 1),
(44, 'file', 'node', 49, 1),
(45, 'file', 'node', 50, 1),
(46, 'file', 'node', 51, 1),
(47, 'file', 'node', 52, 1),
(48, 'file', 'node', 53, 1),
(49, 'file', 'node', 54, 1),
(50, 'file', 'node', 55, 1),
(51, 'file', 'node', 56, 1),
(52, 'file', 'node', 57, 1),
(53, 'file', 'node', 58, 1),
(55, 'file', 'node', 59, 1),
(55, 'file', 'node', 107, 1),
(56, 'file', 'node', 60, 1),
(57, 'file', 'node', 61, 1),
(57, 'file', 'node', 108, 1),
(58, 'file', 'node', 62, 1),
(59, 'file', 'node', 63, 1),
(62, 'file', 'node', 66, 1),
(63, 'file', 'node', 67, 1),
(64, 'file', 'node', 68, 1),
(68, 'user', 'user', 3, 1),
(82, 'file', 'node', 77, 1),
(82, 'file', 'node', 109, 1),
(107, 'file', 'node', 103, 1),
(111, 'file', 'node', 114, 1),
(119, 'file', 'node', 127, 1),
(120, 'file', 'node', 128, 1),
(131, 'file', 'node', 14, 1);

DROP TABLE IF EXISTS `prefixpinboard_filter`;
CREATE TABLE `prefixpinboard_filter` (
  `format` varchar(255) NOT NULL COMMENT 'Foreign key: The prefixpinboard_filter_format.format to which this filter is assigned.',
  `module` varchar(64) NOT NULL DEFAULT '' COMMENT 'The origin module of the filter.',
  `name` varchar(32) NOT NULL DEFAULT '' COMMENT 'Name of the filter being referenced.',
  `weight` int(11) NOT NULL DEFAULT '0' COMMENT 'Weight of filter within format.',
  `status` int(11) NOT NULL DEFAULT '0' COMMENT 'Filter enabled status. (1 = enabled, 0 = disabled)',
  `settings` longblob COMMENT 'A serialized array of name value pairs that store the filter settings for the specific format.',
  PRIMARY KEY (`format`,`name`),
  KEY `list` (`weight`,`module`,`name`)
) ENGINE=InnoDB DEFAULT CHARSET=utf8 COMMENT='Table that maps filters (HTML corrector) to text formats ...';

INSERT INTO `prefixpinboard_filter` (`format`, `module`, `name`, `weight`, `status`, `settings`) VALUES
('filtered_html', 'filter', 'filter_autop', 2, 1, 0x613a303a7b7d),
('filtered_html', 'filter', 'filter_html', 1, 1, 0x613a333a7b733a31323a22616c6c6f7765645f68746d6c223b733a37343a223c613e203c656d3e203c7374726f6e673e203c636974653e203c626c6f636b71756f74653e203c636f64653e203c756c3e203c6f6c3e203c6c693e203c646c3e203c64743e203c64643e223b733a31363a2266696c7465725f68746d6c5f68656c70223b693a313b733a32303a2266696c7465725f68746d6c5f6e6f666f6c6c6f77223b693a303b7d),
('filtered_html', 'filter', 'filter_htmlcorrector', 10, 1, 0x613a303a7b7d),
('filtered_html', 'filter', 'filter_html_escape', 10, 0, 0x613a303a7b7d),
('filtered_html', 'filter', 'filter_url', 0, 1, 0x613a313a7b733a31373a2266696c7465725f75726c5f6c656e677468223b733a323a223238223b7d),
('filtered_html', 'php', 'php_code', 0, 0, 0x613a303a7b7d),
('full_html', 'filter', 'filter_autop', 1, 1, 0x613a303a7b7d),
('full_html', 'filter', 'filter_html', 10, 0, 0x613a333a7b733a31323a22616c6c6f7765645f68746d6c223b733a37343a223c613e203c656d3e203c7374726f6e673e203c636974653e203c626c6f636b71756f74653e203c636f64653e203c756c3e203c6f6c3e203c6c693e203c646c3e203c64743e203c64643e223b733a31363a2266696c7465725f68746d6c5f68656c70223b693a313b733a32303a2266696c7465725f68746d6c5f6e6f666f6c6c6f77223b693a303b7d),
('full_html', 'filter', 'filter_htmlcorrector', 10, 1, 0x613a303a7b7d),
('full_html', 'filter', 'filter_html_escape', 10, 0, 0x613a303a7b7d),
('full_html', 'filter', 'filter_url', 0, 1, 0x613a313a7b733a31373a2266696c7465725f75726c5f6c656e677468223b693a37323b7d),
('php_code', 'filter', 'filter_autop', 10, 0, 0x613a303a7b7d),
('php_code', 'filter', 'filter_html', 10, 0, 0x613a333a7b733a31323a22616c6c6f7765645f68746d6c223b733a37343a223c613e203c656d3e203c7374726f6e673e203c636974653e203c626c6f636b71756f74653e203c636f64653e203c756c3e203c6f6c3e203c6c693e203c646c3e203c64743e203c64643e223b733a31363a2266696c7465725f68746d6c5f68656c70223b693a313b733a32303a2266696c7465725f68746d6c5f6e6f666f6c6c6f77223b693a303b7d),
('php_code', 'filter', 'filter_htmlcorrector', 10, 0, 0x613a303a7b7d),
('php_code', 'filter', 'filter_html_escape', 10, 0, 0x613a303a7b7d),
('php_code', 'filter', 'filter_url', 10, 0, 0x613a313a7b733a31373a2266696c7465725f75726c5f6c656e677468223b693a37323b7d),
('php_code', 'php', 'php_code', 0, 1, 0x613a303a7b7d),
('plain_text', 'filter', 'filter_autop', 2, 1, 0x613a303a7b7d),
('plain_text', 'filter', 'filter_html', 10, 0, 0x613a333a7b733a31323a22616c6c6f7765645f68746d6c223b733a37343a223c613e203c656d3e203c7374726f6e673e203c636974653e203c626c6f636b71756f74653e203c636f64653e203c756c3e203c6f6c3e203c6c693e203c646c3e203c64743e203c64643e223b733a31363a2266696c7465725f68746d6c5f68656c70223b693a313b733a32303a2266696c7465725f68746d6c5f6e6f666f6c6c6f77223b693a303b7d),
('plain_text', 'filter', 'filter_htmlcorrector', 10, 0, 0x613a303a7b7d),
('plain_text', 'filter', 'filter_html_escape', 0, 1, 0x613a303a7b7d),
('plain_text', 'filter', 'filter_url', 1, 1, 0x613a313a7b733a31373a2266696c7465725f75726c5f6c656e677468223b693a37323b7d);

DROP TABLE IF EXISTS `prefixpinboard_filter_format`;
CREATE TABLE `prefixpinboard_filter_format` (
  `format` varchar(255) NOT NULL COMMENT 'Primary Key: Unique machine name of the format.',
  `name` varchar(255) NOT NULL DEFAULT '' COMMENT 'Name of the text format (Filtered HTML).',
  `cache` tinyint(4) NOT NULL DEFAULT '0' COMMENT 'Flag to indicate whether format is cacheable. (1 = cacheable, 0 = not cacheable)',
  `status` tinyint(3) unsigned NOT NULL DEFAULT '1' COMMENT 'The status of the text format. (1 = enabled, 0 = disabled)',
  `weight` int(11) NOT NULL DEFAULT '0' COMMENT 'Weight of text format to use when listing.',
  PRIMARY KEY (`format`),
  UNIQUE KEY `name` (`name`),
  KEY `status_weight` (`status`,`weight`)
) ENGINE=InnoDB DEFAULT CHARSET=utf8 COMMENT='Stores text formats: custom groupings of filters, such as...';

INSERT INTO `prefixpinboard_filter_format` (`format`, `name`, `cache`, `status`, `weight`) VALUES
('filtered_html', 'Filtered HTML', 1, 1, 0),
('full_html', 'Full HTML', 1, 1, 1),
('php_code', 'PHP code', 0, 1, 11),
('plain_text', 'Plain text', 1, 1, 10);

DROP TABLE IF EXISTS `prefixpinboard_flood`;
CREATE TABLE `prefixpinboard_flood` (
  `fid` int(11) NOT NULL AUTO_INCREMENT COMMENT 'Unique flood event ID.',
  `event` varchar(64) NOT NULL DEFAULT '' COMMENT 'Name of event (e.g. contact).',
  `identifier` varchar(128) NOT NULL DEFAULT '' COMMENT 'Identifier of the visitor, such as an IP address or hostname.',
  `timestamp` int(11) NOT NULL DEFAULT '0' COMMENT 'Timestamp of the event.',
  `expiration` int(11) NOT NULL DEFAULT '0' COMMENT 'Expiration timestamp. Expired events are purged on cron run.',
  PRIMARY KEY (`fid`),
  KEY `allow` (`event`,`identifier`,`timestamp`),
  KEY `purge` (`expiration`)
) ENGINE=InnoDB DEFAULT CHARSET=utf8 COMMENT='Flood controls the threshold of events, such as the...' AUTO_INCREMENT=1 ;


DROP TABLE IF EXISTS `prefixpinboard_history`;
CREATE TABLE `prefixpinboard_history` (
  `uid` int(11) NOT NULL DEFAULT '0' COMMENT 'The prefixpinboard_users.uid that read the prefixpinboard_node nid.',
  `nid` int(11) NOT NULL DEFAULT '0' COMMENT 'The prefixpinboard_node.nid that was read.',
  `timestamp` int(11) NOT NULL DEFAULT '0' COMMENT 'The Unix timestamp at which the read occurred.',
  PRIMARY KEY (`uid`,`nid`),
  KEY `nid` (`nid`)
) ENGINE=InnoDB DEFAULT CHARSET=utf8 COMMENT='A record of which prefixpinboard_users have read which...';

INSERT INTO `prefixpinboard_history` (`uid`, `nid`, `timestamp`) VALUES
(1, 1, 1338822580),
(1, 2, 1337946112),
(1, 14, 1338989169),
(1, 25, 1339585709),
(1, 29, 1337891117),
(1, 30, 1337892066),
(1, 34, 1338988034),
(1, 35, 1340010140),
(1, 37, 1337946096),
(1, 38, 1337946093),
(1, 39, 1340010196),
(1, 40, 1340010200),
(1, 41, 1340010214),
(1, 43, 1340010228),
(1, 45, 1340010238),
(1, 49, 1340010249),
(1, 50, 1340010244),
(1, 66, 1338822558),
(1, 67, 1340010285),
(1, 68, 1338822574),
(1, 71, 1340009669),
(1, 73, 1339163993),
(1, 74, 1338986292),
(1, 76, 1338822600),
(1, 77, 1339019805),
(1, 99, 1340011430),
(1, 103, 1338887639),
(1, 107, 1339017874),
(1, 108, 1340009664),
(1, 109, 1340020045),
(1, 110, 1340017917),
(1, 111, 1340110700),
(1, 114, 1340009657),
(1, 127, 1339053903),
(1, 128, 1338820835);

DROP TABLE IF EXISTS `prefixpinboard_image_effects`;
CREATE TABLE `prefixpinboard_image_effects` (
  `ieid` int(10) unsigned NOT NULL AUTO_INCREMENT COMMENT 'The primary identifier for an image effect.',
  `isid` int(10) unsigned NOT NULL DEFAULT '0' COMMENT 'The prefixpinboard_image_styles.isid for an image style.',
  `weight` int(11) NOT NULL DEFAULT '0' COMMENT 'The weight of the effect in the style.',
  `name` varchar(255) NOT NULL COMMENT 'The unique name of the effect to be executed.',
  `data` longblob NOT NULL COMMENT 'The configuration data for the effect.',
  PRIMARY KEY (`ieid`),
  KEY `isid` (`isid`),
  KEY `weight` (`weight`)
) ENGINE=InnoDB  DEFAULT CHARSET=utf8 COMMENT='Stores configuration options for image effects.' AUTO_INCREMENT=7 ;

INSERT INTO `prefixpinboard_image_effects` (`ieid`, `isid`, `weight`, `name`, `data`) VALUES
(1, 1, 1, 'image_scale', 0x613a333a7b733a353a227769647468223b733a333a22363030223b733a363a22686569676874223b733a303a22223b733a373a2275707363616c65223b693a303b7d),
(2, 2, 1, 'image_scale', 0x613a333a7b733a353a227769647468223b733a333a22313932223b733a363a22686569676874223b733a303a22223b733a373a2275707363616c65223b693a303b7d),
(3, 3, 1, 'image_scale_and_crop', 0x613a323a7b733a353a227769647468223b733a323a223530223b733a363a22686569676874223b733a323a223530223b7d),
(4, 4, 1, 'image_scale_and_crop', 0x613a323a7b733a353a227769647468223b733a323a223530223b733a363a22686569676874223b733a323a223530223b7d),
(5, 5, 1, 'image_scale', 0x613a333a7b733a353a227769647468223b733a333a22313932223b733a363a22686569676874223b733a303a22223b733a373a2275707363616c65223b693a313b7d),
(6, 6, 1, 'image_scale_and_crop', 0x613a323a7b733a353a227769647468223b733a323a223631223b733a363a22686569676874223b733a323a223631223b7d);

DROP TABLE IF EXISTS `prefixpinboard_image_styles`;
CREATE TABLE `prefixpinboard_image_styles` (
  `isid` int(10) unsigned NOT NULL AUTO_INCREMENT COMMENT 'The primary identifier for an image style.',
  `name` varchar(255) NOT NULL COMMENT 'The style name.',
  PRIMARY KEY (`isid`),
  UNIQUE KEY `name` (`name`)
) ENGINE=InnoDB  DEFAULT CHARSET=utf8 COMMENT='Stores configuration options for image styles.' AUTO_INCREMENT=7 ;

INSERT INTO `prefixpinboard_image_styles` (`isid`, `name`) VALUES
(1, 'pin_page'),
(2, 'pin_teaser'),
(4, 'pin_tmb_1'),
(6, 'pin_tmb_2'),
(3, 'user_picture'),
(5, 'user_picture_big');

DROP TABLE IF EXISTS `prefixpinboard_invite`;
CREATE TABLE `prefixpinboard_invite` (
  `iid` int(10) unsigned NOT NULL AUTO_INCREMENT COMMENT 'The primary identifier for a invite.',
  `reg_code` varchar(8) NOT NULL DEFAULT '' COMMENT 'Stores the issued registration code and acts as primary identifier for a invite.',
  `email` varchar(100) NOT NULL DEFAULT '' COMMENT 'Stores the e-mail the invite has been addressed to.',
  `uid` int(11) NOT NULL DEFAULT '0' COMMENT 'Stores the user id of the inviter.',
  `invitee` int(11) NOT NULL DEFAULT '0' COMMENT 'Stores the user id of the invitee upon registration.',
  `created` int(11) NOT NULL DEFAULT '0' COMMENT 'Stores the creation time of the invite.',
  `expiry` int(11) NOT NULL DEFAULT '0' COMMENT 'Stores the expiry time of the invite.',
  `joined` int(11) NOT NULL DEFAULT '0' COMMENT 'Will be filled with the time the invite was accepted upon registration.',
  `canceled` tinyint(4) NOT NULL DEFAULT '0' COMMENT 'Stores whether the invite has been withdrawn.',
  `resent` tinyint(4) NOT NULL DEFAULT '0' COMMENT 'Stores how many times the invite has been resent.',
  `data` text NOT NULL COMMENT 'Stores auxiliary data.',
  PRIMARY KEY (`iid`),
  UNIQUE KEY `reg_code` (`reg_code`),
  KEY `email` (`email`),
  KEY `uid` (`uid`)
) ENGINE=InnoDB DEFAULT CHARSET=utf8 COMMENT='The base table for invites.' AUTO_INCREMENT=1 ;


DROP TABLE IF EXISTS `prefixpinboard_invite_notifications`;
CREATE TABLE `prefixpinboard_invite_notifications` (
  `uid` int(11) NOT NULL DEFAULT '0' COMMENT 'Stores the user id to be notified (inviter).',
  `invitee` int(11) NOT NULL DEFAULT '0' COMMENT 'Stores the user id of the invitee.',
  UNIQUE KEY `uid_invitee` (`uid`,`invitee`)
) ENGINE=InnoDB DEFAULT CHARSET=utf8 COMMENT='Stores notifications of inviters.';


DROP TABLE IF EXISTS `prefixpinboard_languages`;
CREATE TABLE `prefixpinboard_languages` (
  `language` varchar(12) NOT NULL DEFAULT '' COMMENT 'Language code, e.g. ’de’ or ’en-US’.',
  `name` varchar(64) NOT NULL DEFAULT '' COMMENT 'Language name in English.',
  `native` varchar(64) NOT NULL DEFAULT '' COMMENT 'Native language name.',
  `direction` int(11) NOT NULL DEFAULT '0' COMMENT 'Direction of language (Left-to-Right = 0, Right-to-Left = 1).',
  `enabled` int(11) NOT NULL DEFAULT '0' COMMENT 'Enabled flag (1 = Enabled, 0 = Disabled).',
  `plurals` int(11) NOT NULL DEFAULT '0' COMMENT 'Number of plural indexes in this language.',
  `formula` varchar(128) NOT NULL DEFAULT '' COMMENT 'Plural formula in PHP code to evaluate to get plural indexes.',
  `domain` varchar(128) NOT NULL DEFAULT '' COMMENT 'Domain to use for this language.',
  `prefix` varchar(128) NOT NULL DEFAULT '' COMMENT 'Path prefix to use for this language.',
  `weight` int(11) NOT NULL DEFAULT '0' COMMENT 'Weight, used in lists of languages.',
  `javascript` varchar(64) NOT NULL DEFAULT '' COMMENT 'Location of JavaScript translation file.',
  PRIMARY KEY (`language`),
  KEY `list` (`weight`,`name`)
) ENGINE=InnoDB DEFAULT CHARSET=utf8 COMMENT='List of all available languages in the system.';

INSERT INTO `prefixpinboard_languages` (`language`, `name`, `native`, `direction`, `enabled`, `plurals`, `formula`, `domain`, `prefix`, `weight`, `javascript`) VALUES
('ar', 'Arabic', 'العربية', 1, 1, 0, '', '', 'ar', 0, ''),
('en', 'English', 'English', 0, 1, 0, '', '', 'en', 0, '');

DROP TABLE IF EXISTS `prefixpinboard_locales_source`;
CREATE TABLE `prefixpinboard_locales_source` (
  `lid` int(11) NOT NULL AUTO_INCREMENT COMMENT 'Unique identifier of this string.',
  `location` longtext COMMENT 'Drupal path in case of online discovered translations or file path in case of imported strings.',
  `textgroup` varchar(255) NOT NULL DEFAULT 'default' COMMENT 'A module defined group of translations, see hook_locale().',
  `source` blob NOT NULL COMMENT 'The original string in English.',
  `context` varchar(255) NOT NULL DEFAULT '' COMMENT 'The context this string applies to.',
  `version` varchar(20) NOT NULL DEFAULT 'none' COMMENT 'Version of Drupal, where the string was last used (for locales optimization).',
  PRIMARY KEY (`lid`),
  KEY `source_context` (`source`(30),`context`)
) ENGINE=InnoDB  DEFAULT CHARSET=utf8 COMMENT='List of English source strings.' AUTO_INCREMENT=1803 ;

INSERT INTO `prefixpinboard_locales_source` (`lid`, `location`, `textgroup`, `source`, `context`, `version`) VALUES
(1, 'misc/drupal.js', 'default', 0x416e20414a41582048545450206572726f72206f636375727265642e, '', 'none'),
(2, 'misc/drupal.js', 'default', 0x4854545020526573756c7420436f64653a2021737461747573, '', 'none'),
(3, 'misc/drupal.js', 'default', 0x416e20414a415820485454502072657175657374207465726d696e617465642061626e6f726d616c6c792e, '', 'none'),
(4, 'misc/drupal.js', 'default', 0x446562756767696e6720696e666f726d6174696f6e20666f6c6c6f77732e, '', 'none'),
(5, 'misc/drupal.js', 'default', 0x506174683a2021757269, '', 'none'),
(6, 'misc/drupal.js', 'default', 0x537461747573546578743a202173746174757354657874, '', 'none'),
(7, 'misc/drupal.js', 'default', 0x526573706f6e7365546578743a2021726573706f6e736554657874, '', 'none'),
(8, 'misc/drupal.js', 'default', 0x526561647953746174653a202172656164795374617465, '', 'none'),
(9, 'modules/overlay/overlay-child.js', 'default', 0x4c6f6164696e67, '', 'none'),
(10, 'modules/overlay/overlay-child.js; misc/vertical-tabs.js', 'default', 0x286163746976652074616229, '', '7.14'),
(11, 'misc/collapse.js', 'default', 0x48696465, '', 'none'),
(12, 'misc/collapse.js', 'default', 0x53686f77, '', 'none'),
(13, 'modules/overlay/overlay-parent.js', 'default', 0x407469746c65206469616c6f67, '', 'none'),
(14, 'sites/all/modules/rate/rate.js; sites/all/themes/pinboard/scr/like.js', 'default', 0x536176696e6720766f74652e2e2e, '', 'none'),
(15, 'modules/contextual/contextual.js', 'default', 0x436f6e666967757265, '', 'none'),
(16, 'modules/toolbar/toolbar.js', 'default', 0x53686f772073686f727463757473, '', 'none'),
(17, 'modules/toolbar/toolbar.js', 'default', 0x486964652073686f727463757473, '', '7.14'),
(18, 'sites/all/modules/pinboard_helper/acb.js; misc/autocomplete.js', 'default', 0x4175746f636f6d706c65746520706f707570, '', 'none'),
(19, 'sites/all/modules/pinboard_helper/acb.js; misc/autocomplete.js', 'default', 0x536561726368696e6720666f72206d6174636865732e2e2e, '', 'none'),
(20, 'misc/ajax.js', 'default', 0x506c6561736520776169742e2e2e, '', 'none'),
(21, 'modules/file/file.js', 'default', 0x5468652073656c65637465642066696c65202566696c656e616d652063616e6e6f742062652075706c6f616465642e204f6e6c792066696c657320776974682074686520666f6c6c6f77696e6720657874656e73696f6e732061726520616c6c6f7765643a2025657874656e73696f6e732e, '', 'none'),
(22, 'modules/field/modules/text/text.js', 'default', 0x486964652073756d6d617279, '', 'none'),
(23, 'modules/field/modules/text/text.js', 'default', 0x456469742073756d6d617279, '', 'none'),
(24, 'modules/menu/menu.js', 'default', 0x4e6f7420696e206d656e75, '', 'none'),
(25, 'modules/node/node.js', 'default', 0x4e6577207265766973696f6e, '', 'none'),
(26, 'modules/node/node.js', 'default', 0x4e6f207265766973696f6e, '', 'none'),
(27, 'modules/node/node.js', 'default', 0x427920406e616d65206f6e204064617465, '', 'none'),
(28, 'modules/node/node.js', 'default', 0x427920406e616d65, '', 'none'),
(29, 'modules/node/node.js; modules/node/content_types.js', 'default', 0x4e6f74207075626c6973686564, '', '7.14'),
(30, 'modules/path/path.js', 'default', 0x416c6961733a2040616c696173, '', 'none'),
(31, 'modules/path/path.js', 'default', 0x4e6f20616c696173, '', 'none'),
(32, 'modules/comment/comment-node-form.js', 'default', 0x406e756d62657220636f6d6d656e7473207065722070616765, '', 'none'),
(33, 'misc/tableselect.js', 'default', 0x53656c65637420616c6c20726f777320696e2074686973207461626c65, '', 'none'),
(34, 'misc/tableselect.js', 'default', 0x446573656c65637420616c6c20726f777320696e2074686973207461626c65, '', 'none'),
(35, 'misc/machine-name.js', 'default', 0x45646974, '', '7.14'),
(36, 'misc/tabledrag.js', 'default', 0x52652d6f7264657220726f7773206279206e756d65726963616c2077656967687420696e7374656164206f66206472616767696e672e, '', 'none'),
(37, 'misc/tabledrag.js', 'default', 0x53686f7720726f772077656967687473, '', 'none'),
(38, 'misc/tabledrag.js', 'default', 0x4869646520726f772077656967687473, '', 'none'),
(39, 'misc/tabledrag.js', 'default', 0x4472616720746f2072652d6f72646572, '', 'none'),
(40, 'misc/tabledrag.js', 'default', 0x4368616e676573206d61646520696e2074686973207461626c652077696c6c206e6f7420626520736176656420756e74696c2074686520666f726d206973207375626d69747465642e, '', 'none'),
(41, 'modules/user/user.permissions.js', 'default', 0x54686973207065726d697373696f6e20697320696e686572697465642066726f6d207468652061757468656e74696361746564207573657220726f6c652e, '', 'none'),
(42, 'modules/block/block.js', 'default', 0x4e6f742072657374726963746564, '', 'none'),
(43, 'modules/block/block.js', 'default', 0x5265737472696374656420746f206365727461696e207061676573, '', 'none'),
(44, 'modules/block/block.js', 'default', 0x4e6f7420637573746f6d697a61626c65, '', 'none'),
(45, 'modules/block/block.js', 'default', 0x546865206368616e67657320746f20746865736520626c6f636b732077696c6c206e6f7420626520736176656420756e74696c20746865203c656d3e5361766520626c6f636b733c2f656d3e20627574746f6e20697320636c69636b65642e, '', 'none'),
(46, 'modules/block/block.js', 'default', 0x54686520626c6f636b2063616e6e6f7420626520706c6163656420696e207468697320726567696f6e2e, '', 'none'),
(47, 'sites/all/modules/views/js/views-admin.js', 'default', 0x52656d6f76652067726f7570, '', 'none'),
(48, 'sites/all/modules/views/js/views-admin.js', 'default', 0x4170706c792028616c6c20646973706c61797329, '', 'none'),
(49, 'sites/all/modules/views/js/views-admin.js', 'default', 0x52657665727420746f2064656661756c74, '', 'none'),
(50, 'sites/all/modules/views/js/views-admin.js', 'default', 0x4170706c7920287468697320646973706c617929, '', 'none'),
(51, 'sites/all/modules/token/token.js', 'default', 0x496e73657274207468697320746f6b656e20696e746f20796f757220666f726d, '', 'none'),
(52, 'sites/all/modules/token/token.js', 'default', 0x466972737420636c69636b20612074657874206669656c6420746f20696e7365727420796f757220746f6b656e7320696e746f2e, '', 'none'),
(53, '/admin/config/regional/language?render=overlay', 'default', 0x5075626c69632066696c6573, '', '7.14'),
(54, '/admin/config/regional/language?render=overlay', 'default', 0x5075626c6963206c6f63616c2066696c65732073657276656420627920746865207765627365727665722e, '', '7.14'),
(55, '/admin/config/regional/language?render=overlay', 'default', 0x54656d706f726172792066696c6573, '', '7.14'),
(56, '/admin/config/regional/language?render=overlay', 'default', 0x54656d706f72617279206c6f63616c2066696c657320666f722075706c6f616420616e642070726576696577732e, '', '7.14'),
(57, '/admin/config/regional/language?render=overlay', 'default', 0x4c616e677561676573, '', '7.14'),
(58, '/admin/config/regional/language?render=overlay', 'default', 0x436f6e666967757265206c616e67756167657320666f7220636f6e74656e7420616e6420746865207573657220696e746572666163652e, '', '7.14'),
(59, '/admin/config/regional/language?render=overlay', 'default', 0x4c6f6e67, '', '7.14'),
(60, '/admin/config/regional/language?render=overlay', 'default', 0x4d656469756d, '', '7.14'),
(61, '/admin/config/regional/language?render=overlay', 'default', 0x53686f7274, '', '7.14'),
(62, '/admin/config/regional/language?render=overlay', 'default', 0x44727570616c20636f72652075706461746520737461747573, '', '7.14'),
(63, '/admin/config/regional/language?render=overlay', 'default', 0x557020746f2064617465, '', '7.14'),
(64, '/admin/config/regional/language?render=overlay', 'default', 0x4d6f64756c6520616e64207468656d652075706461746520737461747573, '', '7.14'),
(65, '/admin/config/regional/language?render=overlay', 'default', 0x546865726520617265207570646174657320617661696c61626c6520666f72206f6e65206f72206d6f7265206f6620796f7572206d6f64756c6573206f72207468656d65732e20546f20656e73757265207468652070726f7065722066756e6374696f6e696e67206f6620796f757220736974652c20796f752073686f756c642075706461746520617320736f6f6e20617320706f737369626c652e, '', '7.14'),
(66, '/admin/config/regional/language?render=overlay', 'default', 0x53656520746865203c6120687265663d2240617661696c61626c655f75706461746573223e617661696c61626c6520757064617465733c2f613e207061676520666f72206d6f726520696e666f726d6174696f6e20616e6420746f20696e7374616c6c20796f7572206d697373696e6720757064617465732e, '', '7.14'),
(67, '/admin/config/regional/language?render=overlay', 'default', 0x4f7574206f662064617465, '', '7.14'),
(68, '/admin/config/regional/language?render=overlay', 'default', 0x57656967687420666f7220407469746c65, '', '7.14'),
(69, '/admin/config/regional/language?render=overlay', 'default', 0x526967687420746f206c656674, '', '7.14'),
(70, '/admin/config/regional/language?render=overlay', 'default', 0x4c65667420746f207269676874, '', '7.14'),
(71, '/admin/config/regional/language?render=overlay', 'default', 0x456e61626c6564206c616e677561676573, '', '7.14'),
(72, '/admin/config/regional/language?render=overlay', 'default', 0x44656661756c74206c616e6775616765, '', '7.14'),
(73, '/admin/config/regional/language?render=overlay', 'default', 0x5361766520636f6e66696775726174696f6e, '', '7.14'),
(74, '/admin/config/regional/language?render=overlay', 'default', 0x436f6e74656e74, '', '7.14'),
(75, '/admin/config/regional/language?render=overlay', 'default', 0x48656c70, '', '7.14'),
(76, '/admin/config/regional/language?render=overlay', 'default', 0x5061676520746f70, '', '7.14'),
(77, '/admin/config/regional/language?render=overlay', 'default', 0x5061676520626f74746f6d, '', '7.14'),
(78, '/admin/config/regional/language?render=overlay', 'default', 0x46697273742073696465626172, '', '7.14'),
(79, '/admin/config/regional/language?render=overlay', 'default', 0x44617368626f61726420286d61696e29, '', '7.14'),
(80, '/admin/config/regional/language?render=overlay', 'default', 0x44617368626f61726420287369646562617229, '', '7.14'),
(81, '/admin/config/regional/language?render=overlay', 'default', 0x44617368626f6172642028696e61637469766529, '', '7.14'),
(82, '/admin/config/regional/language?render=overlay', 'default', 0x426c6f6720656e747279, '', '7.14'),
(83, '/admin/config/regional/language?render=overlay', 'default', 0x55736520666f72206d756c74692d7573657220626c6f67732e20457665727920757365722067657473206120706572736f6e616c20626c6f672e, '', '7.14'),
(84, '/admin/config/regional/language?render=overlay', 'default', 0x4c697374, '', '7.14'),
(85, '/admin/config/regional/language?render=overlay', 'default', 0x416464206c616e6775616765, '', '7.14'),
(86, '/admin/config/regional/language?render=overlay', 'default', 0x446574656374696f6e20616e642073656c656374696f6e, '', '7.14'),
(87, '/admin/config/regional/language?render=overlay', 'default', 0x57697468206d756c7469706c65206c616e67756167657320656e61626c65642c20696e7465726661636520746578742063616e206265207472616e736c617465642c2072656769737465726564207573657273206d61792073656c65637420746865697220707265666572726564206c616e67756167652c20616e6420617574686f72732063616e2061737369676e2061207370656369666963206c616e677561676520746f20636f6e74656e742e203c6120687265663d22407472616e736c6174696f6e73223e446f776e6c6f616420636f6e7472696275746564207472616e736c6174696f6e733c2f613e2066726f6d2044727570616c2e6f72672e, '', '7.14'),
(88, '/admin/config/regional/language?render=overlay', 'default', 0x426c6f6773, '', '7.14'),
(89, '/admin/config/regional/language?render=overlay', 'default', 0x557365203c656d3e50696e3c2f656d3e20666f7220636f6e74656e74, '', '7.14'),
(90, '/admin/config/regional/language?render=overlay', 'default', 0x506f70756c6172, '', '7.14'),
(91, '/admin/config/regional/language?render=overlay', 'default', 0x596f7520466f6c6c6f77, '', '7.14'),
(92, '/admin/config/regional/language?render=overlay', 'default', 0x566964656f, '', '7.14'),
(93, '/admin/config/regional/language?render=overlay', 'default', 0x4769667473, '', '7.14'),
(94, '/admin/config/regional/language?render=overlay', 'default', 0x4d79206163636f756e74, '', '7.14'),
(95, '/admin/config/regional/language?render=overlay', 'default', 0x41646420636f6e74656e74, '', '7.14'),
(96, '/admin/config/regional/language?render=overlay', 'default', 0x4c6f67206f7574, '', '7.14'),
(97, '/admin/config/regional/language?render=overlay', 'default', 0x486f6d65, '', '7.14'),
(98, '/admin/config/regional/language?render=overlay', 'default', 0x41646d696e697374726174696f6e, '', '7.14'),
(99, '/admin/config/regional/language?render=overlay', 'default', 0x417070656172616e6365, '', '7.14'),
(100, '/admin/config/regional/language?render=overlay', 'default', 0x53656c65637420616e6420636f6e66696775726520796f7572207468656d65732e, '', '7.14'),
(101, '/admin/config/regional/language?render=overlay', 'default', 0x436f6e66696775726174696f6e, '', '7.14'),
(102, '/admin/config/regional/language?render=overlay', 'default', 0x41646d696e69737465722073657474696e67732e, '', '7.14'),
(103, '/admin/config/regional/language?render=overlay', 'default', 0x436f6e74656e7420617574686f72696e67, '', '7.14'),
(104, '/admin/config/regional/language?render=overlay', 'default', 0x53657474696e67732072656c6174656420746f20666f726d617474696e6720616e6420617574686f72696e6720636f6e74656e742e, '', '7.14'),
(105, '/admin/config/regional/language?render=overlay', 'default', 0x446576656c6f706d656e74, '', '7.14'),
(106, '/admin/config/regional/language?render=overlay', 'default', 0x446576656c6f706d656e7420746f6f6c732e, '', '7.14'),
(107, '/admin/config/regional/language?render=overlay', 'default', 0x4d65646961, '', '7.14'),
(108, '/admin/config/regional/language?render=overlay', 'default', 0x4d6564696120746f6f6c732e, '', '7.14'),
(109, '/admin/config/regional/language?render=overlay', 'default', 0x50656f706c65, '', '7.14'),
(110, '/admin/config/regional/language?render=overlay', 'default', 0x436f6e6669677572652075736572206163636f756e74732e, '', '7.14'),
(111, '/admin/config/regional/language?render=overlay', 'default', 0x526567696f6e616c20616e64206c616e6775616765, '', '7.14'),
(112, '/admin/config/regional/language?render=overlay', 'default', 0x526567696f6e616c2073657474696e67732c206c6f63616c697a6174696f6e20616e64207472616e736c6174696f6e2e, '', '7.14'),
(113, '/admin/config/regional/language?render=overlay', 'default', 0x4461746520616e642074696d65, '', '7.14'),
(114, '/admin/config/regional/language?render=overlay', 'default', 0x436f6e66696775726520646973706c617920666f726d61747320666f72206461746520616e642074696d652e, '', '7.14'),
(115, '/admin/config/regional/language?render=overlay', 'default', 0x526567696f6e616c2073657474696e6773, '', '7.14'),
(116, '/admin/config/regional/language?render=overlay', 'default', 0x53657474696e677320666f7220746865207369746527732064656661756c742074696d65207a6f6e6520616e6420636f756e7472792e, '', '7.14'),
(117, '/admin/config/regional/language?render=overlay', 'default', 0x5472616e736c61746520696e74657266616365, '', '7.14'),
(118, '/admin/config/regional/language?render=overlay', 'default', 0x5472616e736c61746520746865206275696c7420696e20696e7465726661636520616e64206f7074696f6e616c6c79206f7468657220746578742e, '', '7.14'),
(119, '/admin/config/regional/language?render=overlay', 'default', 0x53656172636820616e64206d65746164617461, '', '7.14'),
(120, '/admin/config/regional/language?render=overlay', 'default', 0x4c6f63616c2073697465207365617263682c206d6574616461746120616e642053454f2e, '', '7.14'),
(121, '/admin/config/regional/language?render=overlay', 'default', 0x53797374656d, '', '7.14'),
(122, '/admin/config/regional/language?render=overlay', 'default', 0x47656e6572616c2073797374656d2072656c6174656420636f6e66696775726174696f6e2e, '', '7.14'),
(123, '/admin/config/regional/language?render=overlay', 'default', 0x5573657220696e74657266616365, '', '7.14'),
(124, '/admin/config/regional/language?render=overlay', 'default', 0x546f6f6c73207468617420656e68616e636520746865207573657220696e746572666163652e, '', '7.14'),
(125, '/admin/config/regional/language?render=overlay', 'default', 0x576562207365727669636573, '', '7.14'),
(126, '/admin/config/regional/language?render=overlay', 'default', 0x546f6f6c732072656c6174656420746f207765622073657276696365732e, '', '7.14'),
(127, '/admin/config/regional/language?render=overlay', 'default', 0x576f726b666c6f77, '', '7.14'),
(128, '/admin/config/regional/language?render=overlay', 'default', 0x436f6e74656e7420776f726b666c6f772c20656469746f7269616c20776f726b666c6f7720746f6f6c732e, '', '7.14'),
(129, '/admin/config/regional/language?render=overlay', 'default', 0x41646d696e697374657220636f6e74656e7420616e6420636f6d6d656e74732e, '', '7.14'),
(130, '/admin/config/regional/language?render=overlay', 'default', 0x44617368626f617264, '', '7.14'),
(131, '/admin/config/regional/language?render=overlay', 'default', 0x5669657720616e6420637573746f6d697a6520796f75722064617368626f6172642e, '', '7.14'),
(132, '/admin/config/regional/language?render=overlay', 'default', 0x5265666572656e636520666f722075736167652c20636f6e66696775726174696f6e2c20616e64206d6f64756c65732e, '', '7.14'),
(133, '/admin/config/regional/language?render=overlay', 'default', 0x496e646578, '', '7.14'),
(134, '/admin/config/regional/language?render=overlay', 'default', 0x4d6f64756c6573, '', '7.14'),
(135, '/admin/config/regional/language?render=overlay', 'default', 0x457874656e6420736974652066756e6374696f6e616c6974792e, '', '7.14'),
(136, '/admin/config/regional/language?render=overlay', 'default', 0x4d616e6167652075736572206163636f756e74732c20726f6c65732c20616e64207065726d697373696f6e732e, '', '7.14'),
(137, '/admin/config/regional/language?render=overlay', 'default', 0x5265706f727473, '', '7.14'),
(138, '/admin/config/regional/language?render=overlay', 'default', 0x56696577207265706f7274732c20757064617465732c20616e64206572726f72732e, '', '7.14'),
(139, '/admin/config/regional/language?render=overlay', 'default', 0x537472756374757265, '', '7.14'),
(140, '/admin/config/regional/language?render=overlay', 'default', 0x41646d696e697374657220626c6f636b732c20636f6e74656e742074797065732c206d656e75732c206574632e, '', '7.14'),
(141, '/admin/config/regional/language?render=overlay', 'default', 0x5461736b73, '', '7.14'),
(142, '/admin/config/regional/language?render=overlay', 'default', 0x41646420746f202573686f72746375745f7365742073686f727463757473, '', '7.14'),
(143, '/admin/config/regional/language?render=overlay', 'default', 0x596f75206172652068657265, '', '7.14'),
(144, '/admin/config/regional/language?render=overlay', 'default', 0x537461747573206d657373616765, '', '7.14'),
(145, '/admin/config/regional/language?render=overlay', 'default', 0x4572726f72206d657373616765, '', '7.14'),
(146, '/admin/config/regional/language?render=overlay', 'default', 0x5761726e696e67206d657373616765, '', '7.14'),
(147, '/admin/config/regional/language?render=overlay', 'default', 0x456e61626c6520217469746c65, '', '7.14'),
(148, '/admin/config/regional/language?render=overlay', 'default', 0x53657420217469746c652061732064656661756c74, '', '7.14'),
(149, '/admin/config/regional/language?render=overlay', 'default', 0x217469746c6520217265717569726564, '', '7.14'),
(150, '/admin/config/regional/language?render=overlay', 'default', 0x65646974, '', '7.14'),
(151, '/admin/config/regional/language?render=overlay', 'default', 0x456e676c697368206e616d65, '', '7.14'),
(152, '/admin/config/regional/language?render=overlay', 'default', 0x4e6174697665206e616d65, '', '7.14'),
(153, '/admin/config/regional/language?render=overlay', 'default', 0x436f6465, '', '7.14'),
(154, '/admin/config/regional/language?render=overlay', 'default', 0x446972656374696f6e, '', '7.14'),
(155, '/admin/config/regional/language?render=overlay', 'default', 0x456e61626c6564, '', '7.14'),
(156, '/admin/config/regional/language?render=overlay', 'default', 0x44656661756c74, '', '7.14'),
(157, '/admin/config/regional/language?render=overlay', 'default', 0x576569676874, '', '7.14'),
(158, '/admin/config/regional/language?render=overlay', 'default', 0x4f7065726174696f6e73, '', '7.14'),
(159, '/admin/config/regional/language?render=overlay', 'default', 0x496620796f7520686176652070726f626c656d7320616363657373696e672061646d696e697374726174697665207061676573206f6e207468697320736974652c2064697361626c6520746865206f7665726c6179206f6e20796f75722070726f66696c6520706167652e, '', '7.14'),
(160, '/admin/config/regional/language?render=overlay', 'default', 0x4469736d6973732074686973206d6573736167652e, '', '7.14'),
(161, '/admin/config/regional/language?render=overlay', 'default', 0x4f7074696f6e7320666f72207468652061646d696e697374726174697665206f7665726c6179, '', '7.14'),
(162, '/admin/config/regional/language?render=overlay', 'default', 0x436c6f7365206f7665726c6179, '', '7.14'),
(163, '/admin/config/regional/language?render=overlay', 'default', 0x5072696d6172792074616273, '', '7.14'),
(164, '/admin/config/regional/language?render=overlay', 'default', 0x216c6f63616c2d7461736b2d7469746c6521616374697665, '', '7.14'),
(165, '/admin/config/regional/language?render=overlay', 'default', 0x536b697020746f206d61696e20636f6e74656e74, '', '7.14'),
(166, '/', 'default', '', '', '7.14'),
(167, '/', 'default', 0x4e6f206d6f72652070696e7320746f206c6f61642e, '', '7.14'),
(168, '/', 'default', 0x4e6f726d616c, '', '7.14'),
(169, '/', 'default', 0x436f6d6d656e74, '', '7.14'),
(170, '/', 'default', 0x436f6d6d656e74732061726520726573706f6e73657320746f206e6f646520636f6e74656e742e, '', '7.14'),
(171, '/', 'default', 0x5469746c65, '', '7.14'),
(172, '/', 'default', 0x546865207469746c65206f662074686520636f6d6d656e742e, '', '7.14'),
(173, '/', 'default', 0x4944, '', '7.14'),
(174, '/', 'default', 0x54686520636f6d6d656e74204944206f6620746865206669656c64, '', '7.14'),
(175, '/', 'default', 0x417574686f72, '', '7.14'),
(176, '/', 'default', 0x546865206e616d65206f662074686520636f6d6d656e74277320617574686f722e2043616e2062652072656e64657265642061732061206c696e6b20746f2074686520617574686f72277320686f6d65706167652e, '', '7.14'),
(177, '/', 'default', 0x417574686f7227732077656273697465, '', '7.14'),
(178, '/', 'default', 0x54686520776562736974652061646472657373206f662074686520636f6d6d656e74277320617574686f722e2043616e2062652072656e64657265642061732061206c696e6b2e2057696c6c20626520656d7074792069662074686520617574686f722069732061207265676973746572656420757365722e, '', '7.14'),
(179, '/', 'default', 0x486f73746e616d65, '', '7.14'),
(180, '/', 'default', 0x486f73746e616d65206f662075736572207468617420706f737465642074686520636f6d6d656e742e, '', '7.14'),
(181, '/', 'default', 0x4d61696c, '', '7.14'),
(182, '/', 'default', 0x456d61696c206f662075736572207468617420706f737465642074686520636f6d6d656e742e2057696c6c20626520656d7074792069662074686520617574686f722069732061207265676973746572656420757365722e, '', '7.14'),
(183, '/', 'default', 0x506f73742064617465, '', '7.14'),
(184, '/', 'default', 0x4461746520616e642074696d65206f66207768656e2074686520636f6d6d656e742077617320637265617465642e, '', '7.14'),
(185, '/', 'default', 0x557064617465642064617465, '', '7.14'),
(186, '/', 'default', 0x4461746520616e642074696d65206f66207768656e2074686520636f6d6d656e7420776173206c61737420757064617465642e, '', '7.14'),
(187, '/', 'default', 0x437265617465642064617465, '', '7.14'),
(188, '/', 'default', 0x4461746520696e2074686520666f726d206f6620434359594d4d44442e, '', '7.14'),
(189, '/', 'default', 0x437265617465642079656172202b206d6f6e7468, '', '7.14'),
(190, '/', 'default', 0x4461746520696e2074686520666f726d206f6620595959594d4d2e, '', '7.14'),
(191, '/', 'default', 0x437265617465642079656172, '', '7.14'),
(192, '/', 'default', 0x4461746520696e2074686520666f726d206f6620595959592e, '', '7.14'),
(193, '/', 'default', 0x43726561746564206d6f6e7468, '', '7.14'),
(194, '/', 'default', 0x4461746520696e2074686520666f726d206f66204d4d20283031202d203132292e, '', '7.14'),
(195, '/', 'default', 0x4372656174656420646179, '', '7.14'),
(196, '/', 'default', 0x4461746520696e2074686520666f726d206f6620444420283031202d203331292e, '', '7.14'),
(197, '/', 'default', 0x43726561746564207765656b, '', '7.14'),
(198, '/', 'default', 0x4461746520696e2074686520666f726d206f6620575720283031202d203533292e, '', '7.14'),
(199, '/', 'default', 0x417070726f766564, '', '7.14'),
(200, '/', 'default', 0x576865746865722074686520636f6d6d656e7420697320617070726f76656420286f72207374696c6c20696e20746865206d6f6465726174696f6e207175657565292e, '', '7.14'),
(201, '/', 'default', 0x4e6f7420417070726f766564, '', '7.14'),
(202, '/', 'default', 0x417070726f76656420636f6d6d656e74, '', '7.14'),
(203, '/', 'default', 0x56696577206c696e6b, '', '7.14'),
(204, '/', 'default', 0x50726f7669646520612073696d706c65206c696e6b20746f20766965772074686520636f6d6d656e742e, '', '7.14'),
(205, '/', 'default', 0x45646974206c696e6b, '', '7.14'),
(206, '/', 'default', 0x50726f7669646520612073696d706c65206c696e6b20746f20656469742074686520636f6d6d656e742e, '', '7.14'),
(207, '/', 'default', 0x44656c657465206c696e6b, '', '7.14'),
(208, '/', 'default', 0x50726f7669646520612073696d706c65206c696e6b20746f2064656c6574652074686520636f6d6d656e742e, '', '7.14'),
(209, '/', 'default', 0x417070726f7665206c696e6b, '', '7.14'),
(210, '/', 'default', 0x50726f7669646520612073696d706c65206c696e6b20746f20617070726f76652074686520636f6d6d656e742e, '', '7.14'),
(211, '/', 'default', 0x5265706c792d746f206c696e6b, '', '7.14'),
(212, '/', 'default', 0x50726f7669646520612073696d706c65206c696e6b20746f207265706c7920746f2074686520636f6d6d656e742e, '', '7.14'),
(213, '/', 'default', 0x4465707468, '', '7.14'),
(214, '/', 'default', 0x446973706c617920746865206465707468206f662074686520636f6d6d656e742069662069742069732074687265616465642e, '', '7.14'),
(215, '/', 'default', 0x546872656164, '', '7.14'),
(216, '/', 'default', 0x536f727420627920746865207468726561646564206f726465722e20546869732077696c6c206b656570206368696c6420636f6d6d656e747320746f676574686572207769746820746865697220706172656e74732e, '', '7.14'),
(217, '/', 'default', 0x4e6964, '', '7.14'),
(218, '/', 'default', 0x546865206e6f646520494420746f2077686963682074686520636f6d6d656e742069732061207265706c7920746f2e, '', '7.14'),
(219, '/', 'default', 0x54686520636f6e74656e7420746f2077686963682074686520636f6d6d656e742069732061207265706c7920746f2e, '', '7.14'),
(220, '/', 'default', 0x417574686f7220756964, '', '7.14'),
(221, '/', 'default', 0x496620796f75206e656564206d6f7265206669656c6473207468616e2074686520756964206164642074686520636f6d6d656e743a20617574686f722072656c6174696f6e73686970, '', '7.14'),
(222, '/', 'default', 0x5468652055736572204944206f662074686520636f6d6d656e74277320617574686f722e, '', '7.14'),
(223, '/', 'default', 0x617574686f72, '', '7.14'),
(224, '/', 'default', 0x506172656e7420434944, '', '7.14'),
(225, '/', 'default', 0x54686520436f6d6d656e74204944206f662074686520706172656e7420636f6d6d656e742e, '', '7.14'),
(226, '/', 'default', 0x506172656e7420636f6d6d656e74, '', '7.14'),
(227, '/', 'default', 0x54686520706172656e7420636f6d6d656e742e, '', '7.14'),
(228, '/', 'default', 0x4c61737420636f6d6d656e742074696d65, '', '7.14'),
(229, '/', 'default', 0x4461746520616e642074696d65206f66207768656e20746865206c61737420636f6d6d656e742077617320706f737465642e, '', '7.14'),
(230, '/', 'default', 0x4c61737420636f6d6d656e7420617574686f72, '', '7.14'),
(231, '/', 'default', 0x546865206e616d65206f662074686520617574686f72206f6620746865206c61737420706f7374656420636f6d6d656e742e, '', '7.14'),
(232, '/', 'default', 0x436f6d6d656e7420636f756e74, '', '7.14'),
(233, '/', 'default', 0x546865206e756d626572206f6620636f6d6d656e74732061206e6f6465206861732e, '', '7.14'),
(234, '/', 'default', 0x557064617465642f636f6d6d656e7465642064617465, '', '7.14'),
(235, '/', 'default', 0x546865206d6f737420726563656e74206f66206c61737420636f6d6d656e7420706f73746564206f72206e6f646520757064617465642074696d652e, '', '7.14'),
(236, '/', 'default', 0x4c61737420636f6d6d656e7420434944, '', '7.14'),
(237, '/', 'default', 0x446973706c617920746865206c61737420636f6d6d656e74206f662061206e6f6465, '', '7.14'),
(238, '/', 'default', 0x4c61737420436f6d6d656e74, '', '7.14'),
(239, '/', 'default', 0x546865206c61737420636f6d6d656e74206f662061206e6f64652e, '', '7.14'),
(240, '/', 'default', 0x4c61737420636f6d6d656e7420756964, '', '7.14'),
(241, '/', 'default', 0x5468652055736572204944206f662074686520617574686f72206f6620746865206c61737420636f6d6d656e74206f662061206e6f64652e, '', '7.14'),
(242, '/', 'default', 0x4c696e6b20746f20636f6e746163742070616765, '', '7.14'),
(243, '/', 'default', 0x50726f7669646520612073696d706c65206c696e6b20746f20746865207573657220636f6e7461637420706167652e, '', '7.14'),
(244, '/', 'default', 0x46756c6c20636f6d6d656e74, '', '7.14'),
(245, '/', 'default', 0x406e6f64655f7479706520636f6d6d656e74, '', '7.14'),
(246, '/', 'default', 0x4e6f6465, '', '7.14'),
(247, '/', 'default', 0x46756c6c20636f6e74656e74, '', '7.14'),
(248, '/', 'default', 0x546561736572, '', '7.14'),
(249, '/', 'default', 0x525353, '', '7.14'),
(250, '/', 'default', 0x53656172636820696e646578, '', '7.14'),
(251, '/', 'default', 0x53656172636820726573756c74, '', '7.14'),
(252, '/', 'default', 0x46696c65, '', '7.14'),
(253, '/', 'default', 0x5461786f6e6f6d79207465726d, '', '7.14'),
(254, '/', 'default', 0x5461786f6e6f6d79207465726d2070616765, '', '7.14'),
(255, '/', 'default', 0x5461786f6e6f6d7920766f636162756c617279, '', '7.14'),
(256, '/', 'default', 0x55736572, '', '7.14'),
(257, '/', 'default', 0x55736572206163636f756e74, '', '7.14'),
(258, '/', 'default', 0x546f6b656e73, '', '7.14'),
(259, '/', 'default', 0x54686973206669656c642073746f72657320746865204944206f6620612066696c6520617320616e20696e74656765722076616c75652e, '', '7.14'),
(260, '/', 'default', 0x496d616765, '', '7.14'),
(261, '/', 'default', 0x54686973206669656c642073746f72657320746865204944206f6620616e20696d6167652066696c6520617320616e20696e74656765722076616c75652e, '', '7.14'),
(262, '/', 'default', 0x4c6973742028696e746567657229, '', '7.14'),
(263, '/', 'default', 0x54686973206669656c642073746f72657320696e74656765722076616c7565732066726f6d2061206c697374206f6620616c6c6f776564202776616c7565203d3e206c6162656c272070616972732c20692e652e20274c69666574696d6520696e2064617973273a2031203d3e2031206461792c2037203d3e2031207765656b2c203331203d3e2031206d6f6e74682e, '', '7.14'),
(264, '/', 'default', 0x4c6973742028666c6f617429, '', '7.14'),
(265, '/', 'default', 0x54686973206669656c642073746f72657320666c6f61742076616c7565732066726f6d2061206c697374206f6620616c6c6f776564202776616c7565203d3e206c6162656c272070616972732c20692e652e20274672616374696f6e273a2030203d3e20302c202e3235203d3e20312f342c202e3735203d3e20332f342c2031203d3e20312e, '', '7.14'),
(266, '/', 'default', 0x4c69737420287465787429, '', '7.14'),
(267, '/', 'default', 0x54686973206669656c642073746f72657320746578742076616c7565732066726f6d2061206c697374206f6620616c6c6f776564202776616c7565203d3e206c6162656c272070616972732c20692e652e2027555320537461746573273a20494c203d3e20496c6c696e6f69732c204941203d3e20496f77612c20494e203d3e20496e6469616e612e, '', '7.14'),
(268, '/', 'default', 0x426f6f6c65616e, '', '7.14'),
(269, '/', 'default', 0x54686973206669656c642073746f7265732073696d706c65206f6e2f6f6666206f72207965732f6e6f206f7074696f6e732e, '', '7.14'),
(270, '/', 'default', 0x496e7465676572, '', '7.14'),
(271, '/', 'default', 0x54686973206669656c642073746f7265732061206e756d62657220696e2074686520646174616261736520617320616e20696e74656765722e, '', '7.14'),
(272, '/', 'default', 0x446563696d616c, '', '7.14'),
(273, '/', 'default', 0x54686973206669656c642073746f7265732061206e756d62657220696e2074686520646174616261736520696e206120666978656420646563696d616c20666f726d61742e, '', '7.14'),
(274, '/', 'default', 0x466c6f6174, '', '7.14'),
(275, '/', 'default', 0x54686973206669656c642073746f7265732061206e756d62657220696e2074686520646174616261736520696e206120666c6f6174696e6720706f696e7420666f726d61742e, '', '7.14'),
(276, '/', 'default', 0x5465726d207265666572656e6365, '', '7.14'),
(277, '/', 'default', 0x54686973206669656c642073746f7265732061207265666572656e636520746f2061207461786f6e6f6d79207465726d2e, '', '7.14'),
(278, '/', 'default', 0x54657874, '', '7.14'),
(279, '/', 'default', 0x54686973206669656c642073746f7265732076617263686172207465787420696e207468652064617461626173652e, '', '7.14'),
(280, '/', 'default', 0x4c6f6e672074657874, '', '7.14'),
(281, '/', 'default', 0x54686973206669656c642073746f726573206c6f6e67207465787420696e207468652064617461626173652e, '', '7.14'),
(282, '/', 'default', 0x4c6f6e67207465787420616e642073756d6d617279, '', '7.14'),
(283, '/', 'default', 0x54686973206669656c642073746f726573206c6f6e67207465787420696e2074686520646174616261736520616c6f6e672077697468206f7074696f6e616c2073756d6d61727920746578742e, '', '7.14'),
(284, '/', 'default', 0x54657874206669656c64, '', '7.14'),
(285, '/', 'default', 0x53656c656374206c697374, '', '7.14'),
(286, '/', 'default', 0x436865636b20626f7865732f726164696f20627574746f6e73, '', '7.14'),
(287, '/', 'default', 0x53696e676c65206f6e2f6f666620636865636b626f78, '', '7.14'),
(288, '/', 'default', 0x4175746f636f6d706c657465207465726d20776964676574202874616767696e6729, '', '7.14'),
(289, '/', 'default', 0x54657874206172656120286d756c7469706c6520726f777329, '', '7.14'),
(290, '/', 'default', 0x546578742061726561207769746820612073756d6d617279, '', '7.14'),
(291, '/', 'default', 0x47656e657269632066696c65, '', '7.14'),
(292, '/', 'default', 0x5461626c65206f662066696c6573, '', '7.14'),
(293, '/', 'default', 0x55524c20746f2066696c65, '', '7.14'),
(294, '/', 'default', 0x4b6579, '', '7.14'),
(295, '/', 'default', 0x556e666f726d6174746564, '', '7.14'),
(296, '/', 'default', 0x4c696e6b, '', '7.14'),
(297, '/', 'default', 0x506c61696e2074657874, '', '7.14'),
(298, '/', 'default', 0x5253532063617465676f7279, '', '7.14'),
(299, '/', 'default', 0x5472696d6d6564, '', '7.14'),
(300, '/', 'default', 0x53756d6d617279206f72207472696d6d6564, '', '7.14'),
(301, '/', 'default', 0x566964656f20506c61796572, '', '7.14'),
(302, '/', 'default', 0x5468756d626e61696c2050726576696577, '', '7.14'),
(303, '/', 'default', 0x44656661756c742053514c2073746f72616765, '', '7.14'),
(304, '/', 'default', 0x53746f726573206669656c647320696e20746865206c6f63616c2053514c2064617461626173652c207573696e67207065722d6669656c64207461626c65732e, '', '7.14'),
(305, '/', 'default', 0x417574686f7220746578746669656c64, '', '7.14'),
(306, '/', 'default', 0x5375626a656374, '', '7.14'),
(307, '/', 'default', 0x5375626a65637420746578746669656c64, '', '7.14'),
(308, '/', 'default', 0x4e6f6465206d6f64756c6520656c656d656e74, '', '7.14'),
(309, '/', 'default', 0x4e616d65, '', '7.14'),
(310, '/', 'default', 0x5465726d206e616d6520746578746669656c64, '', '7.14'),
(311, '/', 'default', 0x4465736372697074696f6e, '', '7.14'),
(312, '/', 'default', 0x5465726d206465736372697074696f6e207465787461726561, '', '7.14'),
(313, '/', 'default', 0x5465726d206465736372697074696f6e, '', '7.14'),
(314, '/', 'default', 0x55736572206e616d6520616e642070617373776f7264, '', '7.14'),
(315, '/', 'default', 0x55736572206d6f64756c65206163636f756e7420666f726d20656c656d656e74732e, '', '7.14'),
(316, '/', 'default', 0x54696d657a6f6e65, '', '7.14'),
(317, '/', 'default', 0x55736572206d6f64756c652074696d657a6f6e6520666f726d20656c656d656e742e, '', '7.14'),
(318, '/', 'default', 0x486973746f7279, '', '7.14'),
(319, '/', 'default', 0x55736572206d6f64756c6520686973746f7279207669657720656c656d656e742e, '', '7.14'),
(320, '/', 'default', 0x40656e746974793a4062756e646c65, '', '7.14'),
(321, '/', 'default', 0x4170706561727320696e3a204062756e646c65732e, '', '7.14'),
(322, '/', 'default', 0x4067726f75703a20406669656c64, '', '7.14'),
(323, '/', 'default', 0x406c6162656c2028216e616d6529, '', '7.14'),
(324, '/', 'default', 0x3c4e6f2076616c75653e, '', '7.14'),
(325, '/', 'default', 0x406c6162656c2028216e616d653a21636f6c756d6e29, '', '7.14'),
(326, '/', 'default', 0x406c6162656c3a21636f6c756d6e, '', '7.14'),
(327, '/', 'default', 0x4067726f75702028686973746f726963616c206461746129, '', '7.14'),
(328, '/', 'default', 0x4067726f75702028686973746f726963616c2064617461293a20406669656c64, '', '7.14'),
(329, '/', 'default', 0x406c6162656c2028216e616d653a64656c746129, '', '7.14'),
(330, '/', 'default', 0x406c6162656c3a64656c7461, '', '7.14'),
(331, '/', 'default', 0x44656c7461202d204170706561727320696e3a204062756e646c65732e, '', '7.14'),
(332, '/', 'default', 0x7465726d2066726f6d20216669656c645f6e616d65, '', '7.14'),
(333, '/', 'default', 0x696d6167652066726f6d20216669656c645f6e616d65, '', '7.14'),
(334, '/', 'default', 0x4c6f63616c6520736f75726365, '', '7.14'),
(335, '/', 'default', 0x4120736f7572636520737472696e6720666f72207472616e736c6174696f6e2c20696e20456e676c697368206f72207468652064656661756c742073697465206c616e67756167652e, '', '7.14'),
(336, '/', 'default', 0x4c4944, '', '7.14'),
(337, '/', 'default', 0x546865204944206f662074686520736f7572636520737472696e672e, '', '7.14'),
(338, '/', 'default', 0x4c6f636174696f6e, '', '7.14'),
(339, '/', 'default', 0x41206465736372697074696f6e206f6620746865206c6f636174696f6e206f7220636f6e74657874206f662074686520737472696e672e, '', '7.14'),
(340, '/', 'default', 0x47726f7570, '', '7.14'),
(341, '/', 'default', 0x5468652067726f757020746865207472616e736c6174696f6e20697320696e2e, '', '7.14'),
(342, '/', 'default', 0x536f75726365, '', '7.14'),
(343, '/', 'default', 0x5468652066756c6c206f726967696e616c20737472696e672e, '', '7.14'),
(344, '/', 'default', 0x56657273696f6e, '', '7.14'),
(345, '/', 'default', 0x5468652076657273696f6e206f662044727570616c20636f72652074686174207468697320737472696e6720697320666f722e, '', '7.14'),
(346, '/', 'default', 0x50726f7669646520612073696d706c65206c696e6b20746f206564697420746865207472616e736c6174696f6e732e, '', '7.14'),
(347, '/', 'default', 0x4c6f63616c6520746172676574, '', '7.14'),
(348, '/', 'default', 0x5472616e736c6174696f6e, '', '7.14'),
(349, '/', 'default', 0x5468652066756c6c207472616e736c6174696f6e20737472696e672e, '', '7.14'),
(350, '/', 'default', 0x4c616e6775616765, '', '7.14'),
(351, '/', 'default', 0x546865206c616e67756167652074686973207472616e736c6174696f6e20697320696e2e, '', '7.14'),
(352, '/', 'default', 0x53696e67756c6172204c4944, '', '7.14'),
(353, '/', 'default', 0x546865204944206f662074686520706172656e74207472616e736c6174696f6e2e, '', '7.14'),
(354, '/', 'default', 0x506c7572616c, '', '7.14'),
(355, '/', 'default', 0x57686574686572206f72206e6f7420746865207472616e736c6174696f6e20697320706c7572616c2e, '', '7.14'),
(356, '/', 'default', 0x546865206e6f64652049442e, '', '7.14'),
(357, '/', 'default', 0x54686520636f6e74656e74207469746c652e, '', '7.14'),
(358, '/', 'default', 0x54686520646174652074686520636f6e74656e742077617320706f737465642e, '', '7.14'),
(359, '/', 'default', 0x54686520646174652074686520636f6e74656e7420776173206c61737420757064617465642e, '', '7.14'),
(360, '/', 'default', 0x54797065, '', '7.14'),
(361, '/', 'default', 0x54686520636f6e74656e7420747970652028666f72206578616d706c652c2022626c6f6720656e747279222c2022666f72756d20706f7374222c202273746f7279222c20657463292e, '', '7.14'),
(362, '/', 'default', 0x5075626c6973686564, '', '7.14'),
(363, '/', 'default', 0x57686574686572206f72206e6f742074686520636f6e74656e74206973207075626c69736865642e, '', '7.14'),
(364, '/', 'default', 0x5075626c6973686564206f722061646d696e, '', '7.14'),
(365, '/', 'default', 0x46696c74657273206f757420756e7075626c697368656420636f6e74656e74206966207468652063757272656e7420757365722063616e6e6f7420766965772069742e, '', '7.14'),
(366, '/', 'default', 0x50726f6d6f74656420746f2066726f6e742070616765, '', '7.14'),
(367, '/', 'default', 0x57686574686572206f72206e6f742074686520636f6e74656e742069732070726f6d6f74656420746f207468652066726f6e7420706167652e, '', '7.14'),
(368, '/', 'default', 0x50726f6d6f746564, '', '7.14'),
(369, '/', 'default', 0x4e6f742070726f6d6f746564, '', '7.14'),
(370, '/', 'default', 0x537469636b79, '', '7.14'),
(371, '/', 'default', 0x57686574686572206f72206e6f742074686520636f6e74656e7420697320737469636b792e, '', '7.14'),
(372, '/', 'default', 0x57686574686572206f72206e6f742074686520636f6e74656e7420697320737469636b792e20546f206c69737420737469636b7920636f6e74656e742066697273742c20736574207468697320746f2064657363656e64696e672e, '', '7.14'),
(373, '/', 'default', 0x50726f7669646520612073696d706c65206c696e6b20746f2074686520636f6e74656e742e, '', '7.14'),
(374, '/', 'default', 0x50726f7669646520612073696d706c65206c696e6b20746f20656469742074686520636f6e74656e742e, '', '7.14'),
(375, '/', 'default', 0x50726f7669646520612073696d706c65206c696e6b20746f2064656c6574652074686520636f6e74656e742e, '', '7.14'),
(376, '/', 'default', 0x50617468, '', '7.14'),
(377, '/', 'default', 0x54686520616c6961736564207061746820746f207468697320636f6e74656e742e, '', '7.14'),
(378, '/', 'default', 0x557064617465642079656172202b206d6f6e7468, '', '7.14'),
(379, '/', 'default', 0x557064617465642079656172, '', '7.14'),
(380, '/', 'default', 0x55706461746564206d6f6e7468, '', '7.14'),
(381, '/', 'default', 0x5570646174656420646179, '', '7.14'),
(382, '/', 'default', 0x55706461746564207765656b, '', '7.14'),
(383, '/', 'default', 0x546865207573657220617574686f72696e672074686520636f6e74656e742e20496620796f75206e656564206d6f7265206669656c6473207468616e2074686520756964206164642074686520636f6e74656e743a20617574686f722072656c6174696f6e73686970, '', '7.14'),
(384, '/', 'default', 0x52656c61746520636f6e74656e7420746f2074686520757365722077686f20637265617465642069742e, '', '7.14'),
(385, '/', 'default', 0x55736572206861732061207265766973696f6e, '', '7.14'),
(386, '/', 'default', 0x416c6c206e6f6465732077686572652061206365727461696e2075736572206861732061207265766973696f6e, '', '7.14'),
(387, '/', 'default', 0x436f6e74656e74207265766973696f6e, '', '7.14'),
(388, '/', 'default', 0x436f6e74656e74207265766973696f6e206973206120686973746f7279206f66206368616e67657320746f20636f6e74656e742e, '', '7.14'),
(389, '/', 'default', 0x52656c617465206120636f6e74656e74207265766973696f6e20746f2074686520757365722077686f206372656174656420746865207265766973696f6e2e, '', '7.14'),
(390, '/', 'default', 0x7265766973696f6e2075736572, '', '7.14'),
(391, '/', 'default', 0x566964, '', '7.14'),
(392, '/', 'default', 0x546865207265766973696f6e204944206f662074686520636f6e74656e74207265766973696f6e2e, '', '7.14'),
(393, '/', 'default', 0x476574207468652061637475616c20636f6e74656e742066726f6d206120636f6e74656e74207265766973696f6e2e, '', '7.14'),
(394, '/', 'default', 0x4c6f67206d657373616765, '', '7.14'),
(395, '/', 'default', 0x546865206c6f67206d65737361676520656e7465726564207768656e20746865207265766973696f6e2077617320637265617465642e, '', '7.14'),
(396, '/', 'default', 0x546865206461746520746865206e6f646520776173206c61737420757064617465642e, '', '7.14'),
(397, '/', 'default', 0x526576657274206c696e6b, '', '7.14'),
(398, '/', 'default', 0x50726f7669646520612073696d706c65206c696e6b20746f2072657665727420746f20746865207265766973696f6e2e, '', '7.14'),
(399, '/', 'default', 0x50726f7669646520612073696d706c65206c696e6b20746f2064656c6574652074686520636f6e74656e74207265766973696f6e2e, '', '7.14'),
(400, '/', 'default', 0x436f6e74656e7420616363657373, '', '7.14'),
(401, '/', 'default', 0x416363657373, '', '7.14'),
(402, '/', 'default', 0x46696c746572206279206163636573732e, '', '7.14'),
(403, '/', 'default', 0x46696c74657220666f7220636f6e74656e742062792076696577206163636573732e203c7374726f6e673e4e6f74206e656365737361727920696620796f7520617265207573696e67206e6f646520617320796f75722062617365207461626c652e3c2f7374726f6e673e, '', '7.14'),
(404, '/', 'default', 0x486173206e657720636f6e74656e74, '', '7.14'),
(405, '/', 'default', 0x53686f772061206d61726b65722069662074686520636f6e74656e74206973206e6577206f7220757064617465642e, '', '7.14'),
(406, '/', 'default', 0x53686f77206f6e6c7920636f6e74656e742074686174206973206e6577206f7220757064617465642e, '', '7.14'),
(407, '/', 'default', 0x536561726368, '', '7.14'),
(408, '/', 'default', 0x53636f7265, '', '7.14'),
(409, '/', 'default', 0x5468652073636f7265206f662074686520736561726368206974656d2e20546869732077696c6c206e6f74206265207573656420696620746865207365617263682066696c746572206973206e6f7420616c736f2070726573656e742e, '', '7.14'),
(410, '/', 'default', 0x4c696e6b732066726f6d, '', '7.14'),
(411, '/', 'default', 0x4f74686572206e6f646573207468617420617265206c696e6b65642066726f6d20746865206e6f64652e, '', '7.14'),
(412, '/', 'default', 0x4c696e6b7320746f, '', '7.14'),
(413, '/', 'default', 0x4f74686572206e6f6465732074686174206c696e6b20746f20746865206e6f64652e, '', '7.14'),
(414, '/', 'default', 0x536561726368205465726d73, '', '7.14'),
(415, '/', 'default', 0x546865207465726d7320746f2073656172636820666f722e, '', '7.14'),
(416, '/', 'default', 0x536861726554686973204c696e6b, '', '7.14'),
(417, '/', 'default', 0x4c696e6b2070726f7669646564206279207468652053686172655468697320736572766963652e, '', '7.14'),
(418, '/', 'default', 0x436f6e74656e742073746174697374696373, '', '7.14'),
(419, '/', 'default', 0x546f74616c207669657773, '', '7.14'),
(420, '/', 'default', 0x54686520746f74616c206e756d626572206f662074696d657320746865206e6f646520686173206265656e207669657765642e, '', '7.14'),
(421, '/', 'default', 0x566965777320746f646179, '', '7.14'),
(422, '/', 'default', 0x54686520746f74616c206e756d626572206f662074696d657320746865206e6f646520686173206265656e2076696577656420746f6461792e, '', '7.14'),
(423, '/', 'default', 0x4d6f737420726563656e742076696577, '', '7.14'),
(424, '/', 'default', 0x546865206d6f737420726563656e742074696d6520746865206e6f646520686173206265656e207669657765642e, '', '7.14'),
(425, '/', 'default', 0x416363657373206c6f67, '', '7.14'),
(426, '/', 'default', 0x53746f72657320736974652061636365737320696e666f726d6174696f6e2e, '', '7.14'),
(427, '/', 'default', 0x416964, '', '7.14'),
(428, '/', 'default', 0x556e6971756520616363657373206576656e742049442e, '', '7.14'),
(429, '/', 'default', 0x53657373696f6e204944, '', '7.14'),
(430, '/', 'default', 0x42726f777365722073657373696f6e204944206f6620757365722074686174207669736974656420706167652e, '', '7.14'),
(431, '/', 'default', 0x50616765207469746c65, '', '7.14'),
(432, '/', 'default', 0x5469746c65206f66207061676520766973697465642e, '', '7.14'),
(433, '/', 'default', 0x496e7465726e616c207061746820746f20706167652076697369746564202872656c617469766520746f2044727570616c20726f6f742e29, '', '7.14'),
(434, '/', 'default', 0x5265666572726572, '', '7.14'),
(435, '/', 'default', 0x5265666572726572205552492e, '', '7.14'),
(436, '/', 'default', 0x486f73746e616d65206f662075736572207468617420766973697465642074686520706167652e, '', '7.14'),
(437, '/', 'default', 0x54686520757365722077686f20766973697465642074686520736974652e, '', '7.14'),
(438, '/', 'default', 0x54696d6572, '', '7.14'),
(439, '/', 'default', 0x54696d6520696e206d696c6c697365636f6e6473207468617420746865207061676520746f6f6b20746f206c6f61642e, '', '7.14'),
(440, '/', 'default', 0x54696d657374616d70, '', '7.14'),
(441, '/', 'default', 0x54696d657374616d70206f66207768656e2074686520706167652077617320766973697465642e, '', '7.14'),
(442, '/', 'default', 0x46696c6573206d61696e7461696e65642062792044727570616c20616e6420766172696f7573206d6f64756c65732e, '', '7.14'),
(443, '/', 'default', 0x46696c65204944, '', '7.14'),
(444, '/', 'default', 0x546865204944206f66207468652066696c652e, '', '7.14'),
(445, '/', 'default', 0x546865206e616d65206f66207468652066696c652e, '', '7.14'),
(446, '/', 'default', 0x5468652070617468206f66207468652066696c652e, '', '7.14'),
(447, '/', 'default', 0x4d696d652074797065, '', '7.14'),
(448, '/', 'default', 0x546865206d696d652074797065206f66207468652066696c652e, '', '7.14'),
(449, '/', 'default', 0x457874656e73696f6e, '', '7.14'),
(450, '/', 'default', 0x54686520657874656e73696f6e206f66207468652066696c652e, '', '7.14'),
(451, '/', 'default', 0x53697a65, '', '7.14'),
(452, '/', 'default', 0x5468652073697a65206f66207468652066696c652e, '', '7.14'),
(453, '/', 'default', 0x537461747573, '', '7.14'),
(454, '/', 'default', 0x54686520737461747573206f66207468652066696c652e, '', '7.14'),
(455, '/', 'default', 0x55706c6f61642064617465, '', '7.14'),
(456, '/', 'default', 0x5468652064617465207468652066696c65207761732075706c6f616465642e, '', '7.14'),
(457, '/', 'default', 0x557365722077686f2075706c6f61646564, '', '7.14'),
(458, '/', 'default', 0x546865207573657220746861742075706c6f61646564207468652066696c652e, '', '7.14'),
(459, '/', 'default', 0x46696c65205573616765, '', '7.14'),
(460, '/', 'default', 0x436f6e74656e742074686174206973206173736f636961746564207769746820746869732066696c652c20757375616c6c79206265636175736520746869732066696c6520697320696e2061206669656c64206f6e2074686520636f6e74656e742e, '', '7.14'),
(461, '/', 'default', 0x412066696c652074686174206973206173736f63696174656420776974682074686973206e6f64652c20757375616c6c79206265636175736520697420697320696e2061206669656c64206f6e20746865206e6f64652e, '', '7.14'),
(462, '/', 'default', 0x4120757365722074686174206973206173736f636961746564207769746820746869732066696c652c20757375616c6c79206265636175736520746869732066696c6520697320696e2061206669656c64206f6e2074686520757365722e, '', '7.14'),
(463, '/', 'default', 0x412066696c652074686174206973206173736f6369617465642077697468207468697320757365722c20757375616c6c79206265636175736520697420697320696e2061206669656c64206f6e2074686520757365722e, '', '7.14'),
(464, '/', 'default', 0x4120636f6d6d656e742074686174206973206173736f636961746564207769746820746869732066696c652c20757375616c6c79206265636175736520746869732066696c6520697320696e2061206669656c64206f6e2074686520636f6d6d656e742e, '', '7.14'),
(465, '/', 'default', 0x412066696c652074686174206973206173736f6369617465642077697468207468697320636f6d6d656e742c20757375616c6c79206265636175736520697420697320696e2061206669656c64206f6e2074686520636f6d6d656e742e, '', '7.14'),
(466, '/', 'default', 0x5461786f6e6f6d79205465726d, '', '7.14'),
(467, '/', 'default', 0x41207461786f6e6f6d79207465726d2074686174206973206173736f636961746564207769746820746869732066696c652c20757375616c6c79206265636175736520746869732066696c6520697320696e2061206669656c64206f6e20746865207461786f6e6f6d79207465726d2e, '', '7.14'),
(468, '/', 'default', 0x412066696c652074686174206973206173736f63696174656420776974682074686973207461786f6e6f6d79207465726d2c20757375616c6c79206265636175736520697420697320696e2061206669656c64206f6e20746865207461786f6e6f6d79207465726d2e, '', '7.14'),
(469, '/', 'default', 0x5461786f6e6f6d7920566f636162756c617279, '', '7.14'),
(470, '/', 'default', 0x41207461786f6e6f6d7920766f636162756c6172792074686174206973206173736f636961746564207769746820746869732066696c652c20757375616c6c79206265636175736520746869732066696c6520697320696e2061206669656c64206f6e20746865207461786f6e6f6d7920766f636162756c6172792e, '', '7.14'),
(471, '/', 'default', 0x412066696c652074686174206973206173736f63696174656420776974682074686973207461786f6e6f6d7920766f636162756c6172792c20757375616c6c79206265636175736520697420697320696e2061206669656c64206f6e20746865207461786f6e6f6d7920766f636162756c6172792e, '', '7.14'),
(472, '/', 'default', 0x4d6f64756c65, '', '7.14'),
(473, '/', 'default', 0x546865206d6f64756c65206d616e6167696e6720746869732066696c652072656c6174696f6e736869702e, '', '7.14'),
(474, '/', 'default', 0x456e746974792074797065, '', '7.14'),
(475, '/', 'default', 0x5468652074797065206f6620656e7469747920746861742069732072656c6174656420746f207468652066696c652e, '', '7.14'),
(476, '/', 'default', 0x55736520636f756e74, '', '7.14');
INSERT INTO `prefixpinboard_locales_source` (`lid`, `location`, `textgroup`, `source`, `context`, `version`) VALUES
(477, '/', 'default', 0x546865206e756d626572206f662074696d6573207468652066696c652069732075736564206279207468697320656e746974792e, '', '7.14'),
(478, '/', 'default', 0x4d6f64756c652f5468656d652f5468656d6520656e67696e65, '', '7.14'),
(479, '/', 'default', 0x4d6f64756c65732f5468656d65732f5468656d6520656e67696e657320696e20796f757220636f6465626173652e, '', '7.14'),
(480, '/', 'default', 0x4d6f64756c652f5468656d652f5468656d6520656e67696e652066696c656e616d65, '', '7.14'),
(481, '/', 'default', 0x5468652070617468206f6620746865207072696d6172792066696c6520666f722074686973206974656d2c2072656c617469766520746f207468652044727570616c20726f6f743b20652e672e206d6f64756c65732f6e6f64652f6e6f64652e6d6f64756c652e, '', '7.14'),
(482, '/', 'default', 0x4d6f64756c652f5468656d652f5468656d6520656e67696e65206e616d65, '', '7.14'),
(483, '/', 'default', 0x546865206e616d65206f6620746865206974656d3b20652e672e206e6f64652e, '', '7.14'),
(484, '/', 'default', 0x5468652074797065206f6620746865206974656d2c20656974686572206d6f64756c652c207468656d652c206f72207468656d655f656e67696e652e, '', '7.14'),
(485, '/', 'default', 0x426f6f6c65616e20696e6469636174696e672077686574686572206f72206e6f742074686973206974656d20697320656e61626c65642e, '', '7.14'),
(486, '/', 'default', 0x536368656d612076657273696f6e, '', '7.14'),
(487, '/', 'default', 0x546865206d6f64756c65277320646174616261736520736368656d612076657273696f6e206e756d6265722e202d3120696620746865206d6f64756c65206973206e6f7420696e7374616c6c65642028697473207461626c657320646f206e6f74206578697374293b2030206f7220746865206c617267657374204e206f6620746865206d6f64756c65277320686f6f6b5f7570646174655f4e28292066756e6374696f6e20746861742068617320656974686572206265656e2072756e206f722065786973746564207768656e20746865206d6f64756c652077617320666972737420696e7374616c6c65642e, '', '7.14'),
(488, '/', 'default', 0x4e616d65206f662074686520766f636162756c6172792061207465726d2069732061206d656d626572206f662e20546869732077696c6c2062652074686520766f636162756c617279207468617420776869636865766572207465726d2074686520225461786f6e6f6d793a205465726d22206669656c642069733b20616e642063616e2073696d696c61726c79206361757365206475706c6963617465732e, '', '7.14'),
(489, '/', 'default', 0x546865207461786f6e6f6d7920766f636162756c617279206e616d65, '', '7.14'),
(490, '/', 'default', 0x4d616368696e65206e616d65, '', '7.14'),
(491, '/', 'default', 0x4d616368696e652d4e616d65206f662074686520766f636162756c6172792061207465726d2069732061206d656d626572206f662e20546869732077696c6c2062652074686520766f636162756c617279207468617420776869636865766572207465726d2074686520225461786f6e6f6d793a205465726d22206669656c642069733b20616e642063616e2073696d696c61726c79206361757365206475706c6963617465732e, '', '7.14'),
(492, '/', 'default', 0x46696c7465722074686520726573756c7473206f6620225461786f6e6f6d793a205465726d2220746f206120706172746963756c617220766f636162756c6172792e, '', '7.14'),
(493, '/', 'default', 0x566f636162756c617279204944, '', '7.14'),
(494, '/', 'default', 0x546865207461786f6e6f6d7920766f636162756c617279204944, '', '7.14'),
(495, '/', 'default', 0x546865207461786f6e6f6d7920766f636162756c617279206465736372697074696f6e, '', '7.14'),
(496, '/', 'default', 0x5465726d, '', '7.14'),
(497, '/', 'default', 0x5461786f6e6f6d79207465726d732061726520617474616368656420746f206e6f6465732e, '', '7.14'),
(498, '/', 'default', 0x5465726d204944, '', '7.14'),
(499, '/', 'default', 0x54686520746964206f662061207461786f6e6f6d79207465726d2e, '', '7.14'),
(500, '/', 'default', 0x5461786f6e6f6d79207465726d2063686f73656e2066726f6d206175746f636f6d706c657465206f722073656c656374207769646765742e, '', '7.14'),
(501, '/', 'default', 0x526570726573656e746174697665206e6f6465, '', '7.14'),
(502, '/', 'default', 0x4f627461696e7320612073696e676c6520726570726573656e746174697665206e6f646520666f722065616368207465726d2c206163636f7264696e6720746f20612063686f73656e20736f727420637269746572696f6e2e, '', '7.14'),
(503, '/', 'default', 0x546865207461786f6e6f6d79207465726d206e616d652e, '', '7.14'),
(504, '/', 'default', 0x5461786f6e6f6d79207465726d206e616d652e, '', '7.14'),
(505, '/', 'default', 0x556e63617465676f72697a6564, '', '7.14'),
(506, '/', 'default', 0x546865207465726d20776569676874206669656c64, '', '7.14'),
(507, '/', 'default', 0x546865206465736372697074696f6e206173736f63696174656420776974682061207461786f6e6f6d79207465726d2e, '', '7.14'),
(508, '/', 'default', 0x566f636162756c617279, '', '7.14'),
(509, '/', 'default', 0x5465726d2065646974206c696e6b, '', '7.14'),
(510, '/', 'default', 0x50726f7669646520612073696d706c65206c696e6b20746f206564697420746865207465726d2e, '', '7.14'),
(511, '/', 'default', 0x436f6e74656e742077697468207465726d, '', '7.14'),
(512, '/', 'default', 0x52656c61746520616c6c20636f6e74656e742074616767656420776974682061207465726d2e, '', '7.14'),
(513, '/', 'default', 0x6e6f6465, '', '7.14'),
(514, '/', 'default', 0x486173207461786f6e6f6d79207465726d204944, '', '7.14'),
(515, '/', 'default', 0x446973706c617920636f6e74656e7420696620697420686173207468652073656c6563746564207461786f6e6f6d79207465726d732e, '', '7.14'),
(516, '/', 'default', 0x486173207461786f6e6f6d79207465726d, '', '7.14'),
(517, '/', 'default', 0x506172656e74207465726d, '', '7.14'),
(518, '/', 'default', 0x54686520706172656e74207465726d206f6620746865207465726d2e20546869732063616e2070726f64756365206475706c696361746520656e747269657320696620796f7520617265207573696e67206120766f636162756c617279207468617420616c6c6f7773206d756c7469706c6520706172656e74732e, '', '7.14'),
(519, '/', 'default', 0x506172656e74, '', '7.14'),
(520, '/', 'default', 0x54686520706172656e74207465726d206f6620746865207465726d2e, '', '7.14'),
(521, '/', 'default', 0x55736572732077686f20686176652063726561746564206163636f756e7473206f6e20796f757220736974652e, '', '7.14'),
(522, '/', 'default', 0x556964, '', '7.14'),
(523, '/', 'default', 0x5468652075736572204944, '', '7.14'),
(524, '/', 'default', 0x436f6e74656e7420617574686f726564, '', '7.14'),
(525, '/', 'default', 0x52656c61746520636f6e74656e7420746f2074686520757365722077686f20637265617465642069742e20546869732072656c6174696f6e736869702077696c6c20637265617465206f6e65207265636f726420666f72206561636820636f6e74656e74206974656d20637265617465642062792074686520757365722e, '', '7.14'),
(526, '/', 'default', 0x6e6f646573, '', '7.14'),
(527, '/', 'default', 0x4f627461696e7320612073696e676c6520726570726573656e746174697665206e6f646520666f72206561636820757365722c206163636f7264696e6720746f20612063686f73656e20736f727420637269746572696f6e2e, '', '7.14'),
(528, '/', 'default', 0x43757272656e74, '', '7.14'),
(529, '/', 'default', 0x46696c74657220746865207669657720746f207468652063757272656e746c79206c6f6767656420696e20757365722e, '', '7.14'),
(530, '/', 'default', 0x5468652075736572206f7220617574686f72206e616d652e, '', '7.14'),
(531, '/', 'default', 0x4e616d65202872617729, '', '7.14'),
(532, '/', 'default', 0x5468652075736572206f7220617574686f72206e616d652e20546869732066696c74657220646f6573206e6f7420636865636b2069662074686520757365722065786973747320616e6420616c6c6f7773207061727469616c206d61746368696e672e20446f6573206e6f74207574696c697a65206175746f636f6d706c6574652e, '', '7.14'),
(533, '/', 'default', 0x452d6d61696c, '', '7.14'),
(534, '/', 'default', 0x456d61696c206164647265737320666f72206120676976656e20757365722e2054686973206669656c64206973206e6f726d616c6c79206e6f742073686f776e20746f2075736572732c20736f2062652063617574696f7573207768656e207573696e672069742e, '', '7.14'),
(535, '/', 'default', 0x4c616e6775616765206f66207468652075736572, '', '7.14'),
(536, '/', 'default', 0x50696374757265, '', '7.14'),
(537, '/', 'default', 0x5468652075736572277320706963747572652c20696620616c6c6f7765642e, '', '7.14'),
(538, '/', 'default', 0x48617320417661746172, '', '7.14'),
(539, '/', 'default', 0x50726f7669646520612073696d706c65206c696e6b20746f2074686520757365722e, '', '7.14'),
(540, '/', 'default', 0x54686520646174652074686520757365722077617320637265617465642e, '', '7.14'),
(541, '/', 'default', 0x4c61737420616363657373, '', '7.14'),
(542, '/', 'default', 0x54686520757365722773206c6173742061636365737320646174652e, '', '7.14'),
(543, '/', 'default', 0x4c617374206c6f67696e, '', '7.14'),
(544, '/', 'default', 0x54686520757365722773206c617374206c6f67696e20646174652e, '', '7.14'),
(545, '/', 'default', 0x416374697665, '', '7.14'),
(546, '/', 'default', 0x576865746865722061207573657220697320616374697665206f7220626c6f636b65642e, '', '7.14'),
(547, '/', 'default', 0x426c6f636b6564, '', '7.14'),
(548, '/', 'default', 0x5369676e6174757265, '', '7.14'),
(549, '/', 'default', 0x54686520757365722773207369676e61747572652e, '', '7.14'),
(550, '/', 'default', 0x50726f7669646520612073696d706c65206c696e6b20746f20656469742074686520757365722e, '', '7.14'),
(551, '/', 'default', 0x43616e63656c206c696e6b, '', '7.14'),
(552, '/', 'default', 0x50726f7669646520612073696d706c65206c696e6b20746f2063616e63656c2074686520757365722e, '', '7.14'),
(553, '/', 'default', 0x44617461, '', '7.14'),
(554, '/', 'default', 0x50726f766964652073657269616c697a65642064617461206f66207468652075736572, '', '7.14'),
(555, '/', 'default', 0x526f6c6573, '', '7.14'),
(556, '/', 'default', 0x526f6c65732074686174206120757365722062656c6f6e677320746f2e, '', '7.14'),
(557, '/', 'default', 0x4e6f20726f6c65, '', '7.14'),
(558, '/', 'default', 0x5065726d697373696f6e, '', '7.14'),
(559, '/', 'default', 0x5468652075736572207065726d697373696f6e732e, '', '7.14'),
(560, '/', 'default', 0x417574686d6170204944, '', '7.14'),
(561, '/', 'default', 0x54686520417574686d61702049442e, '', '7.14'),
(562, '/', 'default', 0x41757468656e7469636174696f6e206e616d65, '', '7.14'),
(563, '/', 'default', 0x54686520756e697175652061757468656e7469636174696f6e206e616d652e, '', '7.14'),
(564, '/', 'default', 0x41757468656e7469636174696f6e206d6f64756c65, '', '7.14'),
(565, '/', 'default', 0x546865206e616d65206f6620746865206d6f64756c65206d616e6167696e67207468652061757468656e7469636174696f6e20656e7472792e, '', '7.14'),
(566, '/', 'default', 0x566f746573, '', '7.14'),
(567, '/', 'default', 0x566f746520726573756c7473, '', '7.14'),
(568, '/', 'default', 0x56616c7565, '', '7.14'),
(569, '/', 'default', 0x5468652076616c7565206f6620616e20696e646976696475616c206361737420766f74652e, '', '7.14'),
(570, '/', 'default', 0x56616c75652074797065, '', '7.14'),
(571, '/', 'default', 0x546865206e6174757265206f662074686520766f7465206265696e6720636173742028706f696e74732c2070657263656e746167652c20657463292e, '', '7.14'),
(572, '/', 'default', 0x546167, '', '7.14'),
(573, '/', 'default', 0x416e206f7074696f6e616c2074616720746f2067726f7570206d756c74692d637269746572696120766f7465732e, '', '7.14'),
(574, '/', 'default', 0x54686520757365722077686f20636173742074686520766f74652e, '', '7.14'),
(575, '/', 'default', 0x496e646976696475616c20766f746572, '', '7.14'),
(576, '/', 'default', 0x43757272656e742075736572, '', '7.14'),
(577, '/', 'default', 0x526573747269637420766f74657320746f2074686f73652063617374206279207468652063757272656e7420757365722e, '', '7.14'),
(578, '/', 'default', 0x49502041646472657373, '', '7.14'),
(579, '/', 'default', 0x5468652049502061646472657373206f662074686520757365722077686f20636173742074686520766f74652e, '', '7.14'),
(580, '/', 'default', 0x5468652074696d652074686520766f74652077617320636173742e, '', '7.14'),
(581, '/', 'default', 0x546865206e6174757265206f662074686520726573756c747320696e207175657374696f6e2028706f696e74732c2070657263656e746167652c20657463292e, '', '7.14'),
(582, '/', 'default', 0x416e206f7074696f6e616c2074616720746f2067726f7570206d756c74692d637269746572696120726573756c74732e, '', '7.14'),
(583, '/', 'default', 0x46756e6374696f6e, '', '7.14'),
(584, '/', 'default', 0x546865206167677265676174652066756e6374696f6e207573656420746f2063616c63756c6174652074686520726573756c742e, '', '7.14'),
(585, '/', 'default', 0x5468652074696d652074686520726573756c747320776572652063616c63756c617465642e, '', '7.14'),
(586, '/', 'default', 0x476c6f62616c, '', '7.14'),
(587, '/', 'default', 0x52616e646f6d, '', '7.14'),
(588, '/', 'default', 0x52616e646f6d697a652074686520646973706c6179206f726465722e, '', '7.14'),
(589, '/', 'default', 0x4e756c6c, '', '7.14'),
(590, '/', 'default', 0x416c6c6f77206120636f6e7465787475616c2066696c7465722076616c756520746f2062652069676e6f7265642e205468652071756572792077696c6c206e6f7420626520616c7465726564206279207468697320636f6e7465787475616c2066696c7465722076616c75652e2043616e2062652075736564207768656e20636f6e7465787475616c2066696c7465722076616c75657320636f6d652066726f6d207468652055524c2c20616e6420612070617274206f66207468652055524c206e6565647320746f2062652069676e6f7265642e, '', '7.14'),
(591, '/', 'default', 0x437573746f6d2074657874, '', '7.14'),
(592, '/', 'default', 0x50726f7669646520637573746f6d2074657874206f72206c696e6b2e, '', '7.14'),
(593, '/', 'default', 0x5669657720726573756c7420636f756e746572, '', '7.14'),
(594, '/', 'default', 0x446973706c617973207468652061637475616c20706f736974696f6e206f6620746865207669657720726573756c74, '', '7.14'),
(595, '/', 'default', 0x546578742061726561, '', '7.14'),
(596, '/', 'default', 0x50726f76696465206d61726b7570207465787420666f722074686520617265612e, '', '7.14'),
(597, '/', 'default', 0x566965772061726561, '', '7.14'),
(598, '/', 'default', 0x496e736572742061207669657720696e7369646520616e20617265612e, '', '7.14'),
(599, '/', 'default', 0x526573756c742073756d6d617279, '', '7.14'),
(600, '/', 'default', 0x53686f777320726573756c742073756d6d6172792c20666f72206578616d706c6520746865206974656d732070657220706167652e, '', '7.14'),
(601, '/', 'default', 0x436f6e7465787475616c204c696e6b73, '', '7.14'),
(602, '/', 'default', 0x446973706c6179206669656c647320696e206120636f6e7465787475616c206c696e6b73206d656e752e, '', '7.14'),
(603, '/', 'default', 0x4d6174682065787072657373696f6e, '', '7.14'),
(604, '/', 'default', 0x4576616c75617465732061206d617468656d61746963616c2065787072657373696f6e20616e6420646973706c6179732069742e, '', '7.14'),
(605, '/', 'default', 0x4e657720636f6d6d656e7473, '', '7.14'),
(606, '/', 'default', 0x546865206e756d626572206f66206e657720636f6d6d656e7473206f6e20746865206e6f64652e, '', '7.14'),
(607, '/', 'default', 0x41646420636f6d6d656e74206c696e6b, '', '7.14'),
(608, '/', 'default', 0x446973706c617920746865207374616e646172642061646420636f6d6d656e74206c696e6b2075736564206f6e20726567756c6172206e6f6465732c2077686963682077696c6c206f6e6c7920646973706c6179206966207468652076696577696e672075736572206861732061636365737320746f20616464206120636f6d6d656e742e, '', '7.14'),
(609, '/', 'default', 0x436f6d6d656e7420737461747573, '', '7.14'),
(610, '/', 'default', 0x5768657468657220636f6d6d656e74732061726520656e61626c6564206f722064697361626c6564206f6e20746865206e6f64652e, '', '7.14'),
(611, '/', 'default', 0x5573657220706f73746564206f7220636f6d6d656e746564, '', '7.14'),
(612, '/', 'default', 0x446973706c6179206e6f646573206f6e6c792069662061207573657220706f7374656420746865206e6f6465206f7220636f6d6d656e746564206f6e20746865206e6f64652e, '', '7.14'),
(613, '/', 'default', 0x436f6d6d656e7473206f6620746865206e6f6465, '', '7.14'),
(614, '/', 'default', 0x52656c61746520616c6c20636f6d6d656e7473206f6e20746865206e6f64652e20546869732077696c6c206372656174652031206475706c6963617465207265636f726420666f7220657665727920636f6d6d656e742e20557375616c6c7920696620796f75206e65656420746869732069742069732062657474657220746f20637265617465206120636f6d6d656e7420766965772e, '', '7.14'),
(615, '/', 'default', 0x436f6d6d656e7473, '', '7.14'),
(616, '/', 'default', 0x40656e74697479207573696e6720406669656c64, '', '7.14'),
(617, '/', 'default', 0x52656c61746520656163682040656e746974792077697468206120406669656c642073657420746f20746865207465726d2e, '', '7.14'),
(618, '/', 'default', 0x216669656c645f6e616d65, '', '7.14'),
(619, '/', 'default', 0x52656c61746520656163682040656e746974792077697468206120406669656c642073657420746f2074686520696d6167652e, '', '7.14'),
(620, '/', 'default', 0x5461786f6e6f6d79207465726d73206f6e206e6f6465, '', '7.14'),
(621, '/', 'default', 0x52656c617465206e6f64657320746f207461786f6e6f6d79207465726d732c207370656369666979696e6720776869636820766f636162756c617279206f7220766f636162756c617269657320746f207573652e20546869732072656c6174696f6e736869702077696c6c206361757365206475706c696361746564207265636f72647320696620746865726520617265206d756c7469706c65207465726d732e, '', '7.14'),
(622, '/', 'default', 0x7465726d, '', '7.14'),
(623, '/', 'default', 0x416c6c207461786f6e6f6d79207465726d73, '', '7.14'),
(624, '/', 'default', 0x446973706c617920616c6c207461786f6e6f6d79207465726d73206173736f63696174656420776974682061206e6f64652066726f6d2073706563696669656420766f636162756c61726965732e, '', '7.14'),
(625, '/', 'default', 0x446973706c617920636f6e74656e7420696620697420686173207468652073656c6563746564207461786f6e6f6d79207465726d732c206f72206368696c6472656e206f66207468652073656c6563746564207465726d732e2044756520746f206164646974696f6e616c20636f6d706c65786974792c207468697320686173206665776572206f7074696f6e73207468616e207468652076657273696f6e7320776974686f75742064657074682e, '', '7.14'),
(626, '/', 'default', 0x486173207461786f6e6f6d79207465726d20494420287769746820646570746829, '', '7.14'),
(627, '/', 'default', 0x486173207461786f6e6f6d79207465726d7320287769746820646570746829, '', '7.14'),
(628, '/', 'default', 0x486173207461786f6e6f6d79207465726d204944206465707468206d6f646966696572, '', '7.14'),
(629, '/', 'default', 0x416c6c6f777320746865202264657074682220666f72205461786f6e6f6d793a205465726d2049442028776974682064657074682920746f206265206d6f6469666965642076696120616e206164646974696f6e616c20636f6e7465787475616c2066696c7465722076616c75652e, '', '7.14'),
(630, '/', 'default', 0x636f6d6d656e7473, '', '7.14'),
(631, '/', 'default', 0x446973706c61792074686520636f6d6d656e742077697468207374616e6461726420636f6d6d656e7420766965772e, '', '7.14'),
(632, '/', 'default', 0x446973706c61792074686520636f6d6d656e74206173205253532e, '', '7.14'),
(633, '/', 'default', 0x446973706c61792074686520636f6e74656e742077697468207374616e64617264206e6f646520766965772e, '', '7.14'),
(634, '/', 'default', 0x436f6e74656e742049442066726f6d2055524c, '', '7.14'),
(635, '/', 'default', 0x5461786f6e6f6d79207465726d2049442066726f6d2055524c, '', '7.14'),
(636, '/', 'default', 0x446973706c61792074686520757365722077697468207374616e64617264207573657220766965772e, '', '7.14'),
(637, '/', 'default', 0x557365722049442066726f6d2055524c, '', '7.14'),
(638, '/', 'default', 0x557365722049442066726f6d206c6f6767656420696e2075736572, '', '7.14'),
(639, '/', 'default', 0x4d6173746572, '', '7.14'),
(640, '/', 'default', 0x44656661756c742073657474696e677320666f72207468697320766965772e, '', '7.14'),
(641, '/', 'default', 0x50616765, '', '7.14'),
(642, '/', 'default', 0x446973706c6179207468652076696577206173206120706167652c207769746820612055524c20616e64206d656e75206c696e6b732e, '', '7.14'),
(643, '/', 'default', 0x426c6f636b, '', '7.14'),
(644, '/', 'default', 0x446973706c6179207468652076696577206173206120626c6f636b2e, '', '7.14'),
(645, '/', 'default', 0x4174746163686d656e74, '', '7.14'),
(646, '/', 'default', 0x4174746163686d656e747320616464656420746f206f7468657220646973706c61797320746f2061636869657665206d756c7469706c6520766965777320696e207468652073616d6520766965772e, '', '7.14'),
(647, '/', 'default', 0x46656564, '', '7.14'),
(648, '/', 'default', 0x446973706c6179207468652076696577206173206120666565642c207375636820617320616e2052535320666565642e, '', '7.14'),
(649, '/', 'default', 0x456d626564, '', '7.14'),
(650, '/', 'default', 0x50726f76696465206120646973706c61792077686963682063616e20626520656d626564646564207573696e6720746865207669657773206170692e, '', '7.14'),
(651, '/', 'default', 0x456d70747920646973706c617920657874656e646572, '', '7.14'),
(652, '/', 'default', 0x556e666f726d6174746564206c697374, '', '7.14'),
(653, '/', 'default', 0x446973706c61797320726f7773206f6e6520616674657220616e6f746865722e, '', '7.14'),
(654, '/', 'default', 0x48544d4c206c697374, '', '7.14'),
(655, '/', 'default', 0x446973706c61797320726f777320617320616e2048544d4c206c6973742e, '', '7.14'),
(656, '/', 'default', 0x47726964, '', '7.14'),
(657, '/', 'default', 0x446973706c61797320726f777320696e206120677269642e, '', '7.14'),
(658, '/', 'default', 0x5461626c65, '', '7.14'),
(659, '/', 'default', 0x446973706c61797320726f777320696e2061207461626c652e, '', '7.14'),
(660, '/', 'default', 0x446973706c617973207468652064656661756c742073756d6d6172792061732061206c6973742e, '', '7.14'),
(661, '/', 'default', 0x446973706c617973207468652073756d6d61727920756e666f726d61747465642c2077697468206f7074696f6e20666f72206f6e6520616674657220616e6f74686572206f7220696e6c696e652e, '', '7.14'),
(662, '/', 'default', 0x5253532046656564, '', '7.14'),
(663, '/', 'default', 0x47656e65726174657320616e2052535320666565642066726f6d206120766965772e, '', '7.14'),
(664, '/', 'default', 0x4669656c6473, '', '7.14'),
(665, '/', 'default', 0x446973706c61797320746865206669656c6473207769746820616e206f7074696f6e616c2074656d706c6174652e, '', '7.14'),
(666, '/', 'default', 0x46697865642076616c7565, '', '7.14'),
(667, '/', 'default', 0x50485020436f6465, '', '7.14'),
(668, '/', 'default', 0x5261772076616c75652066726f6d2055524c, '', '7.14'),
(669, '/', 'default', 0x4e756d65726963, '', '7.14'),
(670, '/', 'default', 0x4e6f6e65, '', '7.14'),
(671, '/', 'default', 0x57696c6c20626520617661696c61626c6520746f20616c6c2075736572732e, '', '7.14'),
(672, '/', 'default', 0x526f6c65, '', '7.14'),
(673, '/', 'default', 0x4163636573732077696c6c206265206772616e74656420746f207573657273207769746820616e79206f66207468652073706563696669656420726f6c65732e, '', '7.14'),
(674, '/', 'default', 0x4163636573732077696c6c206265206772616e74656420746f20757365727320776974682074686520737065636966696564207065726d697373696f6e20737472696e672e, '', '7.14'),
(675, '/', 'default', 0x53514c205175657279, '', '7.14'),
(676, '/', 'default', 0x51756572792077696c6c2062652067656e65726174656420616e642072756e207573696e67207468652044727570616c206461746162617365204150492e, '', '7.14'),
(677, '/', 'default', 0x4e6f2063616368696e67206f6620566965777320646174612e, '', '7.14'),
(678, '/', 'default', 0x54696d652d6261736564, '', '7.14'),
(679, '/', 'default', 0x53696d706c652074696d652d62617365642063616368696e67206f6620646174612e, '', '7.14'),
(680, '/', 'default', 0x4261736963, '', '7.14'),
(681, '/', 'default', 0x4261736963206578706f73656420666f726d, '', '7.14'),
(682, '/', 'default', 0x496e707574207265717569726564, '', '7.14'),
(683, '/', 'default', 0x416e206578706f73656420666f726d2074686174206f6e6c792072656e64657273206120766965772069662074686520666f726d20636f6e7461696e73207573657220696e7075742e, '', '7.14'),
(684, '/', 'default', 0x446973706c617920616c6c206974656d73, '', '7.14'),
(685, '/', 'default', 0x446973706c617920616c6c206974656d73207468617420746869732076696577206d696768742066696e64, '', '7.14'),
(686, '/', 'default', 0x446973706c6179206120737065636966696564206e756d626572206f66206974656d73, '', '7.14'),
(687, '/', 'default', 0x446973706c61792061206c696d69746564206e756d626572206974656d73207468617420746869732076696577206d696768742066696e642e, '', '7.14'),
(688, '/', 'default', 0x5061676564206f75747075742c2066756c6c207061676572, '', '7.14'),
(689, '/', 'default', 0x46756c6c, '', '7.14'),
(690, '/', 'default', 0x5061676564206f75747075742c2066756c6c2044727570616c207374796c65, '', '7.14'),
(691, '/', 'default', 0x5061676564206f75747075742c206d696e69207061676572, '', '7.14'),
(692, '/', 'default', 0x4d696e69, '', '7.14'),
(693, '/', 'default', 0x55736520746865206d696e69207061676572206f75747075742e, '', '7.14'),
(694, '/', 'default', 0x446f206e6f7420706173732061646d696e20737472696e677320666f72207472616e736c6174696f6e2e, '', '7.14'),
(695, '/', 'default', 0x436f7265, '', '7.14'),
(696, '/', 'default', 0x5573652044727570616c20636f7265207428292066756e6374696f6e2e204e6f74207265636f6d6d656e6465642c20617320697420646f65736e277420737570706f7274207570646174657320746f206578697374696e6720737472696e67732e, '', '7.14'),
(697, '/', 'default', 0x496620796f75206e65656420746f207472616e736c617465205669657773206c6162656c7320696e746f206f74686572206c616e6775616765732c20636f6e736964657220696e7374616c6c696e6720746865203c6120687265663d222170617468223e496e7465726e6174696f6e616c697a6174696f6e3c2f613e207061636b6167652773205669657773207472616e736c6174696f6e206d6f64756c652e, '', '7.14'),
(698, '/', 'default', 0x4a756d70206d656e75, '', '7.14'),
(699, '/', 'default', 0x5075747320616c6c206f662074686520726573756c747320696e746f20612073656c65637420626f7820616e6420616c6c6f777320746865207573657220746f20676f20746f206120646966666572656e7420706167652062617365642075706f6e2074686520726573756c74732e, '', '7.14'),
(700, '/', 'default', 0x6d6f7265, '', '7.14'),
(701, '/', 'default', 0x6669656c6473, '', '7.14'),
(702, '/', 'default', 0x4669656c64, '', '7.14'),
(703, '/', 'default', 0x6669656c64, '', '7.14'),
(704, '/', 'default', 0x436f6e7465787475616c2066696c74657273, '', '7.14'),
(705, '/', 'default', 0x636f6e7465787475616c2066696c74657273, '', '7.14'),
(706, '/', 'default', 0x436f6e7465787475616c2066696c746572, '', '7.14'),
(707, '/', 'default', 0x636f6e7465787475616c2066696c746572, '', '7.14'),
(708, '/', 'default', 0x536f7274206372697465726961, '', '7.14'),
(709, '/', 'default', 0x736f7274206372697465726961, '', '7.14'),
(710, '/', 'default', 0x536f727420637269746572696f6e, '', '7.14'),
(711, '/', 'default', 0x736f727420637269746572696f6e, '', '7.14'),
(712, '/', 'default', 0x46696c746572206372697465726961, '', '7.14'),
(713, '/', 'default', 0x66696c746572206372697465726961, '', '7.14'),
(714, '/', 'default', 0x46696c74657220637269746572696f6e, '', '7.14'),
(715, '/', 'default', 0x66696c74657220637269746572696f6e, '', '7.14'),
(716, '/', 'default', 0x52656c6174696f6e7368697073, '', '7.14'),
(717, '/', 'default', 0x72656c6174696f6e7368697073, '', '7.14'),
(718, '/', 'default', 0x52656c6174696f6e73686970, '', '7.14'),
(719, '/', 'default', 0x486561646572, '', '7.14'),
(720, '/', 'default', 0x686561646572, '', '7.14'),
(721, '/', 'default', 0x466f6f746572, '', '7.14'),
(722, '/', 'default', 0x666f6f746572, '', '7.14'),
(723, '/', 'default', 0x4e6f20726573756c7473206265686176696f72, '', '7.14'),
(724, '/', 'default', 0x6e6f20726573756c7473206265686176696f72, '', '7.14'),
(725, '/', 'default', 0x4f7074696f6e73, '', '7.14'),
(726, '/', 'default', 0x4f76657272696464656e, '', '7.14'),
(727, '/', 'default', 0x6e6f2070696e73, '', '7.14'),
(728, '/', 'default', 0x3c3f706870207072696e7420273c703e266e6273703b3c2f703e3c63656e7465723e3c68313e272e7428274e6f2050696e7327292e273c2f68313e3c2f63656e7465723e3c703e266e6273703b3c2f703e273b203f3e, '', '7.14'),
(729, '/', 'default', 0x4974656d73207065722070616765, '', '7.14'),
(730, '/', 'default', 0x2d20416c6c202d, '', '7.14'),
(731, '/', 'default', 0x4f6666736574, '', '7.14'),
(732, '/', 'default', 0x4973206f6e65206f66, '', '7.14'),
(733, '/', 'default', 0x696e, '', '7.14'),
(734, '/', 'default', 0x3d, '', '7.14'),
(735, '/', 'default', 0x4973206e6f74206f6e65206f66, '', '7.14'),
(736, '/', 'default', 0x6e6f7420696e, '', '7.14'),
(737, '/', 'default', 0x3c3e, '', '7.14'),
(738, '/', 'default', 0x4170706c79, '', '7.14'),
(739, '/', 'default', 0x5265736574, '', '7.14'),
(740, '/', 'default', 0x536f7274206279, '', '7.14'),
(741, '/', 'default', 0x417363, '', '7.14'),
(742, '/', 'default', 0x44657363, '', '7.14'),
(743, '/', 'default', 0x416e6f6e696d6f7573, '', '7.14'),
(744, '/', 'default', 0x52656164206d6f72653c7370616e20636c6173733d22656c656d656e742d696e76697369626c65223e2061626f757420407469746c653c2f7370616e3e, '', '7.14'),
(745, '/', 'default', 0x416464206e657720636f6d6d656e74, '', '7.14'),
(746, '/', 'default', 0x4164642061206e657720636f6d6d656e7420746f207468697320706167652e, '', '7.14'),
(747, '/', 'default', 0x7570, '', '7.14'),
(748, '/', 'default', 0x40636f756e74207573657273206861766520766f7465642e, '', '7.14'),
(749, '/', 'default', 0x4c696b65, '', '7.14'),
(750, '/', 'default', 0x40636f756e74204c696b6573, '', '7.14'),
(751, '/', 'default', 0x4d6f6e, '', '7.14'),
(752, '/', 'default', 0x5669657720757365722070726f66696c652e, '', '7.14'),
(753, '/', 'default', 0x5375626d69747465642062792021757365726e616d65206f6e20216461746574696d65, '', '7.14'),
(754, '/', 'default', 0x407573657227732070696374757265, '', '7.14'),
(755, '/', 'default', 0x526570696e, '', '7.14'),
(756, '/', 'default', 0x40636f756e7420436f6d6d656e7473, '', '7.14'),
(757, '/', 'default', 0x40636f756e74206c696b6573, '', '7.14'),
(758, '/', 'default', 0x21757365726e616d65206f6e746f202163617465676f7279, '', '7.14'),
(759, '/', 'default', 0x4c696d697420616c6c6f7765642048544d4c2074616773, '', '7.14'),
(760, '/', 'default', 0x436f6e76657274206c696e6520627265616b7320696e746f2048544d4c2028692e652e203c636f64653e266c743b62722667743b3c2f636f64653e20616e64203c636f64653e266c743b702667743b3c2f636f64653e29, '', '7.14'),
(761, '/', 'default', 0x436f6e766572742055524c7320696e746f206c696e6b73, '', '7.14'),
(762, '/', 'default', 0x436f7272656374206661756c747920616e642063686f70706564206f66662048544d4c, '', '7.14'),
(763, '/', 'default', 0x446973706c617920616e792048544d4c20617320706c61696e2074657874, '', '7.14'),
(764, '/', 'default', 0x504850206576616c7561746f72, '', '7.14'),
(765, '/', 'default', 0x45786563757465732061207069656365206f662050485020636f64652e20546865207573616765206f6620746869732066696c7465722073686f756c64206265207265737472696374656420746f2061646d696e6973747261746f7273206f6e6c7921, '', '7.14'),
(766, '/', 'default', 0x566964656f20456d62656464696e67, '', '7.14'),
(767, '/', 'default', 0x5265706c61636573205b564944454f3a3a687474703a2f2f7777772e796f75747562652e636f6d2f77617463683f763d736f6d65566964656f49443a3a61566964656f5374796c655d2074616773207769746820656d62656464656420766964656f732e, '', '7.14'),
(768, '/', 'default', 0x40636f756e7420636f6d6d656e7473, '', '7.14'),
(769, '/', 'default', 0x4a756d7020746f2074686520666972737420636f6d6d656e74206f66207468697320706f7374696e672e, '', '7.14'),
(770, '/', 'default', 0x467269, '', '7.14'),
(771, '/', 'default', 0x64656c657465, '', '7.14'),
(772, '/', 'default', 0x7265706c79, '', '7.14'),
(773, '/', 'default', 0x6e6f74207665726966696564, '', '7.14'),
(774, '/', 'default', 0x4f6e6c7920796f7520766f7465642e, '', '7.14'),
(775, '/', 'default', 0x31206c696b6573, '', '7.14'),
(776, '/', 'default', 0x546875, '', '7.14'),
(777, '/', 'default', 0x21757365726e616d652076696120216f757365726e616d65206f6e746f202163617465676f7279, '', '7.14'),
(778, '/', 'default', 0x53756e, '', '7.14'),
(779, '/', 'default', 0x40636f756e7420757365722068617320766f7465642e, '', '7.14'),
(780, '/', 'default', 0xc2ab206669727374, '', '7.14'),
(781, '/', 'default', 0xe280b92070726576696f7573, '', '7.14'),
(782, '/', 'default', 0x6e65787420e280ba, '', '7.14'),
(783, '/', 'default', 0x476f20746f2066697273742070616765, '', '7.14'),
(784, '/', 'default', 0x476f20746f2070726576696f75732070616765, '', '7.14'),
(785, '/', 'default', 0x476f20746f206e6578742070616765, '', '7.14'),
(786, '/', 'default', 0x6c61737420c2bb, '', '7.14'),
(787, '/', 'default', 0x476f20746f206c6173742070616765, '', '7.14'),
(788, '/', 'default', 0x476f20746f207061676520406e756d626572, '', '7.14'),
(789, '/', 'default', 0x5061676573, '', '7.14'),
(790, '/', 'default', 0x5369646562617220546f70204c656674, '', '7.14'),
(791, '/', 'default', 0x5369646562617220546f70205269676874, '', '7.14'),
(792, '/', 'default', 0x5369646562617220546f70204d656e75, '', '7.14'),
(793, '/', 'default', 0x5369646562617220546f7020427574746f6e, '', '7.14'),
(794, '/', 'default', 0x536964656261722057656c636f6d65, '', '7.14'),
(795, '/', 'default', 0x53696465626172205269676874, '', '7.14'),
(796, '/', 'default', 0x466f6f746572204f6e65, '', '7.14'),
(797, '/', 'default', 0x466f6f7465722054776f, '', '7.14'),
(798, '/', 'default', 0x466f6f746572205468726565, '', '7.14'),
(799, '/', 'default', 0x466f6f74657220466f7572, '', '7.14'),
(800, '/', 'default', 0x466f6f74657220436f70797269676874, '', '7.14'),
(801, '/', 'default', 0x4e617669676174696f6e, '', '7.14'),
(802, '/', 'default', 0x436f6d706f73652074697073, '', '7.14'),
(803, '/', 'default', 0x436f6e74616374, '', '7.14'),
(804, '/', 'default', 0x2250696e2049742220427574746f6e, '', '7.14'),
(805, '/', 'default', 0x456e74657220746865207465726d7320796f75207769736820746f2073656172636820666f722e, '', '7.14'),
(806, '/', 'default', 0x4d61696e206d656e75, '', '7.14'),
(807, '/', 'default', 0x416c6c, '', '7.14'),
(808, '/', 'default', 0x2531, '', '7.14'),
(809, '/', 'default', 0x446973706c617920616c6c20726573756c747320666f722074686520737065636966696564206669656c64, '', '7.14'),
(810, '/', 'default', 0x50726f766964652064656661756c742076616c7565, '', '7.14'),
(811, '/', 'default', 0x486964652076696577, '', '7.14'),
(812, '/', 'default', 0x446973706c617920612073756d6d617279, '', '7.14'),
(813, '/', 'default', 0x446973706c617920636f6e74656e7473206f6620224e6f20726573756c747320666f756e6422, '', '7.14'),
(814, '/', 'default', 0x53686f77202250616765206e6f7420666f756e6422, '', '7.14'),
(815, '/', 'default', 0x24312d3230, '', '7.14'),
(816, '/', 'default', 0x2432302d3530, '', '7.14'),
(817, '/', 'default', 0x2435302d313030, '', '7.14'),
(818, '/', 'default', 0x243130302d323030, '', '7.14'),
(819, '/', 'default', 0x243230302d353030, '', '7.14'),
(820, '/', 'default', 0x243530302b, '', '7.14'),
(821, '/', 'default', 0x57686f2773206e6577, '', '7.14'),
(822, '/', 'default', 0x53796e646963617465, '', '7.14'),
(823, '/', 'default', 0x53756273637269626520746f2040666565642d7469746c65, '', '7.14'),
(824, '/', 'default', 0x526563656e7420636f6d6d656e7473, '', '7.14'),
(825, '/', 'default', 0x31206d6f6e7468, '', '7.14'),
(826, '/', 'default', 0x40636f756e742064617973, '', '7.14'),
(827, '/', 'default', 0x4074696d652061676f, '', '7.14'),
(828, '/', 'default', 0x31207765656b, '', '7.14'),
(829, '/', 'default', 0x40636f756e74206d6f6e746873, '', '7.14'),
(830, '/', 'default', 0x40636f756e74207765656b73, '', '7.14'),
(831, '/', 'default', 0x526563656e7420626c6f6720706f737473, '', '7.14'),
(832, '/', 'default', 0x5265616420746865206c617465737420626c6f6720656e74726965732e, '', '7.14'),
(833, '/', 'default', 0x506f7765726564206279203c6120687265663d2240706f77657265646279223e44727570616c3c2f613e, '', '7.14'),
(834, '/', 'default', 0x54686572652069732063757272656e746c7920312075736572206f6e6c696e652e, '', '7.14'),
(835, '/', 'default', 0x57686f2773206f6e6c696e65, '', '7.14'),
(836, '/', 'default', 0x4c697374206c696e6b73, '', '7.14'),
(837, '/', 'default', 0x45646974206d656e75, '', '7.14'),
(838, '/', 'default', 0x436f6e66696775726520626c6f636b, '', '7.14'),
(839, '/', 'default', 0x53656172636820666f726d, '', '7.14'),
(840, '/', 'default', 0x5363726f6c6c20746f20746f70, '', '7.14'),
(841, '/', 'default', 0x41646d696e69737472617469766520746f6f6c626172, '', '7.14'),
(842, '/', 'default', 0x48656c6c6f203c7374726f6e673e40757365726e616d653c2f7374726f6e673e, '', '7.14'),
(843, '/', 'default', 0x506572666f726d616e6365, '', '7.14'),
(844, '/', 'default', 0x456e61626c65206f722064697361626c6520706167652063616368696e6720666f7220616e6f6e796d6f757320757365727320616e64207365742043535320616e64204a532062616e647769647468206f7074696d697a6174696f6e206f7074696f6e732e, '', '7.14'),
(845, '/', 'default', 0x456469742073686f727463757473, '', '7.14'),
(846, '/admin/config', 'default', 0x4744206c69627261727920504e4720737570706f7274, '', '7.14'),
(847, '/admin/config', 'default', 0x436f6e7461637420496d706f7274657220776f726b732062657374207768656e207573696e672061203c6120687265663d224075726c223e6d6f64616c20706f702d75703c2f613e20746f20666574636820636f6e74616374732e, '', '7.14'),
(848, '/admin/config', 'default', 0x4d6f64616c20706f702d7570206e6f7420666f756e64, '', '7.14'),
(849, '/admin/config', 'default', 0x43546f6f6c7320435353204361636865, '', '7.14'),
(850, '/admin/config', 'default', 0x457869737473, '', '7.14'),
(851, '/admin/config', 'default', 0x4e6f7420656e61626c6564, '', '7.14'),
(852, '/admin/config', 'default', 0x596f7572207365727665722069732063617061626c65206f6620646973706c6179696e672066696c652075706c6f61642070726f67726573732c2062757420646f6573206e6f74206861766520746865207265717569726564206c69627261726965732e204974206973207265636f6d6d656e64656420746f20696e7374616c6c20746865203c6120687265663d22687474703a2f2f7065636c2e7068702e6e65742f7061636b6167652f75706c6f616470726f6772657373223e5045434c2075706c6f616470726f6772657373206c6962726172793c2f613e202870726566657272656429206f7220746f20696e7374616c6c203c6120687265663d22687474703a2f2f7573322e7068702e6e65742f617063223e4150433c2f613e2e, '', '7.14'),
(853, '/admin/config', 'default', 0x55706c6f61642070726f6772657373, '', '7.14'),
(854, '/admin/config', 'default', 0x616e6f6e796d6f75732075736572, '', '7.14'),
(855, '/admin/config', 'default', 0x61757468656e746963617465642075736572, '', '7.14'),
(856, '/admin/config', 'default', 0x4744206c69627261727920726f7461746520616e6420646573617475726174652065666665637473, '', '7.14'),
(857, '/admin/config; sites/all/modules/auto_nodetitle/auto_nodetitle.js', 'default', 0x44697361626c6564, '', '7.14'),
(858, '/admin/config', 'default', 0x496620746865207369746520697320657870657269656e63696e672070726f626c656d732077697468207065726d697373696f6e7320746f20636f6e74656e742c20796f75206d6179206861766520746f2072656275696c6420746865207065726d697373696f6e732063616368652e2052656275696c64696e672077696c6c2072656d6f766520616c6c2070726976696c6567657320746f20636f6e74656e7420616e64207265706c616365207468656d2077697468207065726d697373696f6e73206261736564206f6e207468652063757272656e74206d6f64756c657320616e642073657474696e67732e2052656275696c64696e67206d61792074616b6520736f6d652074696d652069662074686572652069732061206c6f74206f6620636f6e74656e74206f7220636f6d706c6578207065726d697373696f6e2073657474696e67732e2041667465722072656275696c64696e672068617320636f6d706c657465642c20636f6e74656e742077696c6c206175746f6d61746963616c6c792075736520746865206e6577207065726d697373696f6e732e, '', '7.14'),
(859, '/admin/config', 'default', 0x4e6f646520416363657373205065726d697373696f6e73, '', '7.14'),
(860, '/admin/config', 'default', 0x52656275696c64207065726d697373696f6e73, '', '7.14'),
(861, '/admin/config', 'default', 0x44727570616c, '', '7.14'),
(862, '/admin/config', 'default', 0x57656220736572766572, '', '7.14'),
(863, '/admin/config', 'default', 0x504850, '', '7.14'),
(864, '/admin/config', 'default', 0x6d6f726520696e666f726d6174696f6e, '', '7.14'),
(865, '/admin/config', 'default', 0x50485020726567697374657220676c6f62616c73, '', '7.14'),
(866, '/admin/config', 'default', 0x50485020657874656e73696f6e73, '', '7.14'),
(867, '/admin/config', 'default', 0x44617461626173652073797374656d, '', '7.14'),
(868, '/admin/config', 'default', 0x44617461626173652073797374656d2076657273696f6e, '', '7.14'),
(869, '/admin/config', 'default', 0x504850206d656d6f7279206c696d6974, '', '7.14'),
(870, '/admin/config', 'default', 0x50726f746563746564, '', '7.14'),
(871, '/admin/config', 'default', 0x436f6e66696775726174696f6e2066696c65, '', '7.14'),
(872, '/admin/config', 'default', 0x466f72206d6f726520696e666f726d6174696f6e2c2073656520746865206f6e6c696e652068616e64626f6f6b20656e74727920666f72203c6120687265663d224063726f6e2d68616e64626f6f6b223e636f6e6669677572696e672063726f6e206a6f62733c2f613e2e, '', '7.14'),
(873, '/admin/config', 'default', 0x40636f756e74206d696e, '', '7.14'),
(874, '/admin/config', 'default', 0x40636f756e7420736563, '', '7.14'),
(875, '/admin/config', 'default', 0x4c6173742072756e202174696d652061676f, '', '7.14'),
(876, '/admin/config', 'default', 0x596f752063616e203c6120687265663d224063726f6e223e72756e2063726f6e206d616e75616c6c793c2f613e2e, '', '7.14'),
(877, '/admin/config', 'default', 0x546f2072756e2063726f6e2066726f6d206f7574736964652074686520736974652c20676f20746f203c6120687265663d222163726f6e223e2163726f6e3c2f613e, '', '7.14'),
(878, '/admin/config', 'default', 0x43726f6e206d61696e74656e616e6365207461736b73, '', '7.14'),
(879, '/admin/config', 'default', 0x46696c652073797374656d, '', '7.14'),
(880, '/admin/config', 'default', 0x5772697461626c6520283c656d3e7075626c69633c2f656d3e20646f776e6c6f6164206d6574686f6429, '', '7.14'),
(881, '/admin/config', 'default', 0x44617461626173652075706461746573, '', '7.14'),
(882, '/admin/config', 'default', 0x41636365737320746f207570646174652e706870, '', '7.14'),
(883, '/admin/config', 'default', 0x5374616e6461726420504850, '', '7.14'),
(884, '/admin/config', 'default', 0x504850204d62737472696e6720457874656e73696f6e, '', '7.14'),
(885, '/admin/config', 'default', 0x4572726f72, '', '7.14'),
(886, '/admin/config', 'default', 0x556e69636f6465206c696272617279, '', '7.14'),
(887, '/admin/config', 'default', 0x557064617465206e6f74696669636174696f6e73, '', '7.14'),
(888, '/admin/config', 'default', 0x5472616e736c6174696f6e20736f75726365206e6f6465, '', '7.14'),
(889, '/admin/config', 'default', 0x54686520736f75726365206e6f646520666f7220746869732063757272656e74206e6f64652773207472616e736c6174696f6e207365742e, '', '7.14'),
(890, '/admin/config', 'default', 0x5265766973696f6e206c6f67206d657373616765, '', '7.14'),
(891, '/admin/config', 'default', 0x546865206578706c616e6174696f6e206f6620746865206d6f737420726563656e74206368616e676573206d61646520746f20746865206e6f64652e, '', '7.14'),
(892, '/admin/config', 'default', 0x436f6e74656e742074797065, '', '7.14'),
(893, '/admin/config', 'default', 0x54686520636f6e74656e742074797065206f6620746865206e6f64652e, '', '7.14'),
(894, '/admin/config', 'default', 0x436f6e74656e74207479706573, '', '7.14'),
(895, '/admin/config', 'default', 0x546f6b656e732072656c6174656420746f20636f6e74656e742074797065732e, '', '7.14'),
(896, '/admin/config', 'default', 0x546865206e616d65206f662074686520636f6e74656e7420747970652e, '', '7.14'),
(897, '/admin/config', 'default', 0x4d616368696e652d7265616461626c65206e616d65, '', '7.14'),
(898, '/admin/config', 'default', 0x54686520756e69717565206d616368696e652d7265616461626c65206e616d65206f662074686520636f6e74656e7420747970652e, '', '7.14'),
(899, '/admin/config', 'default', 0x546865206f7074696f6e616c206465736372697074696f6e206f662074686520636f6e74656e7420747970652e, '', '7.14'),
(900, '/admin/config', 'default', 0x4e6f646520636f756e74, '', '7.14'),
(901, '/admin/config', 'default', 0x546865206e756d626572206f66206e6f6465732062656c6f6e67696e6720746f2074686520636f6e74656e7420747970652e, '', '7.14'),
(902, '/admin/config', 'default', 0x456469742055524c, '', '7.14'),
(903, '/admin/config', 'default', 0x5468652055524c206f662074686520636f6e74656e7420747970652773206564697420706167652e, '', '7.14'),
(904, '/admin/config', 'default', 0x5468652055524c206f6620746865207461786f6e6f6d79207465726d2773206564697420706167652e, '', '7.14'),
(905, '/admin/config', 'default', 0x506172656e7473, '', '7.14'),
(906, '/admin/config', 'default', 0x416e206172726179206f6620616c6c20746865207465726d277320706172656e74732c207374617274696e6720776974682074686520726f6f742e, '', '7.14'),
(907, '/admin/config', 'default', 0x526f6f74207465726d, '', '7.14'),
(908, '/admin/config', 'default', 0x54686520726f6f74207465726d206f6620746865207461786f6e6f6d79207465726d2e, '', '7.14'),
(909, '/admin/config', 'default', 0x54686520756e69717565206d616368696e652d7265616461626c65206e616d65206f662074686520766f636162756c6172792e, '', '7.14'),
(910, '/admin/config', 'default', 0x5468652055524c206f662074686520766f636162756c6172792773206564697420706167652e, '', '7.14'),
(911, '/admin/config', 'default', 0x42617365206e616d65, '', '7.14'),
(912, '/admin/config', 'default', 0x5468652062617365206e616d65206f66207468652066696c652e, '', '7.14'),
(913, '/admin/config', 'default', 0x46696c6520627974652073697a65, '', '7.14'),
(914, '/admin/config', 'default', 0x5468652073697a65206f66207468652066696c652c20696e2062797465732e, '', '7.14'),
(915, '/admin/config', 'default', 0x4163636f756e742063616e63656c6c6174696f6e2055524c, '', '7.14'),
(916, '/admin/config', 'default', 0x5468652055524c206f662074686520636f6e6669726d2064656c657465207061676520666f72207468652075736572206163636f756e742e, '', '7.14'),
(917, '/admin/config', 'default', 0x4f6e652d74696d65206c6f67696e2055524c, '', '7.14'),
(918, '/admin/config', 'default', 0x5468652055524c206f6620746865206f6e652d74696d65206c6f67696e207061676520666f72207468652075736572206163636f756e742e, '', '7.14'),
(919, '/admin/config', 'default', 0x5468652070696374757265206f662074686520757365722e, '', '7.14'),
(920, '/admin/config', 'default', 0x546865207573657220726f6c6573206173736f6369617465642077697468207468652075736572206163636f756e742e, '', '7.14'),
(921, '/admin/config', 'default', 0x49502061646472657373, '', '7.14'),
(922, '/admin/config', 'default', 0x4d656e75206c696e6b73, '', '7.14'),
(923, '/admin/config', 'default', 0x546f6b656e732072656c6174656420746f206d656e75206c696e6b732e, '', '7.14'),
(924, '/admin/config', 'default', 0x4c696e6b204944, '', '7.14'),
(925, '/admin/config', 'default', 0x54686520756e69717565204944206f6620746865206d656e75206c696e6b2e, '', '7.14'),
(926, '/admin/config', 'default', 0x546865207469746c65206f6620746865206d656e75206c696e6b2e, '', '7.14'),
(927, '/admin/config', 'default', 0x55524c, '', '7.14'),
(928, '/admin/config', 'default', 0x5468652055524c206f6620746865206d656e75206c696e6b2e, '', '7.14'),
(929, '/admin/config', 'default', 0x546865206d656e75206c696e6b277320706172656e742e, '', '7.14'),
(930, '/admin/config', 'default', 0x416e206172726179206f6620616c6c20746865206d656e75206c696e6b277320706172656e74732c207374617274696e6720776974682074686520726f6f742e, '', '7.14'),
(931, '/admin/config', 'default', 0x526f6f74, '', '7.14'),
(932, '/admin/config', 'default', 0x546865206d656e75206c696e6b277320726f6f742e, '', '7.14'),
(933, '/admin/config', 'default', 0x43757272656e742070616765, '', '7.14'),
(934, '/admin/config', 'default', 0x546f6b656e732072656c6174656420746f207468652063757272656e74207061676520726571756573742e, '', '7.14'),
(935, '/admin/config', 'default', 0x546865207469746c65206f66207468652063757272656e7420706167652e, '', '7.14'),
(936, '/admin/config', 'default', 0x5468652055524c206f66207468652063757272656e7420706167652e, '', '7.14'),
(937, '/admin/config', 'default', 0x50616765206e756d626572, '', '7.14'),
(938, '/admin/config', 'default', 0x5468652070616765206e756d626572206f66207468652063757272656e742070616765207768656e2076696577696e67207061676564206c697374732e, '', '7.14'),
(939, '/admin/config', 'default', 0x517565727920737472696e672076616c7565, '', '7.14'),
(940, '/admin/config', 'default', 0x5468652076616c7565206f66206120737065636966696320717565727920737472696e67206669656c64206f66207468652063757272656e7420706167652e, '', '7.14'),
(941, '/admin/config', 'default', 0x546f6b656e732072656c6174656420746f2055524c732e, '', '7.14'),
(942, '/admin/config', 'default', 0x546865207061746820636f6d706f6e656e74206f66207468652055524c2e, '', '7.14'),
(943, '/admin/config', 'default', 0x52656c61746976652055524c, '', '7.14'),
(944, '/admin/config', 'default', 0x5468652072656c61746976652055524c2e, '', '7.14'),
(945, '/admin/config', 'default', 0x4162736f6c7574652055524c, '', '7.14'),
(946, '/admin/config', 'default', 0x546865206162736f6c7574652055524c2e, '', '7.14'),
(947, '/admin/config', 'default', 0x42726965662055524c, '', '7.14'),
(948, '/admin/config', 'default', 0x5468652055524c20776974686f7574207468652070726f746f636f6c20616e6420747261696c696e67206261636b736c6173682e, '', '7.14'),
(949, '/admin/config', 'default', 0x556e616c69617365642055524c, '', '7.14'),
(950, '/admin/config', 'default', 0x54686520756e616c69617365642055524c2e, '', '7.14'),
(951, '/admin/config', 'default', 0x417267756d656e7473, '', '7.14'),
(952, '/admin/config', 'default', 0x54686520737065636966696320617267756d656e74206f66207468652063757272656e7420706167652028652e672e20276172673a3127206f6e20746865207061676520276e6f64652f31272072657475726e7320273127292e, '', '7.14'),
(953, '/admin/config', 'default', 0x4172726179, '', '7.14'),
(954, '/admin/config', 'default', 0x546f6b656e732072656c6174656420746f20617272617973206f6620737472696e67732e, '', '7.14'),
(955, '/admin/config', 'default', 0x4669727374, '', '7.14'),
(956, '/admin/config', 'default', 0x54686520666972737420656c656d656e74206f66207468652061727261792e, '', '7.14'),
(957, '/admin/config', 'default', 0x4c617374, '', '7.14'),
(958, '/admin/config', 'default', 0x546865206c61737420656c656d656e74206f66207468652061727261792e, '', '7.14'),
(959, '/admin/config', 'default', 0x436f756e74, '', '7.14'),
(960, '/admin/config', 'default', 0x546865206e756d626572206f6620656c656d656e747320696e207468652061727261792e, '', '7.14'),
(961, '/admin/config', 'default', 0x5265766572736564, '', '7.14'),
(962, '/admin/config', 'default', 0x5468652061727261792072657665727365642e, '', '7.14'),
(963, '/admin/config', 'default', 0x4b657973, '', '7.14'),
(964, '/admin/config', 'default', 0x546865206172726179206f66206b657973206f66207468652061727261792e, '', '7.14'),
(965, '/admin/config', 'default', 0x496d706c6f646564, '', '7.14'),
(966, '/admin/config', 'default', 0x5468652076616c756573206f6620746865206172726179206a6f696e656420746f6765746865722077697468206120637573746f6d20737472696e6720696e2d6265747765656e20656163682076616c75652e, '', '7.14'),
(967, '/admin/config', 'default', 0x5468652073706563696669632076616c7565206f66207468652061727261792e, '', '7.14'),
(968, '/admin/config', 'default', 0x4e756d626572, '', '7.14'),
(969, '/admin/config', 'default', 0x412072616e646f6d206e756d6265722066726f6d203020746f20406d61782e, '', '7.14'),
(970, '/admin/config', 'default', 0x48617368, '', '7.14'),
(971, '/admin/config', 'default', 0x412072616e646f6d20686173682e2054686520706f737369626c652068617368696e6720616c676f726974686d73206172653a2040686173682d616c676f732e, '', '7.14'),
(972, '/admin/config', 'default', 0x546f6b656e7320666f7220636f6d6d656e747320706f73746564206f6e2074686520736974652e, '', '7.14'),
(973, '/admin/config', 'default', 0x546865206e756d626572206f6620636f6d6d656e747320706f73746564206f6e2061206e6f64652e, '', '7.14'),
(974, '/admin/config', 'default', 0x4e657720636f6d6d656e7420636f756e74, '', '7.14'),
(975, '/admin/config', 'default', 0x546865206e756d626572206f6620636f6d6d656e747320706f73746564206f6e2061206e6f64652073696e63652074686520726561646572206c617374207669657765642069742e, '', '7.14'),
(976, '/admin/config', 'default', 0x436f6d6d656e74204944, '', '7.14'),
(977, '/admin/config', 'default', 0x54686520756e69717565204944206f662074686520636f6d6d656e742e, '', '7.14'),
(978, '/admin/config', 'default', 0x5468652049502061646472657373206f662074686520636f6d70757465722074686520636f6d6d656e742077617320706f737465642066726f6d2e, '', '7.14'),
(979, '/admin/config', 'default', 0x546865206e616d65206c6566742062792074686520636f6d6d656e7420617574686f722e, '', '7.14'),
(980, '/admin/config', 'default', 0x456d61696c2061646472657373, '', '7.14'),
(981, '/admin/config', 'default', 0x54686520656d61696c2061646472657373206c6566742062792074686520636f6d6d656e7420617574686f722e, '', '7.14'),
(982, '/admin/config', 'default', 0x486f6d652070616765, '', '7.14'),
(983, '/admin/config', 'default', 0x54686520686f6d6520706167652055524c206c6566742062792074686520636f6d6d656e7420617574686f722e, '', '7.14'),
(984, '/admin/config', 'default', 0x54686520666f726d617474656420636f6e74656e74206f662074686520636f6d6d656e7420697473656c662e, '', '7.14');
INSERT INTO `prefixpinboard_locales_source` (`lid`, `location`, `textgroup`, `source`, `context`, `version`) VALUES
(985, '/admin/config', 'default', 0x5468652055524c206f662074686520636f6d6d656e742e, '', '7.14'),
(986, '/admin/config', 'default', 0x5468652055524c206f662074686520636f6d6d656e742773206564697420706167652e, '', '7.14'),
(987, '/admin/config', 'default', 0x446174652063726561746564, '', '7.14'),
(988, '/admin/config', 'default', 0x54686520646174652074686520636f6d6d656e742077617320706f737465642e, '', '7.14'),
(989, '/admin/config', 'default', 0x44617465206368616e676564, '', '7.14'),
(990, '/admin/config', 'default', 0x54686520646174652074686520636f6d6d656e7420776173206d6f737420726563656e746c7920757064617465642e, '', '7.14'),
(991, '/admin/config', 'default', 0x54686520636f6d6d656e74277320706172656e742c20696620636f6d6d656e7420746872656164696e67206973206163746976652e, '', '7.14'),
(992, '/admin/config', 'default', 0x546865206e6f64652074686520636f6d6d656e742077617320706f7374656420746f2e, '', '7.14'),
(993, '/admin/config', 'default', 0x54686520617574686f72206f662074686520636f6d6d656e742c20696620746865792077657265206c6f6767656420696e2e, '', '7.14'),
(994, '/admin/config', 'default', 0x496e76697465, '', '7.14'),
(995, '/admin/config', 'default', 0x546f6b656e732072656c6174656420746f20696e76697465732e, '', '7.14'),
(996, '/admin/config', 'default', 0x496e7669746572, '', '7.14'),
(997, '/admin/config', 'default', 0x5468652075736572206e616d65206f662074686520696e76697465722e, '', '7.14'),
(998, '/admin/config', 'default', 0x496e7669746572202872617729, '', '7.14'),
(999, '/admin/config', 'default', 0x5468652075736572206e616d65206f662074686520696e76697465722e205741524e494e47202d20726177207573657220696e7075742e, '', '7.14'),
(1000, '/admin/config', 'default', 0x496e76697465206d61696c, '', '7.14'),
(1001, '/admin/config', 'default', 0x54686520652d6d61696c2061646472657373206f662074686520696e766974656420757365722e, '', '7.14'),
(1002, '/admin/config', 'default', 0x496e76697465206d657373616765, '', '7.14'),
(1003, '/admin/config', 'default', 0x54686520706572736f6e616c206d65737361676520666f722074686520696e76697465652e, '', '7.14'),
(1004, '/admin/config', 'default', 0x496e76697465206d65737361676520726177, '', '7.14'),
(1005, '/admin/config', 'default', 0x54686520706572736f6e616c206d65737361676520666f722074686520696e766974656520617320756e66696c746572656420746578742e205741524e494e47202d20726177207573657220696e7075742e, '', '7.14'),
(1006, '/admin/config', 'default', 0x4a6f696e206c696e6b, '', '7.14'),
(1007, '/admin/config', 'default', 0x546865206c696e6b20746f2074686520726567697374726174696f6e20706167652c20696e636c7564696e672074686520696e7669746174696f6e20636f64652e, '', '7.14'),
(1008, '/admin/config', 'default', 0x4e6f646573, '', '7.14'),
(1009, '/admin/config', 'default', 0x546f6b656e732072656c6174656420746f20696e646976696475616c20636f6e74656e74206974656d732c206f7220226e6f646573222e, '', '7.14'),
(1010, '/admin/config', 'default', 0x436f6e74656e74204944, '', '7.14'),
(1011, '/admin/config', 'default', 0x54686520756e69717565204944206f662074686520636f6e74656e74206974656d2c206f7220226e6f6465222e, '', '7.14'),
(1012, '/admin/config', 'default', 0x5265766973696f6e204944, '', '7.14'),
(1013, '/admin/config', 'default', 0x54686520756e69717565204944206f6620746865206e6f64652773206c6174657374207265766973696f6e2e, '', '7.14'),
(1014, '/admin/config', 'default', 0x5472616e736c6174696f6e20736574204944, '', '7.14'),
(1015, '/admin/config', 'default', 0x54686520756e69717565204944206f6620746865206f726967696e616c2d6c616e67756167652076657273696f6e206f662074686973206e6f64652c206966206f6e65206578697374732e, '', '7.14'),
(1016, '/admin/config', 'default', 0x5468652074797065206f6620746865206e6f64652e, '', '7.14'),
(1017, '/admin/config', 'default', 0x436f6e74656e742074797065206e616d65, '', '7.14'),
(1018, '/admin/config', 'default', 0x5468652068756d616e2d7265616461626c65206e616d65206f6620746865206e6f646520747970652e, '', '7.14'),
(1019, '/admin/config', 'default', 0x546865207469746c65206f6620746865206e6f64652e, '', '7.14'),
(1020, '/admin/config', 'default', 0x426f6479, '', '7.14'),
(1021, '/admin/config', 'default', 0x546865206d61696e20626f64792074657874206f6620746865206e6f64652e, '', '7.14'),
(1022, '/admin/config', 'default', 0x53756d6d617279, '', '7.14'),
(1023, '/admin/config', 'default', 0x5468652073756d6d617279206f6620746865206e6f64652773206d61696e20626f647920746578742e, '', '7.14'),
(1024, '/admin/config', 'default', 0x546865206c616e677561676520746865206e6f6465206973207772697474656e20696e2e, '', '7.14'),
(1025, '/admin/config', 'default', 0x5468652055524c206f6620746865206e6f64652e, '', '7.14'),
(1026, '/admin/config', 'default', 0x5468652055524c206f6620746865206e6f64652773206564697420706167652e, '', '7.14'),
(1027, '/admin/config', 'default', 0x546865206461746520746865206e6f64652077617320706f737465642e, '', '7.14'),
(1028, '/admin/config', 'default', 0x546865206461746520746865206e6f646520776173206d6f737420726563656e746c7920757064617465642e, '', '7.14'),
(1029, '/admin/config', 'default', 0x54686520617574686f72206f6620746865206e6f64652e, '', '7.14'),
(1030, '/admin/config', 'default', 0x4e756d626572206f66207669657773, '', '7.14'),
(1031, '/admin/config', 'default', 0x546865206e756d626572206f662076697369746f72732077686f2068617665207265616420746865206e6f64652e, '', '7.14'),
(1032, '/admin/config', 'default', 0x546865206e756d626572206f662076697369746f72732077686f2068617665207265616420746865206e6f646520746f6461792e, '', '7.14'),
(1033, '/admin/config', 'default', 0x4c6173742076696577, '', '7.14'),
(1034, '/admin/config', 'default', 0x5468652064617465206f6e20776869636820612076697369746f72206c617374207265616420746865206e6f64652e, '', '7.14'),
(1035, '/admin/config', 'default', 0x5369746520696e666f726d6174696f6e, '', '7.14'),
(1036, '/admin/config', 'default', 0x546f6b656e7320666f7220736974652d776964652073657474696e677320616e64206f7468657220676c6f62616c20696e666f726d6174696f6e2e, '', '7.14'),
(1037, '/admin/config', 'default', 0x4461746573, '', '7.14'),
(1038, '/admin/config', 'default', 0x546f6b656e732072656c6174656420746f2074696d657320616e642064617465732e, '', '7.14'),
(1039, '/admin/config', 'default', 0x46696c6573, '', '7.14'),
(1040, '/admin/config', 'default', 0x546f6b656e732072656c6174656420746f2075706c6f616465642066696c65732e, '', '7.14'),
(1041, '/admin/config', 'default', 0x546865206e616d65206f662074686520736974652e, '', '7.14'),
(1042, '/admin/config', 'default', 0x536c6f67616e, '', '7.14'),
(1043, '/admin/config', 'default', 0x54686520736c6f67616e206f662074686520736974652e, '', '7.14'),
(1044, '/admin/config', 'default', 0x456d61696c, '', '7.14'),
(1045, '/admin/config', 'default', 0x5468652061646d696e69737472617469766520656d61696c206164647265737320666f722074686520736974652e, '', '7.14'),
(1046, '/admin/config', 'default', 0x5468652055524c206f6620746865207369746527732066726f6e7420706167652e, '', '7.14'),
(1047, '/admin/config', 'default', 0x55524c2028627269656629, '', '7.14'),
(1048, '/admin/config', 'default', 0x5468652055524c206f6620746865207369746527732066726f6e74207061676520776974686f7574207468652070726f746f636f6c2e, '', '7.14'),
(1049, '/admin/config', 'default', 0x4c6f67696e2070616765, '', '7.14'),
(1050, '/admin/config', 'default', 0x5468652055524c206f662074686520736974652773206c6f67696e20706167652e, '', '7.14'),
(1051, '/admin/config', 'default', 0x53686f727420666f726d6174, '', '7.14'),
(1052, '/admin/config', 'default', 0x41206461746520696e202773686f72742720666f726d61742e2028256461746529, '', '7.14'),
(1053, '/admin/config', 'default', 0x4d656469756d20666f726d6174, '', '7.14'),
(1054, '/admin/config', 'default', 0x41206461746520696e20276d656469756d2720666f726d61742e2028256461746529, '', '7.14'),
(1055, '/admin/config', 'default', 0x4c6f6e6720666f726d6174, '', '7.14'),
(1056, '/admin/config', 'default', 0x4d6f6e646179, '', '7.14'),
(1057, '/admin/config', 'default', 0x4a756e65, 'Long month name', '7.14'),
(1058, '/admin/config', 'default', 0x41206461746520696e20276c6f6e672720666f726d61742e2028256461746529, '', '7.14'),
(1059, '/admin/config', 'default', 0x437573746f6d20666f726d6174, '', '7.14'),
(1060, '/admin/config', 'default', 0x7468652050485020646f63756d656e746174696f6e, '', '7.14'),
(1061, '/admin/config', 'default', 0x41206461746520696e206120637573746f6d20666f726d61742e2053656520217068702d6461746520666f722064657461696c732e, '', '7.14'),
(1062, '/admin/config', 'default', 0x54696d652d73696e6365, '', '7.14'),
(1063, '/admin/config', 'default', 0x40636f756e74207965617273, '', '7.14'),
(1064, '/admin/config', 'default', 0x41206461746520696e202774696d652d73696e63652720666f726d61742e2028256461746529, '', '7.14'),
(1065, '/admin/config', 'default', 0x5261772074696d657374616d70, '', '7.14'),
(1066, '/admin/config', 'default', 0x41206461746520696e20554e49582074696d657374616d7020666f726d61742028256461746529, '', '7.14'),
(1067, '/admin/config', 'default', 0x54686520756e69717565204944206f66207468652075706c6f616465642066696c652e, '', '7.14'),
(1068, '/admin/config', 'default', 0x46696c65206e616d65, '', '7.14'),
(1069, '/admin/config', 'default', 0x546865206e616d65206f66207468652066696c65206f6e206469736b2e, '', '7.14'),
(1070, '/admin/config', 'default', 0x546865206c6f636174696f6e206f66207468652066696c652072656c617469766520746f2044727570616c20726f6f742e, '', '7.14'),
(1071, '/admin/config', 'default', 0x4d494d452074797065, '', '7.14'),
(1072, '/admin/config', 'default', 0x546865204d494d452074797065206f66207468652066696c652e, '', '7.14'),
(1073, '/admin/config', 'default', 0x46696c652073697a65, '', '7.14'),
(1074, '/admin/config', 'default', 0x546865207765622d61636365737369626c652055524c20666f72207468652066696c652e, '', '7.14'),
(1075, '/admin/config', 'default', 0x5468652064617465207468652066696c6520776173206d6f737420726563656e746c79206368616e6765642e, '', '7.14'),
(1076, '/admin/config', 'default', 0x4f776e6572, '', '7.14'),
(1077, '/admin/config', 'default', 0x54686520757365722077686f206f726967696e616c6c792075706c6f61646564207468652066696c652e, '', '7.14'),
(1078, '/admin/config', 'default', 0x5461786f6e6f6d79207465726d73, '', '7.14'),
(1079, '/admin/config', 'default', 0x546f6b656e732072656c6174656420746f207461786f6e6f6d79207465726d732e, '', '7.14'),
(1080, '/admin/config', 'default', 0x566f636162756c6172696573, '', '7.14'),
(1081, '/admin/config', 'default', 0x546f6b656e732072656c6174656420746f207461786f6e6f6d7920766f636162756c61726965732e, '', '7.14'),
(1082, '/admin/config', 'default', 0x54686520756e69717565204944206f6620746865207461786f6e6f6d79207465726d2e, '', '7.14'),
(1083, '/admin/config', 'default', 0x546865206e616d65206f6620746865207461786f6e6f6d79207465726d2e, '', '7.14'),
(1084, '/admin/config', 'default', 0x546865206f7074696f6e616c206465736372697074696f6e206f6620746865207461786f6e6f6d79207465726d2e, '', '7.14'),
(1085, '/admin/config', 'default', 0x546865206e756d626572206f66206e6f64657320746167676564207769746820746865207461786f6e6f6d79207465726d2e, '', '7.14'),
(1086, '/admin/config', 'default', 0x5468652055524c206f6620746865207461786f6e6f6d79207465726d2e, '', '7.14'),
(1087, '/admin/config', 'default', 0x54686520756e69717565204944206f6620746865207461786f6e6f6d7920766f636162756c6172792e, '', '7.14'),
(1088, '/admin/config', 'default', 0x546865206e616d65206f6620746865207461786f6e6f6d7920766f636162756c6172792e, '', '7.14'),
(1089, '/admin/config', 'default', 0x546865206f7074696f6e616c206465736372697074696f6e206f6620746865207461786f6e6f6d7920766f636162756c6172792e, '', '7.14'),
(1090, '/admin/config', 'default', 0x546865206e756d626572206f66206e6f646573207461676765642077697468207465726d732062656c6f6e67696e6720746f20746865207461786f6e6f6d7920766f636162756c6172792e, '', '7.14'),
(1091, '/admin/config', 'default', 0x5465726d20636f756e74, '', '7.14'),
(1092, '/admin/config', 'default', 0x546865206e756d626572206f66207465726d732062656c6f6e67696e6720746f20746865207461786f6e6f6d7920766f636162756c6172792e, '', '7.14'),
(1093, '/admin/config', 'default', 0x54686520766f636162756c61727920746865207461786f6e6f6d79207465726d2062656c6f6e677320746f2e, '', '7.14'),
(1094, '/admin/config', 'default', 0x54686520706172656e74207465726d206f6620746865207461786f6e6f6d79207465726d2c206966206f6e65206578697374732e, '', '7.14'),
(1095, '/admin/config', 'default', 0x5573657273, '', '7.14'),
(1096, '/admin/config', 'default', 0x546f6b656e732072656c6174656420746f20696e646976696475616c2075736572206163636f756e74732e, '', '7.14'),
(1097, '/admin/config', 'default', 0x546f6b656e732072656c6174656420746f207468652063757272656e746c79206c6f6767656420696e20757365722e, '', '7.14'),
(1098, '/admin/config', 'default', 0x55736572204944, '', '7.14'),
(1099, '/admin/config', 'default', 0x54686520756e69717565204944206f66207468652075736572206163636f756e742e, '', '7.14'),
(1100, '/admin/config', 'default', 0x546865206c6f67696e206e616d65206f66207468652075736572206163636f756e742e, '', '7.14'),
(1101, '/admin/config', 'default', 0x54686520656d61696c2061646472657373206f66207468652075736572206163636f756e742e, '', '7.14'),
(1102, '/admin/config', 'default', 0x5468652055524c206f6620746865206163636f756e742070726f66696c6520706167652e, '', '7.14'),
(1103, '/admin/config', 'default', 0x5468652055524c206f6620746865206163636f756e74206564697420706167652e, '', '7.14'),
(1104, '/admin/config', 'default', 0x5468652064617465207468652075736572206c617374206c6f6767656420696e20746f2074686520736974652e, '', '7.14'),
(1105, '/admin/config', 'default', 0x43726561746564, '', '7.14'),
(1106, '/admin/config', 'default', 0x5468652064617465207468652075736572206163636f756e742077617320637265617465642e, '', '7.14'),
(1107, '/admin/config', 'default', 0x56696577, '', '7.14'),
(1108, '/admin/config', 'default', 0x546f6b656e732072656c6174656420746f2076696577732e, '', '7.14'),
(1109, '/admin/config', 'default', 0x5468652068756d616e2d7265616461626c65206e616d65206f662074686520766965772e, '', '7.14'),
(1110, '/admin/config', 'default', 0x546865206465736372697074696f6e206f662074686520766965772e, '', '7.14'),
(1111, '/admin/config', 'default', 0x546865206d616368696e652d7265616461626c65206e616d65206f662074686520766965772e, '', '7.14'),
(1112, '/admin/config', 'default', 0x546865207469746c65206f662063757272656e7420646973706c6179206f662074686520766965772e, '', '7.14'),
(1113, '/admin/config', 'default', 0x5468652055524c206f662074686520766965772e, '', '7.14'),
(1114, '/admin/config', 'default', 0x4d656e7573, '', '7.14'),
(1115, '/admin/config', 'default', 0x546f6b656e732072656c6174656420746f206d656e75732e, '', '7.14'),
(1116, '/admin/config', 'default', 0x546865206e616d65206f6620746865206d656e752e, '', '7.14'),
(1117, '/admin/config', 'default', 0x54686520756e69717565206d616368696e652d7265616461626c65206e616d65206f6620746865206d656e752e, '', '7.14'),
(1118, '/admin/config', 'default', 0x546865206f7074696f6e616c206465736372697074696f6e206f6620746865206d656e752e, '', '7.14'),
(1119, '/admin/config', 'default', 0x4d656e75206c696e6b20636f756e74, '', '7.14'),
(1120, '/admin/config', 'default', 0x546865206e756d626572206f66206d656e75206c696e6b732062656c6f6e67696e6720746f20746865206d656e752e, '', '7.14'),
(1121, '/admin/config', 'default', 0x5468652055524c206f6620746865206d656e752773206564697420706167652e, '', '7.14'),
(1122, '/admin/config', 'default', 0x4d656e75, '', '7.14'),
(1123, '/admin/config', 'default', 0x546865206d656e75206f6620746865206d656e75206c696e6b2e, '', '7.14'),
(1124, '/admin/config', 'default', 0x5468652055524c206f6620746865206d656e75206c696e6b2773206564697420706167652e, '', '7.14'),
(1125, '/admin/config', 'default', 0x4d656e75206c696e6b, '', '7.14'),
(1126, '/admin/config', 'default', 0x546865206d656e75206c696e6b20666f722074686973206e6f64652e, '', '7.14'),
(1127, '/admin/config', 'default', 0x43757272656e742064617465, '', '7.14'),
(1128, '/admin/config', 'default', 0x546f6b656e732072656c6174656420746f207468652063757272656e74206461746520616e642074696d652e, '', '7.14'),
(1129, '/admin/config', 'default', 0x4f726967696e616c2040656e74697479, '', '7.14'),
(1130, '/admin/config', 'default', 0x546865206f726967696e616c2040656e746974792064617461206966207468652040656e74697479206973206265696e672075706461746564206f722073617665642e, '', '7.14'),
(1131, '/admin/config', 'default', 0x54686520666f6c6c6f77696e6720746f6b656e73206f7220746f6b656e20747970657320617265206e6f7420646566696e6564206173206172726179733a, '', '7.14'),
(1132, '/admin/config', 'default', 0x54686520666f6c6c6f77696e6720746f6b656e73206f7220746f6b656e20747970657320617265206d697373696e67207265717569726564206e616d6520616e642f6f72206465736372697074696f6e20696e666f726d6174696f6e3a, '', '7.14'),
(1133, '/admin/config', 'default', 0x54686520666f6c6c6f77696e6720746f6b656e20747970657320646f206e6f74206861766520616e7920746f6b656e7320646566696e65643a, '', '7.14'),
(1134, '/admin/config', 'default', 0x54686520666f6c6c6f77696e6720746f6b656e20747970657320617265206e6f7420646566696e656420627574206861766520746f6b656e733a, '', '7.14'),
(1135, '/admin/config', 'default', 0x54686520666f6c6c6f77696e6720746f6b656e206f7220746f6b656e2074797065732061726520646566696e6564206279206d756c7469706c65206d6f64756c65733a, '', '7.14'),
(1136, '/admin/config', 'default', 0x5465787420666f726d617473, '', '7.14'),
(1137, '/admin/config', 'default', 0x436f6e66696775726520686f7720636f6e74656e7420696e7075742062792075736572732069732066696c74657265642c20696e636c7564696e6720616c6c6f7765642048544d4c20746167732e20416c736f20616c6c6f777320656e61626c696e67206f66206d6f64756c652d70726f76696465642066696c746572732e, '', '7.14'),
(1138, '/admin/config', 'default', 0x4c6f6767696e6720616e64206572726f7273, '', '7.14'),
(1139, '/admin/config', 'default', 0x53657474696e677320666f72206c6f6767696e6720616e6420616c65727473206d6f64756c65732e20566172696f7573206d6f64756c65732063616e20726f7574652044727570616c27732073797374656d206576656e747320746f20646966666572656e742064657374696e6174696f6e732c2073756368206173207379736c6f672c2064617461626173652c20656d61696c2c206574632e, '', '7.14'),
(1140, '/admin/config', 'default', 0x4d61696e74656e616e6365206d6f6465, '', '7.14'),
(1141, '/admin/config', 'default', 0x54616b65207468652073697465206f66666c696e6520666f72206d61696e74656e616e6365206f72206272696e67206974206261636b206f6e6c696e652e, '', '7.14'),
(1142, '/admin/config', 'default', 0x54656c6c2044727570616c20776865726520746f2073746f72652075706c6f616465642066696c657320616e6420686f772074686579206172652061636365737365642e, '', '7.14'),
(1143, '/admin/config', 'default', 0x496d61676520746f6f6c6b6974, '', '7.14'),
(1144, '/admin/config', 'default', 0x43686f6f736520776869636820696d61676520746f6f6c6b697420746f2075736520696620796f75206861766520696e7374616c6c6564206f7074696f6e616c20746f6f6c6b6974732e, '', '7.14'),
(1145, '/admin/config', 'default', 0x766964656f207374796c65, '', '7.14'),
(1146, '/admin/config', 'default', 0x766964656f207374796c6573, '', '7.14'),
(1147, '/admin/config', 'default', 0x566964656f205374796c6573, '', '7.14'),
(1148, '/admin/config', 'default', 0x456e61626c65, '', '7.14'),
(1149, '/admin/config', 'default', 0x44697361626c65, '', '7.14'),
(1150, '/admin/config', 'default', 0x526576657274, '', '7.14'),
(1151, '/admin/config', 'default', 0x44656c657465, '', '7.14'),
(1152, '/admin/config', 'default', 0x436c6f6e65, '', '7.14'),
(1153, '/admin/config', 'default', 0x496d706f7274, '', '7.14'),
(1154, '/admin/config', 'default', 0x4578706f7274, '', '7.14'),
(1155, '/admin/config', 'default', 0x4164642061206e65772040706c7567696e, '', '7.14'),
(1156, '/admin/config', 'default', 0x456469742040706c7567696e20257469746c65, '', '7.14'),
(1157, '/admin/config', 'default', 0x436c6f6e652040706c7567696e20257469746c65, '', '7.14'),
(1158, '/admin/config', 'default', 0x496d706f72742040706c7567696e, '', '7.14'),
(1159, '/admin/config', 'default', 0x4578706f72742040706c7567696e20257469746c65, '', '7.14'),
(1160, '/admin/config', 'default', 0x41726520796f75207375726520796f752077616e7420746f2072657665727420257469746c653f, '', '7.14'),
(1161, '/admin/config', 'default', 0x5468697320616374696f6e2077696c6c207065726d616e656e746c792072656d6f766520616e7920637573746f6d697a6174696f6e73206d61646520746f2074686973206974656d2e, '', '7.14'),
(1162, '/admin/config', 'default', 0x546865206974656d20686173206265656e2072657665727465642e, '', '7.14'),
(1163, '/admin/config', 'default', 0x41726520796f75207375726520796f752077616e7420746f2064656c65746520257469746c653f, '', '7.14'),
(1164, '/admin/config', 'default', 0x5468697320616374696f6e2077696c6c207065726d616e656e746c792072656d6f76652074686973206974656d2066726f6d20796f75722064617461626173652e2e, '', '7.14'),
(1165, '/admin/config', 'default', 0x546865206974656d20686173206265656e2064656c657465642e, '', '7.14'),
(1166, '/admin/config', 'default', 0x257469746c6520686173206265656e20637265617465642e, '', '7.14'),
(1167, '/admin/config', 'default', 0x257469746c6520636f756c64206e6f7420626520637265617465642e, '', '7.14'),
(1168, '/admin/config', 'default', 0x257469746c6520686173206265656e20757064617465642e, '', '7.14'),
(1169, '/admin/config', 'default', 0x257469746c6520636f756c64206e6f7420626520757064617465642e, '', '7.14'),
(1170, '/admin/config', 'default', 0x596f752063616e20696d706f727420616e206578706f7274656420646566696e6974696f6e2062792070617374696e6720746865206578706f72746564206f626a65637420636f646520696e746f20746865206669656c642062656c6f772e, '', '7.14'),
(1171, '/admin/config', 'default', 0x40706c7567696e20257469746c652077617320656e61626c65642e, '', '7.14'),
(1172, '/admin/config', 'default', 0x40706c7567696e20257469746c65207761732064697361626c65642e, '', '7.14'),
(1173, '/admin/config', 'default', 0x546865726520617265206e6f20407469746c657320746f20646973706c61792e, '', '7.14'),
(1174, '/admin/config', 'default', 0x436f6e66696775726520566964656f20456d626564205374796c6573, '', '7.14'),
(1175, '/admin/config', 'default', 0x41646d696e697374657220566964656f20456d626564204669656c64277320766964656f207374796c65732e, '', '7.14'),
(1176, '/admin/config', 'default', 0x496d616765207374796c6573, '', '7.14'),
(1177, '/admin/config', 'default', 0x436f6e666967757265207374796c657320746861742063616e206265207573656420666f7220726573697a696e67206f722061646a757374696e6720696d61676573206f6e20646973706c61792e, '', '7.14'),
(1178, '/admin/config', 'default', 0x4163636f756e742073657474696e6773, '', '7.14'),
(1179, '/admin/config', 'default', 0x436f6e6669677572652064656661756c74206265686176696f72206f662075736572732c20696e636c7564696e6720726567697374726174696f6e20726571756972656d656e74732c20652d6d61696c732c206669656c64732c20616e6420757365722070696374757265732e, '', '7.14'),
(1180, '/admin/config', 'default', 0x4772617661746172, '', '7.14'),
(1181, '/admin/config', 'default', 0x41646d696e697374657220477261766174617220696e746567726174696f6e2e, '', '7.14'),
(1182, '/admin/config', 'default', 0x4d6f6469667920696e7669746174696f6e2073657474696e67732e, '', '7.14'),
(1183, '/admin/config', 'default', 0x4c6f67696e7a61, '', '7.14'),
(1184, '/admin/config', 'default', 0x4d616e616765204c6f67696e7a612073657474696e67732e, '', '7.14'),
(1185, '/admin/config', 'default', 0x4950206164647265737320626c6f636b696e67, '', '7.14'),
(1186, '/admin/config', 'default', 0x4d616e61676520626c6f636b6564204950206164647265737365732e, '', '7.14'),
(1187, '/admin/config', 'default', 0x436c65616e2055524c73, '', '7.14'),
(1188, '/admin/config', 'default', 0x456e61626c65206f722064697361626c6520636c65616e2055524c7320666f7220796f757220736974652e, '', '7.14'),
(1189, '/admin/config', 'default', 0x5365617263682073657474696e6773, '', '7.14'),
(1190, '/admin/config', 'default', 0x436f6e6669677572652072656c6576616e63652073657474696e677320666f722073656172636820616e64206f7468657220696e646578696e67206f7074696f6e732e, '', '7.14'),
(1191, '/admin/config', 'default', 0x566f74696e6720415049, '', '7.14'),
(1192, '/admin/config', 'default', 0x436f6e6669677572652073697465776964652073657474696e677320666f7220757365722d67656e65726174656420726174696e677320616e6420766f7465732e, '', '7.14'),
(1193, '/admin/config', 'default', 0x55524c20616c6961736573, '', '7.14'),
(1194, '/admin/config', 'default', 0x4368616e676520796f7572207369746527732055524c20706174687320627920616c696173696e67207468656d2e, '', '7.14'),
(1195, '/admin/config', 'default', 0x43726f6e, '', '7.14'),
(1196, '/admin/config', 'default', 0x4d616e616765206175746f6d617469632073697465206d61696e74656e616e6365207461736b732e, '', '7.14'),
(1197, '/admin/config', 'default', 0x4368616e67652073697465206e616d652c20652d6d61696c20616464726573732c20736c6f67616e2c2064656661756c742066726f6e7420706167652c20616e64206e756d626572206f6620706f7374732070657220706167652c206572726f722070616765732e, '', '7.14'),
(1198, '/admin/config', 'default', 0x53746174697374696373, '', '7.14'),
(1199, '/admin/config', 'default', 0x436f6e74726f6c2064657461696c732061626f7574207768617420616e6420686f7720796f75722073697465206c6f67732061636365737320737461746973746963732e, '', '7.14'),
(1200, '/admin/config', 'default', 0x416374696f6e73, '', '7.14'),
(1201, '/admin/config', 'default', 0x4d616e6167652074686520616374696f6e7320646566696e656420666f7220796f757220736974652e, '', '7.14'),
(1202, '/admin/config', 'default', 0x53686f727463757473, '', '7.14'),
(1203, '/admin/config', 'default', 0x41646420616e64206d6f646966792073686f727463757420736574732e, '', '7.14'),
(1204, '/admin/config', 'default', 0x525353207075626c697368696e67, '', '7.14'),
(1205, '/admin/config', 'default', 0x436f6e666967757265207468652073697465206465736372697074696f6e2c20746865206e756d626572206f66206974656d7320706572206665656420616e6420776865746865722066656564732073686f756c64206265207469746c65732f746561736572732f66756c6c2d746578742e, '', '7.14'),
(1206, '/admin/config', 'default', 0x536861726554686973, '', '7.14'),
(1207, '/admin/config', 'default', 0x43686f6f736520746865207769646765742c20627574746f6e2066616d696c792c20616e6420736572766963657320666f72207573696e672053686172655468697320746f20736861726520636f6e74656e74206f6e6c696e652e, '', '7.14'),
(1208, '/admin/config', 'default', 0x436f6e7461637420496d706f72746572, '', '7.14'),
(1209, '/admin/config', 'default', 0x416c6c6f7720757365727320746f20696d706f727420656d61696c206164647265737365732066726f6d207468656972206164647265737320626f6f6b2e, '', '7.14'),
(1210, '/admin/config', 'default', 0x48696465206465736372697074696f6e73, '', '7.14'),
(1211, '/admin/config', 'default', 0x436f6d7072657373206c61796f757420627920686964696e67206465736372697074696f6e732e, '', '7.14'),
(1212, '/admin/config/development/performance', 'default', 0x436c656172206361636865, '', '7.14'),
(1213, '/admin/config/development/performance', 'default', 0x436c65617220616c6c20636163686573, '', '7.14'),
(1214, '/admin/config/development/performance', 'default', 0x43616368696e67, '', '7.14'),
(1215, '/admin/config/development/performance', 'default', 0x436163686520706167657320666f7220616e6f6e796d6f7573207573657273, '', '7.14'),
(1216, '/admin/config/development/performance', 'default', 0x3020736563, '', '7.14'),
(1217, '/admin/config/development/performance', 'default', 0x31206d696e, '', '7.14'),
(1218, '/admin/config/development/performance', 'default', 0x3120686f7572, '', '7.14'),
(1219, '/admin/config/development/performance', 'default', 0x40636f756e7420686f757273, '', '7.14'),
(1220, '/admin/config/development/performance', 'default', 0x3120646179, '', '7.14'),
(1221, '/admin/config/development/performance', 'default', 0x6e6f6e65, '', '7.14'),
(1222, '/admin/config/development/performance', 'default', 0x4d696e696d756d206361636865206c69666574696d65, '', '7.14'),
(1223, '/admin/config/development/performance', 'default', 0x4361636865642070616765732077696c6c206e6f742062652072652d6372656174656420756e74696c206174206c656173742074686973206d7563682074696d652068617320656c61707365642e, '', '7.14'),
(1224, '/admin/config/development/performance', 'default', 0x45787069726174696f6e206f6620636163686564207061676573, '', '7.14'),
(1225, '/admin/config/development/performance', 'default', 0x546865206d6178696d756d2074696d6520616e2065787465726e616c2063616368652063616e2075736520616e206f6c642076657273696f6e206f66206120706167652e, '', '7.14'),
(1226, '/admin/config/development/performance', 'default', 0x42616e647769647468206f7074696d697a6174696f6e, '', '7.14'),
(1227, '/admin/config/development/performance', 'default', 0x45787465726e616c207265736f75726365732063616e206265206f7074696d697a6564206175746f6d61746963616c6c792c2077686963682063616e2072656475636520626f7468207468652073697a6520616e64206e756d626572206f66207265717565737473206d61646520746f20796f757220776562736974652e, '', '7.14'),
(1228, '/admin/config/development/performance', 'default', 0x436f6d7072657373206361636865642070616765732e, '', '7.14'),
(1229, '/admin/config/development/performance', 'default', 0x41676772656761746520616e6420636f6d7072657373204353532066696c65732e, '', '7.14'),
(1230, '/admin/config/development/performance', 'default', 0x416767726567617465204a6176615363726970742066696c65732e, '', '7.14'),
(1231, '/admin/config/development/performance', 'default', 0x436163686520626c6f636b73, '', '7.14'),
(1232, '/admin/config/development/performance', 'default', 0x52656d6f76652066726f6d202573686f72746375745f7365742073686f727463757473, '', '7.14'),
(1233, '/admin/config/development/performance', 'default', 0x4669656c64206c697374, '', '7.14'),
(1234, '/admin/config/development/performance', 'default', 0x4669656c64207479706528732920696e20757365202d2073656520216c696e6b, '', '7.14'),
(1235, '/admin/config/development/performance', 'default', 0x76696577, '', '7.14'),
(1236, '/admin/config/development/performance', 'default', 0x7669657773, '', '7.14'),
(1237, '/admin/config/development/performance', 'default', 0x5669657773, '', '7.14'),
(1238, '/admin/config/development/performance', 'default', 0x5468697320616374696f6e2077696c6c207065726d616e656e746c792072656d6f766520616e7920637573746f6d697a6174696f6e73206d61646520746f207468697320766965772e, '', '7.14'),
(1239, '/admin/config/development/performance', 'default', 0x546865207669657720686173206265656e2072657665727465642e, '', '7.14'),
(1240, '/admin/config/development/performance', 'default', 0x5468697320616374696f6e2077696c6c207065726d616e656e746c792072656d6f76652074686520766965772066726f6d20796f75722064617461626173652e, '', '7.14'),
(1241, '/admin/config/development/performance', 'default', 0x546865207669657720686173206265656e2064656c657465642e, '', '7.14'),
(1242, '/admin/config/development/performance', 'default', 0x4e756d626572206f662068697473, '', '7.14'),
(1243, '/admin/config/development/performance', 'default', 0x436f6e74656e74207265766973696f6e73, '', '7.14'),
(1244, '/admin/config/development/performance', 'default', 0x44656661756c7473, '', '7.14'),
(1245, '/admin/config/development/performance', 'default', 0x496d6167652067616c6c657279, '', '7.14'),
(1246, '/admin/config/development/performance', 'default', 0x47616c6c6572792070616765, '', '7.14'),
(1247, '/admin/config/development/performance', 'default', 0x5265706c7920746f, '', '7.14'),
(1248, '/admin/config/development/performance', 'default', 0x526563656e7420706f737473, '', '7.14'),
(1249, '/admin/config/development/performance', 'default', 0x5265706c696573, '', '7.14'),
(1250, '/admin/config/development/performance', 'default', 0x2e, '', '7.14'),
(1251, '/admin/config/development/performance', 'default', 0x2c, '', '7.14'),
(1252, '/admin/config/development/performance', 'default', 0x4c61737420506f7374, '', '7.14'),
(1253, '/admin/config/development/performance', 'default', 0x206e6577, '', '7.14'),
(1254, '/admin/config/development/performance', 'default', 0x526563656e7420706f73747320666f72202531, '', '7.14'),
(1255, '/admin/config/development/performance', 'default', 0x4d6f6e74686c792061726368697665, '', '7.14'),
(1256, '/admin/config/development/performance', 'default', 0x46726f6e7420706167652066656564, '', '7.14'),
(1257, '/admin/config/development/performance', 'default', 0x4c61737420757064617465, '', '7.14'),
(1258, '/admin/config/development/performance', 'default', 0x4e6f206261636b6c696e6b7320666f756e642e, '', '7.14'),
(1259, '/admin/config/development/performance', 'default', 0x50616765732074686174206c696e6b20746f202531, '', '7.14'),
(1260, '/admin/config/development/performance', 'default', 0x57686174206c696e6b732068657265, '', '7.14'),
(1261, '/admin/config/development/performance', 'default', 0x506f70756c617220636f6e74656e74, '', '7.14'),
(1262, '/admin/config/development/performance', 'default', 0x506f70756c617220287061676529, '', '7.14'),
(1263, '/admin/config/development/performance', 'default', 0x546f64617920287061676529, '', '7.14'),
(1264, '/admin/config/development/performance', 'default', 0x506f70756c61722028626c6f636b29, '', '7.14'),
(1265, '/admin/config/development/performance', 'default', 0x2028, '', '7.14'),
(1266, '/admin/config/development/performance', 'default', 0x29, '', '7.14'),
(1267, '/admin/config/development/performance', 'default', 0x546f6461792028626c6f636b29, '', '7.14'),
(1268, '/admin/config/development/performance', 'default', 0x546f646179277320706f70756c617220636f6e74656e74, '', '7.14'),
(1269, '/admin/config/development/performance', 'default', 0x557365722046656564, '', '7.14'),
(1270, '/admin/config/development/performance', 'default', 0x54727565, '', '7.14'),
(1271, '/admin/config/development/performance', 'default', 0x5075626c69736820636f6d6d656e74, '', '7.14'),
(1272, '/admin/config/development/performance', 'default', 0x556e7075626c69736820636f6d6d656e74, '', '7.14'),
(1273, '/admin/config/development/performance', 'default', 0x556e7075626c69736820636f6d6d656e7420636f6e7461696e696e67206b6579776f7264287329, '', '7.14'),
(1274, '/admin/config/development/performance', 'default', 0x5361766520636f6d6d656e74, '', '7.14'),
(1275, '/admin/config/development/performance', 'default', 0x5075626c69736820636f6e74656e74, '', '7.14'),
(1276, '/admin/config/development/performance', 'default', 0x556e7075626c69736820636f6e74656e74, '', '7.14'),
(1277, '/admin/config/development/performance', 'default', 0x4d616b6520636f6e74656e7420737469636b79, '', '7.14'),
(1278, '/admin/config/development/performance', 'default', 0x4d616b6520636f6e74656e7420756e737469636b79, '', '7.14'),
(1279, '/admin/config/development/performance', 'default', 0x50726f6d6f746520636f6e74656e7420746f2066726f6e742070616765, '', '7.14'),
(1280, '/admin/config/development/performance', 'default', 0x52656d6f766520636f6e74656e742066726f6d2066726f6e742070616765, '', '7.14'),
(1281, '/admin/config/development/performance', 'default', 0x4368616e67652074686520617574686f72206f6620636f6e74656e74, '', '7.14'),
(1282, '/admin/config/development/performance', 'default', 0x5361766520636f6e74656e74, '', '7.14'),
(1283, '/admin/config/development/performance', 'default', 0x556e7075626c69736820636f6e74656e7420636f6e7461696e696e67206b6579776f7264287329, '', '7.14'),
(1284, '/admin/config/development/performance', 'default', 0x446973706c61792061206d65737361676520746f207468652075736572, '', '7.14'),
(1285, '/admin/config/development/performance', 'default', 0x53656e6420652d6d61696c, '', '7.14'),
(1286, '/admin/config/development/performance', 'default', 0x42616e2049502061646472657373206f662063757272656e742075736572, '', '7.14'),
(1287, '/admin/config/development/performance', 'default', 0x526564697265637420746f2055524c, '', '7.14'),
(1288, '/admin/config/development/performance', 'default', 0x426c6f636b2063757272656e742075736572, '', '7.14'),
(1289, '/admin/config/development/performance', 'default', 0x486967686c696768746564, '', '7.14'),
(1290, '/admin/config/development/performance', 'default', 0x4665617475726564, '', '7.14'),
(1291, '/admin/config/development/performance', 'default', 0x53696465626172206669727374, '', '7.14'),
(1292, '/admin/config/development/performance', 'default', 0x53696465626172207365636f6e64, '', '7.14'),
(1293, '/admin/config/development/performance', 'default', 0x5472697074796368206669727374, '', '7.14'),
(1294, '/admin/config/development/performance', 'default', 0x5472697074796368206d6964646c65, '', '7.14'),
(1295, '/admin/config/development/performance', 'default', 0x5472697074796368206c617374, '', '7.14'),
(1296, '/admin/config/development/performance', 'default', 0x466f6f74657220666972737420636f6c756d6e, '', '7.14'),
(1297, '/admin/config/development/performance', 'default', 0x466f6f746572207365636f6e6420636f6c756d6e, '', '7.14'),
(1298, '/admin/config/development/performance', 'default', 0x466f6f74657220746869726420636f6c756d6e, '', '7.14'),
(1299, '/admin/config/development/performance', 'default', 0x466f6f74657220666f7572746820636f6c756d6e, '', '7.14'),
(1300, '/admin/config/development/performance', 'default', 0x496e76697465206120667269656e64, '', '7.14'),
(1301, '/admin/config/development/performance', 'default', 0x5573657220696e746572666163652074657874, '', '7.14'),
(1302, '/admin/config/development/performance', 'default', 0x4f72646572206f66206c616e677561676520646574656374696f6e206d6574686f647320666f72207573657220696e7465726661636520746578742e2049662061207472616e736c6174696f6e206f66207573657220696e74657266616365207465787420697320617661696c61626c6520696e20746865206465746563746564206c616e67756167652c2069742077696c6c20626520646973706c617965642e, '', '7.14'),
(1303, '/admin/config/development/performance', 'default', 0x4f72646572206f66206c616e677561676520646574656374696f6e206d6574686f647320666f7220636f6e74656e742e20496620612076657273696f6e206f6620636f6e74656e7420697320617661696c61626c6520696e20746865206465746563746564206c616e67756167652c2069742077696c6c20626520646973706c617965642e, '', '7.14'),
(1304, '/admin/config/development/performance', 'default', 0x4c616e67756167652073776974636865722028407479706529, '', '7.14'),
(1305, '/admin/config/development/performance', 'default', 0x4c6f67696e7a613a206c6f6720696e20627574746f6e, '', '7.14'),
(1306, '/admin/config/development/performance', 'default', 0x526563656e7420636f6e74656e74, '', '7.14'),
(1307, '/admin/config/development/performance', 'default', 0x4d61696e207061676520636f6e74656e74, '', '7.14'),
(1308, '/admin/config/development/performance', 'default', 0x506f77657265642062792044727570616c, '', '7.14'),
(1309, '/admin/config/development/performance', 'default', 0x53797374656d2068656c70, '', '7.14'),
(1310, '/admin/config/development/performance', 'default', 0x4d616e6167656d656e74, '', '7.14'),
(1311, '/admin/config/development/performance', 'default', 0x55736572206d656e75, '', '7.14'),
(1312, '/admin/config/development/performance', 'default', 0x55736572206c6f67696e, '', '7.14'),
(1313, '/admin/config/development/performance', 'default', 0x50696e6e6564206f6e746f207468652063617465676f7279, '', '7.14'),
(1314, '/admin/config/development/performance', 'default', 0x566965773a204076696577, '', '7.14'),
(1315, '/admin/config/development/performance', 'default', 0x43616368657320636c65617265642e, '', '7.14'),
(1316, '/admin/config/development/performance', 'default', 0x566f636162756c617279207465726d73, '', '7.14'),
(1317, '/admin/config/development/performance', 'default', 0x416c6c20746865207465726d7320696e206120766f636162756c6172792e, '', '7.14'),
(1318, '/admin/config/development/performance', 'default', 0x557365722070696374757265, '', '7.14'),
(1319, '/admin/config/development/performance', 'default', 0x5468652070696374757265206f66206120757365722e, '', '7.14'),
(1320, '/admin/config/development/performance', 'default', 0x557365722070726f66696c65, '', '7.14'),
(1321, '/admin/config/development/performance', 'default', 0x5468652070726f66696c65206f66206120757365722e, '', '7.14'),
(1322, '/admin/config/development/performance', 'default', 0x55736572207369676e6174757265, '', '7.14'),
(1323, '/admin/config/development/performance', 'default', 0x546865207369676e6174757265206f66206120757365722e, '', '7.14'),
(1324, '/admin/config/development/performance', 'default', 0x5465726d206465736372697074696f6e2e, '', '7.14'),
(1325, '/admin/config/development/performance', 'default', 0x4c697374206f662072656c61746564207465726d73, '', '7.14'),
(1326, '/admin/config/development/performance', 'default', 0x5465726d732072656c6174656420746f20616e206578697374696e67207465726d3b206d6179206265206368696c642c207369626c696e6773206f7220746f70206c6576656c2e, '', '7.14'),
(1327, '/admin/config/development/performance', 'default', 0x416476616e6365642073656172636820666f726d, '', '7.14'),
(1328, '/admin/config/development/performance', 'default', 0x412073656172636820666f726d207769746820616476616e636564206f7074696f6e732e, '', '7.14'),
(1329, '/admin/config/development/performance', 'default', 0x4b6579776f726473, '', '7.14'),
(1330, '/admin/config/development/performance', 'default', 0x57696467657473, '', '7.14'),
(1331, '/admin/config/development/performance', 'default', 0x53656172636820726573756c7473, '', '7.14'),
(1332, '/admin/config/development/performance', 'default', 0x54686520726573756c7473206f66206120736561726368207573696e67206b6579776f7264732e, '', '7.14'),
(1333, '/admin/config/development/performance', 'default', 0x4164642074686520616374696f6e206c696e6b7320286c6f63616c207461736b732920617320636f6e74656e742e, '', '7.14'),
(1334, '/admin/config/development/performance', 'default', 0x5061676520656c656d656e7473, '', '7.14'),
(1335, '/admin/config/development/performance', 'default', 0x42726561646372756d62, '', '7.14'),
(1336, '/admin/config/development/performance', 'default', 0x416464207468652062726561646372756d6220747261696c20617320636f6e74656e742e, '', '7.14'),
(1337, '/admin/config/development/performance', 'default', 0x466565642069636f6e73, '', '7.14'),
(1338, '/admin/config/development/performance', 'default', 0x41646420746865207369746520666565645f69636f6e732073746174656d656e7420617320636f6e74656e742e, '', '7.14'),
(1339, '/admin/config/development/performance', 'default', 0x416464207468652068656c702074657874206f66207468652063757272656e74207061676520617320636f6e74656e742e, '', '7.14'),
(1340, '/admin/config/development/performance', 'default', 0x53697465206c6f676f, '', '7.14'),
(1341, '/admin/config/development/performance', 'default', 0x41646420746865206c6f676f20747261696c20617320636f6e74656e742e, '', '7.14'),
(1342, '/admin/config/development/performance', 'default', 0x537461747573206d65737361676573, '', '7.14'),
(1343, '/admin/config/development/performance', 'default', 0x4164642074686520737461747573206d65737361676573206f66207468652063757272656e74207061676520617320636f6e74656e742e, '', '7.14'),
(1344, '/admin/config/development/performance', 'default', 0x5072696d617279206e617669676174696f6e206c696e6b73, '', '7.14'),
(1345, '/admin/config/development/performance', 'default', 0x41646420746865207072696d6172795f6c696e6b7320286c6f63616c207461736b732920617320636f6e74656e742e, '', '7.14'),
(1346, '/admin/config/development/performance', 'default', 0x5365636f6e64617279206e617669676174696f6e206c696e6b73, '', '7.14'),
(1347, '/admin/config/development/performance', 'default', 0x41646420746865207365636f6e646172795f6c696e6b7320286c6f63616c207461736b732920617320636f6e74656e742e, '', '7.14'),
(1348, '/admin/config/development/performance', 'default', 0x53697465206e616d65, '', '7.14'),
(1349, '/admin/config/development/performance', 'default', 0x5369746520736c6f67616e, '', '7.14'),
(1350, '/admin/config/development/performance', 'default', 0x4164642074686520736c6f67616e20747261696c20617320636f6e74656e742e, '', '7.14'),
(1351, '/admin/config/development/performance', 'default', 0x54616273, '', '7.14'),
(1352, '/admin/config/development/performance', 'default', 0x41646420746865207461627320286c6f63616c207461736b732920617320636f6e74656e742e, '', '7.14'),
(1353, '/admin/config/development/performance', 'default', 0x416464207468652070616765207469746c6520617320636f6e74656e742e, '', '7.14'),
(1354, '/admin/config/development/performance', 'default', 0x4e6f646520666f726d20617574686f7220696e666f726d6174696f6e, '', '7.14'),
(1355, '/admin/config/development/performance', 'default', 0x417574686f7220696e666f726d6174696f6e206f6e20746865204e6f646520666f726d2e, '', '7.14'),
(1356, '/admin/config/development/performance', 'default', 0x466f726d, '', '7.14'),
(1357, '/admin/config/development/performance', 'default', 0x4e6f646520666f726d207375626d697420627574746f6e73, '', '7.14'),
(1358, '/admin/config/development/performance', 'default', 0x5375626d697420627574746f6e7320666f7220746865206e6f646520666f726d2e, '', '7.14'),
(1359, '/admin/config/development/performance', 'default', 0x4e6f646520666f726d20636f6d6d656e742073657474696e6773, '', '7.14'),
(1360, '/admin/config/development/performance', 'default', 0x436f6d6d656e742073657474696e6773206f6e20746865204e6f646520666f726d2e, '', '7.14'),
(1361, '/admin/config/development/performance', 'default', 0x4e6f646520666f726d207265766973696f6e206c6f67206d657373616765, '', '7.14'),
(1362, '/admin/config/development/performance', 'default', 0x5265766973696f6e206c6f67206d65737361676520666f7220746865206e6f64652e, '', '7.14'),
(1363, '/admin/config/development/performance', 'default', 0x4e6f646520666f726d206d656e752073657474696e6773, '', '7.14'),
(1364, '/admin/config/development/performance', 'default', 0x4d656e752073657474696e6773206f6e20746865204e6f646520666f726d2e, '', '7.14'),
(1365, '/admin/config/development/performance', 'default', 0x4e6f646520666f726d2075726c20706174682073657474696e6773, '', '7.14'),
(1366, '/admin/config/development/performance', 'default', 0x5075626c697368696e67206f7074696f6e73206f6e20746865204e6f646520666f726d2e, '', '7.14'),
(1367, '/admin/config/development/performance', 'default', 0x4e6f646520666f726d207075626c697368696e67206f7074696f6e73, '', '7.14'),
(1368, '/admin/config/development/performance', 'default', 0x4e6f646520666f726d207469746c65206669656c64, '', '7.14'),
(1369, '/admin/config/development/performance', 'default', 0x546865206e6f6465207469746c6520666f726d2e, '', '7.14'),
(1370, '/admin/config/development/performance', 'default', 0x41747461636865642066696c6573, '', '7.14'),
(1371, '/admin/config/development/performance', 'default', 0x41206c697374206f662066696c657320617474616368656420746f20746865206e6f64652e, '', '7.14'),
(1372, '/admin/config/development/performance', 'default', 0x4e6f646520617574686f72, '', '7.14'),
(1373, '/admin/config/development/performance', 'default', 0x54686520617574686f72206f6620746865207265666572656e636564206e6f64652e, '', '7.14'),
(1374, '/admin/config/development/performance', 'default', 0x4e6f646520626f6479, '', '7.14'),
(1375, '/admin/config/development/performance', 'default', 0x54686520626f6479206f6620746865207265666572656e636564206e6f64652e, '', '7.14'),
(1376, '/admin/config/development/performance', 'default', 0x436f6d6d656e7420666f726d, '', '7.14'),
(1377, '/admin/config/development/performance', 'default', 0x4120666f726d20746f206164642061206e657720636f6d6d656e742e, '', '7.14'),
(1378, '/admin/config/development/performance', 'default', 0x4e6f646520636f6d6d656e7473, '', '7.14'),
(1379, '/admin/config/development/performance', 'default', 0x54686520636f6d6d656e7473206f6620746865207265666572656e636564206e6f64652e, '', '7.14'),
(1380, '/admin/config/development/performance', 'default', 0x4e6f646520636f6e74656e74, '', '7.14'),
(1381, '/admin/config/development/performance', 'default', 0x54686520636f6e74656e74206f6620746865207265666572656e636564206e6f64652e, '', '7.14'),
(1382, '/admin/config/development/performance', 'default', 0x4e6f646520637265617465642064617465, '', '7.14'),
(1383, '/admin/config/development/performance', 'default', 0x546865206461746520746865207265666572656e636564206e6f64652077617320637265617465642e, '', '7.14'),
(1384, '/admin/config/development/performance', 'default', 0x4e6f6465206c696e6b73, '', '7.14'),
(1385, '/admin/config/development/performance', 'default', 0x4e6f6465206c696e6b73206f6620746865207265666572656e636564206e6f64652e, '', '7.14'),
(1386, '/admin/config/development/performance', 'default', 0x4e6f6465207465726d73, '', '7.14'),
(1387, '/admin/config/development/performance', 'default', 0x5461786f6e6f6d79207465726d73206f6620746865207265666572656e636564206e6f64652e, '', '7.14'),
(1388, '/admin/config/development/performance', 'default', 0x4e6f6465207469746c65, '', '7.14'),
(1389, '/admin/config/development/performance', 'default', 0x546865207469746c65206f6620746865207265666572656e636564206e6f64652e, '', '7.14'),
(1390, '/admin/config/development/performance', 'default', 0x4e6f64652074797065206465736372697074696f6e, '', '7.14'),
(1391, '/admin/config/development/performance', 'default', 0x4e6f64652074797065206465736372697074696f6e2e, '', '7.14'),
(1392, '/admin/config/development/performance', 'default', 0x4e6f6465206c61737420757064617465642064617465, '', '7.14'),
(1393, '/admin/config/development/performance', 'default', 0x546865206461746520746865207265666572656e636564206e6f646520776173206c61737420757064617465642e, '', '7.14'),
(1394, '/admin/config/development/performance', 'default', 0x4578697374696e67206e6f6465, '', '7.14'),
(1395, '/admin/config/development/performance', 'default', 0x4164642061206e6f64652066726f6d20796f7572207369746520617320636f6e74656e742e, '', '7.14'),
(1396, '/admin/config/development/performance', 'default', 0x437573746f6d, '', '7.14'),
(1397, '/admin/config/development/performance', 'default', 0x456e74697479206669656c64, '', '7.14'),
(1398, '/admin/config/development/performance', 'default', 0x47656e6572616c20666f726d, '', '7.14'),
(1399, '/admin/config/development/performance', 'default', 0x45766572797468696e6720696e2074686520666f726d2074686174206973206e6f7420646973706c61796564206279206f7468657220636f6e74656e742e, '', '7.14'),
(1400, '/admin/config/development/performance', 'default', 0x456e74697479206578747261206669656c64, '', '7.14'),
(1401, '/admin/config/development/performance', 'default', 0x437573746f6d20636f6e74656e74, '', '7.14'),
(1402, '/admin/config/development/performance', 'default', 0x436f6e7461637420666f726d, '', '7.14'),
(1403, '/admin/config/development/performance', 'default', 0x546865207369746520636f6e7461637420666f726d207468617420616c6c6f777320757365727320746f2073656e642061206d65737361676520746f20736974652061646d696e6973747261746f72732e, '', '7.14'),
(1404, '/admin/config/development/performance', 'default', 0x5573657220636f6e7461637420666f726d, '', '7.14'),
(1405, '/admin/config/development/performance', 'default', 0x546865207369746520636f6e7461637420666f726d207468617420616c6c6f777320757365727320746f20636f6e74616374206f746865722075736572732e, '', '7.14'),
(1406, '/', 'default', 0x41207370656369616c206361636865207573656420746f2073746f7265206f626a65637473207468617420617265206265696e67206564697465643b2069742073657276657320746f207361766520737461746520696e20616e206f7264696e6172696c792073746174656c65737320656e7669726f6e6d656e742e, '', '7.14'),
(1407, '/', 'default', 0x4361636865207461626c6520666f7220746865204772617661746172206d6f64756c6520746f2073746f726520616c72656164792070726f63657373656420616e642063616368656420696d616765732e, '', '7.14'),
(1408, '/', 'default', 0x526573697a65, '', '7.14');
INSERT INTO `prefixpinboard_locales_source` (`lid`, `location`, `textgroup`, `source`, `context`, `version`) VALUES
(1409, '/', 'default', 0x526573697a696e672077696c6c206d616b6520696d6167657320616e20657861637420736574206f662064696d656e73696f6e732e2054686973206d617920636175736520696d6167657320746f20626520737472657463686564206f7220736872756e6b2064697370726f706f7274696f6e6174656c792e, '', '7.14'),
(1410, '/', 'default', 0x5363616c65, '', '7.14'),
(1411, '/', 'default', 0x5363616c696e672077696c6c206d61696e7461696e20746865206173706563742d726174696f206f6620746865206f726967696e616c20696d6167652e204966206f6e6c7920612073696e676c652064696d656e73696f6e206973207370656369666965642c20746865206f746865722064696d656e73696f6e2077696c6c2062652063616c63756c617465642e, '', '7.14'),
(1412, '/', 'default', 0x5363616c6520616e642063726f70, '', '7.14'),
(1413, '/', 'default', 0x5363616c6520616e642063726f702077696c6c206d61696e7461696e20746865206173706563742d726174696f206f6620746865206f726967696e616c20696d6167652c207468656e2063726f7020746865206c61726765722064696d656e73696f6e2e2054686973206973206d6f73742075736566756c20666f72206372656174696e6720706572666563746c7920737175617265207468756d626e61696c7320776974686f75742073747265746368696e672074686520696d6167652e, '', '7.14'),
(1414, '/', 'default', 0x43726f70, '', '7.14'),
(1415, '/', 'default', 0x43726f7070696e672077696c6c2072656d6f766520706f7274696f6e73206f6620616e20696d61676520746f206d616b6520697420746865207370656369666965642064696d656e73696f6e732e, '', '7.14'),
(1416, '/', 'default', 0x44657361747572617465, '', '7.14'),
(1417, '/', 'default', 0x4465736174757261746520636f6e766572747320616e20696d61676520746f20677261797363616c652e, '', '7.14'),
(1418, '/', 'default', 0x526f74617465, '', '7.14'),
(1419, '/', 'default', 0x526f746174696e6720616e20696d616765206d6179206361757365207468652064696d656e73696f6e73206f6620616e20696d61676520746f20696e63726561736520746f206669742074686520646961676f6e616c2e, '', '7.14'),
(1420, '/node?page=1', 'default', 0x40636f756e74207573657273206861766520766f7465642c20696e636c7564696e6720796f752e, '', '7.14'),
(1421, '/node?page=1', 'default', 0x576564, '', '7.14'),
(1422, '/node?page=1', 'default', 0x547565, '', '7.14'),
(1423, '/', 'default', 0x5468657265206172652063757272656e746c792040636f756e74207573657273206f6e6c696e652e, '', '7.14'),
(1424, '/node?page=3', 'default', 0x4e6f2050696e73, '', '7.14'),
(1425, '/node/114', 'default', 0x536861726520796f75722074686f756768747320616e64206f70696e696f6e732072656c6174656420746f207468697320706f7374696e672e, '', '7.14'),
(1426, '/node/114', 'default', 0x596f7572206e616d65, '', '7.14'),
(1427, '/node/114', 'default', 0x54686520636f6e74656e74206f662074686973206669656c64206973206b657074207072697661746520616e642077696c6c206e6f742062652073686f776e207075626c69636c792e, '', '7.14'),
(1428, '/node/114', 'default', 0x486f6d6570616765, '', '7.14'),
(1429, '/node/114', 'default', 0x417574686f726564206f6e, '', '7.14'),
(1430, '/node/114', 'default', 0x53617665, '', '7.14'),
(1431, '/node/114', 'default', 0x50726576696577, '', '7.14'),
(1432, '/node/114', 'default', 0x5465787420666f726d6174, '', '7.14'),
(1433, '/node/114', 'default', 0x547261636b, '', '7.14'),
(1434, '/node/114', 'default', 0x566f74696e6720726573756c7473, '', '7.14'),
(1435, '/node/114', 'default', 0x50696e6e65642021646174612061676f206f6e746f2021626f617264, '', '7.14'),
(1436, '/node/114', 'default', 0x5265706f72742050696e, '', '7.14'),
(1437, '/node/114', 'default', 0x3c68343e5265706f727420546869732050696e20617320496e617070726f7072696174653c2f68343e506c656173652073656c656374207468652063617465676f72792074686174206d6f737420636c6f73656c79207265666c6563747320796f757220636f6e6365726e2061626f7574207468652050696e2c20736f20746861742077652063616e2072657669657720697420616e642064657465726d696e652069662069742076696f6c61746573206f757220436f6d6d756e6974792047756964656c696e6573206f722069736e277420617070726f70726961746520666f7220616c6c20766965776572732e2041627573696e672074686973206665617475726520697320616c736f20612076696f6c6174696f6e206f662074686520436f6d6d756e6974792047756964656c696e65732c20736f20646f6e277420646f2069742e, '', '7.14'),
(1438, '/node/114', 'default', 0x53657875616c20436f6e74656e74, '', '7.14'),
(1439, '/node/114', 'default', 0x56696f6c656e74206f7220526570756c7369766520436f6e74656e74, '', '7.14'),
(1440, '/node/114', 'default', 0x4861746566756c206f72204162757369766520436f6e74656e74, '', '7.14'),
(1441, '/node/114', 'default', 0x4861726d66756c2044616e6765726f75732041637473, '', '7.14'),
(1442, '/node/114', 'default', 0x5370616d, '', '7.14'),
(1443, '/node/114', 'default', 0x496e6672696e676573204d7920526967687473, '', '7.14'),
(1444, '/node/114', 'default', 0x43617465676f7279, '', '7.14'),
(1445, '/node/114', 'default', 0x466c616720546869732050696e, '', '7.14'),
(1446, '/node/114', 'default', 0x2d2053656c656374202d, '', '7.14'),
(1447, '/node/114', 'default', 0x54686973206669656c642069732072657175697265642e, '', '7.14'),
(1448, '/node/114', 'default', 0x5065726d616c696e6b, '', '7.14'),
(1449, '/node/114', 'default', 0x4c65617665206120436f6d6d656e74, '', '7.14'),
(1450, '/node/114', 'default', 0x4d6f726520696e666f726d6174696f6e2061626f7574207465787420666f726d617473, '', '7.14'),
(1451, '/node/114', 'default', 0x57656220706167652061646472657373657320616e6420652d6d61696c20616464726573736573207475726e20696e746f206c696e6b73206175746f6d61746963616c6c792e, '', '7.14'),
(1452, '/node/114', 'default', 0x416c6c6f7765642048544d4c20746167733a204074616773, '', '7.14'),
(1453, '/node/114', 'default', 0x4c696e657320616e64207061726167726170687320627265616b206175746f6d61746963616c6c792e, '', '7.14'),
(1454, '/node/114', 'default', 0x4e6f2048544d4c207461677320616c6c6f7765642e, '', '7.14'),
(1455, '/node/114', 'default', 0x596f75206d617920706f73742050485020636f64652e20596f752073686f756c6420696e636c75646520266c743b3f706870203f2667743b20746167732e, '', '7.14'),
(1456, '/node/114', 'default', 0x456d62656420566964656f, '', '7.14'),
(1457, '/node/114', 'default', 0x4f726967696e616c6c792070696e6e6564206279, '', '7.14'),
(1458, '/node/114', 'default', 0x50696e6e6564206f6e746f2074686520626f617264, '', '7.14'),
(1459, '/node/114', 'default', 0x4d6f7265, '', '7.14'),
(1460, '/comment/reply/114', 'default', 0x636f6d6d656e74, '', '7.14'),
(1461, '/comment/reply/114', 'default', 0x4d6573736167652066726f6d20736974652021736974655f6e616d652061626f75742061206e657720636f6d6d656e74, '', '7.14'),
(1462, '/comment/reply/114', 'default', 0x557365722021757365722021757365725f75726c2068617320706f73746564206120636f6d6d656e742021636f6d6d656e745f75726c, '', '7.14'),
(1463, '/comment/reply/114', 'default', 0x5b2163617465676f72795d20217375626a656374, '', '7.14'),
(1464, '/comment/reply/114', 'default', 0x2173656e6465722d6e616d6520282173656e6465722d75726c292073656e742061206d657373616765207573696e672074686520636f6e7461637420666f726d2061742021666f726d2d75726c2e, '', '7.14'),
(1465, '/comment/reply/114', 'default', 0x596f757220636f6d6d656e7420686173206265656e20706f737465642e, '', '7.14'),
(1466, '/node/114', 'default', 0x3120736563, '', '7.14'),
(1467, '/node/114', 'default', 0x6e6577, '', '7.14'),
(1468, '/node/114', 'default', 0x21757365726e616d65277320626c6f67, '', '7.14'),
(1469, '/node/114', 'default', 0x526561642021757365726e616d652773206c617465737420626c6f6720656e74726965732e, '', '7.14'),
(1470, '/node/114', 'default', 0x31206e657720636f6d6d656e74, '', '7.14'),
(1471, '/node/114', 'default', 0x4a756d7020746f20746865206669727374206e657720636f6d6d656e74206f66207468697320706f7374696e672e, '', '7.14'),
(1472, '/', 'default', 0x416c6c2021636f756e7420636f6d6d656e74732e2e2e, '', '7.14'),
(1473, '/repin/114', 'default', 0x5265766973696f6e20696e666f726d6174696f6e, '', '7.14'),
(1474, '/repin/114', 'default', 0x437265617465206e6577207265766973696f6e, '', '7.14'),
(1475, '/repin/114', 'default', 0x50726f7669646520616e206578706c616e6174696f6e206f6620746865206368616e67657320796f7520617265206d616b696e672e20546869732077696c6c2068656c70206f7468657220617574686f727320756e6465727374616e6420796f7572206d6f7469766174696f6e732e, '', '7.14'),
(1476, '/repin/114', 'default', 0x417574686f72696e6720696e666f726d6174696f6e, '', '7.14'),
(1477, '/repin/114', 'default', 0x416e6f6e796d6f7573, '', '7.14'),
(1478, '/repin/114', 'default', 0x417574686f726564206279, '', '7.14'),
(1479, '/repin/114', 'default', 0x4c6561766520626c616e6b20666f722025616e6f6e796d6f75732e, '', '7.14'),
(1480, '/repin/114', 'default', 0x466f726d61743a202574696d652e20546865206461746520666f726d617420697320595959592d4d4d2d444420616e64202574696d657a6f6e65206973207468652074696d65207a6f6e65206f66667365742066726f6d205554432e204c6561766520626c616e6b20746f20757365207468652074696d65206f6620666f726d207375626d697373696f6e2e, '', '7.14'),
(1481, '/repin/114', 'default', 0x5075626c697368696e67206f7074696f6e73, '', '7.14'),
(1482, '/repin/114', 'default', 0x537469636b7920617420746f70206f66206c69737473, '', '7.14'),
(1483, '/repin/114', 'default', 0x4c6561766520626c616e6b20746f20757365207472696d6d65642076616c7565206f662066756c6c2074657874206173207468652073756d6d6172792e, '', '7.14'),
(1484, '/repin/114', 'default', 0x2d204e6f6e65202d, '', '7.14'),
(1485, '/repin/114', 'default', 0x566964656f2055524c, '', '7.14'),
(1486, '/repin/114', 'default', 0x436f6d6d656e742073657474696e6773, '', '7.14'),
(1487, '/repin/114', 'default', 0x4f70656e, '', '7.14'),
(1488, '/repin/114', 'default', 0x436c6f736564, '', '7.14'),
(1489, '/repin/114', 'default', 0x48696464656e, '', '7.14'),
(1490, '/repin/114', 'default', 0x55736572732077697468207468652022506f737420636f6d6d656e747322207065726d697373696f6e2063616e20706f737420636f6d6d656e74732e, '', '7.14'),
(1491, '/repin/114', 'default', 0x55736572732063616e6e6f7420706f737420636f6d6d656e74732c20627574206578697374696e6720636f6d6d656e74732077696c6c20626520646973706c617965642e, '', '7.14'),
(1492, '/repin/114', 'default', 0x436f6d6d656e7473206172652068696464656e2066726f6d20766965772e, '', '7.14'),
(1493, '/repin/114', 'default', 0x55736572732063616e6e6f7420706f737420636f6d6d656e74732e, '', '7.14'),
(1494, '/repin/114', 'default', 0x4d7920626c6f67, '', '7.14'),
(1495, '/repin/114', 'default', 0x64697361626c6564, '', '7.14'),
(1496, '/repin/114', 'default', 0x4d656e752073657474696e6773, '', '7.14'),
(1497, '/repin/114', 'default', 0x50726f766964652061206d656e75206c696e6b, '', '7.14'),
(1498, '/repin/114', 'default', 0x4d656e75206c696e6b207469746c65, '', '7.14'),
(1499, '/repin/114', 'default', 0x53686f776e207768656e20686f766572696e67206f76657220746865206d656e75206c696e6b2e, '', '7.14'),
(1500, '/repin/114', 'default', 0x506172656e74206974656d, '', '7.14'),
(1501, '/repin/114', 'default', 0x4d656e75206c696e6b73207769746820736d616c6c657220776569676874732061726520646973706c61796564206265666f7265206c696e6b732077697468206c617267657220776569676874732e, '', '7.14'),
(1502, '/repin/114', 'default', 0x55524c20706174682073657474696e6773, '', '7.14'),
(1503, '/repin/114', 'default', 0x55524c20616c696173, '', '7.14'),
(1504, '/repin/114', 'default', 0x4f7074696f6e616c6c79207370656369667920616e20616c7465726e61746976652055524c206279207768696368207468697320636f6e74656e742063616e2062652061636365737365642e20466f72206578616d706c652c2074797065202261626f757422207768656e2077726974696e6720616e2061626f757420706167652e2055736520612072656c6174697665207061746820616e6420646f6e277420616464206120747261696c696e6720736c617368206f72207468652055524c20616c69617320776f6e277420776f726b2e, '', '7.14'),
(1505, '/repin/114', 'default', 0x426f617264, '', '7.14'),
(1506, '/repin/114', 'default', 0x53656c65637420746865206e616d65206f662074686520626f6172642066726f6d207468652064726f7020646f776e206c697374206f72207479706520697473206e616d6520746f206372656174652061206e657720626f6172642e20546865206e657720626f6172642077696c6c2062652063726561746564206175746f6d61746963616c6c79206163636f7264696e6720746f20746865206e616d6520796f7520656e746572656420696e20746865206669656c64, '', '7.14'),
(1507, '/repin/114', 'default', 0x416476616e6365642053657474696e6773, '', '7.14'),
(1508, '/repin/114', 'default', 0x55706c6f6164, '', '7.14'),
(1509, '/repin/114', 'default', 0x52656d6f7665, '', '7.14'),
(1510, '/repin/114', 'default', 0x43686f6f736520612066696c65, '', '7.14'),
(1511, '/repin/114', 'default', 0x416c7465726e6174652074657874, '', '7.14'),
(1512, '/repin/114', 'default', 0x5468697320746578742077696c6c20626520757365642062792073637265656e20726561646572732c2073656172636820656e67696e65732c206f72207768656e2074686520696d6167652063616e6e6f74206265206c6f616465642e, '', '7.14'),
(1513, '/repin/114', 'default', 0x546865207469746c652069732075736564206173206120746f6f6c20746970207768656e20746865207573657220686f7665727320746865206d6f757365206f7665722074686520696d6167652e, '', '7.14'),
(1514, '/repin/114', 'default', 0x4073697a65204b42, '', '7.14'),
(1515, '/repin/114', 'default', 0x4073697a65204d42, '', '7.14'),
(1516, '/repin/114', 'default', 0x4073697a65204742, '', '7.14'),
(1517, '/repin/114', 'default', 0x4073697a65205442, '', '7.14'),
(1518, '/repin/114', 'default', 0x4073697a65205042, '', '7.14'),
(1519, '/repin/114', 'default', 0x4073697a65204542, '', '7.14'),
(1520, '/repin/114', 'default', 0x4073697a65205a42, '', '7.14'),
(1521, '/repin/114', 'default', 0x4073697a65205942, '', '7.14'),
(1522, '/repin/114', 'default', 0x70696e626f617264, '', '7.14'),
(1523, '/repin/114', 'default', 0x4175746f636f6d706c657465207461786f6e6f6d79, '', '7.14'),
(1524, '/repin/114', 'default', 0x55736572206175746f636f6d706c657465, '', '7.14'),
(1525, '/repin/114', 'default', 0x566572746963616c2054616273, '', '7.14'),
(1526, '/repin/114', 'default', 0x25747970653a20216d65737361676520696e202566756e6374696f6e20286c696e6520256c696e65206f66202566696c65292e, '', '7.14'),
(1527, '/repin/114', 'default', 0x4d697373696e672062756e646c652070726f7065727479206f6e20656e74697479206f6620747970652040656e746974795f747970652e, '', '7.14'),
(1528, '/user/1', 'default', 0x426c6f67, '', '7.14'),
(1529, '/user/1', 'default', 0x5669657720726563656e7420626c6f6720656e7472696573, '', '7.14'),
(1530, '/user/1', 'default', 0x4d656d62657220666f72, '', '7.14'),
(1531, '/user/1', 'default', 0x4163636570746564, '', '7.14'),
(1532, '/user/1', 'default', 0x4163636f756e74, '', '7.14'),
(1533, '/user/1', 'default', 0x496e7669746174696f6e73, '', '7.14'),
(1534, '/user/1', 'default', 0x4c6f67696e7a61206964656e746974696573, '', '7.14'),
(1535, '/user/1', 'default', 0x4e6f74696669636174696f6e73, '', '7.14'),
(1536, '/user/1', 'default', 0x50656e64696e67, '', '7.14'),
(1537, '/user/1', 'default', 0x547261636b207061676520766973697473, '', '7.14'),
(1538, '/user/1', 'default', 0x45787069726564, '', '7.14'),
(1539, '/user/1', 'default', 0x4e657720696e7669746174696f6e, '', '7.14'),
(1540, '/user/1', 'default', 0x666f6c6c6f77657273, '', '7.14'),
(1541, '/user/1', 'default', 0x666f6c6c6f77696e67, '', '7.14'),
(1542, '/user/1', 'default', 0x5669657720416c6c2050696e73, '', '7.14'),
(1543, '/user/1', 'default', 0x4c617465737420747765657473, '', '7.14'),
(1544, '/comment/21', 'default', 0x436f6d6d656e74207065726d616c696e6b, '', '7.14'),
(1545, '/node/1/edit', 'default', 0x3c656d3e456469742040747970653c2f656d3e20407469746c65, '', '7.14'),
(1546, '/node/1/edit', 'default', 0x407479706520257469746c6520686173206265656e20757064617465642e, '', '7.14'),
(1547, '/contact', 'default', 0x596f757220652d6d61696c2061646472657373, '', '7.14'),
(1548, '/contact', 'default', 0x4d657373616765, '', '7.14'),
(1549, '/contact', 'default', 0x53656e6420796f757273656c66206120636f70792e, '', '7.14'),
(1550, '/contact', 'default', 0x53656e64206d657373616765, '', '7.14'),
(1551, '/blog', 'default', 0x525353202d20626c6f6773, '', '7.14'),
(1552, '/blog', 'default', 0x437265617465206e657720626c6f6720656e747279, '', '7.14'),
(1553, '/node/76', 'default', 0x216e616d65277320626c6f67, '', '7.14'),
(1554, '/node/76', 'default', 0x40636f756e7420526573706f6e736573, '', '7.14'),
(1555, '/node/76', 'default', 0x21636f6d6d656e745f636f756e7420746f2022217469746c6522, '', '7.14'),
(1556, '/gifts/20', 'default', 0x4973206c657373207468616e, '', '7.14'),
(1557, '/gifts/20', 'default', 0x3c, '', '7.14'),
(1558, '/gifts/20', 'default', 0x4973206c657373207468616e206f7220657175616c20746f, '', '7.14'),
(1559, '/gifts/20', 'default', 0x3c3d, '', '7.14'),
(1560, '/gifts/20', 'default', 0x497320657175616c20746f, '', '7.14'),
(1561, '/gifts/20', 'default', 0x4973206e6f7420657175616c20746f, '', '7.14'),
(1562, '/gifts/20', 'default', 0x213d, '', '7.14'),
(1563, '/gifts/20', 'default', 0x49732067726561746572207468616e206f7220657175616c20746f, '', '7.14'),
(1564, '/gifts/20', 'default', 0x3e3d, '', '7.14'),
(1565, '/gifts/20', 'default', 0x49732067726561746572207468616e, '', '7.14'),
(1566, '/gifts/20', 'default', 0x3e, '', '7.14'),
(1567, '/gifts/20', 'default', 0x4973206265747765656e, '', '7.14'),
(1568, '/gifts/20', 'default', 0x6265747765656e, '', '7.14'),
(1569, '/gifts/20', 'default', 0x4973206e6f74206265747765656e, '', '7.14'),
(1570, '/gifts/20', 'default', 0x6e6f74206265747765656e, '', '7.14'),
(1571, '/gifts/20', 'default', 0x497320656d70747920284e554c4c29, '', '7.14'),
(1572, '/gifts/20', 'default', 0x656d707479, '', '7.14'),
(1573, '/gifts/20', 'default', 0x4973206e6f7420656d70747920284e4f54204e554c4c29, '', '7.14'),
(1574, '/gifts/20', 'default', 0x6e6f7420656d707479, '', '7.14'),
(1575, '/gifts/20', 'default', 0x526567756c61722065787072657373696f6e, '', '7.14'),
(1576, '/gifts/20', 'default', 0x7265676578, '', '7.14'),
(1577, '/admin/structure?render=overlay', 'default', 0x526174652077696467657473, '', '7.14'),
(1578, '/admin/structure?render=overlay', 'default', 0x4d616e61676520726174696e6720776964676574732e, '', '7.14'),
(1579, '/admin/structure?render=overlay', 'default', 0x426c6f636b73, '', '7.14'),
(1580, '/admin/structure?render=overlay', 'default', 0x436f6e666967757265207768617420626c6f636b20636f6e74656e74206170706561727320696e20796f75722073697465277320736964656261727320616e64206f7468657220726567696f6e732e, '', '7.14'),
(1581, '/admin/structure?render=overlay', 'default', 0x4d616e61676520636f6e74656e742074797065732c20696e636c7564696e672064656661756c74207374617475732c2066726f6e7420706167652070726f6d6f74696f6e2c20636f6d6d656e742073657474696e67732c206574632e, '', '7.14'),
(1582, '/admin/structure?render=overlay', 'default', 0x416464206e6577206d656e757320746f20796f757220736974652c2065646974206578697374696e67206d656e75732c20616e642072656e616d6520616e642072656f7267616e697a65206d656e75206c696e6b732e, '', '7.14'),
(1583, '/admin/structure?render=overlay', 'default', 0x5461786f6e6f6d79, '', '7.14'),
(1584, '/admin/structure?render=overlay', 'default', 0x4d616e6167652074616767696e672c2063617465676f72697a6174696f6e2c20616e6420636c617373696669636174696f6e206f6620796f757220636f6e74656e742e, '', '7.14'),
(1585, '/admin/structure?render=overlay', 'default', 0x4d616e61676520637573746f6d697a6564206c69737473206f6620636f6e74656e742e, '', '7.14'),
(1586, '/admin/structure?render=overlay', 'default', 0x43726561746520612073797374656d20636f6e7461637420666f726d20616e64207365742075702063617465676f7269657320666f722074686520666f726d20746f207573652e, '', '7.14'),
(1587, '/admin/structure/types?render=overlay', 'default', 0x284d616368696e65206e616d653a20407479706529, '', '7.14'),
(1588, '/admin/structure/types?render=overlay', 'default', 0x6d616e616765206669656c6473, '', '7.14'),
(1589, '/admin/structure/types?render=overlay', 'default', 0x6d616e61676520646973706c6179, '', '7.14'),
(1590, '/admin/structure/types?render=overlay', 'default', 0x4e6f20636f6e74656e7420747970657320617661696c61626c652e203c6120687265663d22406c696e6b223e41646420636f6e74656e7420747970653c2f613e2e, '', '7.14'),
(1591, '/admin/structure/types?render=overlay', 'default', 0x41646420636f6e74656e742074797065, '', '7.14'),
(1592, '/admin/structure/types/manage/pin/display?render=overlay', 'default', 0x4d616e61676520646973706c6179, '', '7.14'),
(1593, '/admin/structure/types/manage/pin/display?render=overlay', 'default', 0x4c6162656c, '', '7.14'),
(1594, '/admin/structure/types/manage/pin/display?render=overlay', 'default', 0x466f726d6174, '', '7.14'),
(1595, '/admin/structure/types/manage/pin/display?render=overlay', 'default', 0x4e6f206669656c6420697320646973706c617965642e, '', '7.14'),
(1596, '/admin/structure/types/manage/pin/display?render=overlay', 'default', 0x4e6f206669656c642069732068696464656e2e, '', '7.14'),
(1597, '/admin/structure/types/manage/pin/display?render=overlay', 'default', 0x41626f7665, '', '7.14'),
(1598, '/admin/structure/types/manage/pin/display?render=overlay', 'default', 0x496e6c696e65, '', '7.14'),
(1599, '/admin/structure/types/manage/pin/display?render=overlay', 'default', 0x3c48696464656e3e, '', '7.14'),
(1600, '/admin/structure/types/manage/pin/display?render=overlay', 'default', 0x56697369626c65, '', '7.14'),
(1601, '/admin/structure/types/manage/pin/display?render=overlay', 'default', 0x4c6162656c20646973706c617920666f7220407469746c65, '', '7.14'),
(1602, '/admin/structure/types/manage/pin/display?render=overlay', 'default', 0x466f726d617474657220666f7220407469746c65, '', '7.14'),
(1603, '/admin/structure/types/manage/pin/display?render=overlay', 'default', 0x496d616765207374796c653a20407374796c65, '', '7.14'),
(1604, '/admin/structure/types/manage/pin/display?render=overlay', 'default', 0x4c696e6b656420746f20636f6e74656e74, '', '7.14'),
(1605, '/admin/structure/types/manage/pin/display?render=overlay', 'default', 0x4c696e6b656420746f2066696c65, '', '7.14'),
(1606, '/admin/structure/types/manage/pin/display?render=overlay', 'default', 0x446973706c617920776974682070726566697820616e64207375666669782e, '', '7.14'),
(1607, '/admin/structure/types/manage/pin/display?render=overlay', 'default', 0x566964656f207374796c653a20407374796c65, '', '7.14'),
(1608, '/admin/structure/types/manage/pin/display?render=overlay', 'default', 0x48696465206465736372697074696f6e, '', '7.14'),
(1609, '/admin/structure/types/manage/pin/display?render=overlay', 'default', 0x437573746f6d20646973706c61792073657474696e6773, '', '7.14'),
(1610, '/admin/structure/types/manage/pin/display?render=overlay', 'default', 0x55736520637573746f6d20646973706c61792073657474696e677320666f722074686520666f6c6c6f77696e672076696577206d6f646573, '', '7.14'),
(1611, '/admin/structure/types/manage/pin/display?render=overlay', 'default', 0x52656672657368, '', '7.14'),
(1612, '/admin/structure/types/manage/pin/display?render=overlay', 'default', 0x4d616e616765206669656c6473, '', '7.14'),
(1613, '/admin/structure/types/manage/pin/display?render=overlay', 'default', 0x436f6d6d656e74206669656c6473, '', '7.14'),
(1614, '/admin/structure/types/manage/pin/display?render=overlay', 'default', 0x436f6d6d656e7420646973706c6179, '', '7.14'),
(1615, '/admin/structure/types/manage/pin/display?render=overlay', 'default', 0x436f6e74656e74206974656d732063616e20626520646973706c61796564207573696e6720646966666572656e742076696577206d6f6465733a205465617365722c2046756c6c20636f6e74656e742c205072696e742c205253532c206574632e203c656d3e5465617365723c2f656d3e20697320612073686f727420666f726d61742074686174206973207479706963616c6c79207573656420696e206c69737473206f66206d756c7469706c6520636f6e74656e74206974656d732e203c656d3e46756c6c20636f6e74656e743c2f656d3e206973207479706963616c6c792075736564207768656e2074686520636f6e74656e7420697320646973706c61796564206f6e20697473206f776e20706167652e, '', '7.14'),
(1616, '/admin/structure/types/manage/pin/display?render=overlay', 'default', 0x486572652c20796f752063616e20646566696e65207768696368206669656c6473206172652073686f776e20616e642068696464656e207768656e20257479706520636f6e74656e7420697320646973706c6179656420696e20656163682076696577206d6f64652c20616e6420646566696e6520686f7720746865206669656c64732061726520646973706c6179656420696e20656163682076696577206d6f64652e, '', '7.14'),
(1617, '/admin/structure/types/manage/pin/display?render=overlay', 'default', 0x5365636f6e646172792074616273, '', '7.14'),
(1618, '/admin/structure/types/manage/pin/fields?render=overlay', 'default', 0x576964676574, '', '7.14'),
(1619, '/admin/structure/types/manage/pin/fields?render=overlay', 'default', 0x4e6f206669656c6473206172652070726573656e74207965742e, '', '7.14'),
(1620, '/admin/structure/types/manage/pin/fields?render=overlay', 'default', 0x506172656e7420666f7220407469746c65, '', '7.14'),
(1621, '/admin/structure/types/manage/pin/fields?render=overlay', 'default', 0x45646974206669656c642073657474696e67732e, '', '7.14'),
(1622, '/admin/structure/types/manage/pin/fields?render=overlay', 'default', 0x4368616e67652077696467657420747970652e, '', '7.14'),
(1623, '/admin/structure/types/manage/pin/fields?render=overlay', 'default', 0x4564697420696e7374616e63652073657474696e67732e, '', '7.14'),
(1624, '/admin/structure/types/manage/pin/fields?render=overlay', 'default', 0x44656c65746520696e7374616e63652e, '', '7.14'),
(1625, '/admin/structure/types/manage/pin/fields?render=overlay', 'default', 0x566964656f20456d626564, '', '7.14'),
(1626, '/admin/structure/types/manage/pin/fields?render=overlay', 'default', 0x4e6577206669656c64206c6162656c, '', '7.14'),
(1627, '/admin/structure/types/manage/pin/fields?render=overlay', 'default', 0x416464206e6577206669656c64, '', '7.14'),
(1628, '/admin/structure/types/manage/pin/fields?render=overlay', 'default', 0x57656967687420666f72206e6577206669656c64, '', '7.14'),
(1629, '/admin/structure/types/manage/pin/fields?render=overlay', 'default', 0x506172656e7420666f72206e6577206669656c64, '', '7.14'),
(1630, '/admin/structure/types/manage/pin/fields?render=overlay', 'default', 0x4e6577206669656c64206e616d65, '', '7.14'),
(1631, '/admin/structure/types/manage/pin/fields?render=overlay', 'default', 0x4120756e69717565206d616368696e652d7265616461626c65206e616d6520636f6e7461696e696e67206c6574746572732c206e756d626572732c20616e6420756e64657273636f7265732e, '', '7.14'),
(1632, '/admin/structure/types/manage/pin/fields?render=overlay', 'default', 0x54797065206f66206e6577206669656c64, '', '7.14'),
(1633, '/admin/structure/types/manage/pin/fields?render=overlay', 'default', 0x2d2053656c6563742061206669656c642074797065202d, '', '7.14'),
(1634, '/admin/structure/types/manage/pin/fields?render=overlay', 'default', 0x54797065206f66206461746120746f2073746f72652e, '', '7.14'),
(1635, '/admin/structure/types/manage/pin/fields?render=overlay', 'default', 0x57696467657420666f72206e6577206669656c64, '', '7.14'),
(1636, '/admin/structure/types/manage/pin/fields?render=overlay', 'default', 0x2d2053656c656374206120776964676574202d, '', '7.14'),
(1637, '/admin/structure/types/manage/pin/fields?render=overlay', 'default', 0x466f726d20656c656d656e7420746f20656469742074686520646174612e, '', '7.14'),
(1638, '/admin/structure/types/manage/pin/fields?render=overlay', 'default', 0x41626f7574, '', '7.14'),
(1639, '/admin/structure/types/manage/pin/fields?render=overlay', 'default', 0x46616365626f6f6b, '', '7.14'),
(1640, '/admin/structure/types/manage/pin/fields?render=overlay', 'default', 0x54776974746572, '', '7.14'),
(1641, '/admin/structure/types/manage/pin/fields?render=overlay', 'default', 0x40747970653a20406669656c642028406c6162656c29, '', '7.14'),
(1642, '/admin/structure/types/manage/pin/fields?render=overlay', 'default', 0x4578697374696e67206669656c64206c6162656c, '', '7.14'),
(1643, '/admin/structure/types/manage/pin/fields?render=overlay', 'default', 0x416464206578697374696e67206669656c64, '', '7.14'),
(1644, '/admin/structure/types/manage/pin/fields?render=overlay', 'default', 0x57656967687420666f72206164646564206669656c64, '', '7.14'),
(1645, '/admin/structure/types/manage/pin/fields?render=overlay', 'default', 0x506172656e7420666f72206578697374696e67206669656c64, '', '7.14'),
(1646, '/admin/structure/types/manage/pin/fields?render=overlay', 'default', 0x4578697374696e67206669656c6420746f207368617265, '', '7.14'),
(1647, '/admin/structure/types/manage/pin/fields?render=overlay', 'default', 0x2d2053656c65637420616e206578697374696e67206669656c64202d, '', '7.14'),
(1648, '/admin/structure/types/manage/pin/fields?render=overlay', 'default', 0x4669656c6420746f207368617265, '', '7.14'),
(1649, '/admin/structure/types/manage/pin/fields?render=overlay', 'default', 0x57696467657420666f72206578697374696e67206669656c64, '', '7.14'),
(1650, '/admin/structure/types/manage/pin/fields?render=overlay', 'default', 0x4120756e69717565206d616368696e652d7265616461626c65206e616d652e2043616e206f6e6c7920636f6e7461696e206c6f77657263617365206c6574746572732c206e756d626572732c20616e6420756e64657273636f7265732e, '', '7.14'),
(1651, '/admin/structure/types/manage/pin/fields/field_price?render=overlay', 'default', 0x25747970652073657474696e6773, '', '7.14'),
(1652, '/admin/structure/types/manage/pin/fields/field_price?render=overlay', 'default', 0x54686573652073657474696e6773206170706c79206f6e6c7920746f2074686520256669656c64206669656c64207768656e207573656420696e2074686520257479706520747970652e, '', '7.14'),
(1653, '/admin/structure/types/manage/pin/fields/field_price?render=overlay', 'default', 0x5265717569726564206669656c64, '', '7.14'),
(1654, '/admin/structure/types/manage/pin/fields/field_price?render=overlay', 'default', 0x48656c702074657874, '', '7.14'),
(1655, '/admin/structure/types/manage/pin/fields/field_price?render=overlay', 'default', 0x496e737472756374696f6e7320746f2070726573656e7420746f2074686520757365722062656c6f772074686973206669656c64206f6e207468652065646974696e6720666f726d2e3c6272202f3e416c6c6f7765642048544d4c20746167733a204074616773, '', '7.14'),
(1656, '/admin/structure/types/manage/pin/fields/field_price?render=overlay', 'default', 0x4d696e696d756d, '', '7.14'),
(1657, '/admin/structure/types/manage/pin/fields/field_price?render=overlay', 'default', 0x546865206d696e696d756d2076616c756520746861742073686f756c6420626520616c6c6f77656420696e2074686973206669656c642e204c6561766520626c616e6b20666f72206e6f206d696e696d756d2e, '', '7.14'),
(1658, '/admin/structure/types/manage/pin/fields/field_price?render=overlay', 'default', 0x4d6178696d756d, '', '7.14'),
(1659, '/admin/structure/types/manage/pin/fields/field_price?render=overlay', 'default', 0x546865206d6178696d756d2076616c756520746861742073686f756c6420626520616c6c6f77656420696e2074686973206669656c642e204c6561766520626c616e6b20666f72206e6f206d6178696d756d2e, '', '7.14'),
(1660, '/admin/structure/types/manage/pin/fields/field_price?render=overlay', 'default', 0x507265666978, '', '7.14'),
(1661, '/admin/structure/types/manage/pin/fields/field_price?render=overlay', 'default', 0x446566696e65206120737472696e6720746861742073686f756c6420626520707265666978656420746f207468652076616c75652c206c696b652027242027206f722027266575726f3b20272e204c6561766520626c616e6b20666f72206e6f6e652e2053657061726174652073696e67756c617220616e6420706c7572616c2076616c756573207769746820612070697065202827706f756e647c706f756e647327292e, '', '7.14'),
(1662, '/admin/structure/types/manage/pin/fields/field_price?render=overlay', 'default', 0x537566666978, '', '7.14'),
(1663, '/admin/structure/types/manage/pin/fields/field_price?render=overlay', 'default', 0x446566696e65206120737472696e6720746861742073686f756c6420626520737566666978656420746f207468652076616c75652c206c696b652027206d272c2027206b622f73272e204c6561766520626c616e6b20666f72206e6f6e652e2053657061726174652073696e67756c617220616e6420706c7572616c2076616c756573207769746820612070697065202827706f756e647c706f756e647327292e, '', '7.14'),
(1664, '/admin/structure/types/manage/pin/fields/field_price?render=overlay', 'default', 0x44656661756c742076616c7565, '', '7.14'),
(1665, '/admin/structure/types/manage/pin/fields/field_price?render=overlay', 'default', 0x5468652064656661756c742076616c756520666f722074686973206669656c642c2075736564207768656e206372656174696e67206e657720636f6e74656e742e, '', '7.14'),
(1666, '/admin/structure/types/manage/pin/fields/field_price?render=overlay', 'default', 0x54686573652073657474696e6773206170706c7920746f2074686520256669656c64206669656c64206576657279776865726520697420697320757365642e204265636175736520746865206669656c6420616c72656164792068617320646174612c20736f6d652073657474696e67732063616e206e6f206c6f6e676572206265206368616e6765642e, '', '7.14'),
(1667, '/admin/structure/types/manage/pin/fields/field_price?render=overlay', 'default', 0x256669656c64206669656c642073657474696e6773, '', '7.14'),
(1668, '/admin/structure/types/manage/pin/fields/field_price?render=overlay', 'default', 0x4d6178696d756d206e756d626572206f662076616c7565732075736572732063616e20656e74657220666f722074686973206669656c642e, '', '7.14'),
(1669, '/admin/structure/types/manage/pin/fields/field_price?render=overlay', 'default', 0x27556e6c696d69746564272077696c6c2070726f7669646520616e2027416464206d6f72652720627574746f6e20736f207468652075736572732063616e20616464206173206d616e792076616c7565732061732074686579206c696b652e, '', '7.14'),
(1670, '/admin/structure/types/manage/pin/fields/field_price?render=overlay', 'default', 0x4e756d626572206f662076616c756573, '', '7.14'),
(1671, '/admin/structure/types/manage/pin/fields/field_price?render=overlay', 'default', 0x556e6c696d69746564, '', '7.14'),
(1672, '/admin/structure/types/manage/pin/fields/field_price?render=overlay', 'default', 0x507265636973696f6e, '', '7.14'),
(1673, '/admin/structure/types/manage/pin/fields/field_price?render=overlay', 'default', 0x54686520746f74616c206e756d626572206f662064696769747320746f2073746f726520696e207468652064617461626173652c20696e636c7564696e672074686f736520746f20746865207269676874206f662074686520646563696d616c2e, '', '7.14'),
(1674, '/admin/structure/types/manage/pin/fields/field_price?render=overlay', 'default', 0x546865206e756d626572206f662064696769747320746f20746865207269676874206f662074686520646563696d616c2e, '', '7.14'),
(1675, '/admin/structure/types/manage/pin/fields/field_price?render=overlay', 'default', 0x446563696d616c206d61726b6572, '', '7.14'),
(1676, '/admin/structure/types/manage/pin/fields/field_price?render=overlay', 'default', 0x446563696d616c20706f696e74, '', '7.14'),
(1677, '/admin/structure/types/manage/pin/fields/field_price?render=overlay', 'default', 0x436f6d6d61, '', '7.14'),
(1678, '/admin/structure/types/manage/pin/fields/field_price?render=overlay', 'default', 0x546865206368617261637465722075736572732077696c6c20696e70757420746f206d61726b2074686520646563696d616c20706f696e7420696e20666f726d732e, '', '7.14'),
(1679, '/admin/structure/types/manage/pin/fields/field_price?render=overlay', 'default', 0x536176652073657474696e6773, '', '7.14'),
(1680, '/admin/structure/types/manage/pin/fields/field_price?render=overlay', 'default', 0x4669656c642073657474696e6773, '', '7.14'),
(1681, '/admin/structure/types/manage/pin/fields/field_price?render=overlay', 'default', 0x5769646765742074797065, '', '7.14'),
(1682, '/', 'default', 0x506c6561736520656e74657220736f6d65206b6579776f7264732e, '', '7.14'),
(1683, '/search/node/', 'default', 0x456e74657220796f7572206b6579776f726473, '', '7.14'),
(1684, '/search/node/', 'default', 0x416476616e63656420736561726368, '', '7.14'),
(1685, '/search/node/', 'default', 0x436f6e7461696e696e6720616e79206f662074686520776f726473, '', '7.14'),
(1686, '/search/node/', 'default', 0x436f6e7461696e696e672074686520706872617365, '', '7.14'),
(1687, '/search/node/', 'default', 0x436f6e7461696e696e67206e6f6e65206f662074686520776f726473, '', '7.14'),
(1688, '/search/node/', 'default', 0x4f6e6c79206f66207468652074797065287329, '', '7.14'),
(1689, '/admin/appearance?render=overlay', 'default', 0x53637265656e73686f7420666f7220217468656d65207468656d65, '', '7.14'),
(1690, '/admin/appearance?render=overlay', 'default', 0x53657474696e6773, '', '7.14'),
(1691, '/admin/appearance?render=overlay', 'default', 0x53657474696e677320666f7220217468656d65207468656d65, '', '7.14'),
(1692, '/admin/appearance?render=overlay', 'default', 0x44697361626c6520217468656d65207468656d65, '', '7.14'),
(1693, '/admin/appearance?render=overlay', 'default', 0x5365742064656661756c74, '', '7.14'),
(1694, '/admin/appearance?render=overlay', 'default', 0x53657420217468656d652061732064656661756c74207468656d65, '', '7.14'),
(1695, '/admin/appearance?render=overlay', 'default', 0x456e61626c6520217468656d65207468656d65, '', '7.14'),
(1696, '/admin/appearance?render=overlay', 'default', 0x456e61626c6520616e64207365742064656661756c74, '', '7.14'),
(1697, '/admin/appearance?render=overlay', 'default', 0x456e61626c6520217468656d652061732064656661756c74207468656d65, '', '7.14'),
(1698, '/admin/appearance?render=overlay', 'default', 0x64656661756c74207468656d65, '', '7.14'),
(1699, '/admin/appearance?render=overlay', 'default', 0x456e61626c6564207468656d6573, '', '7.14'),
(1700, '/admin/appearance?render=overlay', 'default', 0x44697361626c6564207468656d6573, '', '7.14'),
(1701, '/admin/appearance?render=overlay', 'default', 0x41646d696e697374726174696f6e207468656d65, '', '7.14'),
(1702, '/admin/appearance?render=overlay', 'default', 0x44656661756c74207468656d65, '', '7.14'),
(1703, '/admin/appearance?render=overlay', 'default', 0x43686f6f7365202244656661756c74207468656d652220746f20616c7761797320757365207468652073616d65207468656d65206173207468652072657374206f662074686520736974652e, '', '7.14'),
(1704, '/admin/appearance?render=overlay', 'default', 0x557365207468652061646d696e697374726174696f6e207468656d65207768656e2065646974696e67206f72206372656174696e6720636f6e74656e74, '', '7.14'),
(1705, '/admin/appearance?render=overlay', 'default', 0x5072656d69756d2044727570616c207468656d65206279203c6120687265663d22687474703a2f2f7777772e7468656d65736e61702e636f6d223e5468656d65536e61702e636f6d3c2f613e2e, '', '7.14'),
(1706, '/admin/appearance?render=overlay', 'default', 0x4120666c657869626c652c207265636f6c6f7261626c65207468656d652077697468206d616e7920726567696f6e732e, '', '7.14'),
(1707, '/admin/appearance?render=overlay', 'default', 0x412073696d706c65206f6e652d636f6c756d6e2c207461626c656c6573732c20666c7569642077696474682061646d696e697374726174696f6e207468656d652e, '', '7.14'),
(1708, '/admin/appearance?render=overlay', 'default', 0x41206d756c74692d636f6c756d6e207468656d652077686963682063616e20626520636f6e6669677572656420746f206d6f6469667920636f6c6f727320616e6420737769746368206265747765656e20666978656420616e6420666c756964207769647468206c61796f7574732e, '', '7.14'),
(1709, '/admin/appearance?render=overlay', 'default', 0x54686973207468656d652064656d6f6e737472617465732044727570616c27732064656661756c742048544d4c206d61726b757020616e6420435353207374796c65732e20546f206c6561726e20686f7720746f206275696c6420796f7572206f776e207468656d6520616e64206f766572726964652044727570616c27732064656661756c7420636f64652c2073656520746865203c6120687265663d22687474703a2f2f64727570616c2e6f72672f7468656d652d6775696465223e5468656d696e672047756964653c2f613e2e, '', '7.14'),
(1710, '/admin/appearance?render=overlay', 'default', 0x476c6f62616c2073657474696e6773, '', '7.14'),
(1711, '/admin/appearance?render=overlay', 'default', 0x53656c65637420616e6420636f6e66696775726520796f7572207468656d65, '', '7.14'),
(1712, '/admin/appearance?render=overlay', 'default', 0x42617274696b, '', '7.14'),
(1713, '/admin/appearance?render=overlay', 'default', 0x50696e20426f617264, '', '7.14'),
(1714, '/admin/appearance?render=overlay', 'default', 0x536576656e, '', '7.14'),
(1715, '/admin/appearance?render=overlay', 'default', 0x557064617465, '', '7.14'),
(1716, '/admin/appearance?render=overlay', 'default', 0x436f6e6669677572652064656661756c7420616e64207468656d652073706563696669632073657474696e67732e, '', '7.14'),
(1717, '/admin/appearance?render=overlay', 'default', 0x496e7374616c6c206e6577207468656d65, '', '7.14'),
(1718, '/admin/appearance?render=overlay', 'default', 0x53657420616e6420636f6e666967757265207468652064656661756c74207468656d6520666f7220796f757220776562736974652e2020416c7465726e6174697665203c6120687265663d22407468656d6573223e7468656d65733c2f613e2061726520617661696c61626c652e, '', '7.14'),
(1719, '/admin/config?render=overlay', 'default', 0x54756573646179, '', '7.14'),
(1720, '/admin/config?render=overlay', 'default', 0x4074797065206669656c642e, '', '7.14'),
(1721, '/admin/config/regional/language?render=overlay&render=overlay', 'default', 0x436f6e66696775726174696f6e2073617665642e, '', '7.14'),
(1722, 'sites/all/modules/auto_nodetitle/auto_nodetitle.js', 'default', 0x4175746f6d61746963202868696465207469746c65206669656c6429, '', 'none'),
(1723, 'sites/all/modules/auto_nodetitle/auto_nodetitle.js', 'default', 0x4175746f6d6174696320286966207469746c6520656d70747929, '', 'none'),
(1724, 'modules/node/content_types.js', 'default', 0x52657175697265732061207469746c65, '', 'none'),
(1725, 'modules/node/content_types.js', 'default', 0x446f6e277420646973706c617920706f737420696e666f726d6174696f6e, '', 'none'),
(1726, 'modules/dashboard/dashboard.js', 'default', 0x437573746f6d697a652064617368626f617264, '', 'none'),
(1727, 'modules/dashboard/dashboard.js', 'default', 0x446f6e65, '', 'none'),
(1728, '/admin/config/regional/language?render=overlay', 'default', 0x4164642b, '', '7.14'),
(1729, '/', 'default', 0x5468697320697320616e20616c696173206f66204067726f75703a20406669656c642e, '', '7.14'),
(1730, '/', 'default', 0x416c736f206b6e6f776e2061733a2021616c736f2e, '', '7.14'),
(1731, '/', 'default', 0x53696465626172204164, '', '7.14'),
(1732, '/addboardpin', 'default', 0x55706c6f616420612050696e, '', '7.14'),
(1733, '/addboardpin', 'default', 0x437265617465206120426f617264, '', '7.14'),
(1734, '/addboardpin', 'default', 0x3c64697620636c6173733d2250696e427574746f6e42223e3c6120687265663d222f61646470696e6974223e3c696d67207372633d22687474703a2f2f70696e626f6172642e372f73697465732f616c6c2f7468656d65732f70696e626f6172642f696d672f70696e6974627574746f6e2e706e6722202f3e2250696e2049742220427574746f6e3c2f613e3c6120687265663d222f6e6f64652f6164642f70696e223e3c696d67207372633d22687474703a2f2f70696e626f6172642e372f73697465732f616c6c2f7468656d65732f70696e626f6172642f696d672f63726561746570696e2e706e6722202f3e55706c6f616420612050696e3c2f613e3c6120687265663d222f626f6172642f616464223e3c696d67207372633d22687474703a2f2f70696e626f6172642e372f73697465732f616c6c2f7468656d65732f70696e626f6172642f696d672f626f6172642e706e6722202f3e437265617465206120426f6172643c2f613e3c2f6469763e, '', '7.14'),
(1735, '/board/add', 'default', 0x41646420626f617264, '', '7.14'),
(1736, '/board/add', 'default', 0x426f617264204e616d65, '', '7.14'),
(1737, '/board/add', 'default', 0x53656c65637420612063617465676f7279, '', '7.14'),
(1738, '/board/add', 'default', 0x43617465676f72792062792064656661756c74, '', '7.14'),
(1739, '/board/add', 'default', 0x546869732063617465676f72792077696c6c206265207573656420666f7220616c6c207468652070696e7320746f20626520616464656420746f207468697320626f6172642c20696620796f7520646f206e6f74207370656369667920612070696e20666f7220616e79206f746865722063617465676f72792e, '', '7.14'),
(1740, '/board/add', 'default', 0x57686f2063616e2070696e3f, '', '7.14'),
(1741, '/board/add', 'default', 0x4d65, '', '7.14'),
(1742, '/board/add', 'default', 0x416464, '', '7.14'),
(1743, '/board/add', 'default', 0x54686520626f6172642021626f61726420697320637265617465642e20596f752063616e206564697420626f6172642073657474696e6773203c6120687265663d22216c696e6b223e686572653c2f613e, '', '7.14'),
(1744, '/node/add/pin', 'default', 0x43726561746520406e616d65, '', '7.14'),
(1745, '/node/add/pin', 'default', 0x46696c6573206d757374206265206c657373207468616e202173697a652e, '', '7.14'),
(1746, '/node/add/pin', 'default', 0x416c6c6f7765642066696c652074797065733a2021657874656e73696f6e732e, '', '7.14'),
(1747, '/node/add/pin', 'default', 0x557365203c656d3e62617369632070616765733c2f656d3e20666f7220796f75722073746174696320636f6e74656e742c207375636820617320616e202741626f75742075732720706167652e, '', '7.14'),
(1748, '/node/add/pin', 'default', 0x47443220696d616765206d616e6970756c6174696f6e20746f6f6c6b6974, '', '7.14'),
(1749, '/node/add/pin', 'default', 0x407479706520257469746c6520686173206265656e20637265617465642e, '', '7.14'),
(1750, '/sites/default/files/styles/pin_page/public/field/image/010_0.jpg', 'default', 0x47656e657261746520696d616765207374796c65, '', '7.14'),
(1751, '/admin/appearance/settings', 'default', 0x4c6f676f, '', '7.14'),
(1752, '/admin/appearance/settings', 'default', 0x5573657220706963747572657320696e20706f737473, '', '7.14'),
(1753, '/admin/appearance/settings', 'default', 0x5573657220706963747572657320696e20636f6d6d656e7473, '', '7.14'),
(1754, '/admin/appearance/settings', 'default', 0x5573657220766572696669636174696f6e2073746174757320696e20636f6d6d656e7473, '', '7.14'),
(1755, '/admin/appearance/settings', 'default', 0x53686f72746375742069636f6e, '', '7.14'),
(1756, '/admin/appearance/settings', 'default', 0x5365636f6e64617279206d656e75, '', '7.14'),
(1757, '/admin/appearance/settings', 'default', 0x546f67676c6520646973706c6179, '', '7.14'),
(1758, '/admin/appearance/settings', 'default', 0x456e61626c65206f722064697361626c652074686520646973706c6179206f66206365727461696e207061676520656c656d656e74732e, '', '7.14'),
(1759, '/admin/appearance/settings', 'default', 0x4c6f676f20696d6167652073657474696e6773, '', '7.14'),
(1760, '/admin/appearance/settings', 'default', 0x496620746f67676c6564206f6e2c2074686520666f6c6c6f77696e67206c6f676f2077696c6c20626520646973706c617965642e, '', '7.14'),
(1761, '/admin/appearance/settings', 'default', 0x557365207468652064656661756c74206c6f676f, '', '7.14'),
(1762, '/admin/appearance/settings', 'default', 0x436865636b206865726520696620796f752077616e7420746865207468656d6520746f2075736520746865206c6f676f20737570706c69656420776974682069742e, '', '7.14'),
(1763, '/admin/appearance/settings', 'default', 0x5061746820746f20637573746f6d206c6f676f, '', '7.14'),
(1764, '/admin/appearance/settings', 'default', 0x546865207061746820746f207468652066696c6520796f7520776f756c64206c696b6520746f2075736520617320796f7572206c6f676f2066696c6520696e7374656164206f66207468652064656661756c74206c6f676f2e, '', '7.14'),
(1765, '/admin/appearance/settings', 'default', 0x55706c6f6164206c6f676f20696d616765, '', '7.14'),
(1766, '/admin/appearance/settings', 'default', 0x496620796f7520646f6e27742068617665206469726563742066696c652061636365737320746f20746865207365727665722c207573652074686973206669656c6420746f2075706c6f616420796f7572206c6f676f2e, '', '7.14'),
(1767, '/admin/appearance/settings', 'default', 0x53686f72746375742069636f6e2073657474696e6773, '', '7.14'),
(1768, '/admin/appearance/settings', 'default', 0x596f75722073686f72746375742069636f6e2c206f72202766617669636f6e272c20697320646973706c6179656420696e2074686520616464726573732062617220616e6420626f6f6b6d61726b73206f66206d6f73742062726f77736572732e, '', '7.14'),
(1769, '/admin/appearance/settings', 'default', 0x557365207468652064656661756c742073686f72746375742069636f6e2e, '', '7.14'),
(1770, '/admin/appearance/settings', 'default', 0x436865636b206865726520696620796f752077616e7420746865207468656d6520746f20757365207468652064656661756c742073686f72746375742069636f6e2e, '', '7.14'),
(1771, '/admin/appearance/settings', 'default', 0x5061746820746f20637573746f6d2069636f6e, '', '7.14'),
(1772, '/admin/appearance/settings', 'default', 0x546865207061746820746f2074686520696d6167652066696c6520796f7520776f756c64206c696b6520746f2075736520617320796f757220637573746f6d2073686f72746375742069636f6e2e, '', '7.14'),
(1773, '/admin/appearance/settings', 'default', 0x55706c6f61642069636f6e20696d616765, '', '7.14'),
(1774, '/admin/appearance/settings', 'default', 0x496620796f7520646f6e27742068617665206469726563742066696c652061636365737320746f20746865207365727665722c207573652074686973206669656c6420746f2075706c6f616420796f75722073686f72746375742069636f6e2e, '', '7.14'),
(1775, '/admin/appearance/settings', 'default', 0x5468657365206f7074696f6e7320636f6e74726f6c207468652064656661756c7420646973706c61792073657474696e677320666f7220796f757220656e7469726520736974652c206163726f737320616c6c207468656d65732e20556e6c65737320746865792068617665206265656e206f76657272696464656e2062792061207370656369666963207468656d652c2074686573652073657474696e67732077696c6c20626520757365642e, '', '7.14'),
(1776, '/', 'default', 0x3120526570696e, '', '7.14'),
(1777, '/node?page=1', 'default', 0x40636f756e7420526570696e73, '', '7.14'),
(1778, '/', 'default', 0x3120726570696e, '', '7.14'),
(1779, '/node?page=1', 'default', 0x40636f756e7420726570696e73, '', '7.14'),
(1780, '/admin/config?render=overlay', 'default', 0x467269646179, '', '7.14'),
(1781, 'sites/all/themes/pinboard/scr/like.js', 'default', 0x766f74652e2e2e, '', 'none'),
(1782, 'sites/all/themes/pinboard/scr/like.js', 'default', 0x536176696e672e2e2e, '', 'none'),
(1783, '/', 'default', 0x50696e626f6172642068656c706572206d6f64756c6520656c656d656e74, '', '7.14'),
(1784, '/', 'default', 0x536570617261746f72202d20416476616e6365642053657474696e6773, '', '7.14'),
(1785, '/', 'default', 0x416c6c206669656c6473207468617420617265206c6f63617465642062656c6f772074686520736570617261746f722061726520646973706c6179656420696e20416476616e6365642053657474696e6773, '', '7.14'),
(1786, '/node/110', 'default', 0x21636f756e74204c696b6573, '', '7.14'),
(1787, '/node/110', 'default', 0x536f757263653a20216c696e6b, '', '7.14'),
(1788, '/node/110', 'default', 0x3c623e536f757263653a3c2f623e20216c696e6b, '', '7.14'),
(1789, '/node/110', 'default', 0x536f757263653a2d20216c696e6b, '', '7.14'),
(1790, '/admin/config?render=overlay', 'default', 0x5765646e6573646179, '', '7.14'),
(1791, '/', 'default', 0x557365726e616d65, '', '7.14'),
(1792, '/', 'default', 0x50617373776f7264, '', '7.14'),
(1793, '/', 'default', 0x4c6f6720696e, '', '7.14'),
(1794, '/', 'default', 0x437265617465206e6577206163636f756e74, '', '7.14'),
(1795, '/', 'default', 0x4372656174652061206e65772075736572206163636f756e742e, '', '7.14'),
(1796, '/', 'default', 0x52657175657374206e65772070617373776f7264, '', '7.14'),
(1797, '/', 'default', 0x52657175657374206e65772070617373776f72642076696120652d6d61696c2e, '', '7.14'),
(1798, '/', 'default', 0x4c6f6720696e2077697468204c6f67696e7a61, '', '7.14'),
(1799, '/', 'default', 0x5265676973746572, '', '7.14'),
(1800, '/user', 'default', 0x456e74657220796f757220407320757365726e616d652e, '', '7.14'),
(1801, '/user', 'default', 0x456e746572207468652070617373776f72642074686174206163636f6d70616e69657320796f757220757365726e616d652e, '', '7.14'),
(1802, '/user', 'default', 0x4f72206c6f6720696e207573696e67206f662074686520666f6c6c6f77696e67207365727669636573, '', '7.14');

DROP TABLE IF EXISTS `prefixpinboard_locales_target`;
CREATE TABLE `prefixpinboard_locales_target` (
  `lid` int(11) NOT NULL DEFAULT '0' COMMENT 'Source string ID. References prefixpinboard_locales_source.lid.',
  `translation` blob NOT NULL COMMENT 'Translation string value in this language.',
  `language` varchar(12) NOT NULL DEFAULT '' COMMENT 'Language code. References prefixpinboard_languages.language.',
  `plid` int(11) NOT NULL DEFAULT '0' COMMENT 'Parent lid (lid of the previous string in the plural chain) in case of plural strings. References prefixpinboard_locales_source.lid.',
  `plural` int(11) NOT NULL DEFAULT '0' COMMENT 'Plural index number in case of plural strings.',
  PRIMARY KEY (`language`,`lid`,`plural`),
  KEY `lid` (`lid`),
  KEY `plid` (`plid`),
  KEY `plural` (`plural`)
) ENGINE=InnoDB DEFAULT CHARSET=utf8 COMMENT='Stores translated versions of strings.';


DROP TABLE IF EXISTS `prefixpinboard_loginza_identities`;
CREATE TABLE `prefixpinboard_loginza_identities` (
  `identity` varchar(255) NOT NULL DEFAULT '',
  `provider` varchar(255) NOT NULL DEFAULT '',
  `data` text NOT NULL,
  PRIMARY KEY (`identity`)
) ENGINE=InnoDB DEFAULT CHARSET=utf8;

INSERT INTO `prefixpinboard_loginza_identities` (`identity`, `provider`, `data`) VALUES
('https://www.google.com/accounts/o8/id?id=AItOawn3kE-sEMbMSyeITRHNe-D3HmYkwvv2zIs', 'https://www.google.com/accounts/o8/ud', '{"identity":"https:\\u002F\\u002Fwww.google.com\\u002Faccounts\\u002Fo8\\u002Fid?id=AItOawn3kE-sEMbMSyeITRHNe-D3HmYkwvv2zIs", "provider":"https:\\u002F\\u002Fwww.google.com\\u002Faccounts\\u002Fo8\\u002Fud", "language":"ru", "email":"ricofenix@gmail.com", "name":{"last_name":"Fenix", "first_name":"Rico", "full_name":"Rico Fenix"}, "address":{"home":{"country":"BY"}}, "uid":"112845478754998193766"}');

DROP TABLE IF EXISTS `prefixpinboard_menu_custom`;
CREATE TABLE `prefixpinboard_menu_custom` (
  `menu_name` varchar(32) NOT NULL DEFAULT '' COMMENT 'Primary Key: Unique key for menu. This is used as a block delta so length is 32.',
  `title` varchar(255) NOT NULL DEFAULT '' COMMENT 'Menu title; displayed at top of block.',
  `description` text COMMENT 'Menu description.',
  PRIMARY KEY (`menu_name`)
) ENGINE=InnoDB DEFAULT CHARSET=utf8 COMMENT='Holds definitions for top-level custom menus (for example...';

INSERT INTO `prefixpinboard_menu_custom` (`menu_name`, `title`, `description`) VALUES
('main-menu', 'Main menu', 'The <em>Main</em> menu is used on many sites to show the major sections of the site, often in a top navigation bar.'),
('management', 'Management', 'The <em>Management</em> menu contains links for administrative tasks.'),
('menu-navigation', 'Navigation', ''),
('navigation', 'Navigation', 'The <em>Navigation</em> menu contains links intended for site visitors. Links are added to the <em>Navigation</em> menu automatically by some modules.'),
('user-menu', 'User menu', 'The <em>User</em> menu contains links related to the user''s account, as well as the ''Log out'' link.');

DROP TABLE IF EXISTS `prefixpinboard_menu_links`;
CREATE TABLE `prefixpinboard_menu_links` (
  `menu_name` varchar(32) NOT NULL DEFAULT '' COMMENT 'The menu name. All links with the same menu name (such as ’navigation’) are part of the same menu.',
  `mlid` int(10) unsigned NOT NULL AUTO_INCREMENT COMMENT 'The menu link ID (mlid) is the integer primary key.',
  `plid` int(10) unsigned NOT NULL DEFAULT '0' COMMENT 'The parent link ID (plid) is the mlid of the link above in the hierarchy, or zero if the link is at the top level in its menu.',
  `link_path` varchar(255) NOT NULL DEFAULT '' COMMENT 'The Drupal path or external path this link points to.',
  `router_path` varchar(255) NOT NULL DEFAULT '' COMMENT 'For links corresponding to a Drupal path (external = 0), this connects the link to a prefixpinboard_menu_router.path for joins.',
  `link_title` varchar(255) NOT NULL DEFAULT '' COMMENT 'The text displayed for the link, which may be modified by a title callback stored in prefixpinboard_menu_router.',
  `options` blob COMMENT 'A serialized array of options to be passed to the url() or l() function, such as a query string or HTML attributes.',
  `module` varchar(255) NOT NULL DEFAULT 'system' COMMENT 'The name of the module that generated this link.',
  `hidden` smallint(6) NOT NULL DEFAULT '0' COMMENT 'A flag for whether the link should be rendered in menus. (1 = a disabled menu item that may be shown on admin screens, -1 = a menu callback, 0 = a normal, visible link)',
  `external` smallint(6) NOT NULL DEFAULT '0' COMMENT 'A flag to indicate if the link points to a full URL starting with a protocol, like http:// (1 = external, 0 = internal).',
  `has_children` smallint(6) NOT NULL DEFAULT '0' COMMENT 'Flag indicating whether any links have this link as a parent (1 = children exist, 0 = no children).',
  `expanded` smallint(6) NOT NULL DEFAULT '0' COMMENT 'Flag for whether this link should be rendered as expanded in menus - expanded links always have their child links displayed, instead of only when the link is in the active trail (1 = expanded, 0 = not expanded)',
  `weight` int(11) NOT NULL DEFAULT '0' COMMENT 'Link weight among links in the same menu at the same depth.',
  `depth` smallint(6) NOT NULL DEFAULT '0' COMMENT 'The depth relative to the top level. A link with plid == 0 will have depth == 1.',
  `customized` smallint(6) NOT NULL DEFAULT '0' COMMENT 'A flag to indicate that the user has manually created or edited the link (1 = customized, 0 = not customized).',
  `p1` int(10) unsigned NOT NULL DEFAULT '0' COMMENT 'The first mlid in the materialized path. If N = depth, then pN must equal the mlid. If depth > 1 then p(N-1) must equal the plid. All pX where X > depth must equal zero. The columns p1 .. p9 are also called the parents.',
  `p2` int(10) unsigned NOT NULL DEFAULT '0' COMMENT 'The second mlid in the materialized path. See p1.',
  `p3` int(10) unsigned NOT NULL DEFAULT '0' COMMENT 'The third mlid in the materialized path. See p1.',
  `p4` int(10) unsigned NOT NULL DEFAULT '0' COMMENT 'The fourth mlid in the materialized path. See p1.',
  `p5` int(10) unsigned NOT NULL DEFAULT '0' COMMENT 'The fifth mlid in the materialized path. See p1.',
  `p6` int(10) unsigned NOT NULL DEFAULT '0' COMMENT 'The sixth mlid in the materialized path. See p1.',
  `p7` int(10) unsigned NOT NULL DEFAULT '0' COMMENT 'The seventh mlid in the materialized path. See p1.',
  `p8` int(10) unsigned NOT NULL DEFAULT '0' COMMENT 'The eighth mlid in the materialized path. See p1.',
  `p9` int(10) unsigned NOT NULL DEFAULT '0' COMMENT 'The ninth mlid in the materialized path. See p1.',
  `updated` smallint(6) NOT NULL DEFAULT '0' COMMENT 'Flag that indicates that this link was generated during the update from Drupal 5.',
  PRIMARY KEY (`mlid`),
  KEY `path_menu` (`link_path`(128),`menu_name`),
  KEY `menu_plid_expand_child` (`menu_name`,`plid`,`expanded`,`has_children`),
  KEY `menu_parents` (`menu_name`,`p1`,`p2`,`p3`,`p4`,`p5`,`p6`,`p7`,`p8`,`p9`),
  KEY `router_path` (`router_path`(128))
) ENGINE=InnoDB  DEFAULT CHARSET=utf8 COMMENT='Contains the individual links within a menu.' AUTO_INCREMENT=766 ;

INSERT INTO `prefixpinboard_menu_links` (`menu_name`, `mlid`, `plid`, `link_path`, `router_path`, `link_title`, `options`, `module`, `hidden`, `external`, `has_children`, `expanded`, `weight`, `depth`, `customized`, `p1`, `p2`, `p3`, `p4`, `p5`, `p6`, `p7`, `p8`, `p9`, `updated`) VALUES
('management', 1, 0, 'admin', 'admin', 'Administration', 0x613a303a7b7d, 'system', 0, 0, 1, 0, 9, 1, 0, 1, 0, 0, 0, 0, 0, 0, 0, 0, 0),
('user-menu', 2, 0, 'user', 'user', 'User account', 0x613a313a7b733a353a22616c746572223b623a313b7d, 'system', 0, 0, 0, 0, -10, 1, 0, 2, 0, 0, 0, 0, 0, 0, 0, 0, 0),
('navigation', 3, 0, 'comment/%', 'comment/%', 'Comment permalink', 0x613a303a7b7d, 'system', 0, 0, 1, 0, 0, 1, 0, 3, 0, 0, 0, 0, 0, 0, 0, 0, 0),
('navigation', 4, 0, 'filter/tips', 'filter/tips', 'Compose tips', 0x613a303a7b7d, 'system', 1, 0, 0, 0, -49, 1, 1, 4, 0, 0, 0, 0, 0, 0, 0, 0, 0),
('navigation', 5, 0, 'node/%', 'node/%', '', 0x613a303a7b7d, 'system', 0, 0, 0, 0, 0, 1, 0, 5, 0, 0, 0, 0, 0, 0, 0, 0, 0),
('user-menu', 6, 0, 'node/add', 'node/add', 'Add content', 0x613a313a7b733a31303a2261747472696275746573223b613a313a7b733a353a227469746c65223b733a303a22223b7d7d, 'system', 0, 0, 1, 0, 0, 1, 1, 6, 0, 0, 0, 0, 0, 0, 0, 0, 0),
('management', 7, 1, 'admin/appearance', 'admin/appearance', 'Appearance', 0x613a313a7b733a31303a2261747472696275746573223b613a313a7b733a353a227469746c65223b733a33333a2253656c65637420616e6420636f6e66696775726520796f7572207468656d65732e223b7d7d, 'system', 0, 0, 0, 0, -6, 2, 0, 1, 7, 0, 0, 0, 0, 0, 0, 0, 0),
('management', 8, 1, 'admin/config', 'admin/config', 'Configuration', 0x613a313a7b733a31303a2261747472696275746573223b613a313a7b733a353a227469746c65223b733a32303a2241646d696e69737465722073657474696e67732e223b7d7d, 'system', 0, 0, 1, 0, 0, 2, 0, 1, 8, 0, 0, 0, 0, 0, 0, 0, 0),
('management', 9, 1, 'admin/content', 'admin/content', 'Content', 0x613a313a7b733a31303a2261747472696275746573223b613a313a7b733a353a227469746c65223b733a33323a2241646d696e697374657220636f6e74656e7420616e6420636f6d6d656e74732e223b7d7d, 'system', 0, 0, 1, 0, -10, 2, 0, 1, 9, 0, 0, 0, 0, 0, 0, 0, 0),
('user-menu', 10, 2, 'user/register', 'user/register', 'Create new account', 0x613a303a7b7d, 'system', -1, 0, 0, 0, 0, 2, 0, 2, 10, 0, 0, 0, 0, 0, 0, 0, 0),
('management', 11, 1, 'admin/dashboard', 'admin/dashboard', 'Dashboard', 0x613a313a7b733a31303a2261747472696275746573223b613a313a7b733a353a227469746c65223b733a33343a225669657720616e6420637573746f6d697a6520796f75722064617368626f6172642e223b7d7d, 'system', 0, 0, 0, 0, -15, 2, 0, 1, 11, 0, 0, 0, 0, 0, 0, 0, 0),
('management', 12, 1, 'admin/help', 'admin/help', 'Help', 0x613a313a7b733a31303a2261747472696275746573223b613a313a7b733a353a227469746c65223b733a34383a225265666572656e636520666f722075736167652c20636f6e66696775726174696f6e2c20616e64206d6f64756c65732e223b7d7d, 'system', 0, 0, 0, 0, 9, 2, 0, 1, 12, 0, 0, 0, 0, 0, 0, 0, 0),
('management', 13, 1, 'admin/index', 'admin/index', 'Index', 0x613a303a7b7d, 'system', -1, 0, 0, 0, -18, 2, 0, 1, 13, 0, 0, 0, 0, 0, 0, 0, 0),
('user-menu', 14, 2, 'user/login', 'user/login', 'Log in', 0x613a303a7b7d, 'system', -1, 0, 0, 0, 0, 2, 0, 2, 14, 0, 0, 0, 0, 0, 0, 0, 0),
('user-menu', 15, 0, 'user/logout', 'user/logout', 'Log out', 0x613a303a7b7d, 'system', 0, 0, 0, 0, 10, 1, 0, 15, 0, 0, 0, 0, 0, 0, 0, 0, 0),
('management', 16, 1, 'admin/modules', 'admin/modules', 'Modules', 0x613a313a7b733a31303a2261747472696275746573223b613a313a7b733a353a227469746c65223b733a32363a22457874656e6420736974652066756e6374696f6e616c6974792e223b7d7d, 'system', 0, 0, 0, 0, -2, 2, 0, 1, 16, 0, 0, 0, 0, 0, 0, 0, 0),
('navigation', 17, 0, 'user/%', 'user/%', 'My account', 0x613a303a7b7d, 'system', 0, 0, 1, 0, 0, 1, 0, 17, 0, 0, 0, 0, 0, 0, 0, 0, 0),
('management', 18, 1, 'admin/people', 'admin/people', 'People', 0x613a313a7b733a31303a2261747472696275746573223b613a313a7b733a353a227469746c65223b733a34353a224d616e6167652075736572206163636f756e74732c20726f6c65732c20616e64207065726d697373696f6e732e223b7d7d, 'system', 0, 0, 0, 0, -4, 2, 0, 1, 18, 0, 0, 0, 0, 0, 0, 0, 0),
('management', 19, 1, 'admin/reports', 'admin/reports', 'Reports', 0x613a313a7b733a31303a2261747472696275746573223b613a313a7b733a353a227469746c65223b733a33343a2256696577207265706f7274732c20757064617465732c20616e64206572726f72732e223b7d7d, 'system', 0, 0, 1, 0, 5, 2, 0, 1, 19, 0, 0, 0, 0, 0, 0, 0, 0),
('user-menu', 20, 2, 'user/password', 'user/password', 'Request new password', 0x613a303a7b7d, 'system', -1, 0, 0, 0, 0, 2, 0, 2, 20, 0, 0, 0, 0, 0, 0, 0, 0),
('management', 21, 1, 'admin/structure', 'admin/structure', 'Structure', 0x613a313a7b733a31303a2261747472696275746573223b613a313a7b733a353a227469746c65223b733a34353a2241646d696e697374657220626c6f636b732c20636f6e74656e742074797065732c206d656e75732c206574632e223b7d7d, 'system', 0, 0, 1, 0, -8, 2, 0, 1, 21, 0, 0, 0, 0, 0, 0, 0, 0),
('management', 22, 1, 'admin/tasks', 'admin/tasks', 'Tasks', 0x613a303a7b7d, 'system', -1, 0, 0, 0, -20, 2, 0, 1, 22, 0, 0, 0, 0, 0, 0, 0, 0),
('navigation', 23, 0, 'comment/reply/%', 'comment/reply/%', 'Add new comment', 0x613a303a7b7d, 'system', 0, 0, 0, 0, 0, 1, 0, 23, 0, 0, 0, 0, 0, 0, 0, 0, 0),
('navigation', 24, 3, 'comment/%/approve', 'comment/%/approve', 'Approve', 0x613a303a7b7d, 'system', 0, 0, 0, 0, 1, 2, 0, 3, 24, 0, 0, 0, 0, 0, 0, 0, 0),
('navigation', 25, 3, 'comment/%/delete', 'comment/%/delete', 'Delete', 0x613a303a7b7d, 'system', -1, 0, 0, 0, 2, 2, 0, 3, 25, 0, 0, 0, 0, 0, 0, 0, 0),
('navigation', 26, 3, 'comment/%/edit', 'comment/%/edit', 'Edit', 0x613a303a7b7d, 'system', -1, 0, 0, 0, 0, 2, 0, 3, 26, 0, 0, 0, 0, 0, 0, 0, 0),
('navigation', 27, 0, 'taxonomy/term/%', 'taxonomy/term/%', 'Taxonomy term', 0x613a303a7b7d, 'system', 0, 0, 0, 0, 0, 1, 0, 27, 0, 0, 0, 0, 0, 0, 0, 0, 0),
('navigation', 28, 3, 'comment/%/view', 'comment/%/view', 'View comment', 0x613a303a7b7d, 'system', -1, 0, 0, 0, -10, 2, 0, 3, 28, 0, 0, 0, 0, 0, 0, 0, 0),
('management', 29, 18, 'admin/people/create', 'admin/people/create', 'Add user', 0x613a303a7b7d, 'system', -1, 0, 0, 0, 0, 3, 0, 1, 18, 29, 0, 0, 0, 0, 0, 0, 0),
('management', 30, 21, 'admin/structure/block', 'admin/structure/block', 'Blocks', 0x613a313a7b733a31303a2261747472696275746573223b613a313a7b733a353a227469746c65223b733a37393a22436f6e666967757265207768617420626c6f636b20636f6e74656e74206170706561727320696e20796f75722073697465277320736964656261727320616e64206f7468657220726567696f6e732e223b7d7d, 'system', 0, 0, 1, 0, 0, 3, 0, 1, 21, 30, 0, 0, 0, 0, 0, 0, 0),
('navigation', 31, 17, 'user/%/cancel', 'user/%/cancel', 'Cancel account', 0x613a303a7b7d, 'system', 0, 0, 1, 0, 0, 2, 0, 17, 31, 0, 0, 0, 0, 0, 0, 0, 0),
('management', 32, 9, 'admin/content/comment', 'admin/content/comment', 'Comments', 0x613a313a7b733a31303a2261747472696275746573223b613a313a7b733a353a227469746c65223b733a35393a224c69737420616e642065646974207369746520636f6d6d656e747320616e642074686520636f6d6d656e7420617070726f76616c2071756575652e223b7d7d, 'system', 0, 0, 0, 0, 0, 3, 0, 1, 9, 32, 0, 0, 0, 0, 0, 0, 0),
('management', 33, 11, 'admin/dashboard/configure', 'admin/dashboard/configure', 'Configure available dashboard blocks', 0x613a313a7b733a31303a2261747472696275746573223b613a313a7b733a353a227469746c65223b733a35333a22436f6e66696775726520776869636820626c6f636b732063616e2062652073686f776e206f6e207468652064617368626f6172642e223b7d7d, 'system', -1, 0, 0, 0, 0, 3, 0, 1, 11, 33, 0, 0, 0, 0, 0, 0, 0),
('management', 34, 9, 'admin/content/node', 'admin/content/node', 'Content', 0x613a303a7b7d, 'system', -1, 0, 0, 0, -10, 3, 0, 1, 9, 34, 0, 0, 0, 0, 0, 0, 0),
('management', 35, 8, 'admin/config/content', 'admin/config/content', 'Content authoring', 0x613a313a7b733a31303a2261747472696275746573223b613a313a7b733a353a227469746c65223b733a35333a2253657474696e67732072656c6174656420746f20666f726d617474696e6720616e6420617574686f72696e6720636f6e74656e742e223b7d7d, 'system', 0, 0, 1, 0, -15, 3, 0, 1, 8, 35, 0, 0, 0, 0, 0, 0, 0),
('management', 36, 21, 'admin/structure/types', 'admin/structure/types', 'Content types', 0x613a313a7b733a31303a2261747472696275746573223b613a313a7b733a353a227469746c65223b733a39323a224d616e61676520636f6e74656e742074797065732c20696e636c7564696e672064656661756c74207374617475732c2066726f6e7420706167652070726f6d6f74696f6e2c20636f6d6d656e742073657474696e67732c206574632e223b7d7d, 'system', 0, 0, 1, 0, 0, 3, 0, 1, 21, 36, 0, 0, 0, 0, 0, 0, 0),
('management', 37, 11, 'admin/dashboard/customize', 'admin/dashboard/customize', 'Customize dashboard', 0x613a313a7b733a31303a2261747472696275746573223b613a313a7b733a353a227469746c65223b733a32353a22437573746f6d697a6520796f75722064617368626f6172642e223b7d7d, 'system', -1, 0, 0, 0, 0, 3, 0, 1, 11, 37, 0, 0, 0, 0, 0, 0, 0),
('navigation', 38, 5, 'node/%/delete', 'node/%/delete', 'Delete', 0x613a303a7b7d, 'system', -1, 0, 0, 0, 1, 2, 0, 5, 38, 0, 0, 0, 0, 0, 0, 0, 0),
('management', 39, 8, 'admin/config/development', 'admin/config/development', 'Development', 0x613a313a7b733a31303a2261747472696275746573223b613a313a7b733a353a227469746c65223b733a31383a22446576656c6f706d656e7420746f6f6c732e223b7d7d, 'system', 0, 0, 1, 0, -10, 3, 0, 1, 8, 39, 0, 0, 0, 0, 0, 0, 0),
('navigation', 40, 17, 'user/%/edit', 'user/%/edit', 'Edit', 0x613a303a7b7d, 'system', -1, 0, 0, 0, 0, 2, 0, 17, 40, 0, 0, 0, 0, 0, 0, 0, 0),
('navigation', 41, 5, 'node/%/edit', 'node/%/edit', 'Edit', 0x613a303a7b7d, 'system', -1, 0, 0, 0, 0, 2, 0, 5, 41, 0, 0, 0, 0, 0, 0, 0, 0),
('management', 42, 19, 'admin/reports/fields', 'admin/reports/fields', 'Field list', 0x613a313a7b733a31303a2261747472696275746573223b613a313a7b733a353a227469746c65223b733a33393a224f76657276696577206f66206669656c6473206f6e20616c6c20656e746974792074797065732e223b7d7d, 'system', 0, 0, 0, 0, 0, 3, 0, 1, 19, 42, 0, 0, 0, 0, 0, 0, 0),
('management', 43, 7, 'admin/appearance/list', 'admin/appearance/list', 'List', 0x613a313a7b733a31303a2261747472696275746573223b613a313a7b733a353a227469746c65223b733a33313a2253656c65637420616e6420636f6e66696775726520796f7572207468656d65223b7d7d, 'system', -1, 0, 0, 0, -1, 3, 0, 1, 7, 43, 0, 0, 0, 0, 0, 0, 0),
('management', 44, 16, 'admin/modules/list', 'admin/modules/list', 'List', 0x613a303a7b7d, 'system', -1, 0, 0, 0, 0, 3, 0, 1, 16, 44, 0, 0, 0, 0, 0, 0, 0),
('management', 45, 18, 'admin/people/people', 'admin/people/people', 'List', 0x613a313a7b733a31303a2261747472696275746573223b613a313a7b733a353a227469746c65223b733a35303a2246696e6420616e64206d616e6167652070656f706c6520696e746572616374696e67207769746820796f757220736974652e223b7d7d, 'system', -1, 0, 0, 0, -10, 3, 0, 1, 18, 45, 0, 0, 0, 0, 0, 0, 0),
('management', 46, 8, 'admin/config/media', 'admin/config/media', 'Media', 0x613a313a7b733a31303a2261747472696275746573223b613a313a7b733a353a227469746c65223b733a31323a224d6564696120746f6f6c732e223b7d7d, 'system', 0, 0, 1, 0, -10, 3, 0, 1, 8, 46, 0, 0, 0, 0, 0, 0, 0),
('management', 47, 21, 'admin/structure/menu', 'admin/structure/menu', 'Menus', 0x613a313a7b733a31303a2261747472696275746573223b613a313a7b733a353a227469746c65223b733a38363a22416464206e6577206d656e757320746f20796f757220736974652c2065646974206578697374696e67206d656e75732c20616e642072656e616d6520616e642072656f7267616e697a65206d656e75206c696e6b732e223b7d7d, 'system', 0, 0, 1, 0, 0, 3, 0, 1, 21, 47, 0, 0, 0, 0, 0, 0, 0),
('management', 48, 8, 'admin/config/people', 'admin/config/people', 'People', 0x613a313a7b733a31303a2261747472696275746573223b613a313a7b733a353a227469746c65223b733a32343a22436f6e6669677572652075736572206163636f756e74732e223b7d7d, 'system', 0, 0, 1, 0, -20, 3, 0, 1, 8, 48, 0, 0, 0, 0, 0, 0, 0),
('management', 49, 18, 'admin/people/permissions', 'admin/people/permissions', 'Permissions', 0x613a313a7b733a31303a2261747472696275746573223b613a313a7b733a353a227469746c65223b733a36343a2244657465726d696e652061636365737320746f2066656174757265732062792073656c656374696e67207065726d697373696f6e7320666f7220726f6c65732e223b7d7d, 'system', -1, 0, 0, 0, 0, 3, 0, 1, 18, 49, 0, 0, 0, 0, 0, 0, 0),
('management', 50, 19, 'admin/reports/dblog', 'admin/reports/dblog', 'Recent log messages', 0x613a313a7b733a31303a2261747472696275746573223b613a313a7b733a353a227469746c65223b733a34333a2256696577206576656e74732074686174206861766520726563656e746c79206265656e206c6f676765642e223b7d7d, 'system', 0, 0, 0, 0, -1, 3, 0, 1, 19, 50, 0, 0, 0, 0, 0, 0, 0),
('management', 51, 8, 'admin/config/regional', 'admin/config/regional', 'Regional and language', 0x613a313a7b733a31303a2261747472696275746573223b613a313a7b733a353a227469746c65223b733a34383a22526567696f6e616c2073657474696e67732c206c6f63616c697a6174696f6e20616e64207472616e736c6174696f6e2e223b7d7d, 'system', 0, 0, 1, 0, -5, 3, 0, 1, 8, 51, 0, 0, 0, 0, 0, 0, 0),
('navigation', 52, 5, 'node/%/revisions', 'node/%/revisions', 'Revisions', 0x613a303a7b7d, 'system', -1, 0, 1, 0, 2, 2, 0, 5, 52, 0, 0, 0, 0, 0, 0, 0, 0),
('management', 53, 8, 'admin/config/search', 'admin/config/search', 'Search and metadata', 0x613a313a7b733a31303a2261747472696275746573223b613a313a7b733a353a227469746c65223b733a33363a224c6f63616c2073697465207365617263682c206d6574616461746120616e642053454f2e223b7d7d, 'system', 0, 0, 1, 0, -10, 3, 0, 1, 8, 53, 0, 0, 0, 0, 0, 0, 0),
('management', 54, 7, 'admin/appearance/settings', 'admin/appearance/settings', 'Settings', 0x613a313a7b733a31303a2261747472696275746573223b613a313a7b733a353a227469746c65223b733a34363a22436f6e6669677572652064656661756c7420616e64207468656d652073706563696669632073657474696e67732e223b7d7d, 'system', -1, 0, 0, 0, 20, 3, 0, 1, 7, 54, 0, 0, 0, 0, 0, 0, 0),
('management', 55, 19, 'admin/reports/status', 'admin/reports/status', 'Status report', 0x613a313a7b733a31303a2261747472696275746573223b613a313a7b733a353a227469746c65223b733a37343a22476574206120737461747573207265706f72742061626f757420796f757220736974652773206f7065726174696f6e20616e6420616e792064657465637465642070726f626c656d732e223b7d7d, 'system', 0, 0, 0, 0, -60, 3, 0, 1, 19, 55, 0, 0, 0, 0, 0, 0, 0),
('management', 56, 8, 'admin/config/system', 'admin/config/system', 'System', 0x613a313a7b733a31303a2261747472696275746573223b613a313a7b733a353a227469746c65223b733a33373a2247656e6572616c2073797374656d2072656c6174656420636f6e66696775726174696f6e2e223b7d7d, 'system', 0, 0, 1, 0, -20, 3, 0, 1, 8, 56, 0, 0, 0, 0, 0, 0, 0),
('management', 57, 21, 'admin/structure/taxonomy', 'admin/structure/taxonomy', 'Taxonomy', 0x613a313a7b733a31303a2261747472696275746573223b613a313a7b733a353a227469746c65223b733a36373a224d616e6167652074616767696e672c2063617465676f72697a6174696f6e2c20616e6420636c617373696669636174696f6e206f6620796f757220636f6e74656e742e223b7d7d, 'system', 0, 0, 1, 0, 0, 3, 0, 1, 21, 57, 0, 0, 0, 0, 0, 0, 0),
('management', 58, 19, 'admin/reports/access-denied', 'admin/reports/access-denied', 'Top ''access denied'' errors', 0x613a313a7b733a31303a2261747472696275746573223b613a313a7b733a353a227469746c65223b733a33353a225669657720276163636573732064656e69656427206572726f7273202834303373292e223b7d7d, 'system', 0, 0, 0, 0, 0, 3, 0, 1, 19, 58, 0, 0, 0, 0, 0, 0, 0),
('management', 59, 19, 'admin/reports/page-not-found', 'admin/reports/page-not-found', 'Top ''page not found'' errors', 0x613a313a7b733a31303a2261747472696275746573223b613a313a7b733a353a227469746c65223b733a33363a2256696577202770616765206e6f7420666f756e6427206572726f7273202834303473292e223b7d7d, 'system', 0, 0, 0, 0, 0, 3, 0, 1, 19, 59, 0, 0, 0, 0, 0, 0, 0),
('management', 60, 16, 'admin/modules/uninstall', 'admin/modules/uninstall', 'Uninstall', 0x613a303a7b7d, 'system', -1, 0, 0, 0, 20, 3, 0, 1, 16, 60, 0, 0, 0, 0, 0, 0, 0),
('management', 61, 8, 'admin/config/user-interface', 'admin/config/user-interface', 'User interface', 0x613a313a7b733a31303a2261747472696275746573223b613a313a7b733a353a227469746c65223b733a33383a22546f6f6c73207468617420656e68616e636520746865207573657220696e746572666163652e223b7d7d, 'system', 0, 0, 1, 0, -15, 3, 0, 1, 8, 61, 0, 0, 0, 0, 0, 0, 0),
('navigation', 62, 5, 'node/%/view', 'node/%/view', 'View', 0x613a303a7b7d, 'system', -1, 0, 0, 0, -10, 2, 0, 5, 62, 0, 0, 0, 0, 0, 0, 0, 0),
('navigation', 63, 17, 'user/%/view', 'user/%/view', 'View', 0x613a303a7b7d, 'system', -1, 0, 0, 0, -10, 2, 0, 17, 63, 0, 0, 0, 0, 0, 0, 0, 0),
('management', 64, 8, 'admin/config/services', 'admin/config/services', 'Web services', 0x613a313a7b733a31303a2261747472696275746573223b613a313a7b733a353a227469746c65223b733a33303a22546f6f6c732072656c6174656420746f207765622073657276696365732e223b7d7d, 'system', 0, 0, 1, 0, 0, 3, 0, 1, 8, 64, 0, 0, 0, 0, 0, 0, 0),
('management', 65, 8, 'admin/config/workflow', 'admin/config/workflow', 'Workflow', 0x613a313a7b733a31303a2261747472696275746573223b613a313a7b733a353a227469746c65223b733a34333a22436f6e74656e7420776f726b666c6f772c20656469746f7269616c20776f726b666c6f7720746f6f6c732e223b7d7d, 'system', 0, 0, 0, 0, 5, 3, 0, 1, 8, 65, 0, 0, 0, 0, 0, 0, 0),
('management', 66, 12, 'admin/help/block', 'admin/help/block', 'block', 0x613a303a7b7d, 'system', -1, 0, 0, 0, 0, 3, 0, 1, 12, 66, 0, 0, 0, 0, 0, 0, 0),
('management', 67, 12, 'admin/help/color', 'admin/help/color', 'color', 0x613a303a7b7d, 'system', -1, 0, 0, 0, 0, 3, 0, 1, 12, 67, 0, 0, 0, 0, 0, 0, 0),
('management', 68, 12, 'admin/help/comment', 'admin/help/comment', 'comment', 0x613a303a7b7d, 'system', -1, 0, 0, 0, 0, 3, 0, 1, 12, 68, 0, 0, 0, 0, 0, 0, 0),
('management', 69, 12, 'admin/help/contextual', 'admin/help/contextual', 'contextual', 0x613a303a7b7d, 'system', -1, 0, 0, 0, 0, 3, 0, 1, 12, 69, 0, 0, 0, 0, 0, 0, 0),
('management', 70, 12, 'admin/help/dashboard', 'admin/help/dashboard', 'dashboard', 0x613a303a7b7d, 'system', -1, 0, 0, 0, 0, 3, 0, 1, 12, 70, 0, 0, 0, 0, 0, 0, 0),
('management', 71, 12, 'admin/help/dblog', 'admin/help/dblog', 'dblog', 0x613a303a7b7d, 'system', -1, 0, 0, 0, 0, 3, 0, 1, 12, 71, 0, 0, 0, 0, 0, 0, 0),
('management', 72, 12, 'admin/help/field', 'admin/help/field', 'field', 0x613a303a7b7d, 'system', -1, 0, 0, 0, 0, 3, 0, 1, 12, 72, 0, 0, 0, 0, 0, 0, 0),
('management', 73, 12, 'admin/help/field_sql_storage', 'admin/help/field_sql_storage', 'field_sql_storage', 0x613a303a7b7d, 'system', -1, 0, 0, 0, 0, 3, 0, 1, 12, 73, 0, 0, 0, 0, 0, 0, 0),
('management', 74, 12, 'admin/help/field_ui', 'admin/help/field_ui', 'field_ui', 0x613a303a7b7d, 'system', -1, 0, 0, 0, 0, 3, 0, 1, 12, 74, 0, 0, 0, 0, 0, 0, 0),
('management', 75, 12, 'admin/help/file', 'admin/help/file', 'file', 0x613a303a7b7d, 'system', -1, 0, 0, 0, 0, 3, 0, 1, 12, 75, 0, 0, 0, 0, 0, 0, 0),
('management', 76, 12, 'admin/help/filter', 'admin/help/filter', 'filter', 0x613a303a7b7d, 'system', -1, 0, 0, 0, 0, 3, 0, 1, 12, 76, 0, 0, 0, 0, 0, 0, 0),
('management', 77, 12, 'admin/help/help', 'admin/help/help', 'help', 0x613a303a7b7d, 'system', -1, 0, 0, 0, 0, 3, 0, 1, 12, 77, 0, 0, 0, 0, 0, 0, 0),
('management', 78, 12, 'admin/help/image', 'admin/help/image', 'image', 0x613a303a7b7d, 'system', -1, 0, 0, 0, 0, 3, 0, 1, 12, 78, 0, 0, 0, 0, 0, 0, 0),
('management', 79, 12, 'admin/help/list', 'admin/help/list', 'list', 0x613a303a7b7d, 'system', -1, 0, 0, 0, 0, 3, 0, 1, 12, 79, 0, 0, 0, 0, 0, 0, 0),
('management', 80, 12, 'admin/help/menu', 'admin/help/menu', 'menu', 0x613a303a7b7d, 'system', -1, 0, 0, 0, 0, 3, 0, 1, 12, 80, 0, 0, 0, 0, 0, 0, 0),
('management', 81, 12, 'admin/help/node', 'admin/help/node', 'node', 0x613a303a7b7d, 'system', -1, 0, 0, 0, 0, 3, 0, 1, 12, 81, 0, 0, 0, 0, 0, 0, 0),
('management', 82, 12, 'admin/help/options', 'admin/help/options', 'options', 0x613a303a7b7d, 'system', -1, 0, 0, 0, 0, 3, 0, 1, 12, 82, 0, 0, 0, 0, 0, 0, 0),
('management', 83, 12, 'admin/help/system', 'admin/help/system', 'system', 0x613a303a7b7d, 'system', -1, 0, 0, 0, 0, 3, 0, 1, 12, 83, 0, 0, 0, 0, 0, 0, 0),
('management', 84, 12, 'admin/help/taxonomy', 'admin/help/taxonomy', 'taxonomy', 0x613a303a7b7d, 'system', -1, 0, 0, 0, 0, 3, 0, 1, 12, 84, 0, 0, 0, 0, 0, 0, 0),
('management', 85, 12, 'admin/help/text', 'admin/help/text', 'text', 0x613a303a7b7d, 'system', -1, 0, 0, 0, 0, 3, 0, 1, 12, 85, 0, 0, 0, 0, 0, 0, 0),
('management', 86, 12, 'admin/help/user', 'admin/help/user', 'user', 0x613a303a7b7d, 'system', -1, 0, 0, 0, 0, 3, 0, 1, 12, 86, 0, 0, 0, 0, 0, 0, 0),
('navigation', 87, 27, 'taxonomy/term/%/edit', 'taxonomy/term/%/edit', 'Edit', 0x613a303a7b7d, 'system', -1, 0, 0, 0, 10, 2, 0, 27, 87, 0, 0, 0, 0, 0, 0, 0, 0),
('navigation', 88, 27, 'taxonomy/term/%/view', 'taxonomy/term/%/view', 'View', 0x613a303a7b7d, 'system', -1, 0, 0, 0, 0, 2, 0, 27, 88, 0, 0, 0, 0, 0, 0, 0, 0),
('management', 89, 48, 'admin/config/people/accounts', 'admin/config/people/accounts', 'Account settings', 0x613a313a7b733a31303a2261747472696275746573223b613a313a7b733a353a227469746c65223b733a3130393a22436f6e6669677572652064656661756c74206265686176696f72206f662075736572732c20696e636c7564696e6720726567697374726174696f6e20726571756972656d656e74732c20652d6d61696c732c206669656c64732c20616e6420757365722070696374757265732e223b7d7d, 'system', 0, 0, 0, 0, -10, 4, 0, 1, 8, 48, 89, 0, 0, 0, 0, 0, 0),
('management', 90, 56, 'admin/config/system/actions', 'admin/config/system/actions', 'Actions', 0x613a313a7b733a31303a2261747472696275746573223b613a313a7b733a353a227469746c65223b733a34313a224d616e6167652074686520616374696f6e7320646566696e656420666f7220796f757220736974652e223b7d7d, 'system', 0, 0, 1, 0, 0, 4, 0, 1, 8, 56, 90, 0, 0, 0, 0, 0, 0),
('management', 91, 30, 'admin/structure/block/add', 'admin/structure/block/add', 'Add block', 0x613a303a7b7d, 'system', -1, 0, 0, 0, 0, 4, 0, 1, 21, 30, 91, 0, 0, 0, 0, 0, 0),
('management', 92, 36, 'admin/structure/types/add', 'admin/structure/types/add', 'Add content type', 0x613a303a7b7d, 'system', -1, 0, 0, 0, 0, 4, 0, 1, 21, 36, 92, 0, 0, 0, 0, 0, 0),
('management', 93, 47, 'admin/structure/menu/add', 'admin/structure/menu/add', 'Add menu', 0x613a303a7b7d, 'system', -1, 0, 0, 0, 0, 4, 0, 1, 21, 47, 93, 0, 0, 0, 0, 0, 0),
('management', 94, 57, 'admin/structure/taxonomy/add', 'admin/structure/taxonomy/add', 'Add vocabulary', 0x613a303a7b7d, 'system', -1, 0, 0, 0, 0, 4, 0, 1, 21, 57, 94, 0, 0, 0, 0, 0, 0),
('management', 95, 54, 'admin/appearance/settings/bartik', 'admin/appearance/settings/bartik', 'Bartik', 0x613a303a7b7d, 'system', -1, 0, 0, 0, 0, 4, 0, 1, 7, 54, 95, 0, 0, 0, 0, 0, 0),
('management', 96, 53, 'admin/config/search/clean-urls', 'admin/config/search/clean-urls', 'Clean URLs', 0x613a313a7b733a31303a2261747472696275746573223b613a313a7b733a353a227469746c65223b733a34333a22456e61626c65206f722064697361626c6520636c65616e2055524c7320666f7220796f757220736974652e223b7d7d, 'system', 0, 0, 0, 0, 5, 4, 0, 1, 8, 53, 96, 0, 0, 0, 0, 0, 0),
('management', 97, 56, 'admin/config/system/cron', 'admin/config/system/cron', 'Cron', 0x613a313a7b733a31303a2261747472696275746573223b613a313a7b733a353a227469746c65223b733a34303a224d616e616765206175746f6d617469632073697465206d61696e74656e616e6365207461736b732e223b7d7d, 'system', 0, 0, 0, 0, 20, 4, 0, 1, 8, 56, 97, 0, 0, 0, 0, 0, 0),
('management', 98, 51, 'admin/config/regional/date-time', 'admin/config/regional/date-time', 'Date and time', 0x613a313a7b733a31303a2261747472696275746573223b613a313a7b733a353a227469746c65223b733a34343a22436f6e66696775726520646973706c617920666f726d61747320666f72206461746520616e642074696d652e223b7d7d, 'system', 0, 0, 0, 0, -15, 4, 0, 1, 8, 51, 98, 0, 0, 0, 0, 0, 0),
('management', 99, 19, 'admin/reports/event/%', 'admin/reports/event/%', 'Details', 0x613a303a7b7d, 'system', 0, 0, 0, 0, 0, 3, 0, 1, 19, 99, 0, 0, 0, 0, 0, 0, 0),
('management', 100, 46, 'admin/config/media/file-system', 'admin/config/media/file-system', 'File system', 0x613a313a7b733a31303a2261747472696275746573223b613a313a7b733a353a227469746c65223b733a36383a2254656c6c2044727570616c20776865726520746f2073746f72652075706c6f616465642066696c657320616e6420686f772074686579206172652061636365737365642e223b7d7d, 'system', 0, 0, 0, 0, -10, 4, 0, 1, 8, 46, 100, 0, 0, 0, 0, 0, 0),
('management', 101, 54, 'admin/appearance/settings/garland', 'admin/appearance/settings/garland', 'Garland', 0x613a303a7b7d, 'system', -1, 0, 0, 0, 0, 4, 0, 1, 7, 54, 101, 0, 0, 0, 0, 0, 0),
('management', 102, 54, 'admin/appearance/settings/global', 'admin/appearance/settings/global', 'Global settings', 0x613a303a7b7d, 'system', -1, 0, 0, 0, -1, 4, 0, 1, 7, 54, 102, 0, 0, 0, 0, 0, 0),
('management', 103, 48, 'admin/config/people/ip-blocking', 'admin/config/people/ip-blocking', 'IP address blocking', 0x613a313a7b733a31303a2261747472696275746573223b613a313a7b733a353a227469746c65223b733a32383a224d616e61676520626c6f636b6564204950206164647265737365732e223b7d7d, 'system', 0, 0, 1, 0, 10, 4, 0, 1, 8, 48, 103, 0, 0, 0, 0, 0, 0),
('management', 104, 46, 'admin/config/media/image-styles', 'admin/config/media/image-styles', 'Image styles', 0x613a313a7b733a31303a2261747472696275746573223b613a313a7b733a353a227469746c65223b733a37383a22436f6e666967757265207374796c657320746861742063616e206265207573656420666f7220726573697a696e67206f722061646a757374696e6720696d61676573206f6e20646973706c61792e223b7d7d, 'system', 0, 0, 1, 0, 0, 4, 0, 1, 8, 46, 104, 0, 0, 0, 0, 0, 0),
('management', 105, 46, 'admin/config/media/image-toolkit', 'admin/config/media/image-toolkit', 'Image toolkit', 0x613a313a7b733a31303a2261747472696275746573223b613a313a7b733a353a227469746c65223b733a37343a2243686f6f736520776869636820696d61676520746f6f6c6b697420746f2075736520696620796f75206861766520696e7374616c6c6564206f7074696f6e616c20746f6f6c6b6974732e223b7d7d, 'system', 0, 0, 0, 0, 20, 4, 0, 1, 8, 46, 105, 0, 0, 0, 0, 0, 0),
('management', 106, 36, 'admin/structure/types/list', 'admin/structure/types/list', 'List', 0x613a303a7b7d, 'system', -1, 0, 0, 0, -10, 4, 0, 1, 21, 36, 106, 0, 0, 0, 0, 0, 0),
('management', 107, 44, 'admin/modules/list/confirm', 'admin/modules/list/confirm', 'List', 0x613a303a7b7d, 'system', -1, 0, 0, 0, 0, 4, 0, 1, 16, 44, 107, 0, 0, 0, 0, 0, 0),
('management', 108, 57, 'admin/structure/taxonomy/list', 'admin/structure/taxonomy/list', 'List', 0x613a303a7b7d, 'system', -1, 0, 0, 0, -10, 4, 0, 1, 21, 57, 108, 0, 0, 0, 0, 0, 0),
('management', 109, 47, 'admin/structure/menu/list', 'admin/structure/menu/list', 'List menus', 0x613a303a7b7d, 'system', -1, 0, 0, 0, -10, 4, 0, 1, 21, 47, 109, 0, 0, 0, 0, 0, 0),
('management', 110, 39, 'admin/config/development/logging', 'admin/config/development/logging', 'Logging and errors', 0x613a313a7b733a31303a2261747472696275746573223b613a313a7b733a353a227469746c65223b733a3135343a2253657474696e677320666f72206c6f6767696e6720616e6420616c65727473206d6f64756c65732e20566172696f7573206d6f64756c65732063616e20726f7574652044727570616c27732073797374656d206576656e747320746f20646966666572656e742064657374696e6174696f6e732c2073756368206173207379736c6f672c2064617461626173652c20656d61696c2c206574632e223b7d7d, 'system', 0, 0, 0, 0, -15, 4, 0, 1, 8, 39, 110, 0, 0, 0, 0, 0, 0),
('management', 111, 39, 'admin/config/development/maintenance', 'admin/config/development/maintenance', 'Maintenance mode', 0x613a313a7b733a31303a2261747472696275746573223b613a313a7b733a353a227469746c65223b733a36323a2254616b65207468652073697465206f66666c696e6520666f72206d61696e74656e616e6365206f72206272696e67206974206261636b206f6e6c696e652e223b7d7d, 'system', 0, 0, 0, 0, -10, 4, 0, 1, 8, 39, 111, 0, 0, 0, 0, 0, 0),
('management', 112, 39, 'admin/config/development/performance', 'admin/config/development/performance', 'Performance', 0x613a313a7b733a31303a2261747472696275746573223b613a313a7b733a353a227469746c65223b733a3130313a22456e61626c65206f722064697361626c6520706167652063616368696e6720666f7220616e6f6e796d6f757320757365727320616e64207365742043535320616e64204a532062616e647769647468206f7074696d697a6174696f6e206f7074696f6e732e223b7d7d, 'system', 0, 0, 0, 0, -20, 4, 0, 1, 8, 39, 112, 0, 0, 0, 0, 0, 0),
('management', 113, 49, 'admin/people/permissions/list', 'admin/people/permissions/list', 'Permissions', 0x613a313a7b733a31303a2261747472696275746573223b613a313a7b733a353a227469746c65223b733a36343a2244657465726d696e652061636365737320746f2066656174757265732062792073656c656374696e67207065726d697373696f6e7320666f7220726f6c65732e223b7d7d, 'system', -1, 0, 0, 0, -8, 4, 0, 1, 18, 49, 113, 0, 0, 0, 0, 0, 0),
('management', 114, 32, 'admin/content/comment/new', 'admin/content/comment/new', 'Published comments', 0x613a303a7b7d, 'system', -1, 0, 0, 0, -10, 4, 0, 1, 9, 32, 114, 0, 0, 0, 0, 0, 0),
('management', 115, 64, 'admin/config/services/rss-publishing', 'admin/config/services/rss-publishing', 'RSS publishing', 0x613a313a7b733a31303a2261747472696275746573223b613a313a7b733a353a227469746c65223b733a3131343a22436f6e666967757265207468652073697465206465736372697074696f6e2c20746865206e756d626572206f66206974656d7320706572206665656420616e6420776865746865722066656564732073686f756c64206265207469746c65732f746561736572732f66756c6c2d746578742e223b7d7d, 'system', 0, 0, 0, 0, 0, 4, 0, 1, 8, 64, 115, 0, 0, 0, 0, 0, 0),
('management', 116, 51, 'admin/config/regional/settings', 'admin/config/regional/settings', 'Regional settings', 0x613a313a7b733a31303a2261747472696275746573223b613a313a7b733a353a227469746c65223b733a35343a2253657474696e677320666f7220746865207369746527732064656661756c742074696d65207a6f6e6520616e6420636f756e7472792e223b7d7d, 'system', 0, 0, 0, 0, -20, 4, 0, 1, 8, 51, 116, 0, 0, 0, 0, 0, 0),
('management', 117, 49, 'admin/people/permissions/roles', 'admin/people/permissions/roles', 'Roles', 0x613a313a7b733a31303a2261747472696275746573223b613a313a7b733a353a227469746c65223b733a33303a224c6973742c20656469742c206f7220616464207573657220726f6c65732e223b7d7d, 'system', -1, 0, 1, 0, -5, 4, 0, 1, 18, 49, 117, 0, 0, 0, 0, 0, 0),
('management', 118, 47, 'admin/structure/menu/settings', 'admin/structure/menu/settings', 'Settings', 0x613a303a7b7d, 'system', -1, 0, 0, 0, 5, 4, 0, 1, 21, 47, 118, 0, 0, 0, 0, 0, 0),
('management', 119, 54, 'admin/appearance/settings/seven', 'admin/appearance/settings/seven', 'Seven', 0x613a303a7b7d, 'system', -1, 0, 0, 0, 0, 4, 0, 1, 7, 54, 119, 0, 0, 0, 0, 0, 0),
('management', 120, 56, 'admin/config/system/site-information', 'admin/config/system/site-information', 'Site information', 0x613a313a7b733a31303a2261747472696275746573223b613a313a7b733a353a227469746c65223b733a3130343a224368616e67652073697465206e616d652c20652d6d61696c20616464726573732c20736c6f67616e2c2064656661756c742066726f6e7420706167652c20616e64206e756d626572206f6620706f7374732070657220706167652c206572726f722070616765732e223b7d7d, 'system', 0, 0, 0, 0, -20, 4, 0, 1, 8, 56, 120, 0, 0, 0, 0, 0, 0),
('management', 121, 54, 'admin/appearance/settings/stark', 'admin/appearance/settings/stark', 'Stark', 0x613a303a7b7d, 'system', -1, 0, 0, 0, 0, 4, 0, 1, 7, 54, 121, 0, 0, 0, 0, 0, 0),
('management', 122, 35, 'admin/config/content/formats', 'admin/config/content/formats', 'Text formats', 0x613a313a7b733a31303a2261747472696275746573223b613a313a7b733a353a227469746c65223b733a3132373a22436f6e66696775726520686f7720636f6e74656e7420696e7075742062792075736572732069732066696c74657265642c20696e636c7564696e6720616c6c6f7765642048544d4c20746167732e20416c736f20616c6c6f777320656e61626c696e67206f66206d6f64756c652d70726f76696465642066696c746572732e223b7d7d, 'system', 0, 0, 1, 0, 0, 4, 0, 1, 8, 35, 122, 0, 0, 0, 0, 0, 0),
('management', 123, 60, 'admin/modules/uninstall/confirm', 'admin/modules/uninstall/confirm', 'Uninstall', 0x613a303a7b7d, 'system', -1, 0, 0, 0, 0, 4, 0, 1, 16, 60, 123, 0, 0, 0, 0, 0, 0),
('management', 124, 57, 'admin/structure/taxonomy/%', 'admin/structure/taxonomy/%', '', 0x613a303a7b7d, 'system', 0, 0, 0, 0, 0, 4, 0, 1, 21, 57, 124, 0, 0, 0, 0, 0, 0),
('management', 125, 32, 'admin/content/comment/approval', 'admin/content/comment/approval', 'Unapproved comments', 0x613a303a7b7d, 'system', -1, 0, 0, 0, 0, 4, 0, 1, 9, 32, 125, 0, 0, 0, 0, 0, 0),
('navigation', 126, 40, 'user/%/edit/account', 'user/%/edit/account', 'Account', 0x613a303a7b7d, 'system', -1, 0, 0, 0, 0, 3, 0, 17, 40, 126, 0, 0, 0, 0, 0, 0, 0),
('management', 127, 122, 'admin/config/content/formats/%', 'admin/config/content/formats/%', '', 0x613a303a7b7d, 'system', 0, 0, 1, 0, 0, 5, 0, 1, 8, 35, 122, 127, 0, 0, 0, 0, 0),
('management', 128, 104, 'admin/config/media/image-styles/add', 'admin/config/media/image-styles/add', 'Add style', 0x613a313a7b733a31303a2261747472696275746573223b613a313a7b733a353a227469746c65223b733a32323a224164642061206e657720696d616765207374796c652e223b7d7d, 'system', -1, 0, 0, 0, 2, 5, 0, 1, 8, 46, 104, 128, 0, 0, 0, 0, 0),
('management', 129, 124, 'admin/structure/taxonomy/%/add', 'admin/structure/taxonomy/%/add', 'Add term', 0x613a303a7b7d, 'system', -1, 0, 0, 0, 0, 5, 0, 1, 21, 57, 124, 129, 0, 0, 0, 0, 0),
('management', 130, 122, 'admin/config/content/formats/add', 'admin/config/content/formats/add', 'Add text format', 0x613a303a7b7d, 'system', -1, 0, 0, 0, 1, 5, 0, 1, 8, 35, 122, 130, 0, 0, 0, 0, 0),
('management', 131, 30, 'admin/structure/block/list/bartik', 'admin/structure/block/list/bartik', 'Bartik', 0x613a303a7b7d, 'system', -1, 0, 0, 0, 0, 4, 0, 1, 21, 30, 131, 0, 0, 0, 0, 0, 0),
('management', 132, 90, 'admin/config/system/actions/configure', 'admin/config/system/actions/configure', 'Configure an advanced action', 0x613a303a7b7d, 'system', -1, 0, 0, 0, 0, 5, 0, 1, 8, 56, 90, 132, 0, 0, 0, 0, 0),
('management', 133, 47, 'admin/structure/menu/manage/%', 'admin/structure/menu/manage/%', 'Customize menu', 0x613a303a7b7d, 'system', 0, 0, 1, 0, 0, 4, 0, 1, 21, 47, 133, 0, 0, 0, 0, 0, 0),
('management', 134, 124, 'admin/structure/taxonomy/%/edit', 'admin/structure/taxonomy/%/edit', 'Edit', 0x613a303a7b7d, 'system', -1, 0, 0, 0, -10, 5, 0, 1, 21, 57, 124, 134, 0, 0, 0, 0, 0),
('management', 135, 36, 'admin/structure/types/manage/%', 'admin/structure/types/manage/%', 'Edit content type', 0x613a303a7b7d, 'system', 0, 0, 1, 0, 0, 4, 0, 1, 21, 36, 135, 0, 0, 0, 0, 0, 0),
('management', 136, 98, 'admin/config/regional/date-time/formats', 'admin/config/regional/date-time/formats', 'Formats', 0x613a313a7b733a31303a2261747472696275746573223b613a313a7b733a353a227469746c65223b733a35313a22436f6e66696775726520646973706c617920666f726d617420737472696e677320666f72206461746520616e642074696d652e223b7d7d, 'system', -1, 0, 1, 0, -9, 5, 0, 1, 8, 51, 98, 136, 0, 0, 0, 0, 0),
('management', 137, 30, 'admin/structure/block/list/garland', 'admin/structure/block/list/garland', 'Garland', 0x613a303a7b7d, 'system', -1, 0, 0, 0, 0, 4, 0, 1, 21, 30, 137, 0, 0, 0, 0, 0, 0),
('management', 138, 124, 'admin/structure/taxonomy/%/list', 'admin/structure/taxonomy/%/list', 'List', 0x613a303a7b7d, 'system', -1, 0, 0, 0, -20, 5, 0, 1, 21, 57, 124, 138, 0, 0, 0, 0, 0),
('management', 139, 122, 'admin/config/content/formats/list', 'admin/config/content/formats/list', 'List', 0x613a303a7b7d, 'system', -1, 0, 0, 0, 0, 5, 0, 1, 8, 35, 122, 139, 0, 0, 0, 0, 0),
('management', 140, 104, 'admin/config/media/image-styles/list', 'admin/config/media/image-styles/list', 'List', 0x613a313a7b733a31303a2261747472696275746573223b613a313a7b733a353a227469746c65223b733a34323a224c697374207468652063757272656e7420696d616765207374796c6573206f6e2074686520736974652e223b7d7d, 'system', -1, 0, 0, 0, 1, 5, 0, 1, 8, 46, 104, 140, 0, 0, 0, 0, 0),
('management', 141, 90, 'admin/config/system/actions/manage', 'admin/config/system/actions/manage', 'Manage actions', 0x613a313a7b733a31303a2261747472696275746573223b613a313a7b733a353a227469746c65223b733a34313a224d616e6167652074686520616374696f6e7320646566696e656420666f7220796f757220736974652e223b7d7d, 'system', -1, 0, 0, 0, -2, 5, 0, 1, 8, 56, 90, 141, 0, 0, 0, 0, 0),
('management', 142, 89, 'admin/config/people/accounts/settings', 'admin/config/people/accounts/settings', 'Settings', 0x613a303a7b7d, 'system', -1, 0, 0, 0, -10, 5, 0, 1, 8, 48, 89, 142, 0, 0, 0, 0, 0),
('management', 143, 30, 'admin/structure/block/list/seven', 'admin/structure/block/list/seven', 'Seven', 0x613a303a7b7d, 'system', -1, 0, 0, 0, 0, 4, 0, 1, 21, 30, 143, 0, 0, 0, 0, 0, 0),
('management', 144, 30, 'admin/structure/block/list/stark', 'admin/structure/block/list/stark', 'Stark', 0x613a303a7b7d, 'system', -1, 0, 0, 0, 0, 4, 0, 1, 21, 30, 144, 0, 0, 0, 0, 0, 0),
('management', 145, 98, 'admin/config/regional/date-time/types', 'admin/config/regional/date-time/types', 'Types', 0x613a313a7b733a31303a2261747472696275746573223b613a313a7b733a353a227469746c65223b733a34343a22436f6e66696775726520646973706c617920666f726d61747320666f72206461746520616e642074696d652e223b7d7d, 'system', -1, 0, 1, 0, -10, 5, 0, 1, 8, 51, 98, 145, 0, 0, 0, 0, 0),
('navigation', 146, 52, 'node/%/revisions/%/delete', 'node/%/revisions/%/delete', 'Delete earlier revision', 0x613a303a7b7d, 'system', 0, 0, 0, 0, 0, 3, 0, 5, 52, 146, 0, 0, 0, 0, 0, 0, 0),
('navigation', 147, 52, 'node/%/revisions/%/revert', 'node/%/revisions/%/revert', 'Revert to earlier revision', 0x613a303a7b7d, 'system', 0, 0, 0, 0, 0, 3, 0, 5, 52, 147, 0, 0, 0, 0, 0, 0, 0),
('navigation', 148, 52, 'node/%/revisions/%/view', 'node/%/revisions/%/view', 'Revisions', 0x613a303a7b7d, 'system', 0, 0, 0, 0, 0, 3, 0, 5, 52, 148, 0, 0, 0, 0, 0, 0, 0),
('management', 149, 137, 'admin/structure/block/list/garland/add', 'admin/structure/block/list/garland/add', 'Add block', 0x613a303a7b7d, 'system', -1, 0, 0, 0, 0, 5, 0, 1, 21, 30, 137, 149, 0, 0, 0, 0, 0),
('management', 150, 143, 'admin/structure/block/list/seven/add', 'admin/structure/block/list/seven/add', 'Add block', 0x613a303a7b7d, 'system', -1, 0, 0, 0, 0, 5, 0, 1, 21, 30, 143, 150, 0, 0, 0, 0, 0),
('management', 151, 144, 'admin/structure/block/list/stark/add', 'admin/structure/block/list/stark/add', 'Add block', 0x613a303a7b7d, 'system', -1, 0, 0, 0, 0, 5, 0, 1, 21, 30, 144, 151, 0, 0, 0, 0, 0),
('management', 152, 145, 'admin/config/regional/date-time/types/add', 'admin/config/regional/date-time/types/add', 'Add date type', 0x613a313a7b733a31303a2261747472696275746573223b613a313a7b733a353a227469746c65223b733a31383a22416464206e6577206461746520747970652e223b7d7d, 'system', -1, 0, 0, 0, -10, 6, 0, 1, 8, 51, 98, 145, 152, 0, 0, 0, 0),
('management', 153, 136, 'admin/config/regional/date-time/formats/add', 'admin/config/regional/date-time/formats/add', 'Add format', 0x613a313a7b733a31303a2261747472696275746573223b613a313a7b733a353a227469746c65223b733a34333a22416c6c6f7720757365727320746f20616464206164646974696f6e616c206461746520666f726d6174732e223b7d7d, 'system', -1, 0, 0, 0, -10, 6, 0, 1, 8, 51, 98, 136, 153, 0, 0, 0, 0),
('management', 154, 133, 'admin/structure/menu/manage/%/add', 'admin/structure/menu/manage/%/add', 'Add link', 0x613a303a7b7d, 'system', -1, 0, 0, 0, 0, 5, 0, 1, 21, 47, 133, 154, 0, 0, 0, 0, 0),
('management', 155, 30, 'admin/structure/block/manage/%/%', 'admin/structure/block/manage/%/%', 'Configure block', 0x613a303a7b7d, 'system', 0, 0, 0, 0, 0, 4, 0, 1, 21, 30, 155, 0, 0, 0, 0, 0, 0),
('navigation', 156, 31, 'user/%/cancel/confirm/%/%', 'user/%/cancel/confirm/%/%', 'Confirm account cancellation', 0x613a303a7b7d, 'system', 0, 0, 0, 0, 0, 3, 0, 17, 31, 156, 0, 0, 0, 0, 0, 0, 0),
('management', 157, 135, 'admin/structure/types/manage/%/delete', 'admin/structure/types/manage/%/delete', 'Delete', 0x613a303a7b7d, 'system', 0, 0, 0, 0, 0, 5, 0, 1, 21, 36, 135, 157, 0, 0, 0, 0, 0),
('management', 158, 103, 'admin/config/people/ip-blocking/delete/%', 'admin/config/people/ip-blocking/delete/%', 'Delete IP address', 0x613a303a7b7d, 'system', 0, 0, 0, 0, 0, 5, 0, 1, 8, 48, 103, 158, 0, 0, 0, 0, 0),
('management', 159, 90, 'admin/config/system/actions/delete/%', 'admin/config/system/actions/delete/%', 'Delete action', 0x613a313a7b733a31303a2261747472696275746573223b613a313a7b733a353a227469746c65223b733a31373a2244656c65746520616e20616374696f6e2e223b7d7d, 'system', 0, 0, 0, 0, 0, 5, 0, 1, 8, 56, 90, 159, 0, 0, 0, 0, 0),
('management', 160, 133, 'admin/structure/menu/manage/%/delete', 'admin/structure/menu/manage/%/delete', 'Delete menu', 0x613a303a7b7d, 'system', 0, 0, 0, 0, 0, 5, 0, 1, 21, 47, 133, 160, 0, 0, 0, 0, 0),
('management', 161, 47, 'admin/structure/menu/item/%/delete', 'admin/structure/menu/item/%/delete', 'Delete menu link', 0x613a303a7b7d, 'system', 0, 0, 0, 0, 0, 4, 0, 1, 21, 47, 161, 0, 0, 0, 0, 0, 0),
('management', 162, 117, 'admin/people/permissions/roles/delete/%', 'admin/people/permissions/roles/delete/%', 'Delete role', 0x613a303a7b7d, 'system', 0, 0, 0, 0, 0, 5, 0, 1, 18, 49, 117, 162, 0, 0, 0, 0, 0),
('management', 163, 127, 'admin/config/content/formats/%/disable', 'admin/config/content/formats/%/disable', 'Disable text format', 0x613a303a7b7d, 'system', 0, 0, 0, 0, 0, 6, 0, 1, 8, 35, 122, 127, 163, 0, 0, 0, 0),
('management', 164, 135, 'admin/structure/types/manage/%/edit', 'admin/structure/types/manage/%/edit', 'Edit', 0x613a303a7b7d, 'system', -1, 0, 0, 0, 0, 5, 0, 1, 21, 36, 135, 164, 0, 0, 0, 0, 0),
('management', 165, 133, 'admin/structure/menu/manage/%/edit', 'admin/structure/menu/manage/%/edit', 'Edit menu', 0x613a303a7b7d, 'system', -1, 0, 0, 0, 0, 5, 0, 1, 21, 47, 133, 165, 0, 0, 0, 0, 0),
('management', 166, 47, 'admin/structure/menu/item/%/edit', 'admin/structure/menu/item/%/edit', 'Edit menu link', 0x613a303a7b7d, 'system', 0, 0, 0, 0, 0, 4, 0, 1, 21, 47, 166, 0, 0, 0, 0, 0, 0),
('management', 167, 117, 'admin/people/permissions/roles/edit/%', 'admin/people/permissions/roles/edit/%', 'Edit role', 0x613a303a7b7d, 'system', 0, 0, 0, 0, 0, 5, 0, 1, 18, 49, 117, 167, 0, 0, 0, 0, 0),
('management', 168, 104, 'admin/config/media/image-styles/edit/%', 'admin/config/media/image-styles/edit/%', 'Edit style', 0x613a313a7b733a31303a2261747472696275746573223b613a313a7b733a353a227469746c65223b733a32353a22436f6e66696775726520616e20696d616765207374796c652e223b7d7d, 'system', 0, 0, 1, 0, 0, 5, 0, 1, 8, 46, 104, 168, 0, 0, 0, 0, 0),
('management', 169, 133, 'admin/structure/menu/manage/%/list', 'admin/structure/menu/manage/%/list', 'List links', 0x613a303a7b7d, 'system', -1, 0, 0, 0, -10, 5, 0, 1, 21, 47, 133, 169, 0, 0, 0, 0, 0),
('management', 170, 47, 'admin/structure/menu/item/%/reset', 'admin/structure/menu/item/%/reset', 'Reset menu link', 0x613a303a7b7d, 'system', 0, 0, 0, 0, 0, 4, 0, 1, 21, 47, 170, 0, 0, 0, 0, 0, 0),
('management', 171, 104, 'admin/config/media/image-styles/delete/%', 'admin/config/media/image-styles/delete/%', 'Delete style', 0x613a313a7b733a31303a2261747472696275746573223b613a313a7b733a353a227469746c65223b733a32323a2244656c65746520616e20696d616765207374796c652e223b7d7d, 'system', 0, 0, 0, 0, 0, 5, 0, 1, 8, 46, 104, 171, 0, 0, 0, 0, 0),
('management', 172, 104, 'admin/config/media/image-styles/revert/%', 'admin/config/media/image-styles/revert/%', 'Revert style', 0x613a313a7b733a31303a2261747472696275746573223b613a313a7b733a353a227469746c65223b733a32323a2252657665727420616e20696d616765207374796c652e223b7d7d, 'system', 0, 0, 0, 0, 0, 5, 0, 1, 8, 46, 104, 172, 0, 0, 0, 0, 0),
('management', 173, 135, 'admin/structure/types/manage/%/comment/display', 'admin/structure/types/manage/%/comment/display', 'Comment display', 0x613a303a7b7d, 'system', -1, 0, 0, 0, 4, 5, 0, 1, 21, 36, 135, 173, 0, 0, 0, 0, 0),
('management', 174, 135, 'admin/structure/types/manage/%/comment/fields', 'admin/structure/types/manage/%/comment/fields', 'Comment fields', 0x613a303a7b7d, 'system', -1, 0, 1, 0, 3, 5, 0, 1, 21, 36, 135, 174, 0, 0, 0, 0, 0),
('management', 175, 155, 'admin/structure/block/manage/%/%/configure', 'admin/structure/block/manage/%/%/configure', 'Configure block', 0x613a303a7b7d, 'system', -1, 0, 0, 0, 0, 5, 0, 1, 21, 30, 155, 175, 0, 0, 0, 0, 0),
('management', 176, 155, 'admin/structure/block/manage/%/%/delete', 'admin/structure/block/manage/%/%/delete', 'Delete block', 0x613a303a7b7d, 'system', -1, 0, 0, 0, 0, 5, 0, 1, 21, 30, 155, 176, 0, 0, 0, 0, 0),
('management', 177, 136, 'admin/config/regional/date-time/formats/%/delete', 'admin/config/regional/date-time/formats/%/delete', 'Delete date format', 0x613a313a7b733a31303a2261747472696275746573223b613a313a7b733a353a227469746c65223b733a34373a22416c6c6f7720757365727320746f2064656c657465206120636f6e66696775726564206461746520666f726d61742e223b7d7d, 'system', 0, 0, 0, 0, 0, 6, 0, 1, 8, 51, 98, 136, 177, 0, 0, 0, 0),
('management', 178, 145, 'admin/config/regional/date-time/types/%/delete', 'admin/config/regional/date-time/types/%/delete', 'Delete date type', 0x613a313a7b733a31303a2261747472696275746573223b613a313a7b733a353a227469746c65223b733a34353a22416c6c6f7720757365727320746f2064656c657465206120636f6e66696775726564206461746520747970652e223b7d7d, 'system', 0, 0, 0, 0, 0, 6, 0, 1, 8, 51, 98, 145, 178, 0, 0, 0, 0),
('management', 179, 136, 'admin/config/regional/date-time/formats/%/edit', 'admin/config/regional/date-time/formats/%/edit', 'Edit date format', 0x613a313a7b733a31303a2261747472696275746573223b613a313a7b733a353a227469746c65223b733a34353a22416c6c6f7720757365727320746f2065646974206120636f6e66696775726564206461746520666f726d61742e223b7d7d, 'system', 0, 0, 0, 0, 0, 6, 0, 1, 8, 51, 98, 136, 179, 0, 0, 0, 0),
('management', 180, 168, 'admin/config/media/image-styles/edit/%/add/%', 'admin/config/media/image-styles/edit/%/add/%', 'Add image effect', 0x613a313a7b733a31303a2261747472696275746573223b613a313a7b733a353a227469746c65223b733a32383a224164642061206e65772065666665637420746f2061207374796c652e223b7d7d, 'system', 0, 0, 0, 0, 0, 6, 0, 1, 8, 46, 104, 168, 180, 0, 0, 0, 0),
('management', 181, 168, 'admin/config/media/image-styles/edit/%/effects/%', 'admin/config/media/image-styles/edit/%/effects/%', 'Edit image effect', 0x613a313a7b733a31303a2261747472696275746573223b613a313a7b733a353a227469746c65223b733a33393a224564697420616e206578697374696e67206566666563742077697468696e2061207374796c652e223b7d7d, 'system', 0, 0, 1, 0, 0, 6, 0, 1, 8, 46, 104, 168, 181, 0, 0, 0, 0),
('management', 182, 181, 'admin/config/media/image-styles/edit/%/effects/%/delete', 'admin/config/media/image-styles/edit/%/effects/%/delete', 'Delete image effect', 0x613a313a7b733a31303a2261747472696275746573223b613a313a7b733a353a227469746c65223b733a33393a2244656c65746520616e206578697374696e67206566666563742066726f6d2061207374796c652e223b7d7d, 'system', 0, 0, 0, 0, 0, 7, 0, 1, 8, 46, 104, 168, 181, 182, 0, 0, 0),
('management', 183, 47, 'admin/structure/menu/manage/main-menu', 'admin/structure/menu/manage/%', 'Main menu', 0x613a303a7b7d, 'menu', 0, 0, 0, 0, 0, 4, 0, 1, 21, 47, 183, 0, 0, 0, 0, 0, 0),
('management', 184, 47, 'admin/structure/menu/manage/management', 'admin/structure/menu/manage/%', 'Management', 0x613a303a7b7d, 'menu', 0, 0, 0, 0, 0, 4, 0, 1, 21, 47, 184, 0, 0, 0, 0, 0, 0),
('management', 185, 47, 'admin/structure/menu/manage/navigation', 'admin/structure/menu/manage/%', 'Navigation', 0x613a303a7b7d, 'menu', 0, 0, 0, 0, 0, 4, 0, 1, 21, 47, 185, 0, 0, 0, 0, 0, 0),
('management', 186, 47, 'admin/structure/menu/manage/user-menu', 'admin/structure/menu/manage/%', 'User menu', 0x613a303a7b7d, 'menu', 0, 0, 0, 0, 0, 4, 0, 1, 21, 47, 186, 0, 0, 0, 0, 0, 0),
('navigation', 187, 0, 'search', 'search', 'Search', 0x613a303a7b7d, 'system', 1, 0, 0, 0, -48, 1, 1, 187, 0, 0, 0, 0, 0, 0, 0, 0, 0),
('navigation', 188, 187, 'search/node', 'search/node', 'Content', 0x613a303a7b7d, 'system', -1, 0, 0, 0, -10, 2, 0, 187, 188, 0, 0, 0, 0, 0, 0, 0, 0),
('navigation', 189, 187, 'search/user', 'search/user', 'Users', 0x613a303a7b7d, 'system', -1, 0, 0, 0, 0, 2, 0, 187, 189, 0, 0, 0, 0, 0, 0, 0, 0),
('navigation', 190, 188, 'search/node/%', 'search/node/%', 'Content', 0x613a303a7b7d, 'system', -1, 0, 0, 0, 0, 3, 0, 187, 188, 190, 0, 0, 0, 0, 0, 0, 0),
('navigation', 191, 17, 'user/%/shortcuts', 'user/%/shortcuts', 'Shortcuts', 0x613a303a7b7d, 'system', -1, 0, 0, 0, 0, 2, 0, 17, 191, 0, 0, 0, 0, 0, 0, 0, 0),
('management', 192, 19, 'admin/reports/search', 'admin/reports/search', 'Top search phrases', 0x613a313a7b733a31303a2261747472696275746573223b613a313a7b733a353a227469746c65223b733a33333a2256696577206d6f737420706f70756c61722073656172636820706872617365732e223b7d7d, 'system', 0, 0, 0, 0, 0, 3, 0, 1, 19, 192, 0, 0, 0, 0, 0, 0, 0),
('navigation', 193, 189, 'search/user/%', 'search/user/%', 'Users', 0x613a303a7b7d, 'system', -1, 0, 0, 0, 0, 3, 0, 187, 189, 193, 0, 0, 0, 0, 0, 0, 0),
('management', 194, 12, 'admin/help/number', 'admin/help/number', 'number', 0x613a303a7b7d, 'system', -1, 0, 0, 0, 0, 3, 0, 1, 12, 194, 0, 0, 0, 0, 0, 0, 0),
('management', 195, 12, 'admin/help/overlay', 'admin/help/overlay', 'overlay', 0x613a303a7b7d, 'system', -1, 0, 0, 0, 0, 3, 0, 1, 12, 195, 0, 0, 0, 0, 0, 0, 0),
('management', 196, 12, 'admin/help/path', 'admin/help/path', 'path', 0x613a303a7b7d, 'system', -1, 0, 0, 0, 0, 3, 0, 1, 12, 196, 0, 0, 0, 0, 0, 0, 0),
('management', 197, 12, 'admin/help/rdf', 'admin/help/rdf', 'rdf', 0x613a303a7b7d, 'system', -1, 0, 0, 0, 0, 3, 0, 1, 12, 197, 0, 0, 0, 0, 0, 0, 0),
('management', 198, 12, 'admin/help/search', 'admin/help/search', 'search', 0x613a303a7b7d, 'system', -1, 0, 0, 0, 0, 3, 0, 1, 12, 198, 0, 0, 0, 0, 0, 0, 0),
('management', 199, 12, 'admin/help/shortcut', 'admin/help/shortcut', 'shortcut', 0x613a303a7b7d, 'system', -1, 0, 0, 0, 0, 3, 0, 1, 12, 199, 0, 0, 0, 0, 0, 0, 0),
('management', 200, 53, 'admin/config/search/settings', 'admin/config/search/settings', 'Search settings', 0x613a313a7b733a31303a2261747472696275746573223b613a313a7b733a353a227469746c65223b733a36373a22436f6e6669677572652072656c6576616e63652073657474696e677320666f722073656172636820616e64206f7468657220696e646578696e67206f7074696f6e732e223b7d7d, 'system', 0, 0, 0, 0, -10, 4, 0, 1, 8, 53, 200, 0, 0, 0, 0, 0, 0),
('management', 201, 61, 'admin/config/user-interface/shortcut', 'admin/config/user-interface/shortcut', 'Shortcuts', 0x613a313a7b733a31303a2261747472696275746573223b613a313a7b733a353a227469746c65223b733a32393a2241646420616e64206d6f646966792073686f727463757420736574732e223b7d7d, 'system', 0, 0, 1, 0, 0, 4, 0, 1, 8, 61, 201, 0, 0, 0, 0, 0, 0),
('management', 202, 53, 'admin/config/search/path', 'admin/config/search/path', 'URL aliases', 0x613a313a7b733a31303a2261747472696275746573223b613a313a7b733a353a227469746c65223b733a34363a224368616e676520796f7572207369746527732055524c20706174687320627920616c696173696e67207468656d2e223b7d7d, 'system', 0, 0, 1, 0, -5, 4, 0, 1, 8, 53, 202, 0, 0, 0, 0, 0, 0),
('management', 203, 202, 'admin/config/search/path/add', 'admin/config/search/path/add', 'Add alias', 0x613a303a7b7d, 'system', -1, 0, 0, 0, 0, 5, 0, 1, 8, 53, 202, 203, 0, 0, 0, 0, 0),
('management', 204, 201, 'admin/config/user-interface/shortcut/add-set', 'admin/config/user-interface/shortcut/add-set', 'Add shortcut set', 0x613a303a7b7d, 'system', -1, 0, 0, 0, 0, 5, 0, 1, 8, 61, 201, 204, 0, 0, 0, 0, 0);
INSERT INTO `prefixpinboard_menu_links` (`menu_name`, `mlid`, `plid`, `link_path`, `router_path`, `link_title`, `options`, `module`, `hidden`, `external`, `has_children`, `expanded`, `weight`, `depth`, `customized`, `p1`, `p2`, `p3`, `p4`, `p5`, `p6`, `p7`, `p8`, `p9`, `updated`) VALUES
('management', 205, 200, 'admin/config/search/settings/reindex', 'admin/config/search/settings/reindex', 'Clear index', 0x613a303a7b7d, 'system', -1, 0, 0, 0, 0, 5, 0, 1, 8, 53, 200, 205, 0, 0, 0, 0, 0),
('management', 206, 201, 'admin/config/user-interface/shortcut/%', 'admin/config/user-interface/shortcut/%', 'Edit shortcuts', 0x613a303a7b7d, 'system', 0, 0, 1, 0, 0, 5, 0, 1, 8, 61, 201, 206, 0, 0, 0, 0, 0),
('management', 207, 202, 'admin/config/search/path/list', 'admin/config/search/path/list', 'List', 0x613a303a7b7d, 'system', -1, 0, 0, 0, -10, 5, 0, 1, 8, 53, 202, 207, 0, 0, 0, 0, 0),
('management', 208, 206, 'admin/config/user-interface/shortcut/%/add-link', 'admin/config/user-interface/shortcut/%/add-link', 'Add shortcut', 0x613a303a7b7d, 'system', -1, 0, 0, 0, 0, 6, 0, 1, 8, 61, 201, 206, 208, 0, 0, 0, 0),
('management', 209, 202, 'admin/config/search/path/delete/%', 'admin/config/search/path/delete/%', 'Delete alias', 0x613a303a7b7d, 'system', 0, 0, 0, 0, 0, 5, 0, 1, 8, 53, 202, 209, 0, 0, 0, 0, 0),
('management', 210, 206, 'admin/config/user-interface/shortcut/%/delete', 'admin/config/user-interface/shortcut/%/delete', 'Delete shortcut set', 0x613a303a7b7d, 'system', 0, 0, 0, 0, 0, 6, 0, 1, 8, 61, 201, 206, 210, 0, 0, 0, 0),
('management', 211, 202, 'admin/config/search/path/edit/%', 'admin/config/search/path/edit/%', 'Edit alias', 0x613a303a7b7d, 'system', 0, 0, 0, 0, 0, 5, 0, 1, 8, 53, 202, 211, 0, 0, 0, 0, 0),
('management', 212, 206, 'admin/config/user-interface/shortcut/%/edit', 'admin/config/user-interface/shortcut/%/edit', 'Edit set name', 0x613a303a7b7d, 'system', -1, 0, 0, 0, 10, 6, 0, 1, 8, 61, 201, 206, 212, 0, 0, 0, 0),
('management', 213, 201, 'admin/config/user-interface/shortcut/link/%', 'admin/config/user-interface/shortcut/link/%', 'Edit shortcut', 0x613a303a7b7d, 'system', 0, 0, 1, 0, 0, 5, 0, 1, 8, 61, 201, 213, 0, 0, 0, 0, 0),
('management', 214, 206, 'admin/config/user-interface/shortcut/%/links', 'admin/config/user-interface/shortcut/%/links', 'List links', 0x613a303a7b7d, 'system', -1, 0, 0, 0, 0, 6, 0, 1, 8, 61, 201, 206, 214, 0, 0, 0, 0),
('management', 215, 213, 'admin/config/user-interface/shortcut/link/%/delete', 'admin/config/user-interface/shortcut/link/%/delete', 'Delete shortcut', 0x613a303a7b7d, 'system', 0, 0, 0, 0, 0, 6, 0, 1, 8, 61, 201, 213, 215, 0, 0, 0, 0),
('shortcut-set-1', 216, 0, 'node/add', 'node/add', 'Add content', 0x613a303a7b7d, 'menu', 0, 0, 0, 0, -50, 1, 0, 216, 0, 0, 0, 0, 0, 0, 0, 0, 0),
('shortcut-set-1', 217, 0, 'admin/content', 'admin/content', 'Find content', 0x613a303a7b7d, 'menu', 0, 0, 0, 0, -49, 1, 0, 217, 0, 0, 0, 0, 0, 0, 0, 0, 0),
('main-menu', 218, 0, '<front>', '', 'Home', 0x613a303a7b7d, 'menu', 1, 1, 0, 0, -50, 1, 1, 218, 0, 0, 0, 0, 0, 0, 0, 0, 0),
('user-menu', 220, 6, 'node/add/page', 'node/add/page', 'Basic page', 0x613a313a7b733a31303a2261747472696275746573223b613a313a7b733a353a227469746c65223b733a37373a22557365203c656d3e62617369632070616765733c2f656d3e20666f7220796f75722073746174696320636f6e74656e742c207375636820617320616e202741626f75742075732720706167652e223b7d7d, 'system', 0, 0, 0, 0, 0, 2, 0, 6, 220, 0, 0, 0, 0, 0, 0, 0, 0),
('management', 221, 12, 'admin/help/toolbar', 'admin/help/toolbar', 'toolbar', 0x613a303a7b7d, 'system', -1, 0, 0, 0, 0, 3, 0, 1, 12, 221, 0, 0, 0, 0, 0, 0, 0),
('management', 260, 19, 'admin/reports/updates', 'admin/reports/updates', 'Available updates', 0x613a313a7b733a31303a2261747472696275746573223b613a313a7b733a353a227469746c65223b733a38323a22476574206120737461747573207265706f72742061626f757420617661696c61626c65207570646174657320666f7220796f757220696e7374616c6c6564206d6f64756c657320616e64207468656d65732e223b7d7d, 'system', 0, 0, 0, 0, -50, 3, 0, 1, 19, 260, 0, 0, 0, 0, 0, 0, 0),
('management', 261, 7, 'admin/appearance/install', 'admin/appearance/install', 'Install new theme', 0x613a303a7b7d, 'system', -1, 0, 0, 0, 25, 3, 0, 1, 7, 261, 0, 0, 0, 0, 0, 0, 0),
('management', 262, 16, 'admin/modules/update', 'admin/modules/update', 'Update', 0x613a303a7b7d, 'system', -1, 0, 0, 0, 10, 3, 0, 1, 16, 262, 0, 0, 0, 0, 0, 0, 0),
('management', 263, 16, 'admin/modules/install', 'admin/modules/install', 'Install new module', 0x613a303a7b7d, 'system', -1, 0, 0, 0, 25, 3, 0, 1, 16, 263, 0, 0, 0, 0, 0, 0, 0),
('management', 264, 7, 'admin/appearance/update', 'admin/appearance/update', 'Update', 0x613a303a7b7d, 'system', -1, 0, 0, 0, 10, 3, 0, 1, 7, 264, 0, 0, 0, 0, 0, 0, 0),
('management', 265, 12, 'admin/help/update', 'admin/help/update', 'update', 0x613a303a7b7d, 'system', -1, 0, 0, 0, 0, 3, 0, 1, 12, 265, 0, 0, 0, 0, 0, 0, 0),
('management', 266, 260, 'admin/reports/updates/install', 'admin/reports/updates/install', 'Install new module or theme', 0x613a303a7b7d, 'system', -1, 0, 0, 0, 25, 4, 0, 1, 19, 260, 266, 0, 0, 0, 0, 0, 0),
('management', 267, 260, 'admin/reports/updates/update', 'admin/reports/updates/update', 'Update', 0x613a303a7b7d, 'system', -1, 0, 0, 0, 10, 4, 0, 1, 19, 260, 267, 0, 0, 0, 0, 0, 0),
('management', 268, 260, 'admin/reports/updates/list', 'admin/reports/updates/list', 'List', 0x613a303a7b7d, 'system', -1, 0, 0, 0, 0, 4, 0, 1, 19, 260, 268, 0, 0, 0, 0, 0, 0),
('management', 269, 260, 'admin/reports/updates/settings', 'admin/reports/updates/settings', 'Settings', 0x613a303a7b7d, 'system', -1, 0, 0, 0, 50, 4, 0, 1, 19, 260, 269, 0, 0, 0, 0, 0, 0),
('management', 308, 54, 'admin/appearance/settings/pinboard', 'admin/appearance/settings/pinboard', 'Pin Board', 0x613a303a7b7d, 'system', -1, 0, 0, 0, 0, 4, 0, 1, 7, 54, 308, 0, 0, 0, 0, 0, 0),
('management', 309, 30, 'admin/structure/block/list/pinboard', 'admin/structure/block/list/pinboard', 'Pin Board', 0x613a303a7b7d, 'system', -1, 0, 0, 0, -10, 4, 0, 1, 21, 30, 309, 0, 0, 0, 0, 0, 0),
('management', 311, 131, 'admin/structure/block/list/bartik/add', 'admin/structure/block/list/bartik/add', 'Add block', 0x613a303a7b7d, 'system', -1, 0, 0, 0, 0, 5, 0, 1, 21, 30, 131, 311, 0, 0, 0, 0, 0),
('main-menu', 312, 0, 'blog', 'blog', 'Blogs', 0x613a313a7b733a31303a2261747472696275746573223b613a313a7b733a353a227469746c65223b733a303a22223b7d7d, 'system', 0, 0, 0, 0, -44, 1, 1, 312, 0, 0, 0, 0, 0, 0, 0, 0, 0),
('main-menu', 313, 312, 'blog/%', 'blog/%', 'My blog', 0x613a303a7b7d, 'system', 1, 0, 0, 0, 0, 2, 1, 312, 313, 0, 0, 0, 0, 0, 0, 0, 0),
('user-menu', 314, 6, 'node/add/blog', 'node/add/blog', 'Blog entry', 0x613a313a7b733a31303a2261747472696275746573223b613a313a7b733a353a227469746c65223b733a35383a2255736520666f72206d756c74692d7573657220626c6f67732e20457665727920757365722067657473206120706572736f6e616c20626c6f672e223b7d7d, 'system', 0, 0, 0, 0, 0, 2, 0, 6, 314, 0, 0, 0, 0, 0, 0, 0, 0),
('management', 315, 12, 'admin/help/blog', 'admin/help/blog', 'blog', 0x613a303a7b7d, 'system', -1, 0, 0, 0, 0, 3, 0, 1, 12, 315, 0, 0, 0, 0, 0, 0, 0),
('management', 316, 12, 'admin/help/php', 'admin/help/php', 'php', 0x613a303a7b7d, 'system', -1, 0, 0, 0, 0, 3, 0, 1, 12, 316, 0, 0, 0, 0, 0, 0, 0),
('navigation', 317, 0, 'node/1', 'node/%', 'About', 0x613a313a7b733a31303a2261747472696275746573223b613a313a7b733a353a227469746c65223b733a303a22223b7d7d, 'menu', 0, 0, 0, 1, -50, 1, 1, 317, 0, 0, 0, 0, 0, 0, 0, 0, 0),
('user-menu', 318, 6, 'node/add/pin', 'node/add/pin', 'Pin', 0x613a313a7b733a31303a2261747472696275746573223b613a313a7b733a353a227469746c65223b733a32383a22557365203c656d3e50696e3c2f656d3e20666f7220636f6e74656e74223b7d7d, 'system', 0, 0, 0, 0, 0, 2, 0, 6, 318, 0, 0, 0, 0, 0, 0, 0, 0),
('management', 319, 19, 'admin/reports/views-fields', 'admin/reports/views-fields', 'Fields used in views', 0x613a313a7b733a31303a2261747472696275746573223b613a313a7b733a353a227469746c65223b733a33373a224f76657276696577206f66206669656c6473207573656420696e20616c6c2076696577732e223b7d7d, 'system', 0, 0, 0, 0, 0, 3, 0, 1, 19, 319, 0, 0, 0, 0, 0, 0, 0),
('management', 321, 21, 'admin/structure/views', 'admin/structure/views', 'Views', 0x613a313a7b733a31303a2261747472696275746573223b613a313a7b733a353a227469746c65223b733a33353a224d616e61676520637573746f6d697a6564206c69737473206f6620636f6e74656e742e223b7d7d, 'system', 0, 0, 1, 0, 0, 3, 0, 1, 21, 321, 0, 0, 0, 0, 0, 0, 0),
('management', 322, 12, 'admin/help/gravatar', 'admin/help/gravatar', 'gravatar', 0x613a303a7b7d, 'system', -1, 0, 0, 0, 0, 3, 0, 1, 12, 322, 0, 0, 0, 0, 0, 0, 0),
('management', 324, 321, 'admin/structure/views/add', 'admin/structure/views/add', 'Add new view', 0x613a303a7b7d, 'system', -1, 0, 0, 0, 0, 4, 0, 1, 21, 321, 324, 0, 0, 0, 0, 0, 0),
('management', 325, 321, 'admin/structure/views/add-template', 'admin/structure/views/add-template', 'Add view from template', 0x613a303a7b7d, 'system', -1, 0, 0, 0, 0, 4, 0, 1, 21, 321, 325, 0, 0, 0, 0, 0, 0),
('management', 326, 48, 'admin/config/people/gravatar', 'admin/config/people/gravatar', 'Gravatar', 0x613a313a7b733a31303a2261747472696275746573223b613a313a7b733a353a227469746c65223b733a33323a2241646d696e697374657220477261766174617220696e746567726174696f6e2e223b7d7d, 'system', 0, 0, 0, 0, 0, 4, 0, 1, 8, 48, 326, 0, 0, 0, 0, 0, 0),
('management', 327, 321, 'admin/structure/views/import', 'admin/structure/views/import', 'Import', 0x613a303a7b7d, 'system', -1, 0, 0, 0, 0, 4, 0, 1, 21, 321, 327, 0, 0, 0, 0, 0, 0),
('management', 328, 321, 'admin/structure/views/list', 'admin/structure/views/list', 'List', 0x613a303a7b7d, 'system', -1, 0, 0, 0, -10, 4, 0, 1, 21, 321, 328, 0, 0, 0, 0, 0, 0),
('management', 329, 321, 'admin/structure/views/settings', 'admin/structure/views/settings', 'Settings', 0x613a303a7b7d, 'system', -1, 0, 0, 0, 0, 4, 0, 1, 21, 321, 329, 0, 0, 0, 0, 0, 0),
('management', 330, 329, 'admin/structure/views/settings/advanced', 'admin/structure/views/settings/advanced', 'Advanced', 0x613a303a7b7d, 'system', -1, 0, 0, 0, 1, 5, 0, 1, 21, 321, 329, 330, 0, 0, 0, 0, 0),
('management', 331, 329, 'admin/structure/views/settings/basic', 'admin/structure/views/settings/basic', 'Basic', 0x613a303a7b7d, 'system', -1, 0, 0, 0, 0, 5, 0, 1, 21, 321, 329, 331, 0, 0, 0, 0, 0),
('management', 332, 321, 'admin/structure/views/view/%', 'admin/structure/views/view/%', '', 0x613a303a7b7d, 'system', 0, 0, 0, 0, 0, 4, 0, 1, 21, 321, 332, 0, 0, 0, 0, 0, 0),
('management', 333, 332, 'admin/structure/views/view/%/break-lock', 'admin/structure/views/view/%/break-lock', 'Break lock', 0x613a303a7b7d, 'system', -1, 0, 0, 0, 0, 5, 0, 1, 21, 321, 332, 333, 0, 0, 0, 0, 0),
('management', 334, 332, 'admin/structure/views/view/%/edit', 'admin/structure/views/view/%/edit', 'Edit view', 0x613a303a7b7d, 'system', -1, 0, 0, 0, -10, 5, 0, 1, 21, 321, 332, 334, 0, 0, 0, 0, 0),
('management', 335, 332, 'admin/structure/views/view/%/clone', 'admin/structure/views/view/%/clone', 'Clone', 0x613a303a7b7d, 'system', -1, 0, 0, 0, 0, 5, 0, 1, 21, 321, 332, 335, 0, 0, 0, 0, 0),
('management', 336, 332, 'admin/structure/views/view/%/delete', 'admin/structure/views/view/%/delete', 'Delete', 0x613a303a7b7d, 'system', -1, 0, 0, 0, 0, 5, 0, 1, 21, 321, 332, 336, 0, 0, 0, 0, 0),
('management', 337, 332, 'admin/structure/views/view/%/export', 'admin/structure/views/view/%/export', 'Export', 0x613a303a7b7d, 'system', -1, 0, 0, 0, 0, 5, 0, 1, 21, 321, 332, 337, 0, 0, 0, 0, 0),
('management', 338, 332, 'admin/structure/views/view/%/revert', 'admin/structure/views/view/%/revert', 'Revert', 0x613a303a7b7d, 'system', -1, 0, 0, 0, 0, 5, 0, 1, 21, 321, 332, 338, 0, 0, 0, 0, 0),
('management', 339, 321, 'admin/structure/views/nojs/preview/%/%', 'admin/structure/views/nojs/preview/%/%', '', 0x613a303a7b7d, 'system', 0, 0, 0, 0, 0, 4, 0, 1, 21, 321, 339, 0, 0, 0, 0, 0, 0),
('management', 340, 321, 'admin/structure/views/ajax/preview/%/%', 'admin/structure/views/ajax/preview/%/%', '', 0x613a303a7b7d, 'system', 0, 0, 0, 0, 0, 4, 0, 1, 21, 321, 340, 0, 0, 0, 0, 0, 0),
('management', 341, 332, 'admin/structure/views/view/%/preview/%', 'admin/structure/views/view/%/preview/%', '', 0x613a303a7b7d, 'system', -1, 0, 0, 0, 0, 5, 0, 1, 21, 321, 332, 341, 0, 0, 0, 0, 0),
('management', 342, 21, 'admin/structure/rate', 'admin/structure/rate', 'Rate widgets', 0x613a313a7b733a31303a2261747472696275746573223b613a313a7b733a353a227469746c65223b733a32323a224d616e61676520726174696e6720776964676574732e223b7d7d, 'system', 0, 0, 0, 0, 0, 3, 0, 1, 21, 342, 0, 0, 0, 0, 0, 0, 0),
('navigation', 343, 5, 'node/%/rating', 'node/%/rating', 'Voting results', 0x613a303a7b7d, 'system', -1, 0, 0, 0, 10, 2, 0, 5, 343, 0, 0, 0, 0, 0, 0, 0, 0),
('management', 344, 342, 'admin/structure/rate/list', 'admin/structure/rate/list', 'List', 0x613a303a7b7d, 'system', -1, 0, 0, 0, 0, 4, 0, 1, 21, 342, 344, 0, 0, 0, 0, 0, 0),
('management', 345, 53, 'admin/config/search/votingapi', 'admin/config/search/votingapi', 'Voting API', 0x613a313a7b733a31303a2261747472696275746573223b613a313a7b733a353a227469746c65223b733a36353a22436f6e6669677572652073697465776964652073657474696e677320666f7220757365722d67656e65726174656420726174696e677320616e6420766f7465732e223b7d7d, 'system', 0, 0, 0, 0, 0, 4, 0, 1, 8, 53, 345, 0, 0, 0, 0, 0, 0),
('navigation', 347, 0, 'contact', 'contact', 'Contact', 0x613a313a7b733a31303a2261747472696275746573223b613a313a7b733a353a227469746c65223b733a303a22223b7d7d, 'system', 0, 0, 0, 0, -45, 1, 1, 347, 0, 0, 0, 0, 0, 0, 0, 0, 0),
('navigation', 348, 17, 'user/%/contact', 'user/%/contact', 'Contact', 0x613a303a7b7d, 'system', -1, 0, 0, 0, 2, 2, 0, 17, 348, 0, 0, 0, 0, 0, 0, 0, 0),
('management', 349, 21, 'admin/structure/contact', 'admin/structure/contact', 'Contact form', 0x613a313a7b733a31303a2261747472696275746573223b613a313a7b733a353a227469746c65223b733a37313a2243726561746520612073797374656d20636f6e7461637420666f726d20616e64207365742075702063617465676f7269657320666f722074686520666f726d20746f207573652e223b7d7d, 'system', 0, 0, 1, 0, 0, 3, 0, 1, 21, 349, 0, 0, 0, 0, 0, 0, 0),
('management', 350, 12, 'admin/help/contact', 'admin/help/contact', 'contact', 0x613a303a7b7d, 'system', -1, 0, 0, 0, 0, 3, 0, 1, 12, 350, 0, 0, 0, 0, 0, 0, 0),
('management', 351, 349, 'admin/structure/contact/add', 'admin/structure/contact/add', 'Add category', 0x613a303a7b7d, 'system', -1, 0, 0, 0, 1, 4, 0, 1, 21, 349, 351, 0, 0, 0, 0, 0, 0),
('management', 352, 349, 'admin/structure/contact/delete/%', 'admin/structure/contact/delete/%', 'Delete contact', 0x613a303a7b7d, 'system', 0, 0, 0, 0, 0, 4, 0, 1, 21, 349, 352, 0, 0, 0, 0, 0, 0),
('management', 353, 349, 'admin/structure/contact/edit/%', 'admin/structure/contact/edit/%', 'Edit contact category', 0x613a303a7b7d, 'system', 0, 0, 0, 0, 0, 4, 0, 1, 21, 349, 353, 0, 0, 0, 0, 0, 0),
('main-menu', 354, 0, '<front>', '', 'Category', 0x613a313a7b733a31303a2261747472696275746573223b613a313a7b733a353a227469746c65223b733a303a22223b7d7d, 'menu', 0, 1, 1, 1, -48, 1, 1, 354, 0, 0, 0, 0, 0, 0, 0, 0, 0),
('main-menu', 355, 354, 'taxonomy/term/1', 'taxonomy/term/%', 'Architecture', 0x613a313a7b733a31303a2261747472696275746573223b613a313a7b733a353a227469746c65223b733a303a22223b7d7d, 'menu', 0, 0, 0, 0, -50, 2, 1, 354, 355, 0, 0, 0, 0, 0, 0, 0, 0),
('main-menu', 356, 354, 'taxonomy/term/2', 'taxonomy/term/%', 'Art', 0x613a313a7b733a31303a2261747472696275746573223b613a313a7b733a353a227469746c65223b733a303a22223b7d7d, 'menu', 0, 0, 0, 0, -49, 2, 1, 354, 356, 0, 0, 0, 0, 0, 0, 0, 0),
('main-menu', 357, 354, 'taxonomy/term/3', 'taxonomy/term/%', 'Cars & Motorcycles', 0x613a313a7b733a31303a2261747472696275746573223b613a313a7b733a353a227469746c65223b733a303a22223b7d7d, 'menu', 0, 0, 0, 0, -48, 2, 1, 354, 357, 0, 0, 0, 0, 0, 0, 0, 0),
('main-menu', 358, 354, 'taxonomy/term/16', 'taxonomy/term/%', 'Decor', 0x613a313a7b733a31303a2261747472696275746573223b613a313a7b733a353a227469746c65223b733a303a22223b7d7d, 'menu', 0, 0, 0, 0, -46, 2, 1, 354, 358, 0, 0, 0, 0, 0, 0, 0, 0),
('main-menu', 359, 354, 'taxonomy/term/4', 'taxonomy/term/%', 'Design', 0x613a313a7b733a31303a2261747472696275746573223b613a313a7b733a353a227469746c65223b733a303a22223b7d7d, 'menu', 0, 0, 0, 0, -45, 2, 1, 354, 359, 0, 0, 0, 0, 0, 0, 0, 0),
('main-menu', 360, 354, 'taxonomy/term/5', 'taxonomy/term/%', 'DIY & Crafts', 0x613a313a7b733a31303a2261747472696275746573223b613a313a7b733a353a227469746c65223b733a303a22223b7d7d, 'menu', 0, 0, 0, 0, -47, 2, 1, 354, 360, 0, 0, 0, 0, 0, 0, 0, 0),
('main-menu', 361, 354, 'taxonomy/term/6', 'taxonomy/term/%', 'Education', 0x613a313a7b733a31303a2261747472696275746573223b613a313a7b733a353a227469746c65223b733a303a22223b7d7d, 'menu', 0, 0, 0, 0, -44, 2, 1, 354, 361, 0, 0, 0, 0, 0, 0, 0, 0),
('main-menu', 362, 354, 'taxonomy/term/7', 'taxonomy/term/%', 'Film, Music & Books', 0x613a313a7b733a31303a2261747472696275746573223b613a313a7b733a353a227469746c65223b733a303a22223b7d7d, 'menu', 0, 0, 0, 0, -43, 2, 1, 354, 362, 0, 0, 0, 0, 0, 0, 0, 0),
('main-menu', 363, 354, 'taxonomy/term/8', 'taxonomy/term/%', 'Fitness', 0x613a313a7b733a31303a2261747472696275746573223b613a313a7b733a353a227469746c65223b733a303a22223b7d7d, 'menu', 0, 0, 0, 0, -42, 2, 1, 354, 363, 0, 0, 0, 0, 0, 0, 0, 0),
('main-menu', 364, 354, 'taxonomy/term/9', 'taxonomy/term/%', 'Food & Drink', 0x613a313a7b733a31303a2261747472696275746573223b613a313a7b733a353a227469746c65223b733a303a22223b7d7d, 'menu', 0, 0, 0, 0, -41, 2, 1, 354, 364, 0, 0, 0, 0, 0, 0, 0, 0),
('main-menu', 365, 354, 'taxonomy/term/10', 'taxonomy/term/%', 'Gardening', 0x613a313a7b733a31303a2261747472696275746573223b613a313a7b733a353a227469746c65223b733a303a22223b7d7d, 'menu', 0, 0, 0, 0, -40, 2, 1, 354, 365, 0, 0, 0, 0, 0, 0, 0, 0),
('main-menu', 366, 354, 'taxonomy/term/11', 'taxonomy/term/%', 'Geek', 0x613a313a7b733a31303a2261747472696275746573223b613a313a7b733a353a227469746c65223b733a303a22223b7d7d, 'menu', 0, 0, 0, 0, -39, 2, 1, 354, 366, 0, 0, 0, 0, 0, 0, 0, 0),
('main-menu', 367, 354, 'taxonomy/term/12', 'taxonomy/term/%', 'Hair & Beauty', 0x613a313a7b733a31303a2261747472696275746573223b613a313a7b733a353a227469746c65223b733a303a22223b7d7d, 'menu', 0, 0, 0, 0, -38, 2, 1, 354, 367, 0, 0, 0, 0, 0, 0, 0, 0),
('main-menu', 368, 354, 'taxonomy/term/13', 'taxonomy/term/%', 'History', 0x613a313a7b733a31303a2261747472696275746573223b613a313a7b733a353a227469746c65223b733a303a22223b7d7d, 'menu', 0, 0, 0, 0, -37, 2, 1, 354, 368, 0, 0, 0, 0, 0, 0, 0, 0),
('main-menu', 369, 354, 'taxonomy/term/14', 'taxonomy/term/%', 'Holidays', 0x613a313a7b733a31303a2261747472696275746573223b613a313a7b733a353a227469746c65223b733a303a22223b7d7d, 'menu', 0, 0, 0, 0, -36, 2, 1, 354, 369, 0, 0, 0, 0, 0, 0, 0, 0),
('main-menu', 370, 354, 'taxonomy/term/15', 'taxonomy/term/%', 'Home', 0x613a313a7b733a31303a2261747472696275746573223b613a313a7b733a353a227469746c65223b733a303a22223b7d7d, 'menu', 0, 0, 0, 0, -35, 2, 1, 354, 370, 0, 0, 0, 0, 0, 0, 0, 0),
('main-menu', 371, 354, 'taxonomy/term/17', 'taxonomy/term/%', 'Humor', 0x613a313a7b733a31303a2261747472696275746573223b613a313a7b733a353a227469746c65223b733a303a22223b7d7d, 'menu', 0, 0, 0, 0, -34, 2, 1, 354, 371, 0, 0, 0, 0, 0, 0, 0, 0),
('main-menu', 372, 354, 'taxonomy/term/18', 'taxonomy/term/%', 'Kids', 0x613a313a7b733a31303a2261747472696275746573223b613a313a7b733a353a227469746c65223b733a303a22223b7d7d, 'menu', 0, 0, 0, 0, -33, 2, 1, 354, 372, 0, 0, 0, 0, 0, 0, 0, 0),
('main-menu', 373, 354, 'taxonomy/term/21', 'taxonomy/term/%', 'Men''s Apparel', 0x613a313a7b733a31303a2261747472696275746573223b613a313a7b733a353a227469746c65223b733a303a22223b7d7d, 'menu', 0, 0, 0, 0, -32, 2, 1, 354, 373, 0, 0, 0, 0, 0, 0, 0, 0),
('main-menu', 374, 354, 'taxonomy/term/19', 'taxonomy/term/%', 'My Life', 0x613a313a7b733a31303a2261747472696275746573223b613a313a7b733a353a227469746c65223b733a303a22223b7d7d, 'menu', 0, 0, 0, 0, -30, 2, 1, 354, 374, 0, 0, 0, 0, 0, 0, 0, 0),
('main-menu', 375, 354, 'taxonomy/term/33', 'taxonomy/term/%', 'Other', 0x613a313a7b733a31303a2261747472696275746573223b613a313a7b733a353a227469746c65223b733a303a22223b7d7d, 'menu', 0, 0, 0, 0, -18, 2, 1, 354, 375, 0, 0, 0, 0, 0, 0, 0, 0),
('main-menu', 376, 354, 'taxonomy/term/22', 'taxonomy/term/%', 'Outdoors', 0x613a313a7b733a31303a2261747472696275746573223b613a313a7b733a353a227469746c65223b733a303a22223b7d7d, 'menu', 0, 0, 0, 0, -29, 2, 1, 354, 376, 0, 0, 0, 0, 0, 0, 0, 0),
('main-menu', 377, 354, 'taxonomy/term/23', 'taxonomy/term/%', 'People', 0x613a313a7b733a31303a2261747472696275746573223b613a313a7b733a353a227469746c65223b733a303a22223b7d7d, 'menu', 0, 0, 0, 0, -28, 2, 1, 354, 377, 0, 0, 0, 0, 0, 0, 0, 0),
('main-menu', 378, 354, 'taxonomy/term/24', 'taxonomy/term/%', 'Pets', 0x613a313a7b733a31303a2261747472696275746573223b613a313a7b733a353a227469746c65223b733a303a22223b7d7d, 'menu', 0, 0, 0, 0, -27, 2, 1, 354, 378, 0, 0, 0, 0, 0, 0, 0, 0),
('main-menu', 379, 354, 'taxonomy/term/25', 'taxonomy/term/%', 'Photography', 0x613a313a7b733a31303a2261747472696275746573223b613a313a7b733a353a227469746c65223b733a303a22223b7d7d, 'menu', 0, 0, 0, 0, -26, 2, 1, 354, 379, 0, 0, 0, 0, 0, 0, 0, 0),
('main-menu', 380, 354, 'taxonomy/term/26', 'taxonomy/term/%', 'Print & Posters', 0x613a313a7b733a31303a2261747472696275746573223b613a313a7b733a353a227469746c65223b733a303a22223b7d7d, 'menu', 0, 0, 0, 0, -25, 2, 1, 354, 380, 0, 0, 0, 0, 0, 0, 0, 0),
('main-menu', 381, 354, 'taxonomy/term/27', 'taxonomy/term/%', 'Products', 0x613a313a7b733a31303a2261747472696275746573223b613a313a7b733a353a227469746c65223b733a303a22223b7d7d, 'menu', 0, 0, 0, 0, -24, 2, 1, 354, 381, 0, 0, 0, 0, 0, 0, 0, 0),
('main-menu', 382, 354, 'taxonomy/term/28', 'taxonomy/term/%', 'Science & Nature', 0x613a313a7b733a31303a2261747472696275746573223b613a313a7b733a353a227469746c65223b733a303a22223b7d7d, 'menu', 0, 0, 0, 0, -23, 2, 1, 354, 382, 0, 0, 0, 0, 0, 0, 0, 0),
('main-menu', 383, 354, 'taxonomy/term/29', 'taxonomy/term/%', 'Sports', 0x613a313a7b733a31303a2261747472696275746573223b613a313a7b733a353a227469746c65223b733a303a22223b7d7d, 'menu', 0, 0, 0, 0, -22, 2, 1, 354, 383, 0, 0, 0, 0, 0, 0, 0, 0),
('main-menu', 384, 354, 'taxonomy/term/30', 'taxonomy/term/%', 'Technology', 0x613a313a7b733a31303a2261747472696275746573223b613a313a7b733a353a227469746c65223b733a303a22223b7d7d, 'menu', 0, 0, 0, 0, -21, 2, 1, 354, 384, 0, 0, 0, 0, 0, 0, 0, 0),
('main-menu', 385, 354, 'taxonomy/term/31', 'taxonomy/term/%', 'Travel & Places', 0x613a313a7b733a31303a2261747472696275746573223b613a313a7b733a353a227469746c65223b733a303a22223b7d7d, 'menu', 0, 0, 0, 0, -20, 2, 1, 354, 385, 0, 0, 0, 0, 0, 0, 0, 0),
('main-menu', 386, 354, 'taxonomy/term/32', 'taxonomy/term/%', 'Wedding & Events', 0x613a313a7b733a31303a2261747472696275746573223b613a313a7b733a353a227469746c65223b733a303a22223b7d7d, 'menu', 0, 0, 0, 0, -19, 2, 1, 354, 386, 0, 0, 0, 0, 0, 0, 0, 0),
('main-menu', 387, 354, 'taxonomy/term/20', 'taxonomy/term/%', 'Women''s Apparel', 0x613a313a7b733a31303a2261747472696275746573223b613a313a7b733a353a227469746c65223b733a303a22223b7d7d, 'menu', 0, 0, 0, 0, -31, 2, 1, 354, 387, 0, 0, 0, 0, 0, 0, 0, 0),
('main-menu', 388, 0, 'popular', 'popular', 'Popular', 0x613a303a7b7d, 'system', 0, 0, 0, 0, -46, 1, 1, 388, 0, 0, 0, 0, 0, 0, 0, 0, 0),
('management', 389, 19, 'admin/reports/hits', 'admin/reports/hits', 'Recent hits', 0x613a313a7b733a31303a2261747472696275746573223b613a313a7b733a353a227469746c65223b733a34333a22566965772070616765732074686174206861766520726563656e746c79206265656e20766973697465642e223b7d7d, 'system', 0, 0, 0, 0, 0, 3, 0, 1, 19, 389, 0, 0, 0, 0, 0, 0, 0),
('management', 390, 19, 'admin/reports/pages', 'admin/reports/pages', 'Top pages', 0x613a313a7b733a31303a2261747472696275746573223b613a313a7b733a353a227469746c65223b733a34313a225669657720706167657320746861742068617665206265656e20686974206672657175656e746c792e223b7d7d, 'system', 0, 0, 0, 0, 1, 3, 0, 1, 19, 390, 0, 0, 0, 0, 0, 0, 0),
('management', 391, 19, 'admin/reports/referrers', 'admin/reports/referrers', 'Top referrers', 0x613a313a7b733a31303a2261747472696275746573223b613a313a7b733a353a227469746c65223b733a31393a225669657720746f70207265666572726572732e223b7d7d, 'system', 0, 0, 0, 0, 0, 3, 0, 1, 19, 391, 0, 0, 0, 0, 0, 0, 0),
('management', 392, 19, 'admin/reports/visitors', 'admin/reports/visitors', 'Top visitors', 0x613a313a7b733a31303a2261747472696275746573223b613a313a7b733a353a227469746c65223b733a33343a22566965772076697369746f7273207468617420686974206d616e792070616765732e223b7d7d, 'system', 0, 0, 0, 0, 2, 3, 0, 1, 19, 392, 0, 0, 0, 0, 0, 0, 0),
('navigation', 393, 5, 'node/%/track', 'node/%/track', 'Track', 0x613a303a7b7d, 'system', -1, 0, 0, 0, 2, 2, 0, 5, 393, 0, 0, 0, 0, 0, 0, 0, 0),
('management', 394, 12, 'admin/help/statistics', 'admin/help/statistics', 'statistics', 0x613a303a7b7d, 'system', -1, 0, 0, 0, 0, 3, 0, 1, 12, 394, 0, 0, 0, 0, 0, 0, 0),
('management', 395, 19, 'admin/reports/access/%', 'admin/reports/access/%', 'Details', 0x613a313a7b733a31303a2261747472696275746573223b613a313a7b733a353a227469746c65223b733a31363a225669657720616363657373206c6f672e223b7d7d, 'system', 0, 0, 0, 0, 0, 3, 0, 1, 19, 395, 0, 0, 0, 0, 0, 0, 0),
('management', 396, 56, 'admin/config/system/statistics', 'admin/config/system/statistics', 'Statistics', 0x613a313a7b733a31303a2261747472696275746573223b613a313a7b733a353a227469746c65223b733a36383a22436f6e74726f6c2064657461696c732061626f7574207768617420616e6420686f7720796f75722073697465206c6f67732061636365737320737461746973746963732e223b7d7d, 'system', 0, 0, 0, 0, -15, 4, 0, 1, 8, 56, 396, 0, 0, 0, 0, 0, 0),
('navigation', 397, 17, 'user/%/track/navigation', 'user/%/track/navigation', 'Track page visits', 0x613a303a7b7d, 'system', -1, 0, 0, 0, 2, 2, 0, 17, 397, 0, 0, 0, 0, 0, 0, 0, 0),
('management', 398, 47, 'admin/structure/menu/manage/menu-navigation', 'admin/structure/menu/manage/%', 'Navigation', 0x613a303a7b7d, 'menu', 0, 0, 0, 0, 0, 4, 0, 1, 21, 47, 398, 0, 0, 0, 0, 0, 0),
('menu-navigation', 399, 0, 'node/1', 'node/%', 'About', 0x613a313a7b733a31303a2261747472696275746573223b613a313a7b733a353a227469746c65223b733a303a22223b7d7d, 'menu', 0, 0, 0, 0, 0, 1, 1, 399, 0, 0, 0, 0, 0, 0, 0, 0, 0),
('menu-navigation', 400, 0, 'contact', 'contact', 'Contact', 0x613a313a7b733a31303a2261747472696275746573223b613a313a7b733a353a227469746c65223b733a303a22223b7d7d, 'menu', 0, 0, 0, 0, 0, 1, 1, 400, 0, 0, 0, 0, 0, 0, 0, 0, 0),
('navigation', 401, 0, 'addpinit', 'addpinit', '"Pin It" Button', 0x613a313a7b733a31303a2261747472696275746573223b613a313a7b733a353a227469746c65223b733a303a22223b7d7d, 'menu', 0, 0, 0, 0, -46, 1, 1, 401, 0, 0, 0, 0, 0, 0, 0, 0, 0),
('shortcut-set-1', 402, 0, 'admin/config/development/performance', 'admin/config/development/performance', 'Performance', 0x613a303a7b7d, 'menu', 0, 0, 0, 0, -48, 1, 0, 402, 0, 0, 0, 0, 0, 0, 0, 0, 0),
('main-menu', 405, 0, 'youfollow', 'youfollow', 'You Follow', 0x613a313a7b733a31303a2261747472696275746573223b613a313a7b733a353a227469746c65223b733a303a22223b7d7d, 'system', 0, 0, 0, 0, -49, 1, 1, 405, 0, 0, 0, 0, 0, 0, 0, 0, 0),
('management', 445, 46, 'admin/config/media/vef_video_styles', 'admin/config/media/vef_video_styles', 'Configure Video Embed Styles', 0x613a313a7b733a31303a2261747472696275746573223b613a313a7b733a353a227469746c65223b733a34343a2241646d696e697374657220566964656f20456d626564204669656c64277320766964656f207374796c65732e223b7d7d, 'system', 0, 0, 0, 0, 0, 4, 0, 1, 8, 46, 445, 0, 0, 0, 0, 0, 0),
('management', 446, 445, 'admin/config/media/vef_video_styles/add', 'admin/config/media/vef_video_styles/add', 'Add', 0x613a303a7b7d, 'system', -1, 0, 0, 0, 0, 5, 0, 1, 8, 46, 445, 446, 0, 0, 0, 0, 0),
('management', 447, 445, 'admin/config/media/vef_video_styles/import', 'admin/config/media/vef_video_styles/import', 'Import', 0x613a303a7b7d, 'system', -1, 0, 0, 0, 0, 5, 0, 1, 8, 46, 445, 447, 0, 0, 0, 0, 0),
('management', 448, 445, 'admin/config/media/vef_video_styles/list', 'admin/config/media/vef_video_styles/list', 'List', 0x613a303a7b7d, 'system', -1, 0, 0, 0, -10, 5, 0, 1, 8, 46, 445, 448, 0, 0, 0, 0, 0),
('management', 449, 448, 'admin/config/media/vef_video_styles/list/%/edit', 'admin/config/media/vef_video_styles/list/%/edit', 'Edit', 0x613a303a7b7d, 'system', -1, 0, 0, 0, -10, 6, 0, 1, 8, 46, 445, 448, 449, 0, 0, 0, 0),
('management', 450, 448, 'admin/config/media/vef_video_styles/list/%/export', 'admin/config/media/vef_video_styles/list/%/export', 'Export', 0x613a303a7b7d, 'system', -1, 0, 0, 0, 0, 6, 0, 1, 8, 46, 445, 448, 450, 0, 0, 0, 0),
('management', 489, 12, 'admin/help/sharethis', 'admin/help/sharethis', 'sharethis', 0x613a303a7b7d, 'system', -1, 0, 0, 0, 0, 3, 0, 1, 12, 489, 0, 0, 0, 0, 0, 0, 0),
('management', 490, 64, 'admin/config/services/sharethis', 'admin/config/services/sharethis', 'ShareThis', 0x613a313a7b733a31303a2261747472696275746573223b613a313a7b733a353a227469746c65223b733a39313a2243686f6f736520746865207769646765742c20627574746f6e2066616d696c792c20616e6420736572766963657320666f72207573696e672053686172655468697320746f20736861726520636f6e74656e74206f6e6c696e652e223b7d7d, 'system', 0, 0, 0, 0, 0, 4, 0, 1, 8, 64, 490, 0, 0, 0, 0, 0, 0),
('management', 491, 100, 'admin/config/media/file-system/transliteration', 'admin/config/media/file-system/transliteration', 'Transliteration', 0x613a313a7b733a31303a2261747472696275746573223b613a313a7b733a353a227469746c65223b733a34303a22436f6e76657274206578697374696e672066696c65206e616d657320746f2055532d41534349492e223b7d7d, 'system', -1, 0, 0, 0, 10, 5, 0, 1, 8, 46, 100, 491, 0, 0, 0, 0, 0),
('management', 492, 100, 'admin/config/media/file-system/settings', 'admin/config/media/file-system/settings', 'Settings', 0x613a303a7b7d, 'system', -1, 0, 0, 0, -10, 5, 0, 1, 8, 46, 100, 492, 0, 0, 0, 0, 0),
('navigation', 493, 0, 'invite', 'invite', 'Invite a friend', 0x613a303a7b7d, 'system', 0, 0, 0, 0, 0, 1, 0, 493, 0, 0, 0, 0, 0, 0, 0, 0, 0),
('navigation', 494, 17, 'user/%/invites', 'user/%/invites', 'Invitations', 0x613a303a7b7d, 'system', -1, 0, 0, 0, 0, 2, 0, 17, 494, 0, 0, 0, 0, 0, 0, 0, 0),
('management', 495, 18, 'admin/people/invites', 'admin/people/invites', 'Invites', 0x613a303a7b7d, 'system', -1, 0, 0, 0, 0, 3, 0, 1, 18, 495, 0, 0, 0, 0, 0, 0, 0),
('management', 496, 12, 'admin/help/invite', 'admin/help/invite', 'invite', 0x613a303a7b7d, 'system', -1, 0, 0, 0, 0, 3, 0, 1, 12, 496, 0, 0, 0, 0, 0, 0, 0),
('management', 497, 12, 'admin/help/token', 'admin/help/token', 'token', 0x613a303a7b7d, 'system', -1, 0, 0, 0, 0, 3, 0, 1, 12, 497, 0, 0, 0, 0, 0, 0, 0),
('navigation', 498, 494, 'user/%/invites/accepted', 'user/%/invites/accepted', 'Accepted', 0x613a303a7b7d, 'system', -1, 0, 0, 0, -5, 3, 0, 17, 494, 498, 0, 0, 0, 0, 0, 0, 0),
('navigation', 499, 494, 'user/%/invites/expired', 'user/%/invites/expired', 'Expired', 0x613a303a7b7d, 'system', -1, 0, 0, 0, 5, 3, 0, 17, 494, 499, 0, 0, 0, 0, 0, 0, 0),
('management', 500, 48, 'admin/config/people/invite', 'admin/config/people/invite', 'Invite', 0x613a313a7b733a31303a2261747472696275746573223b613a313a7b733a353a227469746c65223b733a32373a224d6f6469667920696e7669746174696f6e2073657474696e67732e223b7d7d, 'system', 0, 0, 0, 0, 10, 4, 0, 1, 8, 48, 500, 0, 0, 0, 0, 0, 0),
('navigation', 501, 494, 'user/%/invites/new', 'user/%/invites/new', 'New invitation', 0x613a303a7b7d, 'system', -1, 0, 0, 0, 10, 3, 0, 17, 494, 501, 0, 0, 0, 0, 0, 0, 0),
('navigation', 502, 494, 'user/%/invites/pending', 'user/%/invites/pending', 'Pending', 0x613a303a7b7d, 'system', -1, 0, 0, 0, 0, 3, 0, 17, 494, 502, 0, 0, 0, 0, 0, 0, 0),
('management', 507, 19, 'admin/reports/contact_importer', 'admin/reports/contact_importer', 'Contact Importer Log', 0x613a303a7b7d, 'system', 0, 0, 0, 0, 0, 3, 0, 1, 19, 507, 0, 0, 0, 0, 0, 0, 0),
('management', 508, 507, 'admin/reports/contact_importer/clear', 'admin/reports/contact_importer/clear', 'Clear logs', 0x613a303a7b7d, 'system', -1, 0, 0, 0, 0, 4, 0, 1, 19, 507, 508, 0, 0, 0, 0, 0, 0),
('management', 509, 64, 'admin/config/services/contact_importer', 'admin/config/services/contact_importer', 'Contact Importer', 0x613a313a7b733a31303a2261747472696275746573223b613a313a7b733a353a227469746c65223b733a36323a22416c6c6f7720757365727320746f20696d706f727420656d61696c206164647265737365732066726f6d207468656972206164647265737320626f6f6b2e223b7d7d, 'system', 0, 0, 0, 0, 0, 4, 0, 1, 8, 64, 509, 0, 0, 0, 0, 0, 0),
('management', 510, 507, 'admin/reports/contact_importer/log', 'admin/reports/contact_importer/log', 'Log', 0x613a303a7b7d, 'system', -1, 0, 0, 0, -1, 4, 0, 1, 19, 507, 510, 0, 0, 0, 0, 0, 0),
('management', 511, 509, 'admin/config/services/contact_importer/info', 'admin/config/services/contact_importer/info', 'Info', 0x613a303a7b7d, 'system', -1, 0, 0, 0, -2, 5, 0, 1, 8, 64, 509, 511, 0, 0, 0, 0, 0),
('management', 512, 509, 'admin/config/services/contact_importer/providers', 'admin/config/services/contact_importer/providers', 'Providers and Engines', 0x613a303a7b7d, 'system', -1, 0, 0, 0, 0, 5, 0, 1, 8, 64, 509, 512, 0, 0, 0, 0, 0),
('management', 513, 509, 'admin/config/services/contact_importer/settings', 'admin/config/services/contact_importer/settings', 'Settings', 0x613a303a7b7d, 'system', -1, 0, 0, 0, -1, 5, 0, 1, 8, 64, 509, 513, 0, 0, 0, 0, 0),
('main-menu', 514, 0, 'video', 'video', 'Video', 0x613a303a7b7d, 'system', 0, 0, 0, 0, -47, 1, 1, 514, 0, 0, 0, 0, 0, 0, 0, 0, 0),
('management', 515, 509, 'admin/config/services/contact_importer/forms', 'admin/config/services/contact_importer/forms', 'Forms Integration', 0x613a303a7b7d, 'system', -1, 0, 0, 0, 0, 5, 0, 1, 8, 64, 509, 515, 0, 0, 0, 0, 0),
('management', 516, 515, 'admin/config/services/contact_importer/forms/create', 'admin/config/services/contact_importer/forms/create', 'Create', 0x613a303a7b7d, 'system', -1, 0, 0, 0, 1, 6, 0, 1, 8, 64, 509, 515, 516, 0, 0, 0, 0),
('management', 517, 515, 'admin/config/services/contact_importer/forms/list', 'admin/config/services/contact_importer/forms/list', 'List', 0x613a303a7b7d, 'system', -1, 0, 0, 0, 0, 6, 0, 1, 8, 64, 509, 515, 517, 0, 0, 0, 0),
('management', 602, 12, 'admin/help/locale', 'admin/help/locale', 'locale', 0x613a303a7b7d, 'system', -1, 0, 0, 0, 0, 3, 0, 1, 12, 602, 0, 0, 0, 0, 0, 0, 0),
('management', 603, 51, 'admin/config/regional/language', 'admin/config/regional/language', 'Languages', 0x613a313a7b733a31303a2261747472696275746573223b613a313a7b733a353a227469746c65223b733a35353a22436f6e666967757265206c616e67756167657320666f7220636f6e74656e7420616e6420746865207573657220696e746572666163652e223b7d7d, 'system', 0, 0, 1, 0, -10, 4, 0, 1, 8, 51, 603, 0, 0, 0, 0, 0, 0),
('management', 604, 51, 'admin/config/regional/translate', 'admin/config/regional/translate', 'Translate interface', 0x613a313a7b733a31303a2261747472696275746573223b613a313a7b733a353a227469746c65223b733a35393a225472616e736c61746520746865206275696c7420696e20696e7465726661636520616e64206f7074696f6e616c6c79206f7468657220746578742e223b7d7d, 'system', 0, 0, 1, 0, -5, 4, 0, 1, 8, 51, 604, 0, 0, 0, 0, 0, 0),
('management', 605, 603, 'admin/config/regional/language/add', 'admin/config/regional/language/add', 'Add language', 0x613a303a7b7d, 'system', -1, 0, 0, 0, 5, 5, 0, 1, 8, 51, 603, 605, 0, 0, 0, 0, 0),
('management', 606, 603, 'admin/config/regional/language/configure', 'admin/config/regional/language/configure', 'Detection and selection', 0x613a303a7b7d, 'system', -1, 0, 0, 0, 10, 5, 0, 1, 8, 51, 603, 606, 0, 0, 0, 0, 0),
('management', 607, 604, 'admin/config/regional/translate/export', 'admin/config/regional/translate/export', 'Export', 0x613a303a7b7d, 'system', -1, 0, 0, 0, 30, 5, 0, 1, 8, 51, 604, 607, 0, 0, 0, 0, 0),
('management', 608, 604, 'admin/config/regional/translate/import', 'admin/config/regional/translate/import', 'Import', 0x613a303a7b7d, 'system', -1, 0, 0, 0, 20, 5, 0, 1, 8, 51, 604, 608, 0, 0, 0, 0, 0),
('management', 609, 603, 'admin/config/regional/language/overview', 'admin/config/regional/language/overview', 'List', 0x613a303a7b7d, 'system', -1, 0, 0, 0, 0, 5, 0, 1, 8, 51, 603, 609, 0, 0, 0, 0, 0),
('management', 610, 98, 'admin/config/regional/date-time/locale', 'admin/config/regional/date-time/locale', 'Localize', 0x613a313a7b733a31303a2261747472696275746573223b613a313a7b733a353a227469746c65223b733a33383a22436f6e666967757265206461746520666f726d61747320666f722065616368206c6f63616c65223b7d7d, 'system', -1, 0, 1, 0, -8, 5, 0, 1, 8, 51, 98, 610, 0, 0, 0, 0, 0),
('management', 611, 604, 'admin/config/regional/translate/overview', 'admin/config/regional/translate/overview', 'Overview', 0x613a303a7b7d, 'system', -1, 0, 0, 0, 0, 5, 0, 1, 8, 51, 604, 611, 0, 0, 0, 0, 0),
('management', 612, 604, 'admin/config/regional/translate/translate', 'admin/config/regional/translate/translate', 'Translate', 0x613a303a7b7d, 'system', -1, 0, 0, 0, 10, 5, 0, 1, 8, 51, 604, 612, 0, 0, 0, 0, 0),
('management', 613, 603, 'admin/config/regional/language/delete/%', 'admin/config/regional/language/delete/%', 'Confirm', 0x613a303a7b7d, 'system', 0, 0, 0, 0, 0, 5, 0, 1, 8, 51, 603, 613, 0, 0, 0, 0, 0),
('management', 614, 604, 'admin/config/regional/translate/delete/%', 'admin/config/regional/translate/delete/%', 'Delete string', 0x613a303a7b7d, 'system', 0, 0, 0, 0, 0, 5, 0, 1, 8, 51, 604, 614, 0, 0, 0, 0, 0),
('management', 615, 603, 'admin/config/regional/language/edit/%', 'admin/config/regional/language/edit/%', 'Edit language', 0x613a303a7b7d, 'system', 0, 0, 0, 0, 0, 5, 0, 1, 8, 51, 603, 615, 0, 0, 0, 0, 0),
('management', 616, 604, 'admin/config/regional/translate/edit/%', 'admin/config/regional/translate/edit/%', 'Edit string', 0x613a303a7b7d, 'system', 0, 0, 0, 0, 0, 5, 0, 1, 8, 51, 604, 616, 0, 0, 0, 0, 0),
('management', 617, 606, 'admin/config/regional/language/configure/session', 'admin/config/regional/language/configure/session', 'Session language detection configuration', 0x613a303a7b7d, 'system', -1, 0, 0, 0, 0, 6, 0, 1, 8, 51, 603, 606, 617, 0, 0, 0, 0),
('management', 618, 606, 'admin/config/regional/language/configure/url', 'admin/config/regional/language/configure/url', 'URL language detection configuration', 0x613a303a7b7d, 'system', -1, 0, 0, 0, 0, 6, 0, 1, 8, 51, 603, 606, 618, 0, 0, 0, 0),
('management', 619, 610, 'admin/config/regional/date-time/locale/%/edit', 'admin/config/regional/date-time/locale/%/edit', 'Localize date formats', 0x613a313a7b733a31303a2261747472696275746573223b613a313a7b733a353a227469746c65223b733a33383a22436f6e666967757265206461746520666f726d61747320666f722065616368206c6f63616c65223b7d7d, 'system', 0, 0, 0, 0, 0, 6, 0, 1, 8, 51, 98, 610, 619, 0, 0, 0, 0),
('management', 620, 610, 'admin/config/regional/date-time/locale/%/reset', 'admin/config/regional/date-time/locale/%/reset', 'Reset date formats', 0x613a313a7b733a31303a2261747472696275746573223b613a313a7b733a353a227469746c65223b733a34373a225265736574206c6f63616c697a6564206461746520666f726d61747320746f20676c6f62616c2064656661756c7473223b7d7d, 'system', 0, 0, 0, 0, 0, 6, 0, 1, 8, 51, 98, 610, 620, 0, 0, 0, 0),
('navigation', 710, 17, 'user/%/loginza', 'user/%/loginza', 'Loginza identities', 0x613a303a7b7d, 'system', -1, 0, 1, 0, 0, 2, 0, 17, 710, 0, 0, 0, 0, 0, 0, 0, 0),
('navigation', 711, 710, 'user/%/loginza/delete', 'user/%/loginza/delete', 'Delete Loginza identity', 0x613a303a7b7d, 'system', 0, 0, 0, 0, 0, 3, 0, 17, 710, 711, 0, 0, 0, 0, 0, 0, 0),
('management', 712, 48, 'admin/config/people/loginza', 'admin/config/people/loginza', 'Loginza', 0x613a313a7b733a31303a2261747472696275746573223b613a313a7b733a353a227469746c65223b733a32343a224d616e616765204c6f67696e7a612073657474696e67732e223b7d7d, 'system', 0, 0, 0, 0, 0, 4, 0, 1, 8, 48, 712, 0, 0, 0, 0, 0, 0),
('management', 713, 124, 'admin/structure/taxonomy/%/display', 'admin/structure/taxonomy/%/display', 'Manage display', 0x613a303a7b7d, 'system', -1, 0, 0, 0, 2, 5, 0, 1, 21, 57, 124, 713, 0, 0, 0, 0, 0),
('management', 714, 89, 'admin/config/people/accounts/display', 'admin/config/people/accounts/display', 'Manage display', 0x613a303a7b7d, 'system', -1, 0, 0, 0, 2, 5, 0, 1, 8, 48, 89, 714, 0, 0, 0, 0, 0),
('management', 715, 124, 'admin/structure/taxonomy/%/fields', 'admin/structure/taxonomy/%/fields', 'Manage fields', 0x613a303a7b7d, 'system', -1, 0, 1, 0, 1, 5, 0, 1, 21, 57, 124, 715, 0, 0, 0, 0, 0),
('management', 716, 89, 'admin/config/people/accounts/fields', 'admin/config/people/accounts/fields', 'Manage fields', 0x613a303a7b7d, 'system', -1, 0, 1, 0, 1, 5, 0, 1, 8, 48, 89, 716, 0, 0, 0, 0, 0),
('management', 717, 713, 'admin/structure/taxonomy/%/display/default', 'admin/structure/taxonomy/%/display/default', 'Default', 0x613a303a7b7d, 'system', -1, 0, 0, 0, -10, 6, 0, 1, 21, 57, 124, 713, 717, 0, 0, 0, 0),
('management', 718, 714, 'admin/config/people/accounts/display/default', 'admin/config/people/accounts/display/default', 'Default', 0x613a303a7b7d, 'system', -1, 0, 0, 0, -10, 6, 0, 1, 8, 48, 89, 714, 718, 0, 0, 0, 0),
('management', 719, 135, 'admin/structure/types/manage/%/display', 'admin/structure/types/manage/%/display', 'Manage display', 0x613a303a7b7d, 'system', -1, 0, 0, 0, 2, 5, 0, 1, 21, 36, 135, 719, 0, 0, 0, 0, 0),
('management', 720, 135, 'admin/structure/types/manage/%/fields', 'admin/structure/types/manage/%/fields', 'Manage fields', 0x613a303a7b7d, 'system', -1, 0, 1, 0, 1, 5, 0, 1, 21, 36, 135, 720, 0, 0, 0, 0, 0),
('management', 721, 713, 'admin/structure/taxonomy/%/display/full', 'admin/structure/taxonomy/%/display/full', 'Taxonomy term page', 0x613a303a7b7d, 'system', -1, 0, 0, 0, 0, 6, 0, 1, 21, 57, 124, 713, 721, 0, 0, 0, 0),
('management', 722, 713, 'admin/structure/taxonomy/%/display/token', 'admin/structure/taxonomy/%/display/token', 'Tokens', 0x613a303a7b7d, 'system', -1, 0, 0, 0, 1, 6, 0, 1, 21, 57, 124, 713, 722, 0, 0, 0, 0),
('management', 723, 714, 'admin/config/people/accounts/display/token', 'admin/config/people/accounts/display/token', 'Tokens', 0x613a303a7b7d, 'system', -1, 0, 0, 0, 1, 6, 0, 1, 8, 48, 89, 714, 723, 0, 0, 0, 0),
('management', 724, 714, 'admin/config/people/accounts/display/full', 'admin/config/people/accounts/display/full', 'User account', 0x613a303a7b7d, 'system', -1, 0, 0, 0, 0, 6, 0, 1, 8, 48, 89, 714, 724, 0, 0, 0, 0),
('management', 725, 715, 'admin/structure/taxonomy/%/fields/%', 'admin/structure/taxonomy/%/fields/%', '', 0x613a303a7b7d, 'system', 0, 0, 0, 0, 0, 6, 0, 1, 21, 57, 124, 715, 725, 0, 0, 0, 0),
('management', 726, 716, 'admin/config/people/accounts/fields/%', 'admin/config/people/accounts/fields/%', '', 0x613a303a7b7d, 'system', 0, 0, 0, 0, 0, 6, 0, 1, 8, 48, 89, 716, 726, 0, 0, 0, 0),
('management', 727, 719, 'admin/structure/types/manage/%/display/default', 'admin/structure/types/manage/%/display/default', 'Default', 0x613a303a7b7d, 'system', -1, 0, 0, 0, -10, 6, 0, 1, 21, 36, 135, 719, 727, 0, 0, 0, 0),
('management', 728, 719, 'admin/structure/types/manage/%/display/full', 'admin/structure/types/manage/%/display/full', 'Full content', 0x613a303a7b7d, 'system', -1, 0, 0, 0, 0, 6, 0, 1, 21, 36, 135, 719, 728, 0, 0, 0, 0),
('management', 729, 719, 'admin/structure/types/manage/%/display/rss', 'admin/structure/types/manage/%/display/rss', 'RSS', 0x613a303a7b7d, 'system', -1, 0, 0, 0, 2, 6, 0, 1, 21, 36, 135, 719, 729, 0, 0, 0, 0),
('management', 730, 719, 'admin/structure/types/manage/%/display/search_index', 'admin/structure/types/manage/%/display/search_index', 'Search index', 0x613a303a7b7d, 'system', -1, 0, 0, 0, 3, 6, 0, 1, 21, 36, 135, 719, 730, 0, 0, 0, 0),
('management', 731, 719, 'admin/structure/types/manage/%/display/search_result', 'admin/structure/types/manage/%/display/search_result', 'Search result', 0x613a303a7b7d, 'system', -1, 0, 0, 0, 4, 6, 0, 1, 21, 36, 135, 719, 731, 0, 0, 0, 0),
('management', 732, 719, 'admin/structure/types/manage/%/display/teaser', 'admin/structure/types/manage/%/display/teaser', 'Teaser', 0x613a303a7b7d, 'system', -1, 0, 0, 0, 1, 6, 0, 1, 21, 36, 135, 719, 732, 0, 0, 0, 0),
('management', 733, 719, 'admin/structure/types/manage/%/display/token', 'admin/structure/types/manage/%/display/token', 'Tokens', 0x613a303a7b7d, 'system', -1, 0, 0, 0, 5, 6, 0, 1, 21, 36, 135, 719, 733, 0, 0, 0, 0),
('management', 734, 720, 'admin/structure/types/manage/%/fields/%', 'admin/structure/types/manage/%/fields/%', '', 0x613a303a7b7d, 'system', 0, 0, 0, 0, 0, 6, 0, 1, 21, 36, 135, 720, 734, 0, 0, 0, 0),
('management', 735, 725, 'admin/structure/taxonomy/%/fields/%/delete', 'admin/structure/taxonomy/%/fields/%/delete', 'Delete', 0x613a303a7b7d, 'system', -1, 0, 0, 0, 10, 7, 0, 1, 21, 57, 124, 715, 725, 735, 0, 0, 0),
('management', 736, 725, 'admin/structure/taxonomy/%/fields/%/edit', 'admin/structure/taxonomy/%/fields/%/edit', 'Edit', 0x613a303a7b7d, 'system', -1, 0, 0, 0, 0, 7, 0, 1, 21, 57, 124, 715, 725, 736, 0, 0, 0),
('management', 737, 725, 'admin/structure/taxonomy/%/fields/%/field-settings', 'admin/structure/taxonomy/%/fields/%/field-settings', 'Field settings', 0x613a303a7b7d, 'system', -1, 0, 0, 0, 0, 7, 0, 1, 21, 57, 124, 715, 725, 737, 0, 0, 0),
('management', 738, 725, 'admin/structure/taxonomy/%/fields/%/widget-type', 'admin/structure/taxonomy/%/fields/%/widget-type', 'Widget type', 0x613a303a7b7d, 'system', -1, 0, 0, 0, 0, 7, 0, 1, 21, 57, 124, 715, 725, 738, 0, 0, 0),
('management', 739, 726, 'admin/config/people/accounts/fields/%/delete', 'admin/config/people/accounts/fields/%/delete', 'Delete', 0x613a303a7b7d, 'system', -1, 0, 0, 0, 10, 7, 0, 1, 8, 48, 89, 716, 726, 739, 0, 0, 0),
('management', 740, 726, 'admin/config/people/accounts/fields/%/edit', 'admin/config/people/accounts/fields/%/edit', 'Edit', 0x613a303a7b7d, 'system', -1, 0, 0, 0, 0, 7, 0, 1, 8, 48, 89, 716, 726, 740, 0, 0, 0),
('management', 741, 726, 'admin/config/people/accounts/fields/%/field-settings', 'admin/config/people/accounts/fields/%/field-settings', 'Field settings', 0x613a303a7b7d, 'system', -1, 0, 0, 0, 0, 7, 0, 1, 8, 48, 89, 716, 726, 741, 0, 0, 0),
('management', 742, 726, 'admin/config/people/accounts/fields/%/widget-type', 'admin/config/people/accounts/fields/%/widget-type', 'Widget type', 0x613a303a7b7d, 'system', -1, 0, 0, 0, 0, 7, 0, 1, 8, 48, 89, 716, 726, 742, 0, 0, 0),
('management', 743, 173, 'admin/structure/types/manage/%/comment/display/default', 'admin/structure/types/manage/%/comment/display/default', 'Default', 0x613a303a7b7d, 'system', -1, 0, 0, 0, -10, 6, 0, 1, 21, 36, 135, 173, 743, 0, 0, 0, 0),
('management', 744, 173, 'admin/structure/types/manage/%/comment/display/full', 'admin/structure/types/manage/%/comment/display/full', 'Full comment', 0x613a303a7b7d, 'system', -1, 0, 0, 0, 0, 6, 0, 1, 21, 36, 135, 173, 744, 0, 0, 0, 0),
('management', 745, 173, 'admin/structure/types/manage/%/comment/display/token', 'admin/structure/types/manage/%/comment/display/token', 'Tokens', 0x613a303a7b7d, 'system', -1, 0, 0, 0, 1, 6, 0, 1, 21, 36, 135, 173, 745, 0, 0, 0, 0),
('management', 746, 734, 'admin/structure/types/manage/%/fields/%/delete', 'admin/structure/types/manage/%/fields/%/delete', 'Delete', 0x613a303a7b7d, 'system', -1, 0, 0, 0, 10, 7, 0, 1, 21, 36, 135, 720, 734, 746, 0, 0, 0),
('management', 747, 734, 'admin/structure/types/manage/%/fields/%/edit', 'admin/structure/types/manage/%/fields/%/edit', 'Edit', 0x613a303a7b7d, 'system', -1, 0, 0, 0, 0, 7, 0, 1, 21, 36, 135, 720, 734, 747, 0, 0, 0),
('management', 748, 174, 'admin/structure/types/manage/%/comment/fields/%', 'admin/structure/types/manage/%/comment/fields/%', '', 0x613a303a7b7d, 'system', 0, 0, 0, 0, 0, 6, 0, 1, 21, 36, 135, 174, 748, 0, 0, 0, 0),
('management', 749, 734, 'admin/structure/types/manage/%/fields/%/field-settings', 'admin/structure/types/manage/%/fields/%/field-settings', 'Field settings', 0x613a303a7b7d, 'system', -1, 0, 0, 0, 0, 7, 0, 1, 21, 36, 135, 720, 734, 749, 0, 0, 0),
('management', 750, 734, 'admin/structure/types/manage/%/fields/%/widget-type', 'admin/structure/types/manage/%/fields/%/widget-type', 'Widget type', 0x613a303a7b7d, 'system', -1, 0, 0, 0, 0, 7, 0, 1, 21, 36, 135, 720, 734, 750, 0, 0, 0),
('management', 751, 748, 'admin/structure/types/manage/%/comment/fields/%/delete', 'admin/structure/types/manage/%/comment/fields/%/delete', 'Delete', 0x613a303a7b7d, 'system', -1, 0, 0, 0, 10, 7, 0, 1, 21, 36, 135, 174, 748, 751, 0, 0, 0),
('management', 752, 748, 'admin/structure/types/manage/%/comment/fields/%/edit', 'admin/structure/types/manage/%/comment/fields/%/edit', 'Edit', 0x613a303a7b7d, 'system', -1, 0, 0, 0, 0, 7, 0, 1, 21, 36, 135, 174, 748, 752, 0, 0, 0),
('management', 753, 748, 'admin/structure/types/manage/%/comment/fields/%/field-settings', 'admin/structure/types/manage/%/comment/fields/%/field-settings', 'Field settings', 0x613a303a7b7d, 'system', -1, 0, 0, 0, 0, 7, 0, 1, 21, 36, 135, 174, 748, 753, 0, 0, 0),
('management', 754, 748, 'admin/structure/types/manage/%/comment/fields/%/widget-type', 'admin/structure/types/manage/%/comment/fields/%/widget-type', 'Widget type', 0x613a303a7b7d, 'system', -1, 0, 0, 0, 0, 7, 0, 1, 21, 36, 135, 174, 748, 754, 0, 0, 0),
('navigation', 755, 17, 'user/%/notifications', 'user/%/notifications', 'Notifications', 0x613a303a7b7d, 'system', -1, 0, 0, 0, 0, 2, 0, 17, 755, 0, 0, 0, 0, 0, 0, 0, 0),
('main-menu', 756, 0, 'gifts', 'gifts', 'Gifts', 0x613a313a7b733a31303a2261747472696275746573223b613a313a7b733a353a227469746c65223b733a303a22223b7d7d, 'system', 0, 0, 1, 1, -45, 1, 1, 756, 0, 0, 0, 0, 0, 0, 0, 0, 0),
('main-menu', 757, 756, 'gifts/20', 'gifts/20', '$1-20', 0x613a303a7b7d, 'system', 0, 0, 0, 0, -50, 2, 1, 756, 757, 0, 0, 0, 0, 0, 0, 0, 0),
('main-menu', 758, 756, 'gifts/50', 'gifts/50', '$20-50', 0x613a303a7b7d, 'system', 0, 0, 0, 0, -49, 2, 1, 756, 758, 0, 0, 0, 0, 0, 0, 0, 0),
('main-menu', 759, 756, 'gifts/100', 'gifts/100', '$50-100', 0x613a303a7b7d, 'system', 0, 0, 0, 0, -48, 2, 1, 756, 759, 0, 0, 0, 0, 0, 0, 0, 0),
('main-menu', 760, 756, 'gifts/200', 'gifts/200', '$100-200', 0x613a303a7b7d, 'system', 0, 0, 0, 0, -47, 2, 1, 756, 760, 0, 0, 0, 0, 0, 0, 0, 0),
('main-menu', 761, 756, 'gifts/500', 'gifts/500', '$200-500', 0x613a303a7b7d, 'system', 0, 0, 0, 0, -46, 2, 1, 756, 761, 0, 0, 0, 0, 0, 0, 0, 0),
('main-menu', 762, 756, 'gifts/500-', 'gifts/500-', '$500+', 0x613a303a7b7d, 'system', 0, 0, 0, 0, -45, 2, 1, 756, 762, 0, 0, 0, 0, 0, 0, 0, 0),
('main-menu', 765, 0, 'addboardpin', 'addboardpin', 'Add+', 0x613a313a7b733a31303a2261747472696275746573223b613a313a7b733a353a227469746c65223b733a303a22223b7d7d, 'system', 0, 0, 0, 0, 0, 1, 1, 765, 0, 0, 0, 0, 0, 0, 0, 0, 0);

DROP TABLE IF EXISTS `prefixpinboard_menu_router`;
CREATE TABLE `prefixpinboard_menu_router` (
  `path` varchar(255) NOT NULL DEFAULT '' COMMENT 'Primary Key: the Drupal path this entry describes',
  `load_functions` blob NOT NULL COMMENT 'A serialized array of function names (like node_load) to be called to load an object corresponding to a part of the current path.',
  `to_arg_functions` blob NOT NULL COMMENT 'A serialized array of function names (like user_uid_optional_to_arg) to be called to replace a part of the router path with another string.',
  `access_callback` varchar(255) NOT NULL DEFAULT '' COMMENT 'The callback which determines the access to this router path. Defaults to user_access.',
  `access_arguments` blob COMMENT 'A serialized array of arguments for the access callback.',
  `page_callback` varchar(255) NOT NULL DEFAULT '' COMMENT 'The name of the function that renders the page.',
  `page_arguments` blob COMMENT 'A serialized array of arguments for the page callback.',
  `delivery_callback` varchar(255) NOT NULL DEFAULT '' COMMENT 'The name of the function that sends the result of the page_callback function to the browser.',
  `fit` int(11) NOT NULL DEFAULT '0' COMMENT 'A numeric representation of how specific the path is.',
  `number_parts` smallint(6) NOT NULL DEFAULT '0' COMMENT 'Number of parts in this router path.',
  `context` int(11) NOT NULL DEFAULT '0' COMMENT 'Only for local tasks (tabs) - the context of a local task to control its placement.',
  `tab_parent` varchar(255) NOT NULL DEFAULT '' COMMENT 'Only for local tasks (tabs) - the router path of the parent page (which may also be a local task).',
  `tab_root` varchar(255) NOT NULL DEFAULT '' COMMENT 'Router path of the closest non-tab parent page. For pages that are not local tasks, this will be the same as the path.',
  `title` varchar(255) NOT NULL DEFAULT '' COMMENT 'The title for the current page, or the title for the tab if this is a local task.',
  `title_callback` varchar(255) NOT NULL DEFAULT '' COMMENT 'A function which will alter the title. Defaults to t()',
  `title_arguments` varchar(255) NOT NULL DEFAULT '' COMMENT 'A serialized array of arguments for the title callback. If empty, the title will be used as the sole argument for the title callback.',
  `theme_callback` varchar(255) NOT NULL DEFAULT '' COMMENT 'A function which returns the name of the theme that will be used to render this page. If left empty, the default theme will be used.',
  `theme_arguments` varchar(255) NOT NULL DEFAULT '' COMMENT 'A serialized array of arguments for the theme callback.',
  `type` int(11) NOT NULL DEFAULT '0' COMMENT 'Numeric representation of the type of the menu item, like MENU_LOCAL_TASK.',
  `description` text NOT NULL COMMENT 'A description of this item.',
  `position` varchar(255) NOT NULL DEFAULT '' COMMENT 'The position of the block (left or right) on the system administration page for this item.',
  `weight` int(11) NOT NULL DEFAULT '0' COMMENT 'Weight of the element. Lighter weights are higher up, heavier weights go down.',
  `include_file` mediumtext COMMENT 'The file to include for this element, usually the page callback function lives in this file.',
  PRIMARY KEY (`path`),
  KEY `fit` (`fit`),
  KEY `tab_parent` (`tab_parent`(64),`weight`,`title`),
  KEY `tab_root_weight_title` (`tab_root`(64),`weight`,`title`)
) ENGINE=InnoDB DEFAULT CHARSET=utf8 COMMENT='Maps paths to various callbacks (access, page and title)';

INSERT INTO `prefixpinboard_menu_router` (`path`, `load_functions`, `to_arg_functions`, `access_callback`, `access_arguments`, `page_callback`, `page_arguments`, `delivery_callback`, `fit`, `number_parts`, `context`, `tab_parent`, `tab_root`, `title`, `title_callback`, `title_arguments`, `theme_callback`, `theme_arguments`, `type`, `description`, `position`, `weight`, `include_file`) VALUES
('addboardpin', '', '', 'pinboard_helper_follow_access', 0x613a303a7b7d, 'pinboard_helper_addboardpin', 0x613a303a7b7d, '', 1, 1, 0, '', 'addboardpin', 'Add+', 't', '', '', 'a:0:{}', 6, '', '', 0, ''),
('addpinit', '', '', 'user_access', 0x613a313a7b693a303b733a31343a2261636365737320636f6e74656e74223b7d, 'pinboard_helper_addpinit', 0x613a303a7b7d, '', 1, 1, 0, '', 'addpinit', '"Pin It" Button', 't', '', '', 'a:0:{}', 0, '', '', 0, ''),
('admin', '', '', 'user_access', 0x613a313a7b693a303b733a32373a226163636573732061646d696e697374726174696f6e207061676573223b7d, 'system_admin_menu_block_page', 0x613a303a7b7d, '', 1, 1, 0, '', 'admin', 'Administration', 't', '', '', 'a:0:{}', 6, '', '', 9, 'modules/system/system.admin.inc'),
('admin/appearance', '', '', 'user_access', 0x613a313a7b693a303b733a31373a2261646d696e6973746572207468656d6573223b7d, 'system_themes_page', 0x613a303a7b7d, '', 3, 2, 0, '', 'admin/appearance', 'Appearance', 't', '', '', 'a:0:{}', 6, 'Select and configure your themes.', 'left', -6, 'modules/system/system.admin.inc'),
('admin/appearance/default', '', '', 'user_access', 0x613a313a7b693a303b733a31373a2261646d696e6973746572207468656d6573223b7d, 'system_theme_default', 0x613a303a7b7d, '', 7, 3, 0, '', 'admin/appearance/default', 'Set default theme', 't', '', '', 'a:0:{}', 0, '', '', 0, 'modules/system/system.admin.inc'),
('admin/appearance/disable', '', '', 'user_access', 0x613a313a7b693a303b733a31373a2261646d696e6973746572207468656d6573223b7d, 'system_theme_disable', 0x613a303a7b7d, '', 7, 3, 0, '', 'admin/appearance/disable', 'Disable theme', 't', '', '', 'a:0:{}', 0, '', '', 0, 'modules/system/system.admin.inc'),
('admin/appearance/enable', '', '', 'user_access', 0x613a313a7b693a303b733a31373a2261646d696e6973746572207468656d6573223b7d, 'system_theme_enable', 0x613a303a7b7d, '', 7, 3, 0, '', 'admin/appearance/enable', 'Enable theme', 't', '', '', 'a:0:{}', 0, '', '', 0, 'modules/system/system.admin.inc'),
('admin/appearance/install', '', '', 'update_manager_access', 0x613a303a7b7d, 'drupal_get_form', 0x613a323a7b693a303b733a32373a227570646174655f6d616e616765725f696e7374616c6c5f666f726d223b693a313b733a353a227468656d65223b7d, '', 7, 3, 1, 'admin/appearance', 'admin/appearance', 'Install new theme', 't', '', '', 'a:0:{}', 388, '', '', 25, 'modules/update/update.manager.inc'),
('admin/appearance/list', '', '', 'user_access', 0x613a313a7b693a303b733a31373a2261646d696e6973746572207468656d6573223b7d, 'system_themes_page', 0x613a303a7b7d, '', 7, 3, 1, 'admin/appearance', 'admin/appearance', 'List', 't', '', '', 'a:0:{}', 140, 'Select and configure your theme', '', -1, 'modules/system/system.admin.inc'),
('admin/appearance/settings', '', '', 'user_access', 0x613a313a7b693a303b733a31373a2261646d696e6973746572207468656d6573223b7d, 'drupal_get_form', 0x613a313a7b693a303b733a32313a2273797374656d5f7468656d655f73657474696e6773223b7d, '', 7, 3, 1, 'admin/appearance', 'admin/appearance', 'Settings', 't', '', '', 'a:0:{}', 132, 'Configure default and theme specific settings.', '', 20, 'modules/system/system.admin.inc'),
('admin/appearance/settings/bartik', '', '', '_system_themes_access', 0x613a313a7b693a303b4f3a383a22737464436c617373223a31313a7b733a383a2266696c656e616d65223b733a32353a227468656d65732f62617274696b2f62617274696b2e696e666f223b733a343a226e616d65223b733a363a2262617274696b223b733a343a2274797065223b733a353a227468656d65223b733a353a226f776e6572223b733a34353a227468656d65732f656e67696e65732f70687074656d706c6174652f70687074656d706c6174652e656e67696e65223b733a363a22737461747573223b733a313a2231223b733a393a22626f6f747374726170223b733a313a2230223b733a31343a22736368656d615f76657273696f6e223b733a323a222d31223b733a363a22776569676874223b733a313a2230223b733a343a22696e666f223b613a31383a7b733a343a226e616d65223b733a363a2242617274696b223b733a31313a226465736372697074696f6e223b733a34383a224120666c657869626c652c207265636f6c6f7261626c65207468656d652077697468206d616e7920726567696f6e732e223b733a373a227061636b616765223b733a343a22436f7265223b733a373a2276657273696f6e223b733a343a22372e3134223b733a343a22636f7265223b733a333a22372e78223b733a31313a227374796c65736865657473223b613a323a7b733a333a22616c6c223b613a333a7b733a31343a226373732f6c61796f75742e637373223b733a32383a227468656d65732f62617274696b2f6373732f6c61796f75742e637373223b733a31333a226373732f7374796c652e637373223b733a32373a227468656d65732f62617274696b2f6373732f7374796c652e637373223b733a31343a226373732f636f6c6f72732e637373223b733a32383a227468656d65732f62617274696b2f6373732f636f6c6f72732e637373223b7d733a353a227072696e74223b613a313a7b733a31333a226373732f7072696e742e637373223b733a32373a227468656d65732f62617274696b2f6373732f7072696e742e637373223b7d7d733a373a22726567696f6e73223b613a32303a7b733a363a22686561646572223b733a363a22486561646572223b733a343a2268656c70223b733a343a2248656c70223b733a383a22706167655f746f70223b733a383a225061676520746f70223b733a31313a22706167655f626f74746f6d223b733a31313a225061676520626f74746f6d223b733a31313a22686967686c696768746564223b733a31313a22486967686c696768746564223b733a383a226665617475726564223b733a383a224665617475726564223b733a373a22636f6e74656e74223b733a373a22436f6e74656e74223b733a31333a22736964656261725f6669727374223b733a31333a2253696465626172206669727374223b733a31343a22736964656261725f7365636f6e64223b733a31343a2253696465626172207365636f6e64223b733a31343a2274726970747963685f6669727374223b733a31343a225472697074796368206669727374223b733a31353a2274726970747963685f6d6964646c65223b733a31353a225472697074796368206d6964646c65223b733a31333a2274726970747963685f6c617374223b733a31333a225472697074796368206c617374223b733a31383a22666f6f7465725f6669727374636f6c756d6e223b733a31393a22466f6f74657220666972737420636f6c756d6e223b733a31393a22666f6f7465725f7365636f6e64636f6c756d6e223b733a32303a22466f6f746572207365636f6e6420636f6c756d6e223b733a31383a22666f6f7465725f7468697264636f6c756d6e223b733a31393a22466f6f74657220746869726420636f6c756d6e223b733a31393a22666f6f7465725f666f75727468636f6c756d6e223b733a32303a22466f6f74657220666f7572746820636f6c756d6e223b733a363a22666f6f746572223b733a363a22466f6f746572223b733a31343a2264617368626f6172645f6d61696e223b733a31363a2244617368626f61726420286d61696e29223b733a31373a2264617368626f6172645f73696465626172223b733a31393a2244617368626f61726420287369646562617229223b733a31383a2264617368626f6172645f696e616374697665223b733a32303a2244617368626f6172642028696e61637469766529223b7d733a383a2273657474696e6773223b613a313a7b733a32303a2273686f72746375745f6d6f64756c655f6c696e6b223b733a313a2230223b7d733a373a2270726f6a656374223b733a363a2264727570616c223b733a393a22646174657374616d70223b733a31303a2231333335393937353535223b733a363a22656e67696e65223b733a31313a2270687074656d706c617465223b733a383a226665617475726573223b613a393a7b693a303b733a343a226c6f676f223b693a313b733a373a2266617669636f6e223b693a323b733a343a226e616d65223b693a333b733a363a22736c6f67616e223b693a343b733a31373a226e6f64655f757365725f70696374757265223b693a353b733a32303a22636f6d6d656e745f757365725f70696374757265223b693a363b733a32353a22636f6d6d656e745f757365725f766572696669636174696f6e223b693a373b733a393a226d61696e5f6d656e75223b693a383b733a31343a227365636f6e646172795f6d656e75223b7d733a31303a2273637265656e73686f74223b733a32383a227468656d65732f62617274696b2f73637265656e73686f742e706e67223b733a333a22706870223b733a353a22352e322e34223b733a373a2273637269707473223b613a303a7b7d733a31353a226f7665726c61795f726567696f6e73223b613a353a7b693a303b733a31343a2264617368626f6172645f6d61696e223b693a313b733a31373a2264617368626f6172645f73696465626172223b693a323b733a31383a2264617368626f6172645f696e616374697665223b693a333b733a373a22636f6e74656e74223b693a343b733a343a2268656c70223b7d733a31343a22726567696f6e735f68696464656e223b613a323a7b693a303b733a383a22706167655f746f70223b693a313b733a31313a22706167655f626f74746f6d223b7d733a32383a226f7665726c61795f737570706c656d656e74616c5f726567696f6e73223b613a313a7b693a303b733a383a22706167655f746f70223b7d7d733a31313a227374796c65736865657473223b613a323a7b733a333a22616c6c223b613a333a7b733a31343a226373732f6c61796f75742e637373223b733a32383a227468656d65732f62617274696b2f6373732f6c61796f75742e637373223b733a31333a226373732f7374796c652e637373223b733a32373a227468656d65732f62617274696b2f6373732f7374796c652e637373223b733a31343a226373732f636f6c6f72732e637373223b733a32383a227468656d65732f62617274696b2f6373732f636f6c6f72732e637373223b7d733a353a227072696e74223b613a313a7b733a31333a226373732f7072696e742e637373223b733a32373a227468656d65732f62617274696b2f6373732f7072696e742e637373223b7d7d733a363a22656e67696e65223b733a31313a2270687074656d706c617465223b7d7d, 'drupal_get_form', 0x613a323a7b693a303b733a32313a2273797374656d5f7468656d655f73657474696e6773223b693a313b733a363a2262617274696b223b7d, '', 15, 4, 1, 'admin/appearance/settings', 'admin/appearance', 'Bartik', 't', '', '', 'a:0:{}', 132, '', '', 0, 'modules/system/system.admin.inc'),
('admin/appearance/settings/garland', '', '', '_system_themes_access', 0x613a313a7b693a303b4f3a383a22737464436c617373223a31313a7b733a383a2266696c656e616d65223b733a32373a227468656d65732f6761726c616e642f6761726c616e642e696e666f223b733a343a226e616d65223b733a373a226761726c616e64223b733a343a2274797065223b733a353a227468656d65223b733a353a226f776e6572223b733a34353a227468656d65732f656e67696e65732f70687074656d706c6174652f70687074656d706c6174652e656e67696e65223b733a363a22737461747573223b733a313a2230223b733a393a22626f6f747374726170223b733a313a2230223b733a31343a22736368656d615f76657273696f6e223b733a323a222d31223b733a363a22776569676874223b733a313a2230223b733a343a22696e666f223b613a31383a7b733a343a226e616d65223b733a373a224761726c616e64223b733a31313a226465736372697074696f6e223b733a3131313a2241206d756c74692d636f6c756d6e207468656d652077686963682063616e20626520636f6e6669677572656420746f206d6f6469667920636f6c6f727320616e6420737769746368206265747765656e20666978656420616e6420666c756964207769647468206c61796f7574732e223b733a373a227061636b616765223b733a343a22436f7265223b733a373a2276657273696f6e223b733a343a22372e3134223b733a343a22636f7265223b733a333a22372e78223b733a31313a227374796c65736865657473223b613a323a7b733a333a22616c6c223b613a313a7b733a393a227374796c652e637373223b733a32343a227468656d65732f6761726c616e642f7374796c652e637373223b7d733a353a227072696e74223b613a313a7b733a393a227072696e742e637373223b733a32343a227468656d65732f6761726c616e642f7072696e742e637373223b7d7d733a383a2273657474696e6773223b613a313a7b733a31333a226761726c616e645f7769647468223b733a353a22666c756964223b7d733a373a2270726f6a656374223b733a363a2264727570616c223b733a393a22646174657374616d70223b733a31303a2231333335393937353535223b733a363a22656e67696e65223b733a31313a2270687074656d706c617465223b733a373a22726567696f6e73223b613a31323a7b733a31333a22736964656261725f6669727374223b733a31323a224c6566742073696465626172223b733a31343a22736964656261725f7365636f6e64223b733a31333a2252696768742073696465626172223b733a373a22636f6e74656e74223b733a373a22436f6e74656e74223b733a363a22686561646572223b733a363a22486561646572223b733a363a22666f6f746572223b733a363a22466f6f746572223b733a31313a22686967686c696768746564223b733a31313a22486967686c696768746564223b733a343a2268656c70223b733a343a2248656c70223b733a383a22706167655f746f70223b733a383a225061676520746f70223b733a31313a22706167655f626f74746f6d223b733a31313a225061676520626f74746f6d223b733a31343a2264617368626f6172645f6d61696e223b733a31363a2244617368626f61726420286d61696e29223b733a31373a2264617368626f6172645f73696465626172223b733a31393a2244617368626f61726420287369646562617229223b733a31383a2264617368626f6172645f696e616374697665223b733a32303a2244617368626f6172642028696e61637469766529223b7d733a383a226665617475726573223b613a393a7b693a303b733a343a226c6f676f223b693a313b733a373a2266617669636f6e223b693a323b733a343a226e616d65223b693a333b733a363a22736c6f67616e223b693a343b733a31373a226e6f64655f757365725f70696374757265223b693a353b733a32303a22636f6d6d656e745f757365725f70696374757265223b693a363b733a32353a22636f6d6d656e745f757365725f766572696669636174696f6e223b693a373b733a393a226d61696e5f6d656e75223b693a383b733a31343a227365636f6e646172795f6d656e75223b7d733a31303a2273637265656e73686f74223b733a32393a227468656d65732f6761726c616e642f73637265656e73686f742e706e67223b733a333a22706870223b733a353a22352e322e34223b733a373a2273637269707473223b613a303a7b7d733a31353a226f7665726c61795f726567696f6e73223b613a353a7b693a303b733a31343a2264617368626f6172645f6d61696e223b693a313b733a31373a2264617368626f6172645f73696465626172223b693a323b733a31383a2264617368626f6172645f696e616374697665223b693a333b733a373a22636f6e74656e74223b693a343b733a343a2268656c70223b7d733a31343a22726567696f6e735f68696464656e223b613a323a7b693a303b733a383a22706167655f746f70223b693a313b733a31313a22706167655f626f74746f6d223b7d733a32383a226f7665726c61795f737570706c656d656e74616c5f726567696f6e73223b613a313a7b693a303b733a383a22706167655f746f70223b7d7d733a31313a227374796c65736865657473223b613a323a7b733a333a22616c6c223b613a313a7b733a393a227374796c652e637373223b733a32343a227468656d65732f6761726c616e642f7374796c652e637373223b7d733a353a227072696e74223b613a313a7b733a393a227072696e742e637373223b733a32343a227468656d65732f6761726c616e642f7072696e742e637373223b7d7d733a363a22656e67696e65223b733a31313a2270687074656d706c617465223b7d7d, 'drupal_get_form', 0x613a323a7b693a303b733a32313a2273797374656d5f7468656d655f73657474696e6773223b693a313b733a373a226761726c616e64223b7d, '', 15, 4, 1, 'admin/appearance/settings', 'admin/appearance', 'Garland', 't', '', '', 'a:0:{}', 132, '', '', 0, 'modules/system/system.admin.inc'),
('admin/appearance/settings/global', '', '', 'user_access', 0x613a313a7b693a303b733a31373a2261646d696e6973746572207468656d6573223b7d, 'drupal_get_form', 0x613a313a7b693a303b733a32313a2273797374656d5f7468656d655f73657474696e6773223b7d, '', 15, 4, 1, 'admin/appearance/settings', 'admin/appearance', 'Global settings', 't', '', '', 'a:0:{}', 140, '', '', -1, 'modules/system/system.admin.inc'),
('admin/appearance/settings/pinboard', '', '', '_system_themes_access', 0x613a313a7b693a303b4f3a383a22737464436c617373223a31323a7b733a383a2266696c656e616d65223b733a33393a2273697465732f616c6c2f7468656d65732f70696e626f6172642f70696e626f6172642e696e666f223b733a343a226e616d65223b733a383a2270696e626f617264223b733a343a2274797065223b733a353a227468656d65223b733a353a226f776e6572223b733a34353a227468656d65732f656e67696e65732f70687074656d706c6174652f70687074656d706c6174652e656e67696e65223b733a363a22737461747573223b733a313a2231223b733a393a22626f6f747374726170223b733a313a2230223b733a31343a22736368656d615f76657273696f6e223b733a323a222d31223b733a363a22776569676874223b733a313a2230223b733a343a22696e666f223b613a31363a7b733a343a226e616d65223b733a393a2250696e20426f617264223b733a31313a226465736372697074696f6e223b733a37373a225072656d69756d2044727570616c207468656d65206279203c6120687265663d22687474703a2f2f7777772e7468656d65736e61702e636f6d223e5468656d65536e61702e636f6d3c2f613e2e223b733a31303a2273637265656e73686f74223b733a34303a2273697465732f616c6c2f7468656d65732f70696e626f6172642f73637265656e73686f742e706e67223b733a373a2276657273696f6e223b733a373a22372e782d312e30223b733a343a22636f7265223b733a333a22372e78223b733a383a2273657474696e6773223b613a363a7b733a31303a22746d5f76616c75655f30223b733a393a227468656d65736e6170223b733a31303a22746d5f76616c75655f31223b733a31323a223331343038313639404e3034223b733a31303a22746d5f76616c75655f32223b733a313a2231223b733a31303a22746d5f76616c75655f33223b733a363a22637573746f6d223b733a31303a22746d5f76616c75655f34223b733a353a226d7573656f223b733a31303a22746d5f76616c75655f35223b733a313a2231223b7d733a31323a22646570656e64656e63696573223b613a313a7b693a303b733a31353a2270696e626f6172645f68656c706572223b7d733a373a22726567696f6e73223b613a31363a7b733a31363a22736964656261725f746f705f6c656674223b733a31363a225369646562617220546f70204c656674223b733a31373a22736964656261725f746f705f7269676874223b733a31373a225369646562617220546f70205269676874223b733a31363a22736964656261725f746f705f6d656e75223b733a31363a225369646562617220546f70204d656e75223b733a31383a22736964656261725f746f705f627574746f6e223b733a31383a225369646562617220546f7020427574746f6e223b733a31353a22736964656261725f77656c636f6d65223b733a31353a22536964656261722057656c636f6d65223b733a373a22636f6e74656e74223b733a373a22436f6e74656e74223b733a31303a22736964656261725f6164223b733a31303a2253696465626172204164223b733a31333a22736964656261725f7269676874223b733a31333a2253696465626172205269676874223b733a31303a22666f6f7465725f6f6e65223b733a31303a22466f6f746572204f6e65223b733a31303a22666f6f7465725f74776f223b733a31303a22466f6f7465722054776f223b733a31323a22666f6f7465725f7468726565223b733a31323a22466f6f746572205468726565223b733a31313a22666f6f7465725f666f7572223b733a31313a22466f6f74657220466f7572223b733a31363a22666f6f7465725f636f70797269676874223b733a31363a22466f6f74657220436f70797269676874223b733a31343a2264617368626f6172645f6d61696e223b733a31363a2244617368626f61726420286d61696e29223b733a31373a2264617368626f6172645f73696465626172223b733a31393a2244617368626f61726420287369646562617229223b733a31383a2264617368626f6172645f696e616374697665223b733a32303a2244617368626f6172642028696e61637469766529223b7d733a31313a227374796c65736865657473223b613a313a7b733a333a22616c6c223b613a31323a7b733a31323a226373732f626173652e637373223b733a33383a2273697465732f616c6c2f7468656d65732f70696e626f6172642f6373732f626173652e637373223b733a31363a226373732f736b656c65746f6e2e637373223b733a34323a2273697465732f616c6c2f7468656d65732f70696e626f6172642f6373732f736b656c65746f6e2e637373223b733a31343a226373732f6c61796f75742e637373223b733a34303a2273697465732f616c6c2f7468656d65732f70696e626f6172642f6373732f6c61796f75742e637373223b733a32313a226373732f615f6d61696e5f7374796c65732e637373223b733a34373a2273697465732f616c6c2f7468656d65732f70696e626f6172642f6373732f615f6d61696e5f7374796c65732e637373223b733a31353a226373732f615f626c6f636b2e637373223b733a34313a2273697465732f616c6c2f7468656d65732f70696e626f6172642f6373732f615f626c6f636b2e637373223b733a31343a226373732f6865616465722e637373223b733a34303a2273697465732f616c6c2f7468656d65732f70696e626f6172642f6373732f6865616465722e637373223b733a32353a226373732f746f705f6d656e755f7375626a5f6261722e637373223b733a35313a2273697465732f616c6c2f7468656d65732f70696e626f6172642f6373732f746f705f6d656e755f7375626a5f6261722e637373223b733a31353a226373732f70696e5f626f782e637373223b733a34313a2273697465732f616c6c2f7468656d65732f70696e626f6172642f6373732f70696e5f626f782e637373223b733a31393a226373732f70696e5f6f7665726c61792e637373223b733a34353a2273697465732f616c6c2f7468656d65732f70696e626f6172642f6373732f70696e5f6f7665726c61792e637373223b733a31353a226373732f70726f66696c652e637373223b733a34313a2273697465732f616c6c2f7468656d65732f70696e626f6172642f6373732f70726f66696c652e637373223b733a31333a226373732f626f6172642e637373223b733a33393a2273697465732f616c6c2f7468656d65732f70696e626f6172642f6373732f626f6172642e637373223b733a31323a226373732f706167652e637373223b733a33383a2273697465732f616c6c2f7468656d65732f70696e626f6172642f6373732f706167652e637373223b7d7d733a373a2273637269707473223b613a343a7b733a32313a227363722f6a71756572792e6d61736f6e72792e6a73223b733a34373a2273697465732f616c6c2f7468656d65732f70696e626f6172642f7363722f6a71756572792e6d61736f6e72792e6a73223b733a32383a227363722f6a71756572792e696e66696e6974657363726f6c6c2e6a73223b733a35343a2273697465732f616c6c2f7468656d65732f70696e626f6172642f7363722f6a71756572792e696e66696e6974657363726f6c6c2e6a73223b733a32333a227363722f6a71756572792e74776565742e6d696e2e6a73223b733a34393a2273697465732f616c6c2f7468656d65732f70696e626f6172642f7363722f6a71756572792e74776565742e6d696e2e6a73223b733a31313a227363722f6c696b652e6a73223b733a33373a2273697465732f616c6c2f7468656d65732f70696e626f6172642f7363722f6c696b652e6a73223b7d733a363a22656e67696e65223b733a31313a2270687074656d706c617465223b733a383a226665617475726573223b613a393a7b693a303b733a343a226c6f676f223b693a313b733a373a2266617669636f6e223b693a323b733a343a226e616d65223b693a333b733a363a22736c6f67616e223b693a343b733a31373a226e6f64655f757365725f70696374757265223b693a353b733a32303a22636f6d6d656e745f757365725f70696374757265223b693a363b733a32353a22636f6d6d656e745f757365725f766572696669636174696f6e223b693a373b733a393a226d61696e5f6d656e75223b693a383b733a31343a227365636f6e646172795f6d656e75223b7d733a333a22706870223b733a353a22352e322e34223b733a31353a226f7665726c61795f726567696f6e73223b613a353a7b693a303b733a31343a2264617368626f6172645f6d61696e223b693a313b733a31373a2264617368626f6172645f73696465626172223b693a323b733a31383a2264617368626f6172645f696e616374697665223b693a333b733a373a22636f6e74656e74223b693a343b733a343a2268656c70223b7d733a31343a22726567696f6e735f68696464656e223b613a323a7b693a303b733a383a22706167655f746f70223b693a313b733a31313a22706167655f626f74746f6d223b7d733a32383a226f7665726c61795f737570706c656d656e74616c5f726567696f6e73223b613a313a7b693a303b733a383a22706167655f746f70223b7d7d733a31313a227374796c65736865657473223b613a313a7b733a333a22616c6c223b613a31323a7b733a31323a226373732f626173652e637373223b733a33383a2273697465732f616c6c2f7468656d65732f70696e626f6172642f6373732f626173652e637373223b733a31363a226373732f736b656c65746f6e2e637373223b733a34323a2273697465732f616c6c2f7468656d65732f70696e626f6172642f6373732f736b656c65746f6e2e637373223b733a31343a226373732f6c61796f75742e637373223b733a34303a2273697465732f616c6c2f7468656d65732f70696e626f6172642f6373732f6c61796f75742e637373223b733a32313a226373732f615f6d61696e5f7374796c65732e637373223b733a34373a2273697465732f616c6c2f7468656d65732f70696e626f6172642f6373732f615f6d61696e5f7374796c65732e637373223b733a31353a226373732f615f626c6f636b2e637373223b733a34313a2273697465732f616c6c2f7468656d65732f70696e626f6172642f6373732f615f626c6f636b2e637373223b733a31343a226373732f6865616465722e637373223b733a34303a2273697465732f616c6c2f7468656d65732f70696e626f6172642f6373732f6865616465722e637373223b733a32353a226373732f746f705f6d656e755f7375626a5f6261722e637373223b733a35313a2273697465732f616c6c2f7468656d65732f70696e626f6172642f6373732f746f705f6d656e755f7375626a5f6261722e637373223b733a31353a226373732f70696e5f626f782e637373223b733a34313a2273697465732f616c6c2f7468656d65732f70696e626f6172642f6373732f70696e5f626f782e637373223b733a31393a226373732f70696e5f6f7665726c61792e637373223b733a34353a2273697465732f616c6c2f7468656d65732f70696e626f6172642f6373732f70696e5f6f7665726c61792e637373223b733a31353a226373732f70726f66696c652e637373223b733a34313a2273697465732f616c6c2f7468656d65732f70696e626f6172642f6373732f70726f66696c652e637373223b733a31333a226373732f626f6172642e637373223b733a33393a2273697465732f616c6c2f7468656d65732f70696e626f6172642f6373732f626f6172642e637373223b733a31323a226373732f706167652e637373223b733a33383a2273697465732f616c6c2f7468656d65732f70696e626f6172642f6373732f706167652e637373223b7d7d733a373a2273637269707473223b613a343a7b733a32313a227363722f6a71756572792e6d61736f6e72792e6a73223b733a34373a2273697465732f616c6c2f7468656d65732f70696e626f6172642f7363722f6a71756572792e6d61736f6e72792e6a73223b733a32383a227363722f6a71756572792e696e66696e6974657363726f6c6c2e6a73223b733a35343a2273697465732f616c6c2f7468656d65732f70696e626f6172642f7363722f6a71756572792e696e66696e6974657363726f6c6c2e6a73223b733a32333a227363722f6a71756572792e74776565742e6d696e2e6a73223b733a34393a2273697465732f616c6c2f7468656d65732f70696e626f6172642f7363722f6a71756572792e74776565742e6d696e2e6a73223b733a31313a227363722f6c696b652e6a73223b733a33373a2273697465732f616c6c2f7468656d65732f70696e626f6172642f7363722f6c696b652e6a73223b7d733a363a22656e67696e65223b733a31313a2270687074656d706c617465223b7d7d, 'drupal_get_form', 0x613a323a7b693a303b733a32313a2273797374656d5f7468656d655f73657474696e6773223b693a313b733a383a2270696e626f617264223b7d, '', 15, 4, 1, 'admin/appearance/settings', 'admin/appearance', 'Pin Board', 't', '', '', 'a:0:{}', 132, '', '', 0, 'modules/system/system.admin.inc'),
('admin/appearance/settings/seven', '', '', '_system_themes_access', 0x613a313a7b693a303b4f3a383a22737464436c617373223a31313a7b733a383a2266696c656e616d65223b733a32333a227468656d65732f736576656e2f736576656e2e696e666f223b733a343a226e616d65223b733a353a22736576656e223b733a343a2274797065223b733a353a227468656d65223b733a353a226f776e6572223b733a34353a227468656d65732f656e67696e65732f70687074656d706c6174652f70687074656d706c6174652e656e67696e65223b733a363a22737461747573223b733a313a2231223b733a393a22626f6f747374726170223b733a313a2230223b733a31343a22736368656d615f76657273696f6e223b733a323a222d31223b733a363a22776569676874223b733a313a2230223b733a343a22696e666f223b613a31383a7b733a343a226e616d65223b733a353a22536576656e223b733a31313a226465736372697074696f6e223b733a36353a22412073696d706c65206f6e652d636f6c756d6e2c207461626c656c6573732c20666c7569642077696474682061646d696e697374726174696f6e207468656d652e223b733a373a227061636b616765223b733a343a22436f7265223b733a373a2276657273696f6e223b733a343a22372e3134223b733a343a22636f7265223b733a333a22372e78223b733a31313a227374796c65736865657473223b613a313a7b733a363a2273637265656e223b613a323a7b733a393a2272657365742e637373223b733a32323a227468656d65732f736576656e2f72657365742e637373223b733a393a227374796c652e637373223b733a32323a227468656d65732f736576656e2f7374796c652e637373223b7d7d733a383a2273657474696e6773223b613a313a7b733a32303a2273686f72746375745f6d6f64756c655f6c696e6b223b733a313a2231223b7d733a373a22726567696f6e73223b613a383a7b733a373a22636f6e74656e74223b733a373a22436f6e74656e74223b733a343a2268656c70223b733a343a2248656c70223b733a383a22706167655f746f70223b733a383a225061676520746f70223b733a31313a22706167655f626f74746f6d223b733a31313a225061676520626f74746f6d223b733a31333a22736964656261725f6669727374223b733a31333a2246697273742073696465626172223b733a31343a2264617368626f6172645f6d61696e223b733a31363a2244617368626f61726420286d61696e29223b733a31373a2264617368626f6172645f73696465626172223b733a31393a2244617368626f61726420287369646562617229223b733a31383a2264617368626f6172645f696e616374697665223b733a32303a2244617368626f6172642028696e61637469766529223b7d733a31343a22726567696f6e735f68696464656e223b613a333a7b693a303b733a31333a22736964656261725f6669727374223b693a313b733a383a22706167655f746f70223b693a323b733a31313a22706167655f626f74746f6d223b7d733a373a2270726f6a656374223b733a363a2264727570616c223b733a393a22646174657374616d70223b733a31303a2231333335393937353535223b733a363a22656e67696e65223b733a31313a2270687074656d706c617465223b733a383a226665617475726573223b613a393a7b693a303b733a343a226c6f676f223b693a313b733a373a2266617669636f6e223b693a323b733a343a226e616d65223b693a333b733a363a22736c6f67616e223b693a343b733a31373a226e6f64655f757365725f70696374757265223b693a353b733a32303a22636f6d6d656e745f757365725f70696374757265223b693a363b733a32353a22636f6d6d656e745f757365725f766572696669636174696f6e223b693a373b733a393a226d61696e5f6d656e75223b693a383b733a31343a227365636f6e646172795f6d656e75223b7d733a31303a2273637265656e73686f74223b733a32373a227468656d65732f736576656e2f73637265656e73686f742e706e67223b733a333a22706870223b733a353a22352e322e34223b733a373a2273637269707473223b613a303a7b7d733a31353a226f7665726c61795f726567696f6e73223b613a353a7b693a303b733a31343a2264617368626f6172645f6d61696e223b693a313b733a31373a2264617368626f6172645f73696465626172223b693a323b733a31383a2264617368626f6172645f696e616374697665223b693a333b733a373a22636f6e74656e74223b693a343b733a343a2268656c70223b7d733a32383a226f7665726c61795f737570706c656d656e74616c5f726567696f6e73223b613a313a7b693a303b733a383a22706167655f746f70223b7d7d733a31313a227374796c65736865657473223b613a313a7b733a363a2273637265656e223b613a323a7b733a393a2272657365742e637373223b733a32323a227468656d65732f736576656e2f72657365742e637373223b733a393a227374796c652e637373223b733a32323a227468656d65732f736576656e2f7374796c652e637373223b7d7d733a363a22656e67696e65223b733a31313a2270687074656d706c617465223b7d7d, 'drupal_get_form', 0x613a323a7b693a303b733a32313a2273797374656d5f7468656d655f73657474696e6773223b693a313b733a353a22736576656e223b7d, '', 15, 4, 1, 'admin/appearance/settings', 'admin/appearance', 'Seven', 't', '', '', 'a:0:{}', 132, '', '', 0, 'modules/system/system.admin.inc'),
('admin/appearance/settings/stark', '', '', '_system_themes_access', 0x613a313a7b693a303b4f3a383a22737464436c617373223a31313a7b733a383a2266696c656e616d65223b733a32333a227468656d65732f737461726b2f737461726b2e696e666f223b733a343a226e616d65223b733a353a22737461726b223b733a343a2274797065223b733a353a227468656d65223b733a353a226f776e6572223b733a34353a227468656d65732f656e67696e65732f70687074656d706c6174652f70687074656d706c6174652e656e67696e65223b733a363a22737461747573223b733a313a2230223b733a393a22626f6f747374726170223b733a313a2230223b733a31343a22736368656d615f76657273696f6e223b733a323a222d31223b733a363a22776569676874223b733a313a2230223b733a343a22696e666f223b613a31373a7b733a343a226e616d65223b733a353a22537461726b223b733a31313a226465736372697074696f6e223b733a3230383a2254686973207468656d652064656d6f6e737472617465732044727570616c27732064656661756c742048544d4c206d61726b757020616e6420435353207374796c65732e20546f206c6561726e20686f7720746f206275696c6420796f7572206f776e207468656d6520616e64206f766572726964652044727570616c27732064656661756c7420636f64652c2073656520746865203c6120687265663d22687474703a2f2f64727570616c2e6f72672f7468656d652d6775696465223e5468656d696e672047756964653c2f613e2e223b733a373a227061636b616765223b733a343a22436f7265223b733a373a2276657273696f6e223b733a343a22372e3134223b733a343a22636f7265223b733a333a22372e78223b733a31313a227374796c65736865657473223b613a313a7b733a333a22616c6c223b613a313a7b733a31303a226c61796f75742e637373223b733a32333a227468656d65732f737461726b2f6c61796f75742e637373223b7d7d733a373a2270726f6a656374223b733a363a2264727570616c223b733a393a22646174657374616d70223b733a31303a2231333335393937353535223b733a363a22656e67696e65223b733a31313a2270687074656d706c617465223b733a373a22726567696f6e73223b613a31323a7b733a31333a22736964656261725f6669727374223b733a31323a224c6566742073696465626172223b733a31343a22736964656261725f7365636f6e64223b733a31333a2252696768742073696465626172223b733a373a22636f6e74656e74223b733a373a22436f6e74656e74223b733a363a22686561646572223b733a363a22486561646572223b733a363a22666f6f746572223b733a363a22466f6f746572223b733a31313a22686967686c696768746564223b733a31313a22486967686c696768746564223b733a343a2268656c70223b733a343a2248656c70223b733a383a22706167655f746f70223b733a383a225061676520746f70223b733a31313a22706167655f626f74746f6d223b733a31313a225061676520626f74746f6d223b733a31343a2264617368626f6172645f6d61696e223b733a31363a2244617368626f61726420286d61696e29223b733a31373a2264617368626f6172645f73696465626172223b733a31393a2244617368626f61726420287369646562617229223b733a31383a2264617368626f6172645f696e616374697665223b733a32303a2244617368626f6172642028696e61637469766529223b7d733a383a226665617475726573223b613a393a7b693a303b733a343a226c6f676f223b693a313b733a373a2266617669636f6e223b693a323b733a343a226e616d65223b693a333b733a363a22736c6f67616e223b693a343b733a31373a226e6f64655f757365725f70696374757265223b693a353b733a32303a22636f6d6d656e745f757365725f70696374757265223b693a363b733a32353a22636f6d6d656e745f757365725f766572696669636174696f6e223b693a373b733a393a226d61696e5f6d656e75223b693a383b733a31343a227365636f6e646172795f6d656e75223b7d733a31303a2273637265656e73686f74223b733a32373a227468656d65732f737461726b2f73637265656e73686f742e706e67223b733a333a22706870223b733a353a22352e322e34223b733a373a2273637269707473223b613a303a7b7d733a31353a226f7665726c61795f726567696f6e73223b613a353a7b693a303b733a31343a2264617368626f6172645f6d61696e223b693a313b733a31373a2264617368626f6172645f73696465626172223b693a323b733a31383a2264617368626f6172645f696e616374697665223b693a333b733a373a22636f6e74656e74223b693a343b733a343a2268656c70223b7d733a31343a22726567696f6e735f68696464656e223b613a323a7b693a303b733a383a22706167655f746f70223b693a313b733a31313a22706167655f626f74746f6d223b7d733a32383a226f7665726c61795f737570706c656d656e74616c5f726567696f6e73223b613a313a7b693a303b733a383a22706167655f746f70223b7d7d733a31313a227374796c65736865657473223b613a313a7b733a333a22616c6c223b613a313a7b733a31303a226c61796f75742e637373223b733a32333a227468656d65732f737461726b2f6c61796f75742e637373223b7d7d733a363a22656e67696e65223b733a31313a2270687074656d706c617465223b7d7d, 'drupal_get_form', 0x613a323a7b693a303b733a32313a2273797374656d5f7468656d655f73657474696e6773223b693a313b733a353a22737461726b223b7d, '', 15, 4, 1, 'admin/appearance/settings', 'admin/appearance', 'Stark', 't', '', '', 'a:0:{}', 132, '', '', 0, 'modules/system/system.admin.inc'),
('admin/appearance/update', '', '', 'update_manager_access', 0x613a303a7b7d, 'drupal_get_form', 0x613a323a7b693a303b733a32363a227570646174655f6d616e616765725f7570646174655f666f726d223b693a313b733a353a227468656d65223b7d, '', 7, 3, 1, 'admin/appearance', 'admin/appearance', 'Update', 't', '', '', 'a:0:{}', 132, '', '', 10, 'modules/update/update.manager.inc'),
('admin/compact', '', '', 'user_access', 0x613a313a7b693a303b733a32373a226163636573732061646d696e697374726174696f6e207061676573223b7d, 'system_admin_compact_page', 0x613a303a7b7d, '', 3, 2, 0, '', 'admin/compact', 'Compact mode', 't', '', '', 'a:0:{}', 0, '', '', 0, 'modules/system/system.admin.inc'),
('admin/config', '', '', 'user_access', 0x613a313a7b693a303b733a32373a226163636573732061646d696e697374726174696f6e207061676573223b7d, 'system_admin_config_page', 0x613a303a7b7d, '', 3, 2, 0, '', 'admin/config', 'Configuration', 't', '', '', 'a:0:{}', 6, 'Administer settings.', '', 0, 'modules/system/system.admin.inc'),
('admin/config/content', '', '', 'user_access', 0x613a313a7b693a303b733a32373a226163636573732061646d696e697374726174696f6e207061676573223b7d, 'system_admin_menu_block_page', 0x613a303a7b7d, '', 7, 3, 0, '', 'admin/config/content', 'Content authoring', 't', '', '', 'a:0:{}', 6, 'Settings related to formatting and authoring content.', 'left', -15, 'modules/system/system.admin.inc'),
('admin/config/content/formats', '', '', 'user_access', 0x613a313a7b693a303b733a31383a2261646d696e69737465722066696c74657273223b7d, 'drupal_get_form', 0x613a313a7b693a303b733a32313a2266696c7465725f61646d696e5f6f76657276696577223b7d, '', 15, 4, 0, '', 'admin/config/content/formats', 'Text formats', 't', '', '', 'a:0:{}', 6, 'Configure how content input by users is filtered, including allowed HTML tags. Also allows enabling of module-provided filters.', '', 0, 'modules/filter/filter.admin.inc'),
('admin/config/content/formats/%', 0x613a313a7b693a343b733a31383a2266696c7465725f666f726d61745f6c6f6164223b7d, '', 'user_access', 0x613a313a7b693a303b733a31383a2261646d696e69737465722066696c74657273223b7d, 'filter_admin_format_page', 0x613a313a7b693a303b693a343b7d, '', 30, 5, 0, '', 'admin/config/content/formats/%', '', 'filter_admin_format_title', 'a:1:{i:0;i:4;}', '', 'a:0:{}', 6, '', '', 0, 'modules/filter/filter.admin.inc'),
('admin/config/content/formats/%/disable', 0x613a313a7b693a343b733a31383a2266696c7465725f666f726d61745f6c6f6164223b7d, '', '_filter_disable_format_access', 0x613a313a7b693a303b693a343b7d, 'drupal_get_form', 0x613a323a7b693a303b733a32303a2266696c7465725f61646d696e5f64697361626c65223b693a313b693a343b7d, '', 61, 6, 0, '', 'admin/config/content/formats/%/disable', 'Disable text format', 't', '', '', 'a:0:{}', 6, '', '', 0, 'modules/filter/filter.admin.inc'),
('admin/config/content/formats/add', '', '', 'user_access', 0x613a313a7b693a303b733a31383a2261646d696e69737465722066696c74657273223b7d, 'filter_admin_format_page', 0x613a303a7b7d, '', 31, 5, 1, 'admin/config/content/formats', 'admin/config/content/formats', 'Add text format', 't', '', '', 'a:0:{}', 388, '', '', 1, 'modules/filter/filter.admin.inc'),
('admin/config/content/formats/list', '', '', 'user_access', 0x613a313a7b693a303b733a31383a2261646d696e69737465722066696c74657273223b7d, 'drupal_get_form', 0x613a313a7b693a303b733a32313a2266696c7465725f61646d696e5f6f76657276696577223b7d, '', 31, 5, 1, 'admin/config/content/formats', 'admin/config/content/formats', 'List', 't', '', '', 'a:0:{}', 140, '', '', 0, 'modules/filter/filter.admin.inc'),
('admin/config/development', '', '', 'user_access', 0x613a313a7b693a303b733a32373a226163636573732061646d696e697374726174696f6e207061676573223b7d, 'system_admin_menu_block_page', 0x613a303a7b7d, '', 7, 3, 0, '', 'admin/config/development', 'Development', 't', '', '', 'a:0:{}', 6, 'Development tools.', 'right', -10, 'modules/system/system.admin.inc'),
('admin/config/development/logging', '', '', 'user_access', 0x613a313a7b693a303b733a32393a2261646d696e6973746572207369746520636f6e66696775726174696f6e223b7d, 'drupal_get_form', 0x613a313a7b693a303b733a32333a2273797374656d5f6c6f6767696e675f73657474696e6773223b7d, '', 15, 4, 0, '', 'admin/config/development/logging', 'Logging and errors', 't', '', '', 'a:0:{}', 6, 'Settings for logging and alerts modules. Various modules can route Drupal''s system events to different destinations, such as syslog, database, email, etc.', '', -15, 'modules/system/system.admin.inc'),
('admin/config/development/maintenance', '', '', 'user_access', 0x613a313a7b693a303b733a32393a2261646d696e6973746572207369746520636f6e66696775726174696f6e223b7d, 'drupal_get_form', 0x613a313a7b693a303b733a32383a2273797374656d5f736974655f6d61696e74656e616e63655f6d6f6465223b7d, '', 15, 4, 0, '', 'admin/config/development/maintenance', 'Maintenance mode', 't', '', '', 'a:0:{}', 6, 'Take the site offline for maintenance or bring it back online.', '', -10, 'modules/system/system.admin.inc'),
('admin/config/development/performance', '', '', 'user_access', 0x613a313a7b693a303b733a32393a2261646d696e6973746572207369746520636f6e66696775726174696f6e223b7d, 'drupal_get_form', 0x613a313a7b693a303b733a32373a2273797374656d5f706572666f726d616e63655f73657474696e6773223b7d, '', 15, 4, 0, '', 'admin/config/development/performance', 'Performance', 't', '', '', 'a:0:{}', 6, 'Enable or disable page caching for anonymous users and set CSS and JS bandwidth optimization options.', '', -20, 'modules/system/system.admin.inc'),
('admin/config/media', '', '', 'user_access', 0x613a313a7b693a303b733a32373a226163636573732061646d696e697374726174696f6e207061676573223b7d, 'system_admin_menu_block_page', 0x613a303a7b7d, '', 7, 3, 0, '', 'admin/config/media', 'Media', 't', '', '', 'a:0:{}', 6, 'Media tools.', 'left', -10, 'modules/system/system.admin.inc'),
('admin/config/media/file-system', '', '', 'user_access', 0x613a313a7b693a303b733a32393a2261646d696e6973746572207369746520636f6e66696775726174696f6e223b7d, 'drupal_get_form', 0x613a313a7b693a303b733a32373a2273797374656d5f66696c655f73797374656d5f73657474696e6773223b7d, '', 15, 4, 0, '', 'admin/config/media/file-system', 'File system', 't', '', '', 'a:0:{}', 6, 'Tell Drupal where to store uploaded files and how they are accessed.', '', -10, 'modules/system/system.admin.inc'),
('admin/config/media/file-system/settings', '', '', 'user_access', 0x613a313a7b693a303b733a32393a2261646d696e6973746572207369746520636f6e66696775726174696f6e223b7d, 'drupal_get_form', 0x613a313a7b693a303b733a32373a2273797374656d5f66696c655f73797374656d5f73657474696e6773223b7d, '', 31, 5, 1, 'admin/config/media/file-system', 'admin/config/media/file-system', 'Settings', 't', '', '', 'a:0:{}', 140, '', '', -10, 'modules/system/system.admin.inc'),
('admin/config/media/file-system/transliteration', '', '', 'user_access', 0x613a313a7b693a303b733a32393a2261646d696e6973746572207369746520636f6e66696775726174696f6e223b7d, 'drupal_get_form', 0x613a313a7b693a303b733a32373a227472616e736c697465726174696f6e5f726574726f616374697665223b7d, '', 31, 5, 1, 'admin/config/media/file-system', 'admin/config/media/file-system', 'Transliteration', 't', '', '', 'a:0:{}', 132, 'Convert existing file names to US-ASCII.', '', 10, 'sites/all/modules/transliteration/transliteration.admin.inc'),
('admin/config/media/image-styles', '', '', 'user_access', 0x613a313a7b693a303b733a32333a2261646d696e697374657220696d616765207374796c6573223b7d, 'image_style_list', 0x613a303a7b7d, '', 15, 4, 0, '', 'admin/config/media/image-styles', 'Image styles', 't', '', '', 'a:0:{}', 6, 'Configure styles that can be used for resizing or adjusting images on display.', '', 0, 'modules/image/image.admin.inc'),
('admin/config/media/image-styles/add', '', '', 'user_access', 0x613a313a7b693a303b733a32333a2261646d696e697374657220696d616765207374796c6573223b7d, 'drupal_get_form', 0x613a313a7b693a303b733a32303a22696d6167655f7374796c655f6164645f666f726d223b7d, '', 31, 5, 1, 'admin/config/media/image-styles', 'admin/config/media/image-styles', 'Add style', 't', '', '', 'a:0:{}', 388, 'Add a new image style.', '', 2, 'modules/image/image.admin.inc'),
('admin/config/media/image-styles/delete/%', 0x613a313a7b693a353b613a313a7b733a31363a22696d6167655f7374796c655f6c6f6164223b613a323a7b693a303b4e3b693a313b733a313a2231223b7d7d7d, '', 'user_access', 0x613a313a7b693a303b733a32333a2261646d696e697374657220696d616765207374796c6573223b7d, 'drupal_get_form', 0x613a323a7b693a303b733a32333a22696d6167655f7374796c655f64656c6574655f666f726d223b693a313b693a353b7d, '', 62, 6, 0, '', 'admin/config/media/image-styles/delete/%', 'Delete style', 't', '', '', 'a:0:{}', 6, 'Delete an image style.', '', 0, 'modules/image/image.admin.inc'),
('admin/config/media/image-styles/edit/%', 0x613a313a7b693a353b733a31363a22696d6167655f7374796c655f6c6f6164223b7d, '', 'user_access', 0x613a313a7b693a303b733a32333a2261646d696e697374657220696d616765207374796c6573223b7d, 'drupal_get_form', 0x613a323a7b693a303b733a31363a22696d6167655f7374796c655f666f726d223b693a313b693a353b7d, '', 62, 6, 0, '', 'admin/config/media/image-styles/edit/%', 'Edit style', 't', '', '', 'a:0:{}', 6, 'Configure an image style.', '', 0, 'modules/image/image.admin.inc'),
('admin/config/media/image-styles/edit/%/add/%', 0x613a323a7b693a353b613a313a7b733a31363a22696d6167655f7374796c655f6c6f6164223b613a313a7b693a303b693a353b7d7d693a373b613a313a7b733a32383a22696d6167655f6566666563745f646566696e6974696f6e5f6c6f6164223b613a313a7b693a303b693a353b7d7d7d, '', 'user_access', 0x613a313a7b693a303b733a32333a2261646d696e697374657220696d616765207374796c6573223b7d, 'drupal_get_form', 0x613a333a7b693a303b733a31373a22696d6167655f6566666563745f666f726d223b693a313b693a353b693a323b693a373b7d, '', 250, 8, 0, '', 'admin/config/media/image-styles/edit/%/add/%', 'Add image effect', 't', '', '', 'a:0:{}', 6, 'Add a new effect to a style.', '', 0, 'modules/image/image.admin.inc'),
('admin/config/media/image-styles/edit/%/effects/%', 0x613a323a7b693a353b613a313a7b733a31363a22696d6167655f7374796c655f6c6f6164223b613a323a7b693a303b693a353b693a313b733a313a2233223b7d7d693a373b613a313a7b733a31373a22696d6167655f6566666563745f6c6f6164223b613a323a7b693a303b693a353b693a313b733a313a2233223b7d7d7d, '', 'user_access', 0x613a313a7b693a303b733a32333a2261646d696e697374657220696d616765207374796c6573223b7d, 'drupal_get_form', 0x613a333a7b693a303b733a31373a22696d6167655f6566666563745f666f726d223b693a313b693a353b693a323b693a373b7d, '', 250, 8, 0, '', 'admin/config/media/image-styles/edit/%/effects/%', 'Edit image effect', 't', '', '', 'a:0:{}', 6, 'Edit an existing effect within a style.', '', 0, 'modules/image/image.admin.inc'),
('admin/config/media/image-styles/edit/%/effects/%/delete', 0x613a323a7b693a353b613a313a7b733a31363a22696d6167655f7374796c655f6c6f6164223b613a323a7b693a303b693a353b693a313b733a313a2233223b7d7d693a373b613a313a7b733a31373a22696d6167655f6566666563745f6c6f6164223b613a323a7b693a303b693a353b693a313b733a313a2233223b7d7d7d, '', 'user_access', 0x613a313a7b693a303b733a32333a2261646d696e697374657220696d616765207374796c6573223b7d, 'drupal_get_form', 0x613a333a7b693a303b733a32343a22696d6167655f6566666563745f64656c6574655f666f726d223b693a313b693a353b693a323b693a373b7d, '', 501, 9, 0, '', 'admin/config/media/image-styles/edit/%/effects/%/delete', 'Delete image effect', 't', '', '', 'a:0:{}', 6, 'Delete an existing effect from a style.', '', 0, 'modules/image/image.admin.inc'),
('admin/config/media/image-styles/list', '', '', 'user_access', 0x613a313a7b693a303b733a32333a2261646d696e697374657220696d616765207374796c6573223b7d, 'image_style_list', 0x613a303a7b7d, '', 31, 5, 1, 'admin/config/media/image-styles', 'admin/config/media/image-styles', 'List', 't', '', '', 'a:0:{}', 140, 'List the current image styles on the site.', '', 1, 'modules/image/image.admin.inc'),
('admin/config/media/image-styles/revert/%', 0x613a313a7b693a353b613a313a7b733a31363a22696d6167655f7374796c655f6c6f6164223b613a323a7b693a303b4e3b693a313b733a313a2232223b7d7d7d, '', 'user_access', 0x613a313a7b693a303b733a32333a2261646d696e697374657220696d616765207374796c6573223b7d, 'drupal_get_form', 0x613a323a7b693a303b733a32333a22696d6167655f7374796c655f7265766572745f666f726d223b693a313b693a353b7d, '', 62, 6, 0, '', 'admin/config/media/image-styles/revert/%', 'Revert style', 't', '', '', 'a:0:{}', 6, 'Revert an image style.', '', 0, 'modules/image/image.admin.inc'),
('admin/config/media/image-toolkit', '', '', 'user_access', 0x613a313a7b693a303b733a32393a2261646d696e6973746572207369746520636f6e66696775726174696f6e223b7d, 'drupal_get_form', 0x613a313a7b693a303b733a32393a2273797374656d5f696d6167655f746f6f6c6b69745f73657474696e6773223b7d, '', 15, 4, 0, '', 'admin/config/media/image-toolkit', 'Image toolkit', 't', '', '', 'a:0:{}', 6, 'Choose which image toolkit to use if you have installed optional toolkits.', '', 20, 'modules/system/system.admin.inc'),
('admin/config/media/vef_video_styles', '', '', 'ctools_export_ui_task_access', 0x613a323a7b693a303b733a32373a22766964656f5f656d6265645f6669656c645f6578706f72745f7569223b693a313b733a343a226c697374223b7d, 'ctools_export_ui_switcher_page', 0x613a323a7b693a303b733a32373a22766964656f5f656d6265645f6669656c645f6578706f72745f7569223b693a313b733a343a226c697374223b7d, '', 15, 4, 0, '', 'admin/config/media/vef_video_styles', 'Configure Video Embed Styles', 't', '', '', 'a:0:{}', 6, 'Administer Video Embed Field''s video styles.', '', 0, 'sites/all/modules/ctools/includes/export-ui.inc'),
('admin/config/media/vef_video_styles/add', '', '', 'ctools_export_ui_task_access', 0x613a323a7b693a303b733a32373a22766964656f5f656d6265645f6669656c645f6578706f72745f7569223b693a313b733a333a22616464223b7d, 'ctools_export_ui_switcher_page', 0x613a323a7b693a303b733a32373a22766964656f5f656d6265645f6669656c645f6578706f72745f7569223b693a313b733a333a22616464223b7d, '', 31, 5, 1, 'admin/config/media/vef_video_styles', 'admin/config/media/vef_video_styles', 'Add', 't', '', '', 'a:0:{}', 388, '', '', 0, 'sites/all/modules/ctools/includes/export-ui.inc'),
('admin/config/media/vef_video_styles/import', '', '', 'ctools_export_ui_task_access', 0x613a323a7b693a303b733a32373a22766964656f5f656d6265645f6669656c645f6578706f72745f7569223b693a313b733a363a22696d706f7274223b7d, 'ctools_export_ui_switcher_page', 0x613a323a7b693a303b733a32373a22766964656f5f656d6265645f6669656c645f6578706f72745f7569223b693a313b733a363a22696d706f7274223b7d, '', 31, 5, 1, 'admin/config/media/vef_video_styles', 'admin/config/media/vef_video_styles', 'Import', 't', '', '', 'a:0:{}', 388, '', '', 0, 'sites/all/modules/ctools/includes/export-ui.inc'),
('admin/config/media/vef_video_styles/list', '', '', 'ctools_export_ui_task_access', 0x613a323a7b693a303b733a32373a22766964656f5f656d6265645f6669656c645f6578706f72745f7569223b693a313b733a343a226c697374223b7d, 'ctools_export_ui_switcher_page', 0x613a323a7b693a303b733a32373a22766964656f5f656d6265645f6669656c645f6578706f72745f7569223b693a313b733a343a226c697374223b7d, '', 31, 5, 1, 'admin/config/media/vef_video_styles', 'admin/config/media/vef_video_styles', 'List', 't', '', '', 'a:0:{}', 140, '', '', -10, 'sites/all/modules/ctools/includes/export-ui.inc'),
('admin/config/media/vef_video_styles/list/%', 0x613a313a7b693a353b613a313a7b733a32313a2263746f6f6c735f6578706f72745f75695f6c6f6164223b613a313a7b693a303b733a32373a22766964656f5f656d6265645f6669656c645f6578706f72745f7569223b7d7d7d, '', 'ctools_export_ui_task_access', 0x613a333a7b693a303b733a32373a22766964656f5f656d6265645f6669656c645f6578706f72745f7569223b693a313b733a343a2265646974223b693a323b693a353b7d, 'ctools_export_ui_switcher_page', 0x613a333a7b693a303b733a32373a22766964656f5f656d6265645f6669656c645f6578706f72745f7569223b693a313b733a343a2265646974223b693a323b693a353b7d, '', 62, 6, 0, '', 'admin/config/media/vef_video_styles/list/%', '', 't', '', '', 'a:0:{}', 0, '', '', 0, 'sites/all/modules/ctools/includes/export-ui.inc'),
('admin/config/media/vef_video_styles/list/%/clone', 0x613a313a7b693a353b613a313a7b733a32313a2263746f6f6c735f6578706f72745f75695f6c6f6164223b613a313a7b693a303b733a32373a22766964656f5f656d6265645f6669656c645f6578706f72745f7569223b7d7d7d, '', 'ctools_export_ui_task_access', 0x613a333a7b693a303b733a32373a22766964656f5f656d6265645f6669656c645f6578706f72745f7569223b693a313b733a353a22636c6f6e65223b693a323b693a353b7d, 'ctools_export_ui_switcher_page', 0x613a333a7b693a303b733a32373a22766964656f5f656d6265645f6669656c645f6578706f72745f7569223b693a313b733a353a22636c6f6e65223b693a323b693a353b7d, '', 125, 7, 0, '', 'admin/config/media/vef_video_styles/list/%/clone', 'Clone', 't', '', '', 'a:0:{}', 0, '', '', 0, 'sites/all/modules/ctools/includes/export-ui.inc'),
('admin/config/media/vef_video_styles/list/%/delete', 0x613a313a7b693a353b613a313a7b733a32313a2263746f6f6c735f6578706f72745f75695f6c6f6164223b613a313a7b693a303b733a32373a22766964656f5f656d6265645f6669656c645f6578706f72745f7569223b7d7d7d, '', 'ctools_export_ui_task_access', 0x613a333a7b693a303b733a32373a22766964656f5f656d6265645f6669656c645f6578706f72745f7569223b693a313b733a363a2264656c657465223b693a323b693a353b7d, 'ctools_export_ui_switcher_page', 0x613a333a7b693a303b733a32373a22766964656f5f656d6265645f6669656c645f6578706f72745f7569223b693a313b733a363a2264656c657465223b693a323b693a353b7d, '', 125, 7, 0, '', 'admin/config/media/vef_video_styles/list/%/delete', 'Delete', 't', '', '', 'a:0:{}', 0, '', '', 0, 'sites/all/modules/ctools/includes/export-ui.inc');
INSERT INTO `prefixpinboard_menu_router` (`path`, `load_functions`, `to_arg_functions`, `access_callback`, `access_arguments`, `page_callback`, `page_arguments`, `delivery_callback`, `fit`, `number_parts`, `context`, `tab_parent`, `tab_root`, `title`, `title_callback`, `title_arguments`, `theme_callback`, `theme_arguments`, `type`, `description`, `position`, `weight`, `include_file`) VALUES
('admin/config/media/vef_video_styles/list/%/disable', 0x613a313a7b693a353b613a313a7b733a32313a2263746f6f6c735f6578706f72745f75695f6c6f6164223b613a313a7b693a303b733a32373a22766964656f5f656d6265645f6669656c645f6578706f72745f7569223b7d7d7d, '', 'ctools_export_ui_task_access', 0x613a333a7b693a303b733a32373a22766964656f5f656d6265645f6669656c645f6578706f72745f7569223b693a313b733a373a2264697361626c65223b693a323b693a353b7d, 'ctools_export_ui_switcher_page', 0x613a333a7b693a303b733a32373a22766964656f5f656d6265645f6669656c645f6578706f72745f7569223b693a313b733a373a2264697361626c65223b693a323b693a353b7d, '', 125, 7, 0, '', 'admin/config/media/vef_video_styles/list/%/disable', 'Disable', 't', '', '', 'a:0:{}', 0, '', '', 0, 'sites/all/modules/ctools/includes/export-ui.inc'),
('admin/config/media/vef_video_styles/list/%/edit', 0x613a313a7b693a353b613a313a7b733a32313a2263746f6f6c735f6578706f72745f75695f6c6f6164223b613a313a7b693a303b733a32373a22766964656f5f656d6265645f6669656c645f6578706f72745f7569223b7d7d7d, '', 'ctools_export_ui_task_access', 0x613a333a7b693a303b733a32373a22766964656f5f656d6265645f6669656c645f6578706f72745f7569223b693a313b733a343a2265646974223b693a323b693a353b7d, 'ctools_export_ui_switcher_page', 0x613a333a7b693a303b733a32373a22766964656f5f656d6265645f6669656c645f6578706f72745f7569223b693a313b733a343a2265646974223b693a323b693a353b7d, '', 125, 7, 1, 'admin/config/media/vef_video_styles/list/%', 'admin/config/media/vef_video_styles/list/%', 'Edit', 't', '', '', 'a:0:{}', 140, '', '', -10, 'sites/all/modules/ctools/includes/export-ui.inc'),
('admin/config/media/vef_video_styles/list/%/enable', 0x613a313a7b693a353b613a313a7b733a32313a2263746f6f6c735f6578706f72745f75695f6c6f6164223b613a313a7b693a303b733a32373a22766964656f5f656d6265645f6669656c645f6578706f72745f7569223b7d7d7d, '', 'ctools_export_ui_task_access', 0x613a333a7b693a303b733a32373a22766964656f5f656d6265645f6669656c645f6578706f72745f7569223b693a313b733a363a22656e61626c65223b693a323b693a353b7d, 'ctools_export_ui_switcher_page', 0x613a333a7b693a303b733a32373a22766964656f5f656d6265645f6669656c645f6578706f72745f7569223b693a313b733a363a22656e61626c65223b693a323b693a353b7d, '', 125, 7, 0, '', 'admin/config/media/vef_video_styles/list/%/enable', 'Enable', 't', '', '', 'a:0:{}', 0, '', '', 0, 'sites/all/modules/ctools/includes/export-ui.inc'),
('admin/config/media/vef_video_styles/list/%/export', 0x613a313a7b693a353b613a313a7b733a32313a2263746f6f6c735f6578706f72745f75695f6c6f6164223b613a313a7b693a303b733a32373a22766964656f5f656d6265645f6669656c645f6578706f72745f7569223b7d7d7d, '', 'ctools_export_ui_task_access', 0x613a333a7b693a303b733a32373a22766964656f5f656d6265645f6669656c645f6578706f72745f7569223b693a313b733a363a226578706f7274223b693a323b693a353b7d, 'ctools_export_ui_switcher_page', 0x613a333a7b693a303b733a32373a22766964656f5f656d6265645f6669656c645f6578706f72745f7569223b693a313b733a363a226578706f7274223b693a323b693a353b7d, '', 125, 7, 1, 'admin/config/media/vef_video_styles/list/%', 'admin/config/media/vef_video_styles/list/%', 'Export', 't', '', '', 'a:0:{}', 132, '', '', 0, 'sites/all/modules/ctools/includes/export-ui.inc'),
('admin/config/media/vef_video_styles/list/%/revert', 0x613a313a7b693a353b613a313a7b733a32313a2263746f6f6c735f6578706f72745f75695f6c6f6164223b613a313a7b693a303b733a32373a22766964656f5f656d6265645f6669656c645f6578706f72745f7569223b7d7d7d, '', 'ctools_export_ui_task_access', 0x613a333a7b693a303b733a32373a22766964656f5f656d6265645f6669656c645f6578706f72745f7569223b693a313b733a363a22726576657274223b693a323b693a353b7d, 'ctools_export_ui_switcher_page', 0x613a333a7b693a303b733a32373a22766964656f5f656d6265645f6669656c645f6578706f72745f7569223b693a313b733a363a2264656c657465223b693a323b693a353b7d, '', 125, 7, 0, '', 'admin/config/media/vef_video_styles/list/%/revert', 'Revert', 't', '', '', 'a:0:{}', 0, '', '', 0, 'sites/all/modules/ctools/includes/export-ui.inc'),
('admin/config/people', '', '', 'user_access', 0x613a313a7b693a303b733a32373a226163636573732061646d696e697374726174696f6e207061676573223b7d, 'system_admin_menu_block_page', 0x613a303a7b7d, '', 7, 3, 0, '', 'admin/config/people', 'People', 't', '', '', 'a:0:{}', 6, 'Configure user accounts.', 'left', -20, 'modules/system/system.admin.inc'),
('admin/config/people/accounts', '', '', 'user_access', 0x613a313a7b693a303b733a31363a2261646d696e6973746572207573657273223b7d, 'drupal_get_form', 0x613a313a7b693a303b733a31393a22757365725f61646d696e5f73657474696e6773223b7d, '', 15, 4, 0, '', 'admin/config/people/accounts', 'Account settings', 't', '', '', 'a:0:{}', 6, 'Configure default behavior of users, including registration requirements, e-mails, fields, and user pictures.', '', -10, 'modules/user/user.admin.inc'),
('admin/config/people/accounts/display', '', '', 'user_access', 0x613a313a7b693a303b733a31363a2261646d696e6973746572207573657273223b7d, 'drupal_get_form', 0x613a343a7b693a303b733a33303a226669656c645f75695f646973706c61795f6f766572766965775f666f726d223b693a313b733a343a2275736572223b693a323b733a343a2275736572223b693a333b733a373a2264656661756c74223b7d, '', 31, 5, 1, 'admin/config/people/accounts', 'admin/config/people/accounts', 'Manage display', 't', '', '', 'a:0:{}', 132, '', '', 2, 'modules/field_ui/field_ui.admin.inc'),
('admin/config/people/accounts/display/default', '', '', '_field_ui_view_mode_menu_access', 0x613a353a7b693a303b733a343a2275736572223b693a313b733a343a2275736572223b693a323b733a373a2264656661756c74223b693a333b733a31313a22757365725f616363657373223b693a343b733a31363a2261646d696e6973746572207573657273223b7d, 'drupal_get_form', 0x613a343a7b693a303b733a33303a226669656c645f75695f646973706c61795f6f766572766965775f666f726d223b693a313b733a343a2275736572223b693a323b733a343a2275736572223b693a333b733a373a2264656661756c74223b7d, '', 63, 6, 1, 'admin/config/people/accounts/display', 'admin/config/people/accounts', 'Default', 't', '', '', 'a:0:{}', 140, '', '', -10, 'modules/field_ui/field_ui.admin.inc'),
('admin/config/people/accounts/display/full', '', '', '_field_ui_view_mode_menu_access', 0x613a353a7b693a303b733a343a2275736572223b693a313b733a343a2275736572223b693a323b733a343a2266756c6c223b693a333b733a31313a22757365725f616363657373223b693a343b733a31363a2261646d696e6973746572207573657273223b7d, 'drupal_get_form', 0x613a343a7b693a303b733a33303a226669656c645f75695f646973706c61795f6f766572766965775f666f726d223b693a313b733a343a2275736572223b693a323b733a343a2275736572223b693a333b733a343a2266756c6c223b7d, '', 63, 6, 1, 'admin/config/people/accounts/display', 'admin/config/people/accounts', 'User account', 't', '', '', 'a:0:{}', 132, '', '', 0, 'modules/field_ui/field_ui.admin.inc'),
('admin/config/people/accounts/display/token', '', '', '_field_ui_view_mode_menu_access', 0x613a353a7b693a303b733a343a2275736572223b693a313b733a343a2275736572223b693a323b733a353a22746f6b656e223b693a333b733a31313a22757365725f616363657373223b693a343b733a31363a2261646d696e6973746572207573657273223b7d, 'drupal_get_form', 0x613a343a7b693a303b733a33303a226669656c645f75695f646973706c61795f6f766572766965775f666f726d223b693a313b733a343a2275736572223b693a323b733a343a2275736572223b693a333b733a353a22746f6b656e223b7d, '', 63, 6, 1, 'admin/config/people/accounts/display', 'admin/config/people/accounts', 'Tokens', 't', '', '', 'a:0:{}', 132, '', '', 1, 'modules/field_ui/field_ui.admin.inc'),
('admin/config/people/accounts/fields', '', '', 'user_access', 0x613a313a7b693a303b733a31363a2261646d696e6973746572207573657273223b7d, 'drupal_get_form', 0x613a333a7b693a303b733a32383a226669656c645f75695f6669656c645f6f766572766965775f666f726d223b693a313b733a343a2275736572223b693a323b733a343a2275736572223b7d, '', 31, 5, 1, 'admin/config/people/accounts', 'admin/config/people/accounts', 'Manage fields', 't', '', '', 'a:0:{}', 132, '', '', 1, 'modules/field_ui/field_ui.admin.inc'),
('admin/config/people/accounts/fields/%', 0x613a313a7b693a353b613a313a7b733a31383a226669656c645f75695f6d656e755f6c6f6164223b613a343a7b693a303b733a343a2275736572223b693a313b733a343a2275736572223b693a323b733a313a2230223b693a333b733a343a22256d6170223b7d7d7d, '', 'user_access', 0x613a313a7b693a303b733a31363a2261646d696e6973746572207573657273223b7d, 'drupal_get_form', 0x613a323a7b693a303b733a32343a226669656c645f75695f6669656c645f656469745f666f726d223b693a313b693a353b7d, '', 62, 6, 0, '', 'admin/config/people/accounts/fields/%', '', 'field_ui_menu_title', 'a:1:{i:0;i:5;}', '', 'a:0:{}', 6, '', '', 0, 'modules/field_ui/field_ui.admin.inc'),
('admin/config/people/accounts/fields/%/delete', 0x613a313a7b693a353b613a313a7b733a31383a226669656c645f75695f6d656e755f6c6f6164223b613a343a7b693a303b733a343a2275736572223b693a313b733a343a2275736572223b693a323b733a313a2230223b693a333b733a343a22256d6170223b7d7d7d, '', 'user_access', 0x613a313a7b693a303b733a31363a2261646d696e6973746572207573657273223b7d, 'drupal_get_form', 0x613a323a7b693a303b733a32363a226669656c645f75695f6669656c645f64656c6574655f666f726d223b693a313b693a353b7d, '', 125, 7, 1, 'admin/config/people/accounts/fields/%', 'admin/config/people/accounts/fields/%', 'Delete', 't', '', '', 'a:0:{}', 132, '', '', 10, 'modules/field_ui/field_ui.admin.inc'),
('admin/config/people/accounts/fields/%/edit', 0x613a313a7b693a353b613a313a7b733a31383a226669656c645f75695f6d656e755f6c6f6164223b613a343a7b693a303b733a343a2275736572223b693a313b733a343a2275736572223b693a323b733a313a2230223b693a333b733a343a22256d6170223b7d7d7d, '', 'user_access', 0x613a313a7b693a303b733a31363a2261646d696e6973746572207573657273223b7d, 'drupal_get_form', 0x613a323a7b693a303b733a32343a226669656c645f75695f6669656c645f656469745f666f726d223b693a313b693a353b7d, '', 125, 7, 1, 'admin/config/people/accounts/fields/%', 'admin/config/people/accounts/fields/%', 'Edit', 't', '', '', 'a:0:{}', 140, '', '', 0, 'modules/field_ui/field_ui.admin.inc'),
('admin/config/people/accounts/fields/%/field-settings', 0x613a313a7b693a353b613a313a7b733a31383a226669656c645f75695f6d656e755f6c6f6164223b613a343a7b693a303b733a343a2275736572223b693a313b733a343a2275736572223b693a323b733a313a2230223b693a333b733a343a22256d6170223b7d7d7d, '', 'user_access', 0x613a313a7b693a303b733a31363a2261646d696e6973746572207573657273223b7d, 'drupal_get_form', 0x613a323a7b693a303b733a32383a226669656c645f75695f6669656c645f73657474696e67735f666f726d223b693a313b693a353b7d, '', 125, 7, 1, 'admin/config/people/accounts/fields/%', 'admin/config/people/accounts/fields/%', 'Field settings', 't', '', '', 'a:0:{}', 132, '', '', 0, 'modules/field_ui/field_ui.admin.inc'),
('admin/config/people/accounts/fields/%/widget-type', 0x613a313a7b693a353b613a313a7b733a31383a226669656c645f75695f6d656e755f6c6f6164223b613a343a7b693a303b733a343a2275736572223b693a313b733a343a2275736572223b693a323b733a313a2230223b693a333b733a343a22256d6170223b7d7d7d, '', 'user_access', 0x613a313a7b693a303b733a31363a2261646d696e6973746572207573657273223b7d, 'drupal_get_form', 0x613a323a7b693a303b733a32353a226669656c645f75695f7769646765745f747970655f666f726d223b693a313b693a353b7d, '', 125, 7, 1, 'admin/config/people/accounts/fields/%', 'admin/config/people/accounts/fields/%', 'Widget type', 't', '', '', 'a:0:{}', 132, '', '', 0, 'modules/field_ui/field_ui.admin.inc'),
('admin/config/people/accounts/settings', '', '', 'user_access', 0x613a313a7b693a303b733a31363a2261646d696e6973746572207573657273223b7d, 'drupal_get_form', 0x613a313a7b693a303b733a31393a22757365725f61646d696e5f73657474696e6773223b7d, '', 31, 5, 1, 'admin/config/people/accounts', 'admin/config/people/accounts', 'Settings', 't', '', '', 'a:0:{}', 140, '', '', -10, 'modules/user/user.admin.inc'),
('admin/config/people/gravatar', '', '', 'user_access', 0x613a313a7b693a303b733a31393a2261646d696e6973746572206772617661746172223b7d, 'drupal_get_form', 0x613a313a7b693a303b733a32333a2267726176617461725f61646d696e5f73657474696e6773223b7d, '', 15, 4, 0, '', 'admin/config/people/gravatar', 'Gravatar', 't', '', '', 'a:0:{}', 6, 'Administer Gravatar integration.', '', 0, 'sites/all/modules/gravatar/gravatar.admin.inc'),
('admin/config/people/invite', '', '', 'user_access', 0x613a313a7b693a303b733a32323a2261646d696e697374657220696e7669746174696f6e73223b7d, 'drupal_get_form', 0x613a313a7b693a303b733a31353a22696e766974655f73657474696e6773223b7d, '', 15, 4, 0, '', 'admin/config/people/invite', 'Invite', 't', '', '', 'a:0:{}', 6, 'Modify invitation settings.', '', 10, 'sites/all/modules/invite/invite.admin.inc'),
('admin/config/people/invite/details/%', 0x613a313a7b693a353b733a393a22757365725f6c6f6164223b7d, '', 'user_access', 0x613a313a7b693a303b733a32323a2261646d696e697374657220696e7669746174696f6e73223b7d, 'invite_admin_details', 0x613a313a7b693a303b693a353b7d, '', 62, 6, 0, '', 'admin/config/people/invite/details/%', '', 'invite_admin_details_page_title', 'a:1:{i:0;i:5;}', '', 'a:0:{}', 0, '', '', 0, 'sites/all/modules/invite/invite.admin.inc'),
('admin/config/people/ip-blocking', '', '', 'user_access', 0x613a313a7b693a303b733a31383a22626c6f636b20495020616464726573736573223b7d, 'system_ip_blocking', 0x613a303a7b7d, '', 15, 4, 0, '', 'admin/config/people/ip-blocking', 'IP address blocking', 't', '', '', 'a:0:{}', 6, 'Manage blocked IP addresses.', '', 10, 'modules/system/system.admin.inc'),
('admin/config/people/ip-blocking/delete/%', 0x613a313a7b693a353b733a31353a22626c6f636b65645f69705f6c6f6164223b7d, '', 'user_access', 0x613a313a7b693a303b733a31383a22626c6f636b20495020616464726573736573223b7d, 'drupal_get_form', 0x613a323a7b693a303b733a32353a2273797374656d5f69705f626c6f636b696e675f64656c657465223b693a313b693a353b7d, '', 62, 6, 0, '', 'admin/config/people/ip-blocking/delete/%', 'Delete IP address', 't', '', '', 'a:0:{}', 6, '', '', 0, 'modules/system/system.admin.inc'),
('admin/config/people/loginza', '', '', 'user_access', 0x613a313a7b693a303b733a32393a2261646d696e6973746572207369746520636f6e66696775726174696f6e223b7d, 'drupal_get_form', 0x613a313a7b693a303b733a32333a226c6f67696e7a615f636f6e6669675f73657474696e6773223b7d, '', 15, 4, 0, '', 'admin/config/people/loginza', 'Loginza', 't', '', '', 'a:0:{}', 6, 'Manage Loginza settings.', '', 0, 'sites/all/modules/loginza/inc/loginza.admin.inc'),
('admin/config/regional', '', '', 'user_access', 0x613a313a7b693a303b733a32373a226163636573732061646d696e697374726174696f6e207061676573223b7d, 'system_admin_menu_block_page', 0x613a303a7b7d, '', 7, 3, 0, '', 'admin/config/regional', 'Regional and language', 't', '', '', 'a:0:{}', 6, 'Regional settings, localization and translation.', 'left', -5, 'modules/system/system.admin.inc'),
('admin/config/regional/date-time', '', '', 'user_access', 0x613a313a7b693a303b733a32393a2261646d696e6973746572207369746520636f6e66696775726174696f6e223b7d, 'drupal_get_form', 0x613a313a7b693a303b733a32353a2273797374656d5f646174655f74696d655f73657474696e6773223b7d, '', 15, 4, 0, '', 'admin/config/regional/date-time', 'Date and time', 't', '', '', 'a:0:{}', 6, 'Configure display formats for date and time.', '', -15, 'modules/system/system.admin.inc'),
('admin/config/regional/date-time/formats', '', '', 'user_access', 0x613a313a7b693a303b733a32393a2261646d696e6973746572207369746520636f6e66696775726174696f6e223b7d, 'system_date_time_formats', 0x613a303a7b7d, '', 31, 5, 1, 'admin/config/regional/date-time', 'admin/config/regional/date-time', 'Formats', 't', '', '', 'a:0:{}', 132, 'Configure display format strings for date and time.', '', -9, 'modules/system/system.admin.inc'),
('admin/config/regional/date-time/formats/%/delete', 0x613a313a7b693a353b4e3b7d, '', 'user_access', 0x613a313a7b693a303b733a32393a2261646d696e6973746572207369746520636f6e66696775726174696f6e223b7d, 'drupal_get_form', 0x613a323a7b693a303b733a33303a2273797374656d5f646174655f64656c6574655f666f726d61745f666f726d223b693a313b693a353b7d, '', 125, 7, 0, '', 'admin/config/regional/date-time/formats/%/delete', 'Delete date format', 't', '', '', 'a:0:{}', 6, 'Allow users to delete a configured date format.', '', 0, 'modules/system/system.admin.inc'),
('admin/config/regional/date-time/formats/%/edit', 0x613a313a7b693a353b4e3b7d, '', 'user_access', 0x613a313a7b693a303b733a32393a2261646d696e6973746572207369746520636f6e66696775726174696f6e223b7d, 'drupal_get_form', 0x613a323a7b693a303b733a33343a2273797374656d5f636f6e6669677572655f646174655f666f726d6174735f666f726d223b693a313b693a353b7d, '', 125, 7, 0, '', 'admin/config/regional/date-time/formats/%/edit', 'Edit date format', 't', '', '', 'a:0:{}', 6, 'Allow users to edit a configured date format.', '', 0, 'modules/system/system.admin.inc'),
('admin/config/regional/date-time/formats/add', '', '', 'user_access', 0x613a313a7b693a303b733a32393a2261646d696e6973746572207369746520636f6e66696775726174696f6e223b7d, 'drupal_get_form', 0x613a313a7b693a303b733a33343a2273797374656d5f636f6e6669677572655f646174655f666f726d6174735f666f726d223b7d, '', 63, 6, 1, 'admin/config/regional/date-time/formats', 'admin/config/regional/date-time', 'Add format', 't', '', '', 'a:0:{}', 388, 'Allow users to add additional date formats.', '', -10, 'modules/system/system.admin.inc'),
('admin/config/regional/date-time/formats/lookup', '', '', 'user_access', 0x613a313a7b693a303b733a32393a2261646d696e6973746572207369746520636f6e66696775726174696f6e223b7d, 'system_date_time_lookup', 0x613a303a7b7d, '', 63, 6, 0, '', 'admin/config/regional/date-time/formats/lookup', 'Date and time lookup', 't', '', '', 'a:0:{}', 0, '', '', 0, 'modules/system/system.admin.inc'),
('admin/config/regional/date-time/locale', '', '', 'user_access', 0x613a313a7b693a303b733a32393a2261646d696e6973746572207369746520636f6e66696775726174696f6e223b7d, 'locale_date_format_language_overview_page', 0x613a303a7b7d, '', 31, 5, 1, 'admin/config/regional/date-time', 'admin/config/regional/date-time', 'Localize', 't', '', '', 'a:0:{}', 132, 'Configure date formats for each locale', '', -8, 'modules/locale/locale.admin.inc'),
('admin/config/regional/date-time/locale/%/edit', 0x613a313a7b693a353b4e3b7d, '', 'user_access', 0x613a313a7b693a303b733a32393a2261646d696e6973746572207369746520636f6e66696775726174696f6e223b7d, 'drupal_get_form', 0x613a323a7b693a303b733a32333a226c6f63616c655f646174655f666f726d61745f666f726d223b693a313b693a353b7d, '', 125, 7, 0, '', 'admin/config/regional/date-time/locale/%/edit', 'Localize date formats', 't', '', '', 'a:0:{}', 6, 'Configure date formats for each locale', '', 0, 'modules/locale/locale.admin.inc'),
('admin/config/regional/date-time/locale/%/reset', 0x613a313a7b693a353b4e3b7d, '', 'user_access', 0x613a313a7b693a303b733a32393a2261646d696e6973746572207369746520636f6e66696775726174696f6e223b7d, 'drupal_get_form', 0x613a323a7b693a303b733a32393a226c6f63616c655f646174655f666f726d61745f72657365745f666f726d223b693a313b693a353b7d, '', 125, 7, 0, '', 'admin/config/regional/date-time/locale/%/reset', 'Reset date formats', 't', '', '', 'a:0:{}', 6, 'Reset localized date formats to global defaults', '', 0, 'modules/locale/locale.admin.inc'),
('admin/config/regional/date-time/types', '', '', 'user_access', 0x613a313a7b693a303b733a32393a2261646d696e6973746572207369746520636f6e66696775726174696f6e223b7d, 'drupal_get_form', 0x613a313a7b693a303b733a32353a2273797374656d5f646174655f74696d655f73657474696e6773223b7d, '', 31, 5, 1, 'admin/config/regional/date-time', 'admin/config/regional/date-time', 'Types', 't', '', '', 'a:0:{}', 140, 'Configure display formats for date and time.', '', -10, 'modules/system/system.admin.inc'),
('admin/config/regional/date-time/types/%/delete', 0x613a313a7b693a353b4e3b7d, '', 'user_access', 0x613a313a7b693a303b733a32393a2261646d696e6973746572207369746520636f6e66696775726174696f6e223b7d, 'drupal_get_form', 0x613a323a7b693a303b733a33353a2273797374656d5f64656c6574655f646174655f666f726d61745f747970655f666f726d223b693a313b693a353b7d, '', 125, 7, 0, '', 'admin/config/regional/date-time/types/%/delete', 'Delete date type', 't', '', '', 'a:0:{}', 6, 'Allow users to delete a configured date type.', '', 0, 'modules/system/system.admin.inc'),
('admin/config/regional/date-time/types/add', '', '', 'user_access', 0x613a313a7b693a303b733a32393a2261646d696e6973746572207369746520636f6e66696775726174696f6e223b7d, 'drupal_get_form', 0x613a313a7b693a303b733a33323a2273797374656d5f6164645f646174655f666f726d61745f747970655f666f726d223b7d, '', 63, 6, 1, 'admin/config/regional/date-time/types', 'admin/config/regional/date-time', 'Add date type', 't', '', '', 'a:0:{}', 388, 'Add new date type.', '', -10, 'modules/system/system.admin.inc'),
('admin/config/regional/language', '', '', 'user_access', 0x613a313a7b693a303b733a32303a2261646d696e6973746572206c616e677561676573223b7d, 'drupal_get_form', 0x613a313a7b693a303b733a33303a226c6f63616c655f6c616e6775616765735f6f766572766965775f666f726d223b7d, '', 15, 4, 0, '', 'admin/config/regional/language', 'Languages', 't', '', '', 'a:0:{}', 6, 'Configure languages for content and the user interface.', '', -10, 'modules/locale/locale.admin.inc'),
('admin/config/regional/language/add', '', '', 'user_access', 0x613a313a7b693a303b733a32303a2261646d696e6973746572206c616e677561676573223b7d, 'locale_languages_add_screen', 0x613a303a7b7d, '', 31, 5, 1, 'admin/config/regional/language', 'admin/config/regional/language', 'Add language', 't', '', '', 'a:0:{}', 388, '', '', 5, 'modules/locale/locale.admin.inc'),
('admin/config/regional/language/configure', '', '', 'user_access', 0x613a313a7b693a303b733a32303a2261646d696e6973746572206c616e677561676573223b7d, 'drupal_get_form', 0x613a313a7b693a303b733a33313a226c6f63616c655f6c616e6775616765735f636f6e6669677572655f666f726d223b7d, '', 31, 5, 1, 'admin/config/regional/language', 'admin/config/regional/language', 'Detection and selection', 't', '', '', 'a:0:{}', 132, '', '', 10, 'modules/locale/locale.admin.inc'),
('admin/config/regional/language/configure/session', '', '', 'user_access', 0x613a313a7b693a303b733a32303a2261646d696e6973746572206c616e677561676573223b7d, 'drupal_get_form', 0x613a313a7b693a303b733a33383a226c6f63616c655f6c616e67756167655f70726f7669646572735f73657373696f6e5f666f726d223b7d, '', 63, 6, 0, '', 'admin/config/regional/language/configure/session', 'Session language detection configuration', 't', '', '', 'a:0:{}', 4, '', '', 0, 'modules/locale/locale.admin.inc'),
('admin/config/regional/language/configure/url', '', '', 'user_access', 0x613a313a7b693a303b733a32303a2261646d696e6973746572206c616e677561676573223b7d, 'drupal_get_form', 0x613a313a7b693a303b733a33343a226c6f63616c655f6c616e67756167655f70726f7669646572735f75726c5f666f726d223b7d, '', 63, 6, 0, '', 'admin/config/regional/language/configure/url', 'URL language detection configuration', 't', '', '', 'a:0:{}', 4, '', '', 0, 'modules/locale/locale.admin.inc'),
('admin/config/regional/language/delete/%', 0x613a313a7b693a353b4e3b7d, '', 'user_access', 0x613a313a7b693a303b733a32303a2261646d696e6973746572206c616e677561676573223b7d, 'drupal_get_form', 0x613a323a7b693a303b733a32383a226c6f63616c655f6c616e6775616765735f64656c6574655f666f726d223b693a313b693a353b7d, '', 62, 6, 0, '', 'admin/config/regional/language/delete/%', 'Confirm', 't', '', '', 'a:0:{}', 6, '', '', 0, 'modules/locale/locale.admin.inc'),
('admin/config/regional/language/edit/%', 0x613a313a7b693a353b4e3b7d, '', 'user_access', 0x613a313a7b693a303b733a32303a2261646d696e6973746572206c616e677561676573223b7d, 'drupal_get_form', 0x613a323a7b693a303b733a32363a226c6f63616c655f6c616e6775616765735f656469745f666f726d223b693a313b693a353b7d, '', 62, 6, 0, '', 'admin/config/regional/language/edit/%', 'Edit language', 't', '', '', 'a:0:{}', 6, '', '', 0, 'modules/locale/locale.admin.inc'),
('admin/config/regional/language/overview', '', '', 'user_access', 0x613a313a7b693a303b733a32303a2261646d696e6973746572206c616e677561676573223b7d, 'drupal_get_form', 0x613a313a7b693a303b733a33303a226c6f63616c655f6c616e6775616765735f6f766572766965775f666f726d223b7d, '', 31, 5, 1, 'admin/config/regional/language', 'admin/config/regional/language', 'List', 't', '', '', 'a:0:{}', 140, '', '', 0, 'modules/locale/locale.admin.inc'),
('admin/config/regional/settings', '', '', 'user_access', 0x613a313a7b693a303b733a32393a2261646d696e6973746572207369746520636f6e66696775726174696f6e223b7d, 'drupal_get_form', 0x613a313a7b693a303b733a32343a2273797374656d5f726567696f6e616c5f73657474696e6773223b7d, '', 15, 4, 0, '', 'admin/config/regional/settings', 'Regional settings', 't', '', '', 'a:0:{}', 6, 'Settings for the site''s default time zone and country.', '', -20, 'modules/system/system.admin.inc'),
('admin/config/regional/translate', '', '', 'user_access', 0x613a313a7b693a303b733a31393a227472616e736c61746520696e74657266616365223b7d, 'locale_translate_overview_screen', 0x613a303a7b7d, '', 15, 4, 0, '', 'admin/config/regional/translate', 'Translate interface', 't', '', '', 'a:0:{}', 6, 'Translate the built in interface and optionally other text.', '', -5, 'modules/locale/locale.admin.inc'),
('admin/config/regional/translate/delete/%', 0x613a313a7b693a353b4e3b7d, '', 'user_access', 0x613a313a7b693a303b733a31393a227472616e736c61746520696e74657266616365223b7d, 'locale_translate_delete_page', 0x613a313a7b693a303b693a353b7d, '', 62, 6, 0, '', 'admin/config/regional/translate/delete/%', 'Delete string', 't', '', '', 'a:0:{}', 6, '', '', 0, 'modules/locale/locale.admin.inc'),
('admin/config/regional/translate/edit/%', 0x613a313a7b693a353b4e3b7d, '', 'user_access', 0x613a313a7b693a303b733a31393a227472616e736c61746520696e74657266616365223b7d, 'drupal_get_form', 0x613a323a7b693a303b733a32363a226c6f63616c655f7472616e736c6174655f656469745f666f726d223b693a313b693a353b7d, '', 62, 6, 0, '', 'admin/config/regional/translate/edit/%', 'Edit string', 't', '', '', 'a:0:{}', 6, '', '', 0, 'modules/locale/locale.admin.inc'),
('admin/config/regional/translate/export', '', '', 'user_access', 0x613a313a7b693a303b733a31393a227472616e736c61746520696e74657266616365223b7d, 'locale_translate_export_screen', 0x613a303a7b7d, '', 31, 5, 1, 'admin/config/regional/translate', 'admin/config/regional/translate', 'Export', 't', '', '', 'a:0:{}', 132, '', '', 30, 'modules/locale/locale.admin.inc'),
('admin/config/regional/translate/import', '', '', 'user_access', 0x613a313a7b693a303b733a31393a227472616e736c61746520696e74657266616365223b7d, 'drupal_get_form', 0x613a313a7b693a303b733a32383a226c6f63616c655f7472616e736c6174655f696d706f72745f666f726d223b7d, '', 31, 5, 1, 'admin/config/regional/translate', 'admin/config/regional/translate', 'Import', 't', '', '', 'a:0:{}', 132, '', '', 20, 'modules/locale/locale.admin.inc'),
('admin/config/regional/translate/overview', '', '', 'user_access', 0x613a313a7b693a303b733a31393a227472616e736c61746520696e74657266616365223b7d, 'locale_translate_overview_screen', 0x613a303a7b7d, '', 31, 5, 1, 'admin/config/regional/translate', 'admin/config/regional/translate', 'Overview', 't', '', '', 'a:0:{}', 140, '', '', 0, 'modules/locale/locale.admin.inc'),
('admin/config/regional/translate/translate', '', '', 'user_access', 0x613a313a7b693a303b733a31393a227472616e736c61746520696e74657266616365223b7d, 'locale_translate_seek_screen', 0x613a303a7b7d, '', 31, 5, 1, 'admin/config/regional/translate', 'admin/config/regional/translate', 'Translate', 't', '', '', 'a:0:{}', 132, '', '', 10, 'modules/locale/locale.admin.inc'),
('admin/config/search', '', '', 'user_access', 0x613a313a7b693a303b733a32373a226163636573732061646d696e697374726174696f6e207061676573223b7d, 'system_admin_menu_block_page', 0x613a303a7b7d, '', 7, 3, 0, '', 'admin/config/search', 'Search and metadata', 't', '', '', 'a:0:{}', 6, 'Local site search, metadata and SEO.', 'left', -10, 'modules/system/system.admin.inc'),
('admin/config/search/clean-urls', '', '', 'user_access', 0x613a313a7b693a303b733a32393a2261646d696e6973746572207369746520636f6e66696775726174696f6e223b7d, 'drupal_get_form', 0x613a313a7b693a303b733a32353a2273797374656d5f636c65616e5f75726c5f73657474696e6773223b7d, '', 15, 4, 0, '', 'admin/config/search/clean-urls', 'Clean URLs', 't', '', '', 'a:0:{}', 6, 'Enable or disable clean URLs for your site.', '', 5, 'modules/system/system.admin.inc'),
('admin/config/search/clean-urls/check', '', '', '1', 0x613a303a7b7d, 'drupal_json_output', 0x613a313a7b693a303b613a313a7b733a363a22737461747573223b623a313b7d7d, '', 31, 5, 0, '', 'admin/config/search/clean-urls/check', 'Clean URL check', 't', '', '', 'a:0:{}', 0, '', '', 0, 'modules/system/system.admin.inc'),
('admin/config/search/path', '', '', 'user_access', 0x613a313a7b693a303b733a32323a2261646d696e69737465722075726c20616c6961736573223b7d, 'path_admin_overview', 0x613a303a7b7d, '', 15, 4, 0, '', 'admin/config/search/path', 'URL aliases', 't', '', '', 'a:0:{}', 6, 'Change your site''s URL paths by aliasing them.', '', -5, 'modules/path/path.admin.inc'),
('admin/config/search/path/add', '', '', 'user_access', 0x613a313a7b693a303b733a32323a2261646d696e69737465722075726c20616c6961736573223b7d, 'path_admin_edit', 0x613a303a7b7d, '', 31, 5, 1, 'admin/config/search/path', 'admin/config/search/path', 'Add alias', 't', '', '', 'a:0:{}', 388, '', '', 0, 'modules/path/path.admin.inc'),
('admin/config/search/path/delete/%', 0x613a313a7b693a353b733a393a22706174685f6c6f6164223b7d, '', 'user_access', 0x613a313a7b693a303b733a32323a2261646d696e69737465722075726c20616c6961736573223b7d, 'drupal_get_form', 0x613a323a7b693a303b733a32353a22706174685f61646d696e5f64656c6574655f636f6e6669726d223b693a313b693a353b7d, '', 62, 6, 0, '', 'admin/config/search/path/delete/%', 'Delete alias', 't', '', '', 'a:0:{}', 6, '', '', 0, 'modules/path/path.admin.inc'),
('admin/config/search/path/edit/%', 0x613a313a7b693a353b733a393a22706174685f6c6f6164223b7d, '', 'user_access', 0x613a313a7b693a303b733a32323a2261646d696e69737465722075726c20616c6961736573223b7d, 'path_admin_edit', 0x613a313a7b693a303b693a353b7d, '', 62, 6, 0, '', 'admin/config/search/path/edit/%', 'Edit alias', 't', '', '', 'a:0:{}', 6, '', '', 0, 'modules/path/path.admin.inc'),
('admin/config/search/path/list', '', '', 'user_access', 0x613a313a7b693a303b733a32323a2261646d696e69737465722075726c20616c6961736573223b7d, 'path_admin_overview', 0x613a303a7b7d, '', 31, 5, 1, 'admin/config/search/path', 'admin/config/search/path', 'List', 't', '', '', 'a:0:{}', 140, '', '', -10, 'modules/path/path.admin.inc'),
('admin/config/search/settings', '', '', 'user_access', 0x613a313a7b693a303b733a31373a2261646d696e697374657220736561726368223b7d, 'drupal_get_form', 0x613a313a7b693a303b733a32313a227365617263685f61646d696e5f73657474696e6773223b7d, '', 15, 4, 0, '', 'admin/config/search/settings', 'Search settings', 't', '', '', 'a:0:{}', 6, 'Configure relevance settings for search and other indexing options.', '', -10, 'modules/search/search.admin.inc'),
('admin/config/search/settings/reindex', '', '', 'user_access', 0x613a313a7b693a303b733a31373a2261646d696e697374657220736561726368223b7d, 'drupal_get_form', 0x613a313a7b693a303b733a32323a227365617263685f7265696e6465785f636f6e6669726d223b7d, '', 31, 5, 0, '', 'admin/config/search/settings/reindex', 'Clear index', 't', '', '', 'a:0:{}', 4, '', '', 0, 'modules/search/search.admin.inc'),
('admin/config/search/votingapi', '', '', 'user_access', 0x613a313a7b693a303b733a32313a2261646d696e697374657220766f74696e6720617069223b7d, 'drupal_get_form', 0x613a313a7b693a303b733a32333a22766f74696e676170695f73657474696e67735f666f726d223b7d, '', 15, 4, 0, '', 'admin/config/search/votingapi', 'Voting API', 't', '', '', 'a:0:{}', 6, 'Configure sitewide settings for user-generated ratings and votes.', '', 0, 'sites/all/modules/votingapi/votingapi.admin.inc'),
('admin/config/services', '', '', 'user_access', 0x613a313a7b693a303b733a32373a226163636573732061646d696e697374726174696f6e207061676573223b7d, 'system_admin_menu_block_page', 0x613a303a7b7d, '', 7, 3, 0, '', 'admin/config/services', 'Web services', 't', '', '', 'a:0:{}', 6, 'Tools related to web services.', 'right', 0, 'modules/system/system.admin.inc'),
('admin/config/services/contact_importer', '', '', 'user_access', 0x613a313a7b693a303b733a32373a2261646d696e697374657220636f6e7461637420696d706f72746572223b7d, 'contact_importer_info', 0x613a303a7b7d, '', 15, 4, 0, '', 'admin/config/services/contact_importer', 'Contact Importer', 't', '', '', 'a:0:{}', 6, 'Allow users to import email addresses from their address book.', '', 0, 'sites/all/modules/contact_importer/contact_importer.admin.inc'),
('admin/config/services/contact_importer/forms', '', '', 'user_access', 0x613a313a7b693a303b733a32373a2261646d696e697374657220636f6e7461637420696d706f72746572223b7d, 'contact_importer_forms_list', 0x613a303a7b7d, '', 31, 5, 1, 'admin/config/services/contact_importer', 'admin/config/services/contact_importer', 'Forms Integration', 't', '', '', 'a:0:{}', 132, '', '', 0, ''),
('admin/config/services/contact_importer/forms/create', '', '', 'user_access', 0x613a313a7b693a303b733a32373a2261646d696e697374657220636f6e7461637420696d706f72746572223b7d, 'drupal_get_form', 0x613a313a7b693a303b733a32373a22636f6e746163745f696d706f727465725f666f726d735f666f726d223b7d, '', 63, 6, 1, 'admin/config/services/contact_importer/forms', 'admin/config/services/contact_importer', 'Create', 't', '', '', 'a:0:{}', 132, '', '', 1, ''),
('admin/config/services/contact_importer/forms/delete/%/%', 0x613a323a7b693a363b4e3b693a373b4e3b7d, '', 'user_access', 0x613a313a7b693a303b733a32373a2261646d696e697374657220636f6e7461637420696d706f72746572223b7d, 'drupal_get_form', 0x613a333a7b693a303b733a33343a22636f6e746163745f696d706f727465725f666f726d735f64656c6574655f666f726d223b693a313b693a363b693a323b693a373b7d, '', 252, 8, 0, '', 'admin/config/services/contact_importer/forms/delete/%/%', 'Contact Importer Forms Integration Delete', 't', '', '', 'a:0:{}', 0, '', '', 0, ''),
('admin/config/services/contact_importer/forms/edit/%/%', 0x613a323a7b693a363b4e3b693a373b4e3b7d, '', 'user_access', 0x613a313a7b693a303b733a32373a2261646d696e697374657220636f6e7461637420696d706f72746572223b7d, 'drupal_get_form', 0x613a333a7b693a303b733a32373a22636f6e746163745f696d706f727465725f666f726d735f666f726d223b693a313b693a363b693a323b693a373b7d, '', 252, 8, 0, '', 'admin/config/services/contact_importer/forms/edit/%/%', 'Contact Importer Forms Integration Edit', 't', '', '', 'a:0:{}', 0, '', '', 0, ''),
('admin/config/services/contact_importer/forms/list', '', '', 'user_access', 0x613a313a7b693a303b733a32373a2261646d696e697374657220636f6e7461637420696d706f72746572223b7d, 'contact_importer_forms_list', 0x613a303a7b7d, '', 63, 6, 1, 'admin/config/services/contact_importer/forms', 'admin/config/services/contact_importer', 'List', 't', '', '', 'a:0:{}', 140, '', '', 0, ''),
('admin/config/services/contact_importer/info', '', '', 'user_access', 0x613a313a7b693a303b733a32373a2261646d696e697374657220636f6e7461637420696d706f72746572223b7d, 'contact_importer_info', 0x613a303a7b7d, '', 31, 5, 1, 'admin/config/services/contact_importer', 'admin/config/services/contact_importer', 'Info', 't', '', '', 'a:0:{}', 140, '', '', -2, 'sites/all/modules/contact_importer/contact_importer.admin.inc'),
('admin/config/services/contact_importer/providers', '', '', 'user_access', 0x613a313a7b693a303b733a32373a2261646d696e697374657220636f6e7461637420696d706f72746572223b7d, 'drupal_get_form', 0x613a313a7b693a303b733a33313a22636f6e746163745f696d706f727465725f70726f7669646572735f666f726d223b7d, '', 31, 5, 1, 'admin/config/services/contact_importer', 'admin/config/services/contact_importer', 'Providers and Engines', 't', '', '', 'a:0:{}', 132, '', '', 0, 'sites/all/modules/contact_importer/contact_importer.admin.inc'),
('admin/config/services/contact_importer/settings', '', '', 'user_access', 0x613a313a7b693a303b733a32373a2261646d696e697374657220636f6e7461637420696d706f72746572223b7d, 'drupal_get_form', 0x613a313a7b693a303b733a33303a22636f6e746163745f696d706f727465725f73657474696e67735f666f726d223b7d, '', 31, 5, 1, 'admin/config/services/contact_importer', 'admin/config/services/contact_importer', 'Settings', 't', '', '', 'a:0:{}', 132, '', '', -1, 'sites/all/modules/contact_importer/contact_importer.admin.inc'),
('admin/config/services/rss-publishing', '', '', 'user_access', 0x613a313a7b693a303b733a32393a2261646d696e6973746572207369746520636f6e66696775726174696f6e223b7d, 'drupal_get_form', 0x613a313a7b693a303b733a32353a2273797374656d5f7273735f66656564735f73657474696e6773223b7d, '', 15, 4, 0, '', 'admin/config/services/rss-publishing', 'RSS publishing', 't', '', '', 'a:0:{}', 6, 'Configure the site description, the number of items per feed and whether feeds should be titles/teasers/full-text.', '', 0, 'modules/system/system.admin.inc'),
('admin/config/services/sharethis', '', '', 'user_access', 0x613a313a7b693a303b733a32303a2261646d696e697374657220736861726574686973223b7d, 'drupal_get_form', 0x613a313a7b693a303b733a32383a227368617265746869735f636f6e66696775726174696f6e5f666f726d223b7d, '', 15, 4, 0, '', 'admin/config/services/sharethis', 'ShareThis', 't', '', '', 'a:0:{}', 6, 'Choose the widget, button family, and services for using ShareThis to share content online.', '', 0, ''),
('admin/config/system', '', '', 'user_access', 0x613a313a7b693a303b733a32373a226163636573732061646d696e697374726174696f6e207061676573223b7d, 'system_admin_menu_block_page', 0x613a303a7b7d, '', 7, 3, 0, '', 'admin/config/system', 'System', 't', '', '', 'a:0:{}', 6, 'General system related configuration.', 'right', -20, 'modules/system/system.admin.inc'),
('admin/config/system/actions', '', '', 'user_access', 0x613a313a7b693a303b733a31383a2261646d696e697374657220616374696f6e73223b7d, 'system_actions_manage', 0x613a303a7b7d, '', 15, 4, 0, '', 'admin/config/system/actions', 'Actions', 't', '', '', 'a:0:{}', 6, 'Manage the actions defined for your site.', '', 0, 'modules/system/system.admin.inc'),
('admin/config/system/actions/configure', '', '', 'user_access', 0x613a313a7b693a303b733a31383a2261646d696e697374657220616374696f6e73223b7d, 'drupal_get_form', 0x613a313a7b693a303b733a32343a2273797374656d5f616374696f6e735f636f6e666967757265223b7d, '', 31, 5, 0, '', 'admin/config/system/actions/configure', 'Configure an advanced action', 't', '', '', 'a:0:{}', 4, '', '', 0, 'modules/system/system.admin.inc'),
('admin/config/system/actions/delete/%', 0x613a313a7b693a353b733a31323a22616374696f6e735f6c6f6164223b7d, '', 'user_access', 0x613a313a7b693a303b733a31383a2261646d696e697374657220616374696f6e73223b7d, 'drupal_get_form', 0x613a323a7b693a303b733a32363a2273797374656d5f616374696f6e735f64656c6574655f666f726d223b693a313b693a353b7d, '', 62, 6, 0, '', 'admin/config/system/actions/delete/%', 'Delete action', 't', '', '', 'a:0:{}', 6, 'Delete an action.', '', 0, 'modules/system/system.admin.inc'),
('admin/config/system/actions/manage', '', '', 'user_access', 0x613a313a7b693a303b733a31383a2261646d696e697374657220616374696f6e73223b7d, 'system_actions_manage', 0x613a303a7b7d, '', 31, 5, 1, 'admin/config/system/actions', 'admin/config/system/actions', 'Manage actions', 't', '', '', 'a:0:{}', 140, 'Manage the actions defined for your site.', '', -2, 'modules/system/system.admin.inc'),
('admin/config/system/actions/orphan', '', '', 'user_access', 0x613a313a7b693a303b733a31383a2261646d696e697374657220616374696f6e73223b7d, 'system_actions_remove_orphans', 0x613a303a7b7d, '', 31, 5, 0, '', 'admin/config/system/actions/orphan', 'Remove orphans', 't', '', '', 'a:0:{}', 0, '', '', 0, 'modules/system/system.admin.inc'),
('admin/config/system/cron', '', '', 'user_access', 0x613a313a7b693a303b733a32393a2261646d696e6973746572207369746520636f6e66696775726174696f6e223b7d, 'drupal_get_form', 0x613a313a7b693a303b733a32303a2273797374656d5f63726f6e5f73657474696e6773223b7d, '', 15, 4, 0, '', 'admin/config/system/cron', 'Cron', 't', '', '', 'a:0:{}', 6, 'Manage automatic site maintenance tasks.', '', 20, 'modules/system/system.admin.inc'),
('admin/config/system/site-information', '', '', 'user_access', 0x613a313a7b693a303b733a32393a2261646d696e6973746572207369746520636f6e66696775726174696f6e223b7d, 'drupal_get_form', 0x613a313a7b693a303b733a33323a2273797374656d5f736974655f696e666f726d6174696f6e5f73657474696e6773223b7d, '', 15, 4, 0, '', 'admin/config/system/site-information', 'Site information', 't', '', '', 'a:0:{}', 6, 'Change site name, e-mail address, slogan, default front page, and number of posts per page, error pages.', '', -20, 'modules/system/system.admin.inc'),
('admin/config/system/statistics', '', '', 'user_access', 0x613a313a7b693a303b733a32313a2261646d696e69737465722073746174697374696373223b7d, 'drupal_get_form', 0x613a313a7b693a303b733a32343a22737461746973746963735f73657474696e67735f666f726d223b7d, '', 15, 4, 0, '', 'admin/config/system/statistics', 'Statistics', 't', '', '', 'a:0:{}', 6, 'Control details about what and how your site logs access statistics.', '', -15, 'modules/statistics/statistics.admin.inc'),
('admin/config/user-interface', '', '', 'user_access', 0x613a313a7b693a303b733a32373a226163636573732061646d696e697374726174696f6e207061676573223b7d, 'system_admin_menu_block_page', 0x613a303a7b7d, '', 7, 3, 0, '', 'admin/config/user-interface', 'User interface', 't', '', '', 'a:0:{}', 6, 'Tools that enhance the user interface.', 'right', -15, 'modules/system/system.admin.inc'),
('admin/config/user-interface/shortcut', '', '', 'user_access', 0x613a313a7b693a303b733a32303a2261646d696e69737465722073686f727463757473223b7d, 'shortcut_set_admin', 0x613a303a7b7d, '', 15, 4, 0, '', 'admin/config/user-interface/shortcut', 'Shortcuts', 't', '', '', 'a:0:{}', 6, 'Add and modify shortcut sets.', '', 0, 'modules/shortcut/shortcut.admin.inc'),
('admin/config/user-interface/shortcut/%', 0x613a313a7b693a343b733a31373a2273686f72746375745f7365745f6c6f6164223b7d, '', 'shortcut_set_edit_access', 0x613a313a7b693a303b693a343b7d, 'drupal_get_form', 0x613a323a7b693a303b733a32323a2273686f72746375745f7365745f637573746f6d697a65223b693a313b693a343b7d, '', 30, 5, 0, '', 'admin/config/user-interface/shortcut/%', 'Edit shortcuts', 'shortcut_set_title', 'a:1:{i:0;i:4;}', '', 'a:0:{}', 6, '', '', 0, 'modules/shortcut/shortcut.admin.inc'),
('admin/config/user-interface/shortcut/%/add-link', 0x613a313a7b693a343b733a31373a2273686f72746375745f7365745f6c6f6164223b7d, '', 'shortcut_set_edit_access', 0x613a313a7b693a303b693a343b7d, 'drupal_get_form', 0x613a323a7b693a303b733a31373a2273686f72746375745f6c696e6b5f616464223b693a313b693a343b7d, '', 61, 6, 1, 'admin/config/user-interface/shortcut/%', 'admin/config/user-interface/shortcut/%', 'Add shortcut', 't', '', '', 'a:0:{}', 388, '', '', 0, 'modules/shortcut/shortcut.admin.inc'),
('admin/config/user-interface/shortcut/%/add-link-inline', 0x613a313a7b693a343b733a31373a2273686f72746375745f7365745f6c6f6164223b7d, '', 'shortcut_set_edit_access', 0x613a313a7b693a303b693a343b7d, 'shortcut_link_add_inline', 0x613a313a7b693a303b693a343b7d, '', 61, 6, 0, '', 'admin/config/user-interface/shortcut/%/add-link-inline', 'Add shortcut', 't', '', '', 'a:0:{}', 0, '', '', 0, 'modules/shortcut/shortcut.admin.inc'),
('admin/config/user-interface/shortcut/%/delete', 0x613a313a7b693a343b733a31373a2273686f72746375745f7365745f6c6f6164223b7d, '', 'shortcut_set_delete_access', 0x613a313a7b693a303b693a343b7d, 'drupal_get_form', 0x613a323a7b693a303b733a32343a2273686f72746375745f7365745f64656c6574655f666f726d223b693a313b693a343b7d, '', 61, 6, 0, '', 'admin/config/user-interface/shortcut/%/delete', 'Delete shortcut set', 't', '', '', 'a:0:{}', 6, '', '', 0, 'modules/shortcut/shortcut.admin.inc'),
('admin/config/user-interface/shortcut/%/edit', 0x613a313a7b693a343b733a31373a2273686f72746375745f7365745f6c6f6164223b7d, '', 'shortcut_set_edit_access', 0x613a313a7b693a303b693a343b7d, 'drupal_get_form', 0x613a323a7b693a303b733a32323a2273686f72746375745f7365745f656469745f666f726d223b693a313b693a343b7d, '', 61, 6, 1, 'admin/config/user-interface/shortcut/%', 'admin/config/user-interface/shortcut/%', 'Edit set name', 't', '', '', 'a:0:{}', 132, '', '', 10, 'modules/shortcut/shortcut.admin.inc'),
('admin/config/user-interface/shortcut/%/links', 0x613a313a7b693a343b733a31373a2273686f72746375745f7365745f6c6f6164223b7d, '', 'shortcut_set_edit_access', 0x613a313a7b693a303b693a343b7d, 'drupal_get_form', 0x613a323a7b693a303b733a32323a2273686f72746375745f7365745f637573746f6d697a65223b693a313b693a343b7d, '', 61, 6, 1, 'admin/config/user-interface/shortcut/%', 'admin/config/user-interface/shortcut/%', 'List links', 't', '', '', 'a:0:{}', 140, '', '', 0, 'modules/shortcut/shortcut.admin.inc'),
('admin/config/user-interface/shortcut/add-set', '', '', 'user_access', 0x613a313a7b693a303b733a32303a2261646d696e69737465722073686f727463757473223b7d, 'drupal_get_form', 0x613a313a7b693a303b733a32313a2273686f72746375745f7365745f6164645f666f726d223b7d, '', 31, 5, 1, 'admin/config/user-interface/shortcut', 'admin/config/user-interface/shortcut', 'Add shortcut set', 't', '', '', 'a:0:{}', 388, '', '', 0, 'modules/shortcut/shortcut.admin.inc'),
('admin/config/user-interface/shortcut/link/%', 0x613a313a7b693a353b733a31343a226d656e755f6c696e6b5f6c6f6164223b7d, '', 'shortcut_link_access', 0x613a313a7b693a303b693a353b7d, 'drupal_get_form', 0x613a323a7b693a303b733a31383a2273686f72746375745f6c696e6b5f65646974223b693a313b693a353b7d, '', 62, 6, 0, '', 'admin/config/user-interface/shortcut/link/%', 'Edit shortcut', 't', '', '', 'a:0:{}', 6, '', '', 0, 'modules/shortcut/shortcut.admin.inc'),
('admin/config/user-interface/shortcut/link/%/delete', 0x613a313a7b693a353b733a31343a226d656e755f6c696e6b5f6c6f6164223b7d, '', 'shortcut_link_access', 0x613a313a7b693a303b693a353b7d, 'drupal_get_form', 0x613a323a7b693a303b733a32303a2273686f72746375745f6c696e6b5f64656c657465223b693a313b693a353b7d, '', 125, 7, 0, '', 'admin/config/user-interface/shortcut/link/%/delete', 'Delete shortcut', 't', '', '', 'a:0:{}', 6, '', '', 0, 'modules/shortcut/shortcut.admin.inc'),
('admin/config/workflow', '', '', 'user_access', 0x613a313a7b693a303b733a32373a226163636573732061646d696e697374726174696f6e207061676573223b7d, 'system_admin_menu_block_page', 0x613a303a7b7d, '', 7, 3, 0, '', 'admin/config/workflow', 'Workflow', 't', '', '', 'a:0:{}', 6, 'Content workflow, editorial workflow tools.', 'right', 5, 'modules/system/system.admin.inc'),
('admin/content', '', '', 'user_access', 0x613a313a7b693a303b733a32333a2261636365737320636f6e74656e74206f76657276696577223b7d, 'drupal_get_form', 0x613a313a7b693a303b733a31383a226e6f64655f61646d696e5f636f6e74656e74223b7d, '', 3, 2, 0, '', 'admin/content', 'Content', 't', '', '', 'a:0:{}', 6, 'Administer content and comments.', '', -10, 'modules/node/node.admin.inc'),
('admin/content/comment', '', '', 'user_access', 0x613a313a7b693a303b733a31393a2261646d696e697374657220636f6d6d656e7473223b7d, 'comment_admin', 0x613a303a7b7d, '', 7, 3, 1, 'admin/content', 'admin/content', 'Comments', 't', '', '', 'a:0:{}', 134, 'List and edit site comments and the comment approval queue.', '', 0, 'modules/comment/comment.admin.inc'),
('admin/content/comment/approval', '', '', 'user_access', 0x613a313a7b693a303b733a31393a2261646d696e697374657220636f6d6d656e7473223b7d, 'comment_admin', 0x613a313a7b693a303b733a383a22617070726f76616c223b7d, '', 15, 4, 1, 'admin/content/comment', 'admin/content', 'Unapproved comments', 'comment_count_unpublished', '', '', 'a:0:{}', 132, '', '', 0, 'modules/comment/comment.admin.inc'),
('admin/content/comment/new', '', '', 'user_access', 0x613a313a7b693a303b733a31393a2261646d696e697374657220636f6d6d656e7473223b7d, 'comment_admin', 0x613a303a7b7d, '', 15, 4, 1, 'admin/content/comment', 'admin/content', 'Published comments', 't', '', '', 'a:0:{}', 140, '', '', -10, 'modules/comment/comment.admin.inc'),
('admin/content/node', '', '', 'user_access', 0x613a313a7b693a303b733a32333a2261636365737320636f6e74656e74206f76657276696577223b7d, 'drupal_get_form', 0x613a313a7b693a303b733a31383a226e6f64655f61646d696e5f636f6e74656e74223b7d, '', 7, 3, 1, 'admin/content', 'admin/content', 'Content', 't', '', '', 'a:0:{}', 140, '', '', -10, 'modules/node/node.admin.inc'),
('admin/dashboard', '', '', 'user_access', 0x613a313a7b693a303b733a31363a226163636573732064617368626f617264223b7d, 'dashboard_admin', 0x613a303a7b7d, '', 3, 2, 0, '', 'admin/dashboard', 'Dashboard', 't', '', '', 'a:0:{}', 6, 'View and customize your dashboard.', '', -15, ''),
('admin/dashboard/block-content/%/%', 0x613a323a7b693a333b4e3b693a343b4e3b7d, '', 'user_access', 0x613a313a7b693a303b733a31373a2261646d696e697374657220626c6f636b73223b7d, 'dashboard_show_block_content', 0x613a323a7b693a303b693a333b693a313b693a343b7d, '', 28, 5, 0, '', 'admin/dashboard/block-content/%/%', '', 't', '', '', 'a:0:{}', 0, '', '', 0, ''),
('admin/dashboard/configure', '', '', 'user_access', 0x613a313a7b693a303b733a31373a2261646d696e697374657220626c6f636b73223b7d, 'dashboard_admin_blocks', 0x613a303a7b7d, '', 7, 3, 0, '', 'admin/dashboard/configure', 'Configure available dashboard blocks', 't', '', '', 'a:0:{}', 4, 'Configure which blocks can be shown on the dashboard.', '', 0, ''),
('admin/dashboard/customize', '', '', 'user_access', 0x613a313a7b693a303b733a31363a226163636573732064617368626f617264223b7d, 'dashboard_admin', 0x613a313a7b693a303b623a313b7d, '', 7, 3, 0, '', 'admin/dashboard/customize', 'Customize dashboard', 't', '', '', 'a:0:{}', 4, 'Customize your dashboard.', '', 0, ''),
('admin/dashboard/drawer', '', '', 'user_access', 0x613a313a7b693a303b733a31373a2261646d696e697374657220626c6f636b73223b7d, 'dashboard_show_disabled', 0x613a303a7b7d, '', 7, 3, 0, '', 'admin/dashboard/drawer', '', 't', '', '', 'a:0:{}', 0, '', '', 0, ''),
('admin/dashboard/update', '', '', 'user_access', 0x613a313a7b693a303b733a31373a2261646d696e697374657220626c6f636b73223b7d, 'dashboard_update', 0x613a303a7b7d, '', 7, 3, 0, '', 'admin/dashboard/update', '', 't', '', '', 'a:0:{}', 0, '', '', 0, '');
INSERT INTO `prefixpinboard_menu_router` (`path`, `load_functions`, `to_arg_functions`, `access_callback`, `access_arguments`, `page_callback`, `page_arguments`, `delivery_callback`, `fit`, `number_parts`, `context`, `tab_parent`, `tab_root`, `title`, `title_callback`, `title_arguments`, `theme_callback`, `theme_arguments`, `type`, `description`, `position`, `weight`, `include_file`) VALUES
('admin/help', '', '', 'user_access', 0x613a313a7b693a303b733a32373a226163636573732061646d696e697374726174696f6e207061676573223b7d, 'help_main', 0x613a303a7b7d, '', 3, 2, 0, '', 'admin/help', 'Help', 't', '', '', 'a:0:{}', 6, 'Reference for usage, configuration, and modules.', '', 9, 'modules/help/help.admin.inc'),
('admin/help/block', '', '', 'user_access', 0x613a313a7b693a303b733a32373a226163636573732061646d696e697374726174696f6e207061676573223b7d, 'help_page', 0x613a313a7b693a303b693a323b7d, '', 7, 3, 0, '', 'admin/help/block', 'block', 't', '', '', 'a:0:{}', 4, '', '', 0, 'modules/help/help.admin.inc'),
('admin/help/blog', '', '', 'user_access', 0x613a313a7b693a303b733a32373a226163636573732061646d696e697374726174696f6e207061676573223b7d, 'help_page', 0x613a313a7b693a303b693a323b7d, '', 7, 3, 0, '', 'admin/help/blog', 'blog', 't', '', '', 'a:0:{}', 4, '', '', 0, 'modules/help/help.admin.inc'),
('admin/help/color', '', '', 'user_access', 0x613a313a7b693a303b733a32373a226163636573732061646d696e697374726174696f6e207061676573223b7d, 'help_page', 0x613a313a7b693a303b693a323b7d, '', 7, 3, 0, '', 'admin/help/color', 'color', 't', '', '', 'a:0:{}', 4, '', '', 0, 'modules/help/help.admin.inc'),
('admin/help/comment', '', '', 'user_access', 0x613a313a7b693a303b733a32373a226163636573732061646d696e697374726174696f6e207061676573223b7d, 'help_page', 0x613a313a7b693a303b693a323b7d, '', 7, 3, 0, '', 'admin/help/comment', 'comment', 't', '', '', 'a:0:{}', 4, '', '', 0, 'modules/help/help.admin.inc'),
('admin/help/contact', '', '', 'user_access', 0x613a313a7b693a303b733a32373a226163636573732061646d696e697374726174696f6e207061676573223b7d, 'help_page', 0x613a313a7b693a303b693a323b7d, '', 7, 3, 0, '', 'admin/help/contact', 'contact', 't', '', '', 'a:0:{}', 4, '', '', 0, 'modules/help/help.admin.inc'),
('admin/help/contextual', '', '', 'user_access', 0x613a313a7b693a303b733a32373a226163636573732061646d696e697374726174696f6e207061676573223b7d, 'help_page', 0x613a313a7b693a303b693a323b7d, '', 7, 3, 0, '', 'admin/help/contextual', 'contextual', 't', '', '', 'a:0:{}', 4, '', '', 0, 'modules/help/help.admin.inc'),
('admin/help/dashboard', '', '', 'user_access', 0x613a313a7b693a303b733a32373a226163636573732061646d696e697374726174696f6e207061676573223b7d, 'help_page', 0x613a313a7b693a303b693a323b7d, '', 7, 3, 0, '', 'admin/help/dashboard', 'dashboard', 't', '', '', 'a:0:{}', 4, '', '', 0, 'modules/help/help.admin.inc'),
('admin/help/dblog', '', '', 'user_access', 0x613a313a7b693a303b733a32373a226163636573732061646d696e697374726174696f6e207061676573223b7d, 'help_page', 0x613a313a7b693a303b693a323b7d, '', 7, 3, 0, '', 'admin/help/dblog', 'dblog', 't', '', '', 'a:0:{}', 4, '', '', 0, 'modules/help/help.admin.inc'),
('admin/help/field', '', '', 'user_access', 0x613a313a7b693a303b733a32373a226163636573732061646d696e697374726174696f6e207061676573223b7d, 'help_page', 0x613a313a7b693a303b693a323b7d, '', 7, 3, 0, '', 'admin/help/field', 'field', 't', '', '', 'a:0:{}', 4, '', '', 0, 'modules/help/help.admin.inc'),
('admin/help/field_sql_storage', '', '', 'user_access', 0x613a313a7b693a303b733a32373a226163636573732061646d696e697374726174696f6e207061676573223b7d, 'help_page', 0x613a313a7b693a303b693a323b7d, '', 7, 3, 0, '', 'admin/help/field_sql_storage', 'field_sql_storage', 't', '', '', 'a:0:{}', 4, '', '', 0, 'modules/help/help.admin.inc'),
('admin/help/field_ui', '', '', 'user_access', 0x613a313a7b693a303b733a32373a226163636573732061646d696e697374726174696f6e207061676573223b7d, 'help_page', 0x613a313a7b693a303b693a323b7d, '', 7, 3, 0, '', 'admin/help/field_ui', 'field_ui', 't', '', '', 'a:0:{}', 4, '', '', 0, 'modules/help/help.admin.inc'),
('admin/help/file', '', '', 'user_access', 0x613a313a7b693a303b733a32373a226163636573732061646d696e697374726174696f6e207061676573223b7d, 'help_page', 0x613a313a7b693a303b693a323b7d, '', 7, 3, 0, '', 'admin/help/file', 'file', 't', '', '', 'a:0:{}', 4, '', '', 0, 'modules/help/help.admin.inc'),
('admin/help/filter', '', '', 'user_access', 0x613a313a7b693a303b733a32373a226163636573732061646d696e697374726174696f6e207061676573223b7d, 'help_page', 0x613a313a7b693a303b693a323b7d, '', 7, 3, 0, '', 'admin/help/filter', 'filter', 't', '', '', 'a:0:{}', 4, '', '', 0, 'modules/help/help.admin.inc'),
('admin/help/gravatar', '', '', 'user_access', 0x613a313a7b693a303b733a32373a226163636573732061646d696e697374726174696f6e207061676573223b7d, 'help_page', 0x613a313a7b693a303b693a323b7d, '', 7, 3, 0, '', 'admin/help/gravatar', 'gravatar', 't', '', '', 'a:0:{}', 4, '', '', 0, 'modules/help/help.admin.inc'),
('admin/help/help', '', '', 'user_access', 0x613a313a7b693a303b733a32373a226163636573732061646d696e697374726174696f6e207061676573223b7d, 'help_page', 0x613a313a7b693a303b693a323b7d, '', 7, 3, 0, '', 'admin/help/help', 'help', 't', '', '', 'a:0:{}', 4, '', '', 0, 'modules/help/help.admin.inc'),
('admin/help/image', '', '', 'user_access', 0x613a313a7b693a303b733a32373a226163636573732061646d696e697374726174696f6e207061676573223b7d, 'help_page', 0x613a313a7b693a303b693a323b7d, '', 7, 3, 0, '', 'admin/help/image', 'image', 't', '', '', 'a:0:{}', 4, '', '', 0, 'modules/help/help.admin.inc'),
('admin/help/invite', '', '', 'user_access', 0x613a313a7b693a303b733a32373a226163636573732061646d696e697374726174696f6e207061676573223b7d, 'help_page', 0x613a313a7b693a303b693a323b7d, '', 7, 3, 0, '', 'admin/help/invite', 'invite', 't', '', '', 'a:0:{}', 4, '', '', 0, 'modules/help/help.admin.inc'),
('admin/help/list', '', '', 'user_access', 0x613a313a7b693a303b733a32373a226163636573732061646d696e697374726174696f6e207061676573223b7d, 'help_page', 0x613a313a7b693a303b693a323b7d, '', 7, 3, 0, '', 'admin/help/list', 'list', 't', '', '', 'a:0:{}', 4, '', '', 0, 'modules/help/help.admin.inc'),
('admin/help/locale', '', '', 'user_access', 0x613a313a7b693a303b733a32373a226163636573732061646d696e697374726174696f6e207061676573223b7d, 'help_page', 0x613a313a7b693a303b693a323b7d, '', 7, 3, 0, '', 'admin/help/locale', 'locale', 't', '', '', 'a:0:{}', 4, '', '', 0, 'modules/help/help.admin.inc'),
('admin/help/menu', '', '', 'user_access', 0x613a313a7b693a303b733a32373a226163636573732061646d696e697374726174696f6e207061676573223b7d, 'help_page', 0x613a313a7b693a303b693a323b7d, '', 7, 3, 0, '', 'admin/help/menu', 'menu', 't', '', '', 'a:0:{}', 4, '', '', 0, 'modules/help/help.admin.inc'),
('admin/help/node', '', '', 'user_access', 0x613a313a7b693a303b733a32373a226163636573732061646d696e697374726174696f6e207061676573223b7d, 'help_page', 0x613a313a7b693a303b693a323b7d, '', 7, 3, 0, '', 'admin/help/node', 'node', 't', '', '', 'a:0:{}', 4, '', '', 0, 'modules/help/help.admin.inc'),
('admin/help/number', '', '', 'user_access', 0x613a313a7b693a303b733a32373a226163636573732061646d696e697374726174696f6e207061676573223b7d, 'help_page', 0x613a313a7b693a303b693a323b7d, '', 7, 3, 0, '', 'admin/help/number', 'number', 't', '', '', 'a:0:{}', 4, '', '', 0, 'modules/help/help.admin.inc'),
('admin/help/options', '', '', 'user_access', 0x613a313a7b693a303b733a32373a226163636573732061646d696e697374726174696f6e207061676573223b7d, 'help_page', 0x613a313a7b693a303b693a323b7d, '', 7, 3, 0, '', 'admin/help/options', 'options', 't', '', '', 'a:0:{}', 4, '', '', 0, 'modules/help/help.admin.inc'),
('admin/help/overlay', '', '', 'user_access', 0x613a313a7b693a303b733a32373a226163636573732061646d696e697374726174696f6e207061676573223b7d, 'help_page', 0x613a313a7b693a303b693a323b7d, '', 7, 3, 0, '', 'admin/help/overlay', 'overlay', 't', '', '', 'a:0:{}', 4, '', '', 0, 'modules/help/help.admin.inc'),
('admin/help/path', '', '', 'user_access', 0x613a313a7b693a303b733a32373a226163636573732061646d696e697374726174696f6e207061676573223b7d, 'help_page', 0x613a313a7b693a303b693a323b7d, '', 7, 3, 0, '', 'admin/help/path', 'path', 't', '', '', 'a:0:{}', 4, '', '', 0, 'modules/help/help.admin.inc'),
('admin/help/php', '', '', 'user_access', 0x613a313a7b693a303b733a32373a226163636573732061646d696e697374726174696f6e207061676573223b7d, 'help_page', 0x613a313a7b693a303b693a323b7d, '', 7, 3, 0, '', 'admin/help/php', 'php', 't', '', '', 'a:0:{}', 4, '', '', 0, 'modules/help/help.admin.inc'),
('admin/help/rdf', '', '', 'user_access', 0x613a313a7b693a303b733a32373a226163636573732061646d696e697374726174696f6e207061676573223b7d, 'help_page', 0x613a313a7b693a303b693a323b7d, '', 7, 3, 0, '', 'admin/help/rdf', 'rdf', 't', '', '', 'a:0:{}', 4, '', '', 0, 'modules/help/help.admin.inc'),
('admin/help/search', '', '', 'user_access', 0x613a313a7b693a303b733a32373a226163636573732061646d696e697374726174696f6e207061676573223b7d, 'help_page', 0x613a313a7b693a303b693a323b7d, '', 7, 3, 0, '', 'admin/help/search', 'search', 't', '', '', 'a:0:{}', 4, '', '', 0, 'modules/help/help.admin.inc'),
('admin/help/sharethis', '', '', 'user_access', 0x613a313a7b693a303b733a32373a226163636573732061646d696e697374726174696f6e207061676573223b7d, 'help_page', 0x613a313a7b693a303b693a323b7d, '', 7, 3, 0, '', 'admin/help/sharethis', 'sharethis', 't', '', '', 'a:0:{}', 4, '', '', 0, 'modules/help/help.admin.inc'),
('admin/help/shortcut', '', '', 'user_access', 0x613a313a7b693a303b733a32373a226163636573732061646d696e697374726174696f6e207061676573223b7d, 'help_page', 0x613a313a7b693a303b693a323b7d, '', 7, 3, 0, '', 'admin/help/shortcut', 'shortcut', 't', '', '', 'a:0:{}', 4, '', '', 0, 'modules/help/help.admin.inc'),
('admin/help/statistics', '', '', 'user_access', 0x613a313a7b693a303b733a32373a226163636573732061646d696e697374726174696f6e207061676573223b7d, 'help_page', 0x613a313a7b693a303b693a323b7d, '', 7, 3, 0, '', 'admin/help/statistics', 'statistics', 't', '', '', 'a:0:{}', 4, '', '', 0, 'modules/help/help.admin.inc'),
('admin/help/system', '', '', 'user_access', 0x613a313a7b693a303b733a32373a226163636573732061646d696e697374726174696f6e207061676573223b7d, 'help_page', 0x613a313a7b693a303b693a323b7d, '', 7, 3, 0, '', 'admin/help/system', 'system', 't', '', '', 'a:0:{}', 4, '', '', 0, 'modules/help/help.admin.inc'),
('admin/help/taxonomy', '', '', 'user_access', 0x613a313a7b693a303b733a32373a226163636573732061646d696e697374726174696f6e207061676573223b7d, 'help_page', 0x613a313a7b693a303b693a323b7d, '', 7, 3, 0, '', 'admin/help/taxonomy', 'taxonomy', 't', '', '', 'a:0:{}', 4, '', '', 0, 'modules/help/help.admin.inc'),
('admin/help/text', '', '', 'user_access', 0x613a313a7b693a303b733a32373a226163636573732061646d696e697374726174696f6e207061676573223b7d, 'help_page', 0x613a313a7b693a303b693a323b7d, '', 7, 3, 0, '', 'admin/help/text', 'text', 't', '', '', 'a:0:{}', 4, '', '', 0, 'modules/help/help.admin.inc'),
('admin/help/token', '', '', 'user_access', 0x613a313a7b693a303b733a32373a226163636573732061646d696e697374726174696f6e207061676573223b7d, 'help_page', 0x613a313a7b693a303b693a323b7d, '', 7, 3, 0, '', 'admin/help/token', 'token', 't', '', '', 'a:0:{}', 4, '', '', 0, 'modules/help/help.admin.inc'),
('admin/help/toolbar', '', '', 'user_access', 0x613a313a7b693a303b733a32373a226163636573732061646d696e697374726174696f6e207061676573223b7d, 'help_page', 0x613a313a7b693a303b693a323b7d, '', 7, 3, 0, '', 'admin/help/toolbar', 'toolbar', 't', '', '', 'a:0:{}', 4, '', '', 0, 'modules/help/help.admin.inc'),
('admin/help/update', '', '', 'user_access', 0x613a313a7b693a303b733a32373a226163636573732061646d696e697374726174696f6e207061676573223b7d, 'help_page', 0x613a313a7b693a303b693a323b7d, '', 7, 3, 0, '', 'admin/help/update', 'update', 't', '', '', 'a:0:{}', 4, '', '', 0, 'modules/help/help.admin.inc'),
('admin/help/user', '', '', 'user_access', 0x613a313a7b693a303b733a32373a226163636573732061646d696e697374726174696f6e207061676573223b7d, 'help_page', 0x613a313a7b693a303b693a323b7d, '', 7, 3, 0, '', 'admin/help/user', 'user', 't', '', '', 'a:0:{}', 4, '', '', 0, 'modules/help/help.admin.inc'),
('admin/index', '', '', 'user_access', 0x613a313a7b693a303b733a32373a226163636573732061646d696e697374726174696f6e207061676573223b7d, 'system_admin_index', 0x613a303a7b7d, '', 3, 2, 1, 'admin', 'admin', 'Index', 't', '', '', 'a:0:{}', 132, '', '', -18, 'modules/system/system.admin.inc'),
('admin/modules', '', '', 'user_access', 0x613a313a7b693a303b733a31383a2261646d696e6973746572206d6f64756c6573223b7d, 'drupal_get_form', 0x613a313a7b693a303b733a31343a2273797374656d5f6d6f64756c6573223b7d, '', 3, 2, 0, '', 'admin/modules', 'Modules', 't', '', '', 'a:0:{}', 6, 'Extend site functionality.', '', -2, 'modules/system/system.admin.inc'),
('admin/modules/install', '', '', 'update_manager_access', 0x613a303a7b7d, 'drupal_get_form', 0x613a323a7b693a303b733a32373a227570646174655f6d616e616765725f696e7374616c6c5f666f726d223b693a313b733a363a226d6f64756c65223b7d, '', 7, 3, 1, 'admin/modules', 'admin/modules', 'Install new module', 't', '', '', 'a:0:{}', 388, '', '', 25, 'modules/update/update.manager.inc'),
('admin/modules/list', '', '', 'user_access', 0x613a313a7b693a303b733a31383a2261646d696e6973746572206d6f64756c6573223b7d, 'drupal_get_form', 0x613a313a7b693a303b733a31343a2273797374656d5f6d6f64756c6573223b7d, '', 7, 3, 1, 'admin/modules', 'admin/modules', 'List', 't', '', '', 'a:0:{}', 140, '', '', 0, 'modules/system/system.admin.inc'),
('admin/modules/list/confirm', '', '', 'user_access', 0x613a313a7b693a303b733a31383a2261646d696e6973746572206d6f64756c6573223b7d, 'drupal_get_form', 0x613a313a7b693a303b733a31343a2273797374656d5f6d6f64756c6573223b7d, '', 15, 4, 0, '', 'admin/modules/list/confirm', 'List', 't', '', '', 'a:0:{}', 4, '', '', 0, 'modules/system/system.admin.inc'),
('admin/modules/uninstall', '', '', 'user_access', 0x613a313a7b693a303b733a31383a2261646d696e6973746572206d6f64756c6573223b7d, 'drupal_get_form', 0x613a313a7b693a303b733a32343a2273797374656d5f6d6f64756c65735f756e696e7374616c6c223b7d, '', 7, 3, 1, 'admin/modules', 'admin/modules', 'Uninstall', 't', '', '', 'a:0:{}', 132, '', '', 20, 'modules/system/system.admin.inc'),
('admin/modules/uninstall/confirm', '', '', 'user_access', 0x613a313a7b693a303b733a31383a2261646d696e6973746572206d6f64756c6573223b7d, 'drupal_get_form', 0x613a313a7b693a303b733a32343a2273797374656d5f6d6f64756c65735f756e696e7374616c6c223b7d, '', 15, 4, 0, '', 'admin/modules/uninstall/confirm', 'Uninstall', 't', '', '', 'a:0:{}', 4, '', '', 0, 'modules/system/system.admin.inc'),
('admin/modules/update', '', '', 'update_manager_access', 0x613a303a7b7d, 'drupal_get_form', 0x613a323a7b693a303b733a32363a227570646174655f6d616e616765725f7570646174655f666f726d223b693a313b733a363a226d6f64756c65223b7d, '', 7, 3, 1, 'admin/modules', 'admin/modules', 'Update', 't', '', '', 'a:0:{}', 132, '', '', 10, 'modules/update/update.manager.inc'),
('admin/people', '', '', 'user_access', 0x613a313a7b693a303b733a31363a2261646d696e6973746572207573657273223b7d, 'user_admin', 0x613a313a7b693a303b733a343a226c697374223b7d, '', 3, 2, 0, '', 'admin/people', 'People', 't', '', '', 'a:0:{}', 6, 'Manage user accounts, roles, and permissions.', 'left', -4, 'modules/user/user.admin.inc'),
('admin/people/create', '', '', 'user_access', 0x613a313a7b693a303b733a31363a2261646d696e6973746572207573657273223b7d, 'user_admin', 0x613a313a7b693a303b733a363a22637265617465223b7d, '', 7, 3, 1, 'admin/people', 'admin/people', 'Add user', 't', '', '', 'a:0:{}', 388, '', '', 0, 'modules/user/user.admin.inc'),
('admin/people/invites', '', '', 'user_access', 0x613a313a7b693a303b733a32323a2261646d696e697374657220696e7669746174696f6e73223b7d, 'invite_admin_overview', 0x613a303a7b7d, '', 7, 3, 1, 'admin/people', 'admin/people', 'Invites', 't', '', '', 'a:0:{}', 132, '', '', 0, 'sites/all/modules/invite/invite.admin.inc'),
('admin/people/people', '', '', 'user_access', 0x613a313a7b693a303b733a31363a2261646d696e6973746572207573657273223b7d, 'user_admin', 0x613a313a7b693a303b733a343a226c697374223b7d, '', 7, 3, 1, 'admin/people', 'admin/people', 'List', 't', '', '', 'a:0:{}', 140, 'Find and manage people interacting with your site.', '', -10, 'modules/user/user.admin.inc'),
('admin/people/permissions', '', '', 'user_access', 0x613a313a7b693a303b733a32323a2261646d696e6973746572207065726d697373696f6e73223b7d, 'drupal_get_form', 0x613a313a7b693a303b733a32323a22757365725f61646d696e5f7065726d697373696f6e73223b7d, '', 7, 3, 1, 'admin/people', 'admin/people', 'Permissions', 't', '', '', 'a:0:{}', 132, 'Determine access to features by selecting permissions for roles.', '', 0, 'modules/user/user.admin.inc'),
('admin/people/permissions/list', '', '', 'user_access', 0x613a313a7b693a303b733a32323a2261646d696e6973746572207065726d697373696f6e73223b7d, 'drupal_get_form', 0x613a313a7b693a303b733a32323a22757365725f61646d696e5f7065726d697373696f6e73223b7d, '', 15, 4, 1, 'admin/people/permissions', 'admin/people', 'Permissions', 't', '', '', 'a:0:{}', 140, 'Determine access to features by selecting permissions for roles.', '', -8, 'modules/user/user.admin.inc'),
('admin/people/permissions/roles', '', '', 'user_access', 0x613a313a7b693a303b733a32323a2261646d696e6973746572207065726d697373696f6e73223b7d, 'drupal_get_form', 0x613a313a7b693a303b733a31363a22757365725f61646d696e5f726f6c6573223b7d, '', 15, 4, 1, 'admin/people/permissions', 'admin/people', 'Roles', 't', '', '', 'a:0:{}', 132, 'List, edit, or add user roles.', '', -5, 'modules/user/user.admin.inc'),
('admin/people/permissions/roles/delete/%', 0x613a313a7b693a353b733a31343a22757365725f726f6c655f6c6f6164223b7d, '', 'user_role_edit_access', 0x613a313a7b693a303b693a353b7d, 'drupal_get_form', 0x613a323a7b693a303b733a33303a22757365725f61646d696e5f726f6c655f64656c6574655f636f6e6669726d223b693a313b693a353b7d, '', 62, 6, 0, '', 'admin/people/permissions/roles/delete/%', 'Delete role', 't', '', '', 'a:0:{}', 6, '', '', 0, 'modules/user/user.admin.inc'),
('admin/people/permissions/roles/edit/%', 0x613a313a7b693a353b733a31343a22757365725f726f6c655f6c6f6164223b7d, '', 'user_role_edit_access', 0x613a313a7b693a303b693a353b7d, 'drupal_get_form', 0x613a323a7b693a303b733a31353a22757365725f61646d696e5f726f6c65223b693a313b693a353b7d, '', 62, 6, 0, '', 'admin/people/permissions/roles/edit/%', 'Edit role', 't', '', '', 'a:0:{}', 6, '', '', 0, 'modules/user/user.admin.inc'),
('admin/reports', '', '', 'user_access', 0x613a313a7b693a303b733a31393a226163636573732073697465207265706f727473223b7d, 'system_admin_menu_block_page', 0x613a303a7b7d, '', 3, 2, 0, '', 'admin/reports', 'Reports', 't', '', '', 'a:0:{}', 6, 'View reports, updates, and errors.', 'left', 5, 'modules/system/system.admin.inc'),
('admin/reports/access-denied', '', '', 'user_access', 0x613a313a7b693a303b733a31393a226163636573732073697465207265706f727473223b7d, 'dblog_top', 0x613a313a7b693a303b733a31333a226163636573732064656e696564223b7d, '', 7, 3, 0, '', 'admin/reports/access-denied', 'Top ''access denied'' errors', 't', '', '', 'a:0:{}', 6, 'View ''access denied'' errors (403s).', '', 0, 'modules/dblog/dblog.admin.inc'),
('admin/reports/access/%', 0x613a313a7b693a333b4e3b7d, '', 'user_access', 0x613a313a7b693a303b733a31373a226163636573732073746174697374696373223b7d, 'statistics_access_log', 0x613a313a7b693a303b693a333b7d, '', 14, 4, 0, '', 'admin/reports/access/%', 'Details', 't', '', '', 'a:0:{}', 6, 'View access log.', '', 0, 'modules/statistics/statistics.admin.inc'),
('admin/reports/contact_importer', '', '', 'user_access', 0x613a313a7b693a303b733a32373a2261646d696e697374657220636f6e7461637420696d706f72746572223b7d, 'contact_importer_log', 0x613a303a7b7d, '', 7, 3, 0, '', 'admin/reports/contact_importer', 'Contact Importer Log', 't', '', '', 'a:0:{}', 6, '', '', 0, 'sites/all/modules/contact_importer/contact_importer.admin.inc'),
('admin/reports/contact_importer/clear', '', '', 'user_access', 0x613a313a7b693a303b733a32373a2261646d696e697374657220636f6e7461637420696d706f72746572223b7d, 'drupal_get_form', 0x613a313a7b693a303b733a33393a22636f6e746163745f696d706f727465725f6c6f675f636c6561725f636f6e6669726d5f666f726d223b7d, '', 15, 4, 1, 'admin/reports/contact_importer', 'admin/reports/contact_importer', 'Clear logs', 't', '', '', 'a:0:{}', 132, '', '', 0, 'sites/all/modules/contact_importer/contact_importer.admin.inc'),
('admin/reports/contact_importer/log', '', '', 'user_access', 0x613a313a7b693a303b733a32373a2261646d696e697374657220636f6e7461637420696d706f72746572223b7d, 'contact_importer_log', 0x613a303a7b7d, '', 15, 4, 1, 'admin/reports/contact_importer', 'admin/reports/contact_importer', 'Log', 't', '', '', 'a:0:{}', 140, '', '', -1, 'sites/all/modules/contact_importer/contact_importer.admin.inc'),
('admin/reports/dblog', '', '', 'user_access', 0x613a313a7b693a303b733a31393a226163636573732073697465207265706f727473223b7d, 'dblog_overview', 0x613a303a7b7d, '', 7, 3, 0, '', 'admin/reports/dblog', 'Recent log messages', 't', '', '', 'a:0:{}', 6, 'View events that have recently been logged.', '', -1, 'modules/dblog/dblog.admin.inc'),
('admin/reports/event/%', 0x613a313a7b693a333b4e3b7d, '', 'user_access', 0x613a313a7b693a303b733a31393a226163636573732073697465207265706f727473223b7d, 'dblog_event', 0x613a313a7b693a303b693a333b7d, '', 14, 4, 0, '', 'admin/reports/event/%', 'Details', 't', '', '', 'a:0:{}', 6, '', '', 0, 'modules/dblog/dblog.admin.inc'),
('admin/reports/fields', '', '', 'user_access', 0x613a313a7b693a303b733a32343a2261646d696e697374657220636f6e74656e74207479706573223b7d, 'field_ui_fields_list', 0x613a303a7b7d, '', 7, 3, 0, '', 'admin/reports/fields', 'Field list', 't', '', '', 'a:0:{}', 6, 'Overview of fields on all entity types.', '', 0, 'modules/field_ui/field_ui.admin.inc'),
('admin/reports/hits', '', '', 'user_access', 0x613a313a7b693a303b733a31373a226163636573732073746174697374696373223b7d, 'statistics_recent_hits', 0x613a303a7b7d, '', 7, 3, 0, '', 'admin/reports/hits', 'Recent hits', 't', '', '', 'a:0:{}', 6, 'View pages that have recently been visited.', '', 0, 'modules/statistics/statistics.admin.inc'),
('admin/reports/page-not-found', '', '', 'user_access', 0x613a313a7b693a303b733a31393a226163636573732073697465207265706f727473223b7d, 'dblog_top', 0x613a313a7b693a303b733a31343a2270616765206e6f7420666f756e64223b7d, '', 7, 3, 0, '', 'admin/reports/page-not-found', 'Top ''page not found'' errors', 't', '', '', 'a:0:{}', 6, 'View ''page not found'' errors (404s).', '', 0, 'modules/dblog/dblog.admin.inc'),
('admin/reports/pages', '', '', 'user_access', 0x613a313a7b693a303b733a31373a226163636573732073746174697374696373223b7d, 'statistics_top_pages', 0x613a303a7b7d, '', 7, 3, 0, '', 'admin/reports/pages', 'Top pages', 't', '', '', 'a:0:{}', 6, 'View pages that have been hit frequently.', '', 1, 'modules/statistics/statistics.admin.inc'),
('admin/reports/referrers', '', '', 'user_access', 0x613a313a7b693a303b733a31373a226163636573732073746174697374696373223b7d, 'statistics_top_referrers', 0x613a303a7b7d, '', 7, 3, 0, '', 'admin/reports/referrers', 'Top referrers', 't', '', '', 'a:0:{}', 6, 'View top referrers.', '', 0, 'modules/statistics/statistics.admin.inc'),
('admin/reports/search', '', '', 'user_access', 0x613a313a7b693a303b733a31393a226163636573732073697465207265706f727473223b7d, 'dblog_top', 0x613a313a7b693a303b733a363a22736561726368223b7d, '', 7, 3, 0, '', 'admin/reports/search', 'Top search phrases', 't', '', '', 'a:0:{}', 6, 'View most popular search phrases.', '', 0, 'modules/dblog/dblog.admin.inc'),
('admin/reports/status', '', '', 'user_access', 0x613a313a7b693a303b733a32393a2261646d696e6973746572207369746520636f6e66696775726174696f6e223b7d, 'system_status', 0x613a303a7b7d, '', 7, 3, 0, '', 'admin/reports/status', 'Status report', 't', '', '', 'a:0:{}', 6, 'Get a status report about your site''s operation and any detected problems.', '', -60, 'modules/system/system.admin.inc'),
('admin/reports/status/php', '', '', 'user_access', 0x613a313a7b693a303b733a32393a2261646d696e6973746572207369746520636f6e66696775726174696f6e223b7d, 'system_php', 0x613a303a7b7d, '', 15, 4, 0, '', 'admin/reports/status/php', 'PHP', 't', '', '', 'a:0:{}', 0, '', '', 0, 'modules/system/system.admin.inc'),
('admin/reports/status/rebuild', '', '', 'user_access', 0x613a313a7b693a303b733a32373a226163636573732061646d696e697374726174696f6e207061676573223b7d, 'drupal_get_form', 0x613a313a7b693a303b733a33303a226e6f64655f636f6e6669677572655f72656275696c645f636f6e6669726d223b7d, '', 15, 4, 0, '', 'admin/reports/status/rebuild', 'Rebuild permissions', 't', '', '', 'a:0:{}', 0, '', '', 0, 'modules/node/node.admin.inc'),
('admin/reports/status/run-cron', '', '', 'user_access', 0x613a313a7b693a303b733a32393a2261646d696e6973746572207369746520636f6e66696775726174696f6e223b7d, 'system_run_cron', 0x613a303a7b7d, '', 15, 4, 0, '', 'admin/reports/status/run-cron', 'Run cron', 't', '', '', 'a:0:{}', 0, '', '', 0, 'modules/system/system.admin.inc'),
('admin/reports/updates', '', '', 'user_access', 0x613a313a7b693a303b733a32393a2261646d696e6973746572207369746520636f6e66696775726174696f6e223b7d, 'update_status', 0x613a303a7b7d, '', 7, 3, 0, '', 'admin/reports/updates', 'Available updates', 't', '', '', 'a:0:{}', 6, 'Get a status report about available updates for your installed modules and themes.', '', -50, 'modules/update/update.report.inc'),
('admin/reports/updates/check', '', '', 'user_access', 0x613a313a7b693a303b733a32393a2261646d696e6973746572207369746520636f6e66696775726174696f6e223b7d, 'update_manual_status', 0x613a303a7b7d, '', 15, 4, 0, '', 'admin/reports/updates/check', 'Manual update check', 't', '', '', 'a:0:{}', 0, '', '', 0, 'modules/update/update.fetch.inc'),
('admin/reports/updates/install', '', '', 'update_manager_access', 0x613a303a7b7d, 'drupal_get_form', 0x613a323a7b693a303b733a32373a227570646174655f6d616e616765725f696e7374616c6c5f666f726d223b693a313b733a363a227265706f7274223b7d, '', 15, 4, 1, 'admin/reports/updates', 'admin/reports/updates', 'Install new module or theme', 't', '', '', 'a:0:{}', 388, '', '', 25, 'modules/update/update.manager.inc'),
('admin/reports/updates/list', '', '', 'user_access', 0x613a313a7b693a303b733a32393a2261646d696e6973746572207369746520636f6e66696775726174696f6e223b7d, 'update_status', 0x613a303a7b7d, '', 15, 4, 1, 'admin/reports/updates', 'admin/reports/updates', 'List', 't', '', '', 'a:0:{}', 140, '', '', 0, 'modules/update/update.report.inc'),
('admin/reports/updates/settings', '', '', 'user_access', 0x613a313a7b693a303b733a32393a2261646d696e6973746572207369746520636f6e66696775726174696f6e223b7d, 'drupal_get_form', 0x613a313a7b693a303b733a31353a227570646174655f73657474696e6773223b7d, '', 15, 4, 1, 'admin/reports/updates', 'admin/reports/updates', 'Settings', 't', '', '', 'a:0:{}', 132, '', '', 50, 'modules/update/update.settings.inc'),
('admin/reports/updates/update', '', '', 'update_manager_access', 0x613a303a7b7d, 'drupal_get_form', 0x613a323a7b693a303b733a32363a227570646174655f6d616e616765725f7570646174655f666f726d223b693a313b733a363a227265706f7274223b7d, '', 15, 4, 1, 'admin/reports/updates', 'admin/reports/updates', 'Update', 't', '', '', 'a:0:{}', 132, '', '', 10, 'modules/update/update.manager.inc'),
('admin/reports/views-fields', '', '', 'user_access', 0x613a313a7b693a303b733a31363a2261646d696e6973746572207669657773223b7d, 'views_ui_field_list', 0x613a303a7b7d, '', 7, 3, 0, '', 'admin/reports/views-fields', 'Fields used in views', 't', '', '', 'a:0:{}', 6, 'Overview of fields used in all views.', '', 0, 'sites/all/modules/views/includes/admin.inc'),
('admin/reports/visitors', '', '', 'user_access', 0x613a313a7b693a303b733a31373a226163636573732073746174697374696373223b7d, 'statistics_top_visitors', 0x613a303a7b7d, '', 7, 3, 0, '', 'admin/reports/visitors', 'Top visitors', 't', '', '', 'a:0:{}', 6, 'View visitors that hit many pages.', '', 2, 'modules/statistics/statistics.admin.inc'),
('admin/structure', '', '', 'user_access', 0x613a313a7b693a303b733a32373a226163636573732061646d696e697374726174696f6e207061676573223b7d, 'system_admin_menu_block_page', 0x613a303a7b7d, '', 3, 2, 0, '', 'admin/structure', 'Structure', 't', '', '', 'a:0:{}', 6, 'Administer blocks, content types, menus, etc.', 'right', -8, 'modules/system/system.admin.inc'),
('admin/structure/block', '', '', 'user_access', 0x613a313a7b693a303b733a31373a2261646d696e697374657220626c6f636b73223b7d, 'block_admin_display', 0x613a313a7b693a303b733a383a2270696e626f617264223b7d, '', 7, 3, 0, '', 'admin/structure/block', 'Blocks', 't', '', '', 'a:0:{}', 6, 'Configure what block content appears in your site''s sidebars and other regions.', '', 0, 'modules/block/block.admin.inc'),
('admin/structure/block/add', '', '', 'user_access', 0x613a313a7b693a303b733a31373a2261646d696e697374657220626c6f636b73223b7d, 'drupal_get_form', 0x613a313a7b693a303b733a32303a22626c6f636b5f6164645f626c6f636b5f666f726d223b7d, '', 15, 4, 1, 'admin/structure/block', 'admin/structure/block', 'Add block', 't', '', '', 'a:0:{}', 388, '', '', 0, 'modules/block/block.admin.inc'),
('admin/structure/block/demo/bartik', '', '', '_block_themes_access', 0x613a313a7b693a303b4f3a383a22737464436c617373223a31313a7b733a383a2266696c656e616d65223b733a32353a227468656d65732f62617274696b2f62617274696b2e696e666f223b733a343a226e616d65223b733a363a2262617274696b223b733a343a2274797065223b733a353a227468656d65223b733a353a226f776e6572223b733a34353a227468656d65732f656e67696e65732f70687074656d706c6174652f70687074656d706c6174652e656e67696e65223b733a363a22737461747573223b733a313a2231223b733a393a22626f6f747374726170223b733a313a2230223b733a31343a22736368656d615f76657273696f6e223b733a323a222d31223b733a363a22776569676874223b733a313a2230223b733a343a22696e666f223b613a31383a7b733a343a226e616d65223b733a363a2242617274696b223b733a31313a226465736372697074696f6e223b733a34383a224120666c657869626c652c207265636f6c6f7261626c65207468656d652077697468206d616e7920726567696f6e732e223b733a373a227061636b616765223b733a343a22436f7265223b733a373a2276657273696f6e223b733a343a22372e3134223b733a343a22636f7265223b733a333a22372e78223b733a31313a227374796c65736865657473223b613a323a7b733a333a22616c6c223b613a333a7b733a31343a226373732f6c61796f75742e637373223b733a32383a227468656d65732f62617274696b2f6373732f6c61796f75742e637373223b733a31333a226373732f7374796c652e637373223b733a32373a227468656d65732f62617274696b2f6373732f7374796c652e637373223b733a31343a226373732f636f6c6f72732e637373223b733a32383a227468656d65732f62617274696b2f6373732f636f6c6f72732e637373223b7d733a353a227072696e74223b613a313a7b733a31333a226373732f7072696e742e637373223b733a32373a227468656d65732f62617274696b2f6373732f7072696e742e637373223b7d7d733a373a22726567696f6e73223b613a32303a7b733a363a22686561646572223b733a363a22486561646572223b733a343a2268656c70223b733a343a2248656c70223b733a383a22706167655f746f70223b733a383a225061676520746f70223b733a31313a22706167655f626f74746f6d223b733a31313a225061676520626f74746f6d223b733a31313a22686967686c696768746564223b733a31313a22486967686c696768746564223b733a383a226665617475726564223b733a383a224665617475726564223b733a373a22636f6e74656e74223b733a373a22436f6e74656e74223b733a31333a22736964656261725f6669727374223b733a31333a2253696465626172206669727374223b733a31343a22736964656261725f7365636f6e64223b733a31343a2253696465626172207365636f6e64223b733a31343a2274726970747963685f6669727374223b733a31343a225472697074796368206669727374223b733a31353a2274726970747963685f6d6964646c65223b733a31353a225472697074796368206d6964646c65223b733a31333a2274726970747963685f6c617374223b733a31333a225472697074796368206c617374223b733a31383a22666f6f7465725f6669727374636f6c756d6e223b733a31393a22466f6f74657220666972737420636f6c756d6e223b733a31393a22666f6f7465725f7365636f6e64636f6c756d6e223b733a32303a22466f6f746572207365636f6e6420636f6c756d6e223b733a31383a22666f6f7465725f7468697264636f6c756d6e223b733a31393a22466f6f74657220746869726420636f6c756d6e223b733a31393a22666f6f7465725f666f75727468636f6c756d6e223b733a32303a22466f6f74657220666f7572746820636f6c756d6e223b733a363a22666f6f746572223b733a363a22466f6f746572223b733a31343a2264617368626f6172645f6d61696e223b733a31363a2244617368626f61726420286d61696e29223b733a31373a2264617368626f6172645f73696465626172223b733a31393a2244617368626f61726420287369646562617229223b733a31383a2264617368626f6172645f696e616374697665223b733a32303a2244617368626f6172642028696e61637469766529223b7d733a383a2273657474696e6773223b613a313a7b733a32303a2273686f72746375745f6d6f64756c655f6c696e6b223b733a313a2230223b7d733a373a2270726f6a656374223b733a363a2264727570616c223b733a393a22646174657374616d70223b733a31303a2231333335393937353535223b733a363a22656e67696e65223b733a31313a2270687074656d706c617465223b733a383a226665617475726573223b613a393a7b693a303b733a343a226c6f676f223b693a313b733a373a2266617669636f6e223b693a323b733a343a226e616d65223b693a333b733a363a22736c6f67616e223b693a343b733a31373a226e6f64655f757365725f70696374757265223b693a353b733a32303a22636f6d6d656e745f757365725f70696374757265223b693a363b733a32353a22636f6d6d656e745f757365725f766572696669636174696f6e223b693a373b733a393a226d61696e5f6d656e75223b693a383b733a31343a227365636f6e646172795f6d656e75223b7d733a31303a2273637265656e73686f74223b733a32383a227468656d65732f62617274696b2f73637265656e73686f742e706e67223b733a333a22706870223b733a353a22352e322e34223b733a373a2273637269707473223b613a303a7b7d733a31353a226f7665726c61795f726567696f6e73223b613a353a7b693a303b733a31343a2264617368626f6172645f6d61696e223b693a313b733a31373a2264617368626f6172645f73696465626172223b693a323b733a31383a2264617368626f6172645f696e616374697665223b693a333b733a373a22636f6e74656e74223b693a343b733a343a2268656c70223b7d733a31343a22726567696f6e735f68696464656e223b613a323a7b693a303b733a383a22706167655f746f70223b693a313b733a31313a22706167655f626f74746f6d223b7d733a32383a226f7665726c61795f737570706c656d656e74616c5f726567696f6e73223b613a313a7b693a303b733a383a22706167655f746f70223b7d7d733a31313a227374796c65736865657473223b613a323a7b733a333a22616c6c223b613a333a7b733a31343a226373732f6c61796f75742e637373223b733a32383a227468656d65732f62617274696b2f6373732f6c61796f75742e637373223b733a31333a226373732f7374796c652e637373223b733a32373a227468656d65732f62617274696b2f6373732f7374796c652e637373223b733a31343a226373732f636f6c6f72732e637373223b733a32383a227468656d65732f62617274696b2f6373732f636f6c6f72732e637373223b7d733a353a227072696e74223b613a313a7b733a31333a226373732f7072696e742e637373223b733a32373a227468656d65732f62617274696b2f6373732f7072696e742e637373223b7d7d733a363a22656e67696e65223b733a31313a2270687074656d706c617465223b7d7d, 'block_admin_demo', 0x613a313a7b693a303b733a363a2262617274696b223b7d, '', 31, 5, 0, '', 'admin/structure/block/demo/bartik', 'Bartik', 't', '', '_block_custom_theme', 'a:1:{i:0;s:6:"bartik";}', 0, '', '', 0, 'modules/block/block.admin.inc'),
('admin/structure/block/demo/garland', '', '', '_block_themes_access', 0x613a313a7b693a303b4f3a383a22737464436c617373223a31313a7b733a383a2266696c656e616d65223b733a32373a227468656d65732f6761726c616e642f6761726c616e642e696e666f223b733a343a226e616d65223b733a373a226761726c616e64223b733a343a2274797065223b733a353a227468656d65223b733a353a226f776e6572223b733a34353a227468656d65732f656e67696e65732f70687074656d706c6174652f70687074656d706c6174652e656e67696e65223b733a363a22737461747573223b733a313a2230223b733a393a22626f6f747374726170223b733a313a2230223b733a31343a22736368656d615f76657273696f6e223b733a323a222d31223b733a363a22776569676874223b733a313a2230223b733a343a22696e666f223b613a31383a7b733a343a226e616d65223b733a373a224761726c616e64223b733a31313a226465736372697074696f6e223b733a3131313a2241206d756c74692d636f6c756d6e207468656d652077686963682063616e20626520636f6e6669677572656420746f206d6f6469667920636f6c6f727320616e6420737769746368206265747765656e20666978656420616e6420666c756964207769647468206c61796f7574732e223b733a373a227061636b616765223b733a343a22436f7265223b733a373a2276657273696f6e223b733a343a22372e3134223b733a343a22636f7265223b733a333a22372e78223b733a31313a227374796c65736865657473223b613a323a7b733a333a22616c6c223b613a313a7b733a393a227374796c652e637373223b733a32343a227468656d65732f6761726c616e642f7374796c652e637373223b7d733a353a227072696e74223b613a313a7b733a393a227072696e742e637373223b733a32343a227468656d65732f6761726c616e642f7072696e742e637373223b7d7d733a383a2273657474696e6773223b613a313a7b733a31333a226761726c616e645f7769647468223b733a353a22666c756964223b7d733a373a2270726f6a656374223b733a363a2264727570616c223b733a393a22646174657374616d70223b733a31303a2231333335393937353535223b733a363a22656e67696e65223b733a31313a2270687074656d706c617465223b733a373a22726567696f6e73223b613a31323a7b733a31333a22736964656261725f6669727374223b733a31323a224c6566742073696465626172223b733a31343a22736964656261725f7365636f6e64223b733a31333a2252696768742073696465626172223b733a373a22636f6e74656e74223b733a373a22436f6e74656e74223b733a363a22686561646572223b733a363a22486561646572223b733a363a22666f6f746572223b733a363a22466f6f746572223b733a31313a22686967686c696768746564223b733a31313a22486967686c696768746564223b733a343a2268656c70223b733a343a2248656c70223b733a383a22706167655f746f70223b733a383a225061676520746f70223b733a31313a22706167655f626f74746f6d223b733a31313a225061676520626f74746f6d223b733a31343a2264617368626f6172645f6d61696e223b733a31363a2244617368626f61726420286d61696e29223b733a31373a2264617368626f6172645f73696465626172223b733a31393a2244617368626f61726420287369646562617229223b733a31383a2264617368626f6172645f696e616374697665223b733a32303a2244617368626f6172642028696e61637469766529223b7d733a383a226665617475726573223b613a393a7b693a303b733a343a226c6f676f223b693a313b733a373a2266617669636f6e223b693a323b733a343a226e616d65223b693a333b733a363a22736c6f67616e223b693a343b733a31373a226e6f64655f757365725f70696374757265223b693a353b733a32303a22636f6d6d656e745f757365725f70696374757265223b693a363b733a32353a22636f6d6d656e745f757365725f766572696669636174696f6e223b693a373b733a393a226d61696e5f6d656e75223b693a383b733a31343a227365636f6e646172795f6d656e75223b7d733a31303a2273637265656e73686f74223b733a32393a227468656d65732f6761726c616e642f73637265656e73686f742e706e67223b733a333a22706870223b733a353a22352e322e34223b733a373a2273637269707473223b613a303a7b7d733a31353a226f7665726c61795f726567696f6e73223b613a353a7b693a303b733a31343a2264617368626f6172645f6d61696e223b693a313b733a31373a2264617368626f6172645f73696465626172223b693a323b733a31383a2264617368626f6172645f696e616374697665223b693a333b733a373a22636f6e74656e74223b693a343b733a343a2268656c70223b7d733a31343a22726567696f6e735f68696464656e223b613a323a7b693a303b733a383a22706167655f746f70223b693a313b733a31313a22706167655f626f74746f6d223b7d733a32383a226f7665726c61795f737570706c656d656e74616c5f726567696f6e73223b613a313a7b693a303b733a383a22706167655f746f70223b7d7d733a31313a227374796c65736865657473223b613a323a7b733a333a22616c6c223b613a313a7b733a393a227374796c652e637373223b733a32343a227468656d65732f6761726c616e642f7374796c652e637373223b7d733a353a227072696e74223b613a313a7b733a393a227072696e742e637373223b733a32343a227468656d65732f6761726c616e642f7072696e742e637373223b7d7d733a363a22656e67696e65223b733a31313a2270687074656d706c617465223b7d7d, 'block_admin_demo', 0x613a313a7b693a303b733a373a226761726c616e64223b7d, '', 31, 5, 0, '', 'admin/structure/block/demo/garland', 'Garland', 't', '', '_block_custom_theme', 'a:1:{i:0;s:7:"garland";}', 0, '', '', 0, 'modules/block/block.admin.inc'),
('admin/structure/block/demo/pinboard', '', '', '_block_themes_access', 0x613a313a7b693a303b4f3a383a22737464436c617373223a31323a7b733a383a2266696c656e616d65223b733a33393a2273697465732f616c6c2f7468656d65732f70696e626f6172642f70696e626f6172642e696e666f223b733a343a226e616d65223b733a383a2270696e626f617264223b733a343a2274797065223b733a353a227468656d65223b733a353a226f776e6572223b733a34353a227468656d65732f656e67696e65732f70687074656d706c6174652f70687074656d706c6174652e656e67696e65223b733a363a22737461747573223b733a313a2231223b733a393a22626f6f747374726170223b733a313a2230223b733a31343a22736368656d615f76657273696f6e223b733a323a222d31223b733a363a22776569676874223b733a313a2230223b733a343a22696e666f223b613a31363a7b733a343a226e616d65223b733a393a2250696e20426f617264223b733a31313a226465736372697074696f6e223b733a37373a225072656d69756d2044727570616c207468656d65206279203c6120687265663d22687474703a2f2f7777772e7468656d65736e61702e636f6d223e5468656d65536e61702e636f6d3c2f613e2e223b733a31303a2273637265656e73686f74223b733a34303a2273697465732f616c6c2f7468656d65732f70696e626f6172642f73637265656e73686f742e706e67223b733a373a2276657273696f6e223b733a373a22372e782d312e30223b733a343a22636f7265223b733a333a22372e78223b733a383a2273657474696e6773223b613a363a7b733a31303a22746d5f76616c75655f30223b733a393a227468656d65736e6170223b733a31303a22746d5f76616c75655f31223b733a31323a223331343038313639404e3034223b733a31303a22746d5f76616c75655f32223b733a313a2231223b733a31303a22746d5f76616c75655f33223b733a363a22637573746f6d223b733a31303a22746d5f76616c75655f34223b733a353a226d7573656f223b733a31303a22746d5f76616c75655f35223b733a313a2231223b7d733a31323a22646570656e64656e63696573223b613a313a7b693a303b733a31353a2270696e626f6172645f68656c706572223b7d733a373a22726567696f6e73223b613a31363a7b733a31363a22736964656261725f746f705f6c656674223b733a31363a225369646562617220546f70204c656674223b733a31373a22736964656261725f746f705f7269676874223b733a31373a225369646562617220546f70205269676874223b733a31363a22736964656261725f746f705f6d656e75223b733a31363a225369646562617220546f70204d656e75223b733a31383a22736964656261725f746f705f627574746f6e223b733a31383a225369646562617220546f7020427574746f6e223b733a31353a22736964656261725f77656c636f6d65223b733a31353a22536964656261722057656c636f6d65223b733a373a22636f6e74656e74223b733a373a22436f6e74656e74223b733a31303a22736964656261725f6164223b733a31303a2253696465626172204164223b733a31333a22736964656261725f7269676874223b733a31333a2253696465626172205269676874223b733a31303a22666f6f7465725f6f6e65223b733a31303a22466f6f746572204f6e65223b733a31303a22666f6f7465725f74776f223b733a31303a22466f6f7465722054776f223b733a31323a22666f6f7465725f7468726565223b733a31323a22466f6f746572205468726565223b733a31313a22666f6f7465725f666f7572223b733a31313a22466f6f74657220466f7572223b733a31363a22666f6f7465725f636f70797269676874223b733a31363a22466f6f74657220436f70797269676874223b733a31343a2264617368626f6172645f6d61696e223b733a31363a2244617368626f61726420286d61696e29223b733a31373a2264617368626f6172645f73696465626172223b733a31393a2244617368626f61726420287369646562617229223b733a31383a2264617368626f6172645f696e616374697665223b733a32303a2244617368626f6172642028696e61637469766529223b7d733a31313a227374796c65736865657473223b613a313a7b733a333a22616c6c223b613a31323a7b733a31323a226373732f626173652e637373223b733a33383a2273697465732f616c6c2f7468656d65732f70696e626f6172642f6373732f626173652e637373223b733a31363a226373732f736b656c65746f6e2e637373223b733a34323a2273697465732f616c6c2f7468656d65732f70696e626f6172642f6373732f736b656c65746f6e2e637373223b733a31343a226373732f6c61796f75742e637373223b733a34303a2273697465732f616c6c2f7468656d65732f70696e626f6172642f6373732f6c61796f75742e637373223b733a32313a226373732f615f6d61696e5f7374796c65732e637373223b733a34373a2273697465732f616c6c2f7468656d65732f70696e626f6172642f6373732f615f6d61696e5f7374796c65732e637373223b733a31353a226373732f615f626c6f636b2e637373223b733a34313a2273697465732f616c6c2f7468656d65732f70696e626f6172642f6373732f615f626c6f636b2e637373223b733a31343a226373732f6865616465722e637373223b733a34303a2273697465732f616c6c2f7468656d65732f70696e626f6172642f6373732f6865616465722e637373223b733a32353a226373732f746f705f6d656e755f7375626a5f6261722e637373223b733a35313a2273697465732f616c6c2f7468656d65732f70696e626f6172642f6373732f746f705f6d656e755f7375626a5f6261722e637373223b733a31353a226373732f70696e5f626f782e637373223b733a34313a2273697465732f616c6c2f7468656d65732f70696e626f6172642f6373732f70696e5f626f782e637373223b733a31393a226373732f70696e5f6f7665726c61792e637373223b733a34353a2273697465732f616c6c2f7468656d65732f70696e626f6172642f6373732f70696e5f6f7665726c61792e637373223b733a31353a226373732f70726f66696c652e637373223b733a34313a2273697465732f616c6c2f7468656d65732f70696e626f6172642f6373732f70726f66696c652e637373223b733a31333a226373732f626f6172642e637373223b733a33393a2273697465732f616c6c2f7468656d65732f70696e626f6172642f6373732f626f6172642e637373223b733a31323a226373732f706167652e637373223b733a33383a2273697465732f616c6c2f7468656d65732f70696e626f6172642f6373732f706167652e637373223b7d7d733a373a2273637269707473223b613a343a7b733a32313a227363722f6a71756572792e6d61736f6e72792e6a73223b733a34373a2273697465732f616c6c2f7468656d65732f70696e626f6172642f7363722f6a71756572792e6d61736f6e72792e6a73223b733a32383a227363722f6a71756572792e696e66696e6974657363726f6c6c2e6a73223b733a35343a2273697465732f616c6c2f7468656d65732f70696e626f6172642f7363722f6a71756572792e696e66696e6974657363726f6c6c2e6a73223b733a32333a227363722f6a71756572792e74776565742e6d696e2e6a73223b733a34393a2273697465732f616c6c2f7468656d65732f70696e626f6172642f7363722f6a71756572792e74776565742e6d696e2e6a73223b733a31313a227363722f6c696b652e6a73223b733a33373a2273697465732f616c6c2f7468656d65732f70696e626f6172642f7363722f6c696b652e6a73223b7d733a363a22656e67696e65223b733a31313a2270687074656d706c617465223b733a383a226665617475726573223b613a393a7b693a303b733a343a226c6f676f223b693a313b733a373a2266617669636f6e223b693a323b733a343a226e616d65223b693a333b733a363a22736c6f67616e223b693a343b733a31373a226e6f64655f757365725f70696374757265223b693a353b733a32303a22636f6d6d656e745f757365725f70696374757265223b693a363b733a32353a22636f6d6d656e745f757365725f766572696669636174696f6e223b693a373b733a393a226d61696e5f6d656e75223b693a383b733a31343a227365636f6e646172795f6d656e75223b7d733a333a22706870223b733a353a22352e322e34223b733a31353a226f7665726c61795f726567696f6e73223b613a353a7b693a303b733a31343a2264617368626f6172645f6d61696e223b693a313b733a31373a2264617368626f6172645f73696465626172223b693a323b733a31383a2264617368626f6172645f696e616374697665223b693a333b733a373a22636f6e74656e74223b693a343b733a343a2268656c70223b7d733a31343a22726567696f6e735f68696464656e223b613a323a7b693a303b733a383a22706167655f746f70223b693a313b733a31313a22706167655f626f74746f6d223b7d733a32383a226f7665726c61795f737570706c656d656e74616c5f726567696f6e73223b613a313a7b693a303b733a383a22706167655f746f70223b7d7d733a31313a227374796c65736865657473223b613a313a7b733a333a22616c6c223b613a31323a7b733a31323a226373732f626173652e637373223b733a33383a2273697465732f616c6c2f7468656d65732f70696e626f6172642f6373732f626173652e637373223b733a31363a226373732f736b656c65746f6e2e637373223b733a34323a2273697465732f616c6c2f7468656d65732f70696e626f6172642f6373732f736b656c65746f6e2e637373223b733a31343a226373732f6c61796f75742e637373223b733a34303a2273697465732f616c6c2f7468656d65732f70696e626f6172642f6373732f6c61796f75742e637373223b733a32313a226373732f615f6d61696e5f7374796c65732e637373223b733a34373a2273697465732f616c6c2f7468656d65732f70696e626f6172642f6373732f615f6d61696e5f7374796c65732e637373223b733a31353a226373732f615f626c6f636b2e637373223b733a34313a2273697465732f616c6c2f7468656d65732f70696e626f6172642f6373732f615f626c6f636b2e637373223b733a31343a226373732f6865616465722e637373223b733a34303a2273697465732f616c6c2f7468656d65732f70696e626f6172642f6373732f6865616465722e637373223b733a32353a226373732f746f705f6d656e755f7375626a5f6261722e637373223b733a35313a2273697465732f616c6c2f7468656d65732f70696e626f6172642f6373732f746f705f6d656e755f7375626a5f6261722e637373223b733a31353a226373732f70696e5f626f782e637373223b733a34313a2273697465732f616c6c2f7468656d65732f70696e626f6172642f6373732f70696e5f626f782e637373223b733a31393a226373732f70696e5f6f7665726c61792e637373223b733a34353a2273697465732f616c6c2f7468656d65732f70696e626f6172642f6373732f70696e5f6f7665726c61792e637373223b733a31353a226373732f70726f66696c652e637373223b733a34313a2273697465732f616c6c2f7468656d65732f70696e626f6172642f6373732f70726f66696c652e637373223b733a31333a226373732f626f6172642e637373223b733a33393a2273697465732f616c6c2f7468656d65732f70696e626f6172642f6373732f626f6172642e637373223b733a31323a226373732f706167652e637373223b733a33383a2273697465732f616c6c2f7468656d65732f70696e626f6172642f6373732f706167652e637373223b7d7d733a373a2273637269707473223b613a343a7b733a32313a227363722f6a71756572792e6d61736f6e72792e6a73223b733a34373a2273697465732f616c6c2f7468656d65732f70696e626f6172642f7363722f6a71756572792e6d61736f6e72792e6a73223b733a32383a227363722f6a71756572792e696e66696e6974657363726f6c6c2e6a73223b733a35343a2273697465732f616c6c2f7468656d65732f70696e626f6172642f7363722f6a71756572792e696e66696e6974657363726f6c6c2e6a73223b733a32333a227363722f6a71756572792e74776565742e6d696e2e6a73223b733a34393a2273697465732f616c6c2f7468656d65732f70696e626f6172642f7363722f6a71756572792e74776565742e6d696e2e6a73223b733a31313a227363722f6c696b652e6a73223b733a33373a2273697465732f616c6c2f7468656d65732f70696e626f6172642f7363722f6c696b652e6a73223b7d733a363a22656e67696e65223b733a31313a2270687074656d706c617465223b7d7d, 'block_admin_demo', 0x613a313a7b693a303b733a383a2270696e626f617264223b7d, '', 31, 5, 0, '', 'admin/structure/block/demo/pinboard', 'Pin Board', 't', '', '_block_custom_theme', 'a:1:{i:0;s:8:"pinboard";}', 0, '', '', 0, 'modules/block/block.admin.inc');
INSERT INTO `prefixpinboard_menu_router` (`path`, `load_functions`, `to_arg_functions`, `access_callback`, `access_arguments`, `page_callback`, `page_arguments`, `delivery_callback`, `fit`, `number_parts`, `context`, `tab_parent`, `tab_root`, `title`, `title_callback`, `title_arguments`, `theme_callback`, `theme_arguments`, `type`, `description`, `position`, `weight`, `include_file`) VALUES
('admin/structure/block/demo/seven', '', '', '_block_themes_access', 0x613a313a7b693a303b4f3a383a22737464436c617373223a31313a7b733a383a2266696c656e616d65223b733a32333a227468656d65732f736576656e2f736576656e2e696e666f223b733a343a226e616d65223b733a353a22736576656e223b733a343a2274797065223b733a353a227468656d65223b733a353a226f776e6572223b733a34353a227468656d65732f656e67696e65732f70687074656d706c6174652f70687074656d706c6174652e656e67696e65223b733a363a22737461747573223b733a313a2231223b733a393a22626f6f747374726170223b733a313a2230223b733a31343a22736368656d615f76657273696f6e223b733a323a222d31223b733a363a22776569676874223b733a313a2230223b733a343a22696e666f223b613a31383a7b733a343a226e616d65223b733a353a22536576656e223b733a31313a226465736372697074696f6e223b733a36353a22412073696d706c65206f6e652d636f6c756d6e2c207461626c656c6573732c20666c7569642077696474682061646d696e697374726174696f6e207468656d652e223b733a373a227061636b616765223b733a343a22436f7265223b733a373a2276657273696f6e223b733a343a22372e3134223b733a343a22636f7265223b733a333a22372e78223b733a31313a227374796c65736865657473223b613a313a7b733a363a2273637265656e223b613a323a7b733a393a2272657365742e637373223b733a32323a227468656d65732f736576656e2f72657365742e637373223b733a393a227374796c652e637373223b733a32323a227468656d65732f736576656e2f7374796c652e637373223b7d7d733a383a2273657474696e6773223b613a313a7b733a32303a2273686f72746375745f6d6f64756c655f6c696e6b223b733a313a2231223b7d733a373a22726567696f6e73223b613a383a7b733a373a22636f6e74656e74223b733a373a22436f6e74656e74223b733a343a2268656c70223b733a343a2248656c70223b733a383a22706167655f746f70223b733a383a225061676520746f70223b733a31313a22706167655f626f74746f6d223b733a31313a225061676520626f74746f6d223b733a31333a22736964656261725f6669727374223b733a31333a2246697273742073696465626172223b733a31343a2264617368626f6172645f6d61696e223b733a31363a2244617368626f61726420286d61696e29223b733a31373a2264617368626f6172645f73696465626172223b733a31393a2244617368626f61726420287369646562617229223b733a31383a2264617368626f6172645f696e616374697665223b733a32303a2244617368626f6172642028696e61637469766529223b7d733a31343a22726567696f6e735f68696464656e223b613a333a7b693a303b733a31333a22736964656261725f6669727374223b693a313b733a383a22706167655f746f70223b693a323b733a31313a22706167655f626f74746f6d223b7d733a373a2270726f6a656374223b733a363a2264727570616c223b733a393a22646174657374616d70223b733a31303a2231333335393937353535223b733a363a22656e67696e65223b733a31313a2270687074656d706c617465223b733a383a226665617475726573223b613a393a7b693a303b733a343a226c6f676f223b693a313b733a373a2266617669636f6e223b693a323b733a343a226e616d65223b693a333b733a363a22736c6f67616e223b693a343b733a31373a226e6f64655f757365725f70696374757265223b693a353b733a32303a22636f6d6d656e745f757365725f70696374757265223b693a363b733a32353a22636f6d6d656e745f757365725f766572696669636174696f6e223b693a373b733a393a226d61696e5f6d656e75223b693a383b733a31343a227365636f6e646172795f6d656e75223b7d733a31303a2273637265656e73686f74223b733a32373a227468656d65732f736576656e2f73637265656e73686f742e706e67223b733a333a22706870223b733a353a22352e322e34223b733a373a2273637269707473223b613a303a7b7d733a31353a226f7665726c61795f726567696f6e73223b613a353a7b693a303b733a31343a2264617368626f6172645f6d61696e223b693a313b733a31373a2264617368626f6172645f73696465626172223b693a323b733a31383a2264617368626f6172645f696e616374697665223b693a333b733a373a22636f6e74656e74223b693a343b733a343a2268656c70223b7d733a32383a226f7665726c61795f737570706c656d656e74616c5f726567696f6e73223b613a313a7b693a303b733a383a22706167655f746f70223b7d7d733a31313a227374796c65736865657473223b613a313a7b733a363a2273637265656e223b613a323a7b733a393a2272657365742e637373223b733a32323a227468656d65732f736576656e2f72657365742e637373223b733a393a227374796c652e637373223b733a32323a227468656d65732f736576656e2f7374796c652e637373223b7d7d733a363a22656e67696e65223b733a31313a2270687074656d706c617465223b7d7d, 'block_admin_demo', 0x613a313a7b693a303b733a353a22736576656e223b7d, '', 31, 5, 0, '', 'admin/structure/block/demo/seven', 'Seven', 't', '', '_block_custom_theme', 'a:1:{i:0;s:5:"seven";}', 0, '', '', 0, 'modules/block/block.admin.inc'),
('admin/structure/block/demo/stark', '', '', '_block_themes_access', 0x613a313a7b693a303b4f3a383a22737464436c617373223a31313a7b733a383a2266696c656e616d65223b733a32333a227468656d65732f737461726b2f737461726b2e696e666f223b733a343a226e616d65223b733a353a22737461726b223b733a343a2274797065223b733a353a227468656d65223b733a353a226f776e6572223b733a34353a227468656d65732f656e67696e65732f70687074656d706c6174652f70687074656d706c6174652e656e67696e65223b733a363a22737461747573223b733a313a2230223b733a393a22626f6f747374726170223b733a313a2230223b733a31343a22736368656d615f76657273696f6e223b733a323a222d31223b733a363a22776569676874223b733a313a2230223b733a343a22696e666f223b613a31373a7b733a343a226e616d65223b733a353a22537461726b223b733a31313a226465736372697074696f6e223b733a3230383a2254686973207468656d652064656d6f6e737472617465732044727570616c27732064656661756c742048544d4c206d61726b757020616e6420435353207374796c65732e20546f206c6561726e20686f7720746f206275696c6420796f7572206f776e207468656d6520616e64206f766572726964652044727570616c27732064656661756c7420636f64652c2073656520746865203c6120687265663d22687474703a2f2f64727570616c2e6f72672f7468656d652d6775696465223e5468656d696e672047756964653c2f613e2e223b733a373a227061636b616765223b733a343a22436f7265223b733a373a2276657273696f6e223b733a343a22372e3134223b733a343a22636f7265223b733a333a22372e78223b733a31313a227374796c65736865657473223b613a313a7b733a333a22616c6c223b613a313a7b733a31303a226c61796f75742e637373223b733a32333a227468656d65732f737461726b2f6c61796f75742e637373223b7d7d733a373a2270726f6a656374223b733a363a2264727570616c223b733a393a22646174657374616d70223b733a31303a2231333335393937353535223b733a363a22656e67696e65223b733a31313a2270687074656d706c617465223b733a373a22726567696f6e73223b613a31323a7b733a31333a22736964656261725f6669727374223b733a31323a224c6566742073696465626172223b733a31343a22736964656261725f7365636f6e64223b733a31333a2252696768742073696465626172223b733a373a22636f6e74656e74223b733a373a22436f6e74656e74223b733a363a22686561646572223b733a363a22486561646572223b733a363a22666f6f746572223b733a363a22466f6f746572223b733a31313a22686967686c696768746564223b733a31313a22486967686c696768746564223b733a343a2268656c70223b733a343a2248656c70223b733a383a22706167655f746f70223b733a383a225061676520746f70223b733a31313a22706167655f626f74746f6d223b733a31313a225061676520626f74746f6d223b733a31343a2264617368626f6172645f6d61696e223b733a31363a2244617368626f61726420286d61696e29223b733a31373a2264617368626f6172645f73696465626172223b733a31393a2244617368626f61726420287369646562617229223b733a31383a2264617368626f6172645f696e616374697665223b733a32303a2244617368626f6172642028696e61637469766529223b7d733a383a226665617475726573223b613a393a7b693a303b733a343a226c6f676f223b693a313b733a373a2266617669636f6e223b693a323b733a343a226e616d65223b693a333b733a363a22736c6f67616e223b693a343b733a31373a226e6f64655f757365725f70696374757265223b693a353b733a32303a22636f6d6d656e745f757365725f70696374757265223b693a363b733a32353a22636f6d6d656e745f757365725f766572696669636174696f6e223b693a373b733a393a226d61696e5f6d656e75223b693a383b733a31343a227365636f6e646172795f6d656e75223b7d733a31303a2273637265656e73686f74223b733a32373a227468656d65732f737461726b2f73637265656e73686f742e706e67223b733a333a22706870223b733a353a22352e322e34223b733a373a2273637269707473223b613a303a7b7d733a31353a226f7665726c61795f726567696f6e73223b613a353a7b693a303b733a31343a2264617368626f6172645f6d61696e223b693a313b733a31373a2264617368626f6172645f73696465626172223b693a323b733a31383a2264617368626f6172645f696e616374697665223b693a333b733a373a22636f6e74656e74223b693a343b733a343a2268656c70223b7d733a31343a22726567696f6e735f68696464656e223b613a323a7b693a303b733a383a22706167655f746f70223b693a313b733a31313a22706167655f626f74746f6d223b7d733a32383a226f7665726c61795f737570706c656d656e74616c5f726567696f6e73223b613a313a7b693a303b733a383a22706167655f746f70223b7d7d733a31313a227374796c65736865657473223b613a313a7b733a333a22616c6c223b613a313a7b733a31303a226c61796f75742e637373223b733a32333a227468656d65732f737461726b2f6c61796f75742e637373223b7d7d733a363a22656e67696e65223b733a31313a2270687074656d706c617465223b7d7d, 'block_admin_demo', 0x613a313a7b693a303b733a353a22737461726b223b7d, '', 31, 5, 0, '', 'admin/structure/block/demo/stark', 'Stark', 't', '', '_block_custom_theme', 'a:1:{i:0;s:5:"stark";}', 0, '', '', 0, 'modules/block/block.admin.inc'),
('admin/structure/block/list/bartik', '', '', '_block_themes_access', 0x613a313a7b693a303b4f3a383a22737464436c617373223a31313a7b733a383a2266696c656e616d65223b733a32353a227468656d65732f62617274696b2f62617274696b2e696e666f223b733a343a226e616d65223b733a363a2262617274696b223b733a343a2274797065223b733a353a227468656d65223b733a353a226f776e6572223b733a34353a227468656d65732f656e67696e65732f70687074656d706c6174652f70687074656d706c6174652e656e67696e65223b733a363a22737461747573223b733a313a2231223b733a393a22626f6f747374726170223b733a313a2230223b733a31343a22736368656d615f76657273696f6e223b733a323a222d31223b733a363a22776569676874223b733a313a2230223b733a343a22696e666f223b613a31383a7b733a343a226e616d65223b733a363a2242617274696b223b733a31313a226465736372697074696f6e223b733a34383a224120666c657869626c652c207265636f6c6f7261626c65207468656d652077697468206d616e7920726567696f6e732e223b733a373a227061636b616765223b733a343a22436f7265223b733a373a2276657273696f6e223b733a343a22372e3134223b733a343a22636f7265223b733a333a22372e78223b733a31313a227374796c65736865657473223b613a323a7b733a333a22616c6c223b613a333a7b733a31343a226373732f6c61796f75742e637373223b733a32383a227468656d65732f62617274696b2f6373732f6c61796f75742e637373223b733a31333a226373732f7374796c652e637373223b733a32373a227468656d65732f62617274696b2f6373732f7374796c652e637373223b733a31343a226373732f636f6c6f72732e637373223b733a32383a227468656d65732f62617274696b2f6373732f636f6c6f72732e637373223b7d733a353a227072696e74223b613a313a7b733a31333a226373732f7072696e742e637373223b733a32373a227468656d65732f62617274696b2f6373732f7072696e742e637373223b7d7d733a373a22726567696f6e73223b613a32303a7b733a363a22686561646572223b733a363a22486561646572223b733a343a2268656c70223b733a343a2248656c70223b733a383a22706167655f746f70223b733a383a225061676520746f70223b733a31313a22706167655f626f74746f6d223b733a31313a225061676520626f74746f6d223b733a31313a22686967686c696768746564223b733a31313a22486967686c696768746564223b733a383a226665617475726564223b733a383a224665617475726564223b733a373a22636f6e74656e74223b733a373a22436f6e74656e74223b733a31333a22736964656261725f6669727374223b733a31333a2253696465626172206669727374223b733a31343a22736964656261725f7365636f6e64223b733a31343a2253696465626172207365636f6e64223b733a31343a2274726970747963685f6669727374223b733a31343a225472697074796368206669727374223b733a31353a2274726970747963685f6d6964646c65223b733a31353a225472697074796368206d6964646c65223b733a31333a2274726970747963685f6c617374223b733a31333a225472697074796368206c617374223b733a31383a22666f6f7465725f6669727374636f6c756d6e223b733a31393a22466f6f74657220666972737420636f6c756d6e223b733a31393a22666f6f7465725f7365636f6e64636f6c756d6e223b733a32303a22466f6f746572207365636f6e6420636f6c756d6e223b733a31383a22666f6f7465725f7468697264636f6c756d6e223b733a31393a22466f6f74657220746869726420636f6c756d6e223b733a31393a22666f6f7465725f666f75727468636f6c756d6e223b733a32303a22466f6f74657220666f7572746820636f6c756d6e223b733a363a22666f6f746572223b733a363a22466f6f746572223b733a31343a2264617368626f6172645f6d61696e223b733a31363a2244617368626f61726420286d61696e29223b733a31373a2264617368626f6172645f73696465626172223b733a31393a2244617368626f61726420287369646562617229223b733a31383a2264617368626f6172645f696e616374697665223b733a32303a2244617368626f6172642028696e61637469766529223b7d733a383a2273657474696e6773223b613a313a7b733a32303a2273686f72746375745f6d6f64756c655f6c696e6b223b733a313a2230223b7d733a373a2270726f6a656374223b733a363a2264727570616c223b733a393a22646174657374616d70223b733a31303a2231333335393937353535223b733a363a22656e67696e65223b733a31313a2270687074656d706c617465223b733a383a226665617475726573223b613a393a7b693a303b733a343a226c6f676f223b693a313b733a373a2266617669636f6e223b693a323b733a343a226e616d65223b693a333b733a363a22736c6f67616e223b693a343b733a31373a226e6f64655f757365725f70696374757265223b693a353b733a32303a22636f6d6d656e745f757365725f70696374757265223b693a363b733a32353a22636f6d6d656e745f757365725f766572696669636174696f6e223b693a373b733a393a226d61696e5f6d656e75223b693a383b733a31343a227365636f6e646172795f6d656e75223b7d733a31303a2273637265656e73686f74223b733a32383a227468656d65732f62617274696b2f73637265656e73686f742e706e67223b733a333a22706870223b733a353a22352e322e34223b733a373a2273637269707473223b613a303a7b7d733a31353a226f7665726c61795f726567696f6e73223b613a353a7b693a303b733a31343a2264617368626f6172645f6d61696e223b693a313b733a31373a2264617368626f6172645f73696465626172223b693a323b733a31383a2264617368626f6172645f696e616374697665223b693a333b733a373a22636f6e74656e74223b693a343b733a343a2268656c70223b7d733a31343a22726567696f6e735f68696464656e223b613a323a7b693a303b733a383a22706167655f746f70223b693a313b733a31313a22706167655f626f74746f6d223b7d733a32383a226f7665726c61795f737570706c656d656e74616c5f726567696f6e73223b613a313a7b693a303b733a383a22706167655f746f70223b7d7d733a31313a227374796c65736865657473223b613a323a7b733a333a22616c6c223b613a333a7b733a31343a226373732f6c61796f75742e637373223b733a32383a227468656d65732f62617274696b2f6373732f6c61796f75742e637373223b733a31333a226373732f7374796c652e637373223b733a32373a227468656d65732f62617274696b2f6373732f7374796c652e637373223b733a31343a226373732f636f6c6f72732e637373223b733a32383a227468656d65732f62617274696b2f6373732f636f6c6f72732e637373223b7d733a353a227072696e74223b613a313a7b733a31333a226373732f7072696e742e637373223b733a32373a227468656d65732f62617274696b2f6373732f7072696e742e637373223b7d7d733a363a22656e67696e65223b733a31313a2270687074656d706c617465223b7d7d, 'block_admin_display', 0x613a313a7b693a303b733a363a2262617274696b223b7d, '', 31, 5, 1, 'admin/structure/block', 'admin/structure/block', 'Bartik', 't', '', '', 'a:0:{}', 132, '', '', 0, 'modules/block/block.admin.inc'),
('admin/structure/block/list/bartik/add', '', '', 'user_access', 0x613a313a7b693a303b733a31373a2261646d696e697374657220626c6f636b73223b7d, 'drupal_get_form', 0x613a313a7b693a303b733a32303a22626c6f636b5f6164645f626c6f636b5f666f726d223b7d, '', 63, 6, 1, 'admin/structure/block/list/bartik', 'admin/structure/block', 'Add block', 't', '', '', 'a:0:{}', 388, '', '', 0, 'modules/block/block.admin.inc'),
('admin/structure/block/list/garland', '', '', '_block_themes_access', 0x613a313a7b693a303b4f3a383a22737464436c617373223a31313a7b733a383a2266696c656e616d65223b733a32373a227468656d65732f6761726c616e642f6761726c616e642e696e666f223b733a343a226e616d65223b733a373a226761726c616e64223b733a343a2274797065223b733a353a227468656d65223b733a353a226f776e6572223b733a34353a227468656d65732f656e67696e65732f70687074656d706c6174652f70687074656d706c6174652e656e67696e65223b733a363a22737461747573223b733a313a2230223b733a393a22626f6f747374726170223b733a313a2230223b733a31343a22736368656d615f76657273696f6e223b733a323a222d31223b733a363a22776569676874223b733a313a2230223b733a343a22696e666f223b613a31383a7b733a343a226e616d65223b733a373a224761726c616e64223b733a31313a226465736372697074696f6e223b733a3131313a2241206d756c74692d636f6c756d6e207468656d652077686963682063616e20626520636f6e6669677572656420746f206d6f6469667920636f6c6f727320616e6420737769746368206265747765656e20666978656420616e6420666c756964207769647468206c61796f7574732e223b733a373a227061636b616765223b733a343a22436f7265223b733a373a2276657273696f6e223b733a343a22372e3134223b733a343a22636f7265223b733a333a22372e78223b733a31313a227374796c65736865657473223b613a323a7b733a333a22616c6c223b613a313a7b733a393a227374796c652e637373223b733a32343a227468656d65732f6761726c616e642f7374796c652e637373223b7d733a353a227072696e74223b613a313a7b733a393a227072696e742e637373223b733a32343a227468656d65732f6761726c616e642f7072696e742e637373223b7d7d733a383a2273657474696e6773223b613a313a7b733a31333a226761726c616e645f7769647468223b733a353a22666c756964223b7d733a373a2270726f6a656374223b733a363a2264727570616c223b733a393a22646174657374616d70223b733a31303a2231333335393937353535223b733a363a22656e67696e65223b733a31313a2270687074656d706c617465223b733a373a22726567696f6e73223b613a31323a7b733a31333a22736964656261725f6669727374223b733a31323a224c6566742073696465626172223b733a31343a22736964656261725f7365636f6e64223b733a31333a2252696768742073696465626172223b733a373a22636f6e74656e74223b733a373a22436f6e74656e74223b733a363a22686561646572223b733a363a22486561646572223b733a363a22666f6f746572223b733a363a22466f6f746572223b733a31313a22686967686c696768746564223b733a31313a22486967686c696768746564223b733a343a2268656c70223b733a343a2248656c70223b733a383a22706167655f746f70223b733a383a225061676520746f70223b733a31313a22706167655f626f74746f6d223b733a31313a225061676520626f74746f6d223b733a31343a2264617368626f6172645f6d61696e223b733a31363a2244617368626f61726420286d61696e29223b733a31373a2264617368626f6172645f73696465626172223b733a31393a2244617368626f61726420287369646562617229223b733a31383a2264617368626f6172645f696e616374697665223b733a32303a2244617368626f6172642028696e61637469766529223b7d733a383a226665617475726573223b613a393a7b693a303b733a343a226c6f676f223b693a313b733a373a2266617669636f6e223b693a323b733a343a226e616d65223b693a333b733a363a22736c6f67616e223b693a343b733a31373a226e6f64655f757365725f70696374757265223b693a353b733a32303a22636f6d6d656e745f757365725f70696374757265223b693a363b733a32353a22636f6d6d656e745f757365725f766572696669636174696f6e223b693a373b733a393a226d61696e5f6d656e75223b693a383b733a31343a227365636f6e646172795f6d656e75223b7d733a31303a2273637265656e73686f74223b733a32393a227468656d65732f6761726c616e642f73637265656e73686f742e706e67223b733a333a22706870223b733a353a22352e322e34223b733a373a2273637269707473223b613a303a7b7d733a31353a226f7665726c61795f726567696f6e73223b613a353a7b693a303b733a31343a2264617368626f6172645f6d61696e223b693a313b733a31373a2264617368626f6172645f73696465626172223b693a323b733a31383a2264617368626f6172645f696e616374697665223b693a333b733a373a22636f6e74656e74223b693a343b733a343a2268656c70223b7d733a31343a22726567696f6e735f68696464656e223b613a323a7b693a303b733a383a22706167655f746f70223b693a313b733a31313a22706167655f626f74746f6d223b7d733a32383a226f7665726c61795f737570706c656d656e74616c5f726567696f6e73223b613a313a7b693a303b733a383a22706167655f746f70223b7d7d733a31313a227374796c65736865657473223b613a323a7b733a333a22616c6c223b613a313a7b733a393a227374796c652e637373223b733a32343a227468656d65732f6761726c616e642f7374796c652e637373223b7d733a353a227072696e74223b613a313a7b733a393a227072696e742e637373223b733a32343a227468656d65732f6761726c616e642f7072696e742e637373223b7d7d733a363a22656e67696e65223b733a31313a2270687074656d706c617465223b7d7d, 'block_admin_display', 0x613a313a7b693a303b733a373a226761726c616e64223b7d, '', 31, 5, 1, 'admin/structure/block', 'admin/structure/block', 'Garland', 't', '', '', 'a:0:{}', 132, '', '', 0, 'modules/block/block.admin.inc'),
('admin/structure/block/list/garland/add', '', '', 'user_access', 0x613a313a7b693a303b733a31373a2261646d696e697374657220626c6f636b73223b7d, 'drupal_get_form', 0x613a313a7b693a303b733a32303a22626c6f636b5f6164645f626c6f636b5f666f726d223b7d, '', 63, 6, 1, 'admin/structure/block/list/garland', 'admin/structure/block', 'Add block', 't', '', '', 'a:0:{}', 388, '', '', 0, 'modules/block/block.admin.inc'),
('admin/structure/block/list/pinboard', '', '', '_block_themes_access', 0x613a313a7b693a303b4f3a383a22737464436c617373223a31323a7b733a383a2266696c656e616d65223b733a33393a2273697465732f616c6c2f7468656d65732f70696e626f6172642f70696e626f6172642e696e666f223b733a343a226e616d65223b733a383a2270696e626f617264223b733a343a2274797065223b733a353a227468656d65223b733a353a226f776e6572223b733a34353a227468656d65732f656e67696e65732f70687074656d706c6174652f70687074656d706c6174652e656e67696e65223b733a363a22737461747573223b733a313a2231223b733a393a22626f6f747374726170223b733a313a2230223b733a31343a22736368656d615f76657273696f6e223b733a323a222d31223b733a363a22776569676874223b733a313a2230223b733a343a22696e666f223b613a31363a7b733a343a226e616d65223b733a393a2250696e20426f617264223b733a31313a226465736372697074696f6e223b733a37373a225072656d69756d2044727570616c207468656d65206279203c6120687265663d22687474703a2f2f7777772e7468656d65736e61702e636f6d223e5468656d65536e61702e636f6d3c2f613e2e223b733a31303a2273637265656e73686f74223b733a34303a2273697465732f616c6c2f7468656d65732f70696e626f6172642f73637265656e73686f742e706e67223b733a373a2276657273696f6e223b733a373a22372e782d312e30223b733a343a22636f7265223b733a333a22372e78223b733a383a2273657474696e6773223b613a363a7b733a31303a22746d5f76616c75655f30223b733a393a227468656d65736e6170223b733a31303a22746d5f76616c75655f31223b733a31323a223331343038313639404e3034223b733a31303a22746d5f76616c75655f32223b733a313a2231223b733a31303a22746d5f76616c75655f33223b733a363a22637573746f6d223b733a31303a22746d5f76616c75655f34223b733a353a226d7573656f223b733a31303a22746d5f76616c75655f35223b733a313a2231223b7d733a31323a22646570656e64656e63696573223b613a313a7b693a303b733a31353a2270696e626f6172645f68656c706572223b7d733a373a22726567696f6e73223b613a31363a7b733a31363a22736964656261725f746f705f6c656674223b733a31363a225369646562617220546f70204c656674223b733a31373a22736964656261725f746f705f7269676874223b733a31373a225369646562617220546f70205269676874223b733a31363a22736964656261725f746f705f6d656e75223b733a31363a225369646562617220546f70204d656e75223b733a31383a22736964656261725f746f705f627574746f6e223b733a31383a225369646562617220546f7020427574746f6e223b733a31353a22736964656261725f77656c636f6d65223b733a31353a22536964656261722057656c636f6d65223b733a373a22636f6e74656e74223b733a373a22436f6e74656e74223b733a31303a22736964656261725f6164223b733a31303a2253696465626172204164223b733a31333a22736964656261725f7269676874223b733a31333a2253696465626172205269676874223b733a31303a22666f6f7465725f6f6e65223b733a31303a22466f6f746572204f6e65223b733a31303a22666f6f7465725f74776f223b733a31303a22466f6f7465722054776f223b733a31323a22666f6f7465725f7468726565223b733a31323a22466f6f746572205468726565223b733a31313a22666f6f7465725f666f7572223b733a31313a22466f6f74657220466f7572223b733a31363a22666f6f7465725f636f70797269676874223b733a31363a22466f6f74657220436f70797269676874223b733a31343a2264617368626f6172645f6d61696e223b733a31363a2244617368626f61726420286d61696e29223b733a31373a2264617368626f6172645f73696465626172223b733a31393a2244617368626f61726420287369646562617229223b733a31383a2264617368626f6172645f696e616374697665223b733a32303a2244617368626f6172642028696e61637469766529223b7d733a31313a227374796c65736865657473223b613a313a7b733a333a22616c6c223b613a31323a7b733a31323a226373732f626173652e637373223b733a33383a2273697465732f616c6c2f7468656d65732f70696e626f6172642f6373732f626173652e637373223b733a31363a226373732f736b656c65746f6e2e637373223b733a34323a2273697465732f616c6c2f7468656d65732f70696e626f6172642f6373732f736b656c65746f6e2e637373223b733a31343a226373732f6c61796f75742e637373223b733a34303a2273697465732f616c6c2f7468656d65732f70696e626f6172642f6373732f6c61796f75742e637373223b733a32313a226373732f615f6d61696e5f7374796c65732e637373223b733a34373a2273697465732f616c6c2f7468656d65732f70696e626f6172642f6373732f615f6d61696e5f7374796c65732e637373223b733a31353a226373732f615f626c6f636b2e637373223b733a34313a2273697465732f616c6c2f7468656d65732f70696e626f6172642f6373732f615f626c6f636b2e637373223b733a31343a226373732f6865616465722e637373223b733a34303a2273697465732f616c6c2f7468656d65732f70696e626f6172642f6373732f6865616465722e637373223b733a32353a226373732f746f705f6d656e755f7375626a5f6261722e637373223b733a35313a2273697465732f616c6c2f7468656d65732f70696e626f6172642f6373732f746f705f6d656e755f7375626a5f6261722e637373223b733a31353a226373732f70696e5f626f782e637373223b733a34313a2273697465732f616c6c2f7468656d65732f70696e626f6172642f6373732f70696e5f626f782e637373223b733a31393a226373732f70696e5f6f7665726c61792e637373223b733a34353a2273697465732f616c6c2f7468656d65732f70696e626f6172642f6373732f70696e5f6f7665726c61792e637373223b733a31353a226373732f70726f66696c652e637373223b733a34313a2273697465732f616c6c2f7468656d65732f70696e626f6172642f6373732f70726f66696c652e637373223b733a31333a226373732f626f6172642e637373223b733a33393a2273697465732f616c6c2f7468656d65732f70696e626f6172642f6373732f626f6172642e637373223b733a31323a226373732f706167652e637373223b733a33383a2273697465732f616c6c2f7468656d65732f70696e626f6172642f6373732f706167652e637373223b7d7d733a373a2273637269707473223b613a343a7b733a32313a227363722f6a71756572792e6d61736f6e72792e6a73223b733a34373a2273697465732f616c6c2f7468656d65732f70696e626f6172642f7363722f6a71756572792e6d61736f6e72792e6a73223b733a32383a227363722f6a71756572792e696e66696e6974657363726f6c6c2e6a73223b733a35343a2273697465732f616c6c2f7468656d65732f70696e626f6172642f7363722f6a71756572792e696e66696e6974657363726f6c6c2e6a73223b733a32333a227363722f6a71756572792e74776565742e6d696e2e6a73223b733a34393a2273697465732f616c6c2f7468656d65732f70696e626f6172642f7363722f6a71756572792e74776565742e6d696e2e6a73223b733a31313a227363722f6c696b652e6a73223b733a33373a2273697465732f616c6c2f7468656d65732f70696e626f6172642f7363722f6c696b652e6a73223b7d733a363a22656e67696e65223b733a31313a2270687074656d706c617465223b733a383a226665617475726573223b613a393a7b693a303b733a343a226c6f676f223b693a313b733a373a2266617669636f6e223b693a323b733a343a226e616d65223b693a333b733a363a22736c6f67616e223b693a343b733a31373a226e6f64655f757365725f70696374757265223b693a353b733a32303a22636f6d6d656e745f757365725f70696374757265223b693a363b733a32353a22636f6d6d656e745f757365725f766572696669636174696f6e223b693a373b733a393a226d61696e5f6d656e75223b693a383b733a31343a227365636f6e646172795f6d656e75223b7d733a333a22706870223b733a353a22352e322e34223b733a31353a226f7665726c61795f726567696f6e73223b613a353a7b693a303b733a31343a2264617368626f6172645f6d61696e223b693a313b733a31373a2264617368626f6172645f73696465626172223b693a323b733a31383a2264617368626f6172645f696e616374697665223b693a333b733a373a22636f6e74656e74223b693a343b733a343a2268656c70223b7d733a31343a22726567696f6e735f68696464656e223b613a323a7b693a303b733a383a22706167655f746f70223b693a313b733a31313a22706167655f626f74746f6d223b7d733a32383a226f7665726c61795f737570706c656d656e74616c5f726567696f6e73223b613a313a7b693a303b733a383a22706167655f746f70223b7d7d733a31313a227374796c65736865657473223b613a313a7b733a333a22616c6c223b613a31323a7b733a31323a226373732f626173652e637373223b733a33383a2273697465732f616c6c2f7468656d65732f70696e626f6172642f6373732f626173652e637373223b733a31363a226373732f736b656c65746f6e2e637373223b733a34323a2273697465732f616c6c2f7468656d65732f70696e626f6172642f6373732f736b656c65746f6e2e637373223b733a31343a226373732f6c61796f75742e637373223b733a34303a2273697465732f616c6c2f7468656d65732f70696e626f6172642f6373732f6c61796f75742e637373223b733a32313a226373732f615f6d61696e5f7374796c65732e637373223b733a34373a2273697465732f616c6c2f7468656d65732f70696e626f6172642f6373732f615f6d61696e5f7374796c65732e637373223b733a31353a226373732f615f626c6f636b2e637373223b733a34313a2273697465732f616c6c2f7468656d65732f70696e626f6172642f6373732f615f626c6f636b2e637373223b733a31343a226373732f6865616465722e637373223b733a34303a2273697465732f616c6c2f7468656d65732f70696e626f6172642f6373732f6865616465722e637373223b733a32353a226373732f746f705f6d656e755f7375626a5f6261722e637373223b733a35313a2273697465732f616c6c2f7468656d65732f70696e626f6172642f6373732f746f705f6d656e755f7375626a5f6261722e637373223b733a31353a226373732f70696e5f626f782e637373223b733a34313a2273697465732f616c6c2f7468656d65732f70696e626f6172642f6373732f70696e5f626f782e637373223b733a31393a226373732f70696e5f6f7665726c61792e637373223b733a34353a2273697465732f616c6c2f7468656d65732f70696e626f6172642f6373732f70696e5f6f7665726c61792e637373223b733a31353a226373732f70726f66696c652e637373223b733a34313a2273697465732f616c6c2f7468656d65732f70696e626f6172642f6373732f70726f66696c652e637373223b733a31333a226373732f626f6172642e637373223b733a33393a2273697465732f616c6c2f7468656d65732f70696e626f6172642f6373732f626f6172642e637373223b733a31323a226373732f706167652e637373223b733a33383a2273697465732f616c6c2f7468656d65732f70696e626f6172642f6373732f706167652e637373223b7d7d733a373a2273637269707473223b613a343a7b733a32313a227363722f6a71756572792e6d61736f6e72792e6a73223b733a34373a2273697465732f616c6c2f7468656d65732f70696e626f6172642f7363722f6a71756572792e6d61736f6e72792e6a73223b733a32383a227363722f6a71756572792e696e66696e6974657363726f6c6c2e6a73223b733a35343a2273697465732f616c6c2f7468656d65732f70696e626f6172642f7363722f6a71756572792e696e66696e6974657363726f6c6c2e6a73223b733a32333a227363722f6a71756572792e74776565742e6d696e2e6a73223b733a34393a2273697465732f616c6c2f7468656d65732f70696e626f6172642f7363722f6a71756572792e74776565742e6d696e2e6a73223b733a31313a227363722f6c696b652e6a73223b733a33373a2273697465732f616c6c2f7468656d65732f70696e626f6172642f7363722f6c696b652e6a73223b7d733a363a22656e67696e65223b733a31313a2270687074656d706c617465223b7d7d, 'block_admin_display', 0x613a313a7b693a303b733a383a2270696e626f617264223b7d, '', 31, 5, 1, 'admin/structure/block', 'admin/structure/block', 'Pin Board', 't', '', '', 'a:0:{}', 140, '', '', -10, 'modules/block/block.admin.inc'),
('admin/structure/block/list/seven', '', '', '_block_themes_access', 0x613a313a7b693a303b4f3a383a22737464436c617373223a31313a7b733a383a2266696c656e616d65223b733a32333a227468656d65732f736576656e2f736576656e2e696e666f223b733a343a226e616d65223b733a353a22736576656e223b733a343a2274797065223b733a353a227468656d65223b733a353a226f776e6572223b733a34353a227468656d65732f656e67696e65732f70687074656d706c6174652f70687074656d706c6174652e656e67696e65223b733a363a22737461747573223b733a313a2231223b733a393a22626f6f747374726170223b733a313a2230223b733a31343a22736368656d615f76657273696f6e223b733a323a222d31223b733a363a22776569676874223b733a313a2230223b733a343a22696e666f223b613a31383a7b733a343a226e616d65223b733a353a22536576656e223b733a31313a226465736372697074696f6e223b733a36353a22412073696d706c65206f6e652d636f6c756d6e2c207461626c656c6573732c20666c7569642077696474682061646d696e697374726174696f6e207468656d652e223b733a373a227061636b616765223b733a343a22436f7265223b733a373a2276657273696f6e223b733a343a22372e3134223b733a343a22636f7265223b733a333a22372e78223b733a31313a227374796c65736865657473223b613a313a7b733a363a2273637265656e223b613a323a7b733a393a2272657365742e637373223b733a32323a227468656d65732f736576656e2f72657365742e637373223b733a393a227374796c652e637373223b733a32323a227468656d65732f736576656e2f7374796c652e637373223b7d7d733a383a2273657474696e6773223b613a313a7b733a32303a2273686f72746375745f6d6f64756c655f6c696e6b223b733a313a2231223b7d733a373a22726567696f6e73223b613a383a7b733a373a22636f6e74656e74223b733a373a22436f6e74656e74223b733a343a2268656c70223b733a343a2248656c70223b733a383a22706167655f746f70223b733a383a225061676520746f70223b733a31313a22706167655f626f74746f6d223b733a31313a225061676520626f74746f6d223b733a31333a22736964656261725f6669727374223b733a31333a2246697273742073696465626172223b733a31343a2264617368626f6172645f6d61696e223b733a31363a2244617368626f61726420286d61696e29223b733a31373a2264617368626f6172645f73696465626172223b733a31393a2244617368626f61726420287369646562617229223b733a31383a2264617368626f6172645f696e616374697665223b733a32303a2244617368626f6172642028696e61637469766529223b7d733a31343a22726567696f6e735f68696464656e223b613a333a7b693a303b733a31333a22736964656261725f6669727374223b693a313b733a383a22706167655f746f70223b693a323b733a31313a22706167655f626f74746f6d223b7d733a373a2270726f6a656374223b733a363a2264727570616c223b733a393a22646174657374616d70223b733a31303a2231333335393937353535223b733a363a22656e67696e65223b733a31313a2270687074656d706c617465223b733a383a226665617475726573223b613a393a7b693a303b733a343a226c6f676f223b693a313b733a373a2266617669636f6e223b693a323b733a343a226e616d65223b693a333b733a363a22736c6f67616e223b693a343b733a31373a226e6f64655f757365725f70696374757265223b693a353b733a32303a22636f6d6d656e745f757365725f70696374757265223b693a363b733a32353a22636f6d6d656e745f757365725f766572696669636174696f6e223b693a373b733a393a226d61696e5f6d656e75223b693a383b733a31343a227365636f6e646172795f6d656e75223b7d733a31303a2273637265656e73686f74223b733a32373a227468656d65732f736576656e2f73637265656e73686f742e706e67223b733a333a22706870223b733a353a22352e322e34223b733a373a2273637269707473223b613a303a7b7d733a31353a226f7665726c61795f726567696f6e73223b613a353a7b693a303b733a31343a2264617368626f6172645f6d61696e223b693a313b733a31373a2264617368626f6172645f73696465626172223b693a323b733a31383a2264617368626f6172645f696e616374697665223b693a333b733a373a22636f6e74656e74223b693a343b733a343a2268656c70223b7d733a32383a226f7665726c61795f737570706c656d656e74616c5f726567696f6e73223b613a313a7b693a303b733a383a22706167655f746f70223b7d7d733a31313a227374796c65736865657473223b613a313a7b733a363a2273637265656e223b613a323a7b733a393a2272657365742e637373223b733a32323a227468656d65732f736576656e2f72657365742e637373223b733a393a227374796c652e637373223b733a32323a227468656d65732f736576656e2f7374796c652e637373223b7d7d733a363a22656e67696e65223b733a31313a2270687074656d706c617465223b7d7d, 'block_admin_display', 0x613a313a7b693a303b733a353a22736576656e223b7d, '', 31, 5, 1, 'admin/structure/block', 'admin/structure/block', 'Seven', 't', '', '', 'a:0:{}', 132, '', '', 0, 'modules/block/block.admin.inc'),
('admin/structure/block/list/seven/add', '', '', 'user_access', 0x613a313a7b693a303b733a31373a2261646d696e697374657220626c6f636b73223b7d, 'drupal_get_form', 0x613a313a7b693a303b733a32303a22626c6f636b5f6164645f626c6f636b5f666f726d223b7d, '', 63, 6, 1, 'admin/structure/block/list/seven', 'admin/structure/block', 'Add block', 't', '', '', 'a:0:{}', 388, '', '', 0, 'modules/block/block.admin.inc'),
('admin/structure/block/list/stark', '', '', '_block_themes_access', 0x613a313a7b693a303b4f3a383a22737464436c617373223a31313a7b733a383a2266696c656e616d65223b733a32333a227468656d65732f737461726b2f737461726b2e696e666f223b733a343a226e616d65223b733a353a22737461726b223b733a343a2274797065223b733a353a227468656d65223b733a353a226f776e6572223b733a34353a227468656d65732f656e67696e65732f70687074656d706c6174652f70687074656d706c6174652e656e67696e65223b733a363a22737461747573223b733a313a2230223b733a393a22626f6f747374726170223b733a313a2230223b733a31343a22736368656d615f76657273696f6e223b733a323a222d31223b733a363a22776569676874223b733a313a2230223b733a343a22696e666f223b613a31373a7b733a343a226e616d65223b733a353a22537461726b223b733a31313a226465736372697074696f6e223b733a3230383a2254686973207468656d652064656d6f6e737472617465732044727570616c27732064656661756c742048544d4c206d61726b757020616e6420435353207374796c65732e20546f206c6561726e20686f7720746f206275696c6420796f7572206f776e207468656d6520616e64206f766572726964652044727570616c27732064656661756c7420636f64652c2073656520746865203c6120687265663d22687474703a2f2f64727570616c2e6f72672f7468656d652d6775696465223e5468656d696e672047756964653c2f613e2e223b733a373a227061636b616765223b733a343a22436f7265223b733a373a2276657273696f6e223b733a343a22372e3134223b733a343a22636f7265223b733a333a22372e78223b733a31313a227374796c65736865657473223b613a313a7b733a333a22616c6c223b613a313a7b733a31303a226c61796f75742e637373223b733a32333a227468656d65732f737461726b2f6c61796f75742e637373223b7d7d733a373a2270726f6a656374223b733a363a2264727570616c223b733a393a22646174657374616d70223b733a31303a2231333335393937353535223b733a363a22656e67696e65223b733a31313a2270687074656d706c617465223b733a373a22726567696f6e73223b613a31323a7b733a31333a22736964656261725f6669727374223b733a31323a224c6566742073696465626172223b733a31343a22736964656261725f7365636f6e64223b733a31333a2252696768742073696465626172223b733a373a22636f6e74656e74223b733a373a22436f6e74656e74223b733a363a22686561646572223b733a363a22486561646572223b733a363a22666f6f746572223b733a363a22466f6f746572223b733a31313a22686967686c696768746564223b733a31313a22486967686c696768746564223b733a343a2268656c70223b733a343a2248656c70223b733a383a22706167655f746f70223b733a383a225061676520746f70223b733a31313a22706167655f626f74746f6d223b733a31313a225061676520626f74746f6d223b733a31343a2264617368626f6172645f6d61696e223b733a31363a2244617368626f61726420286d61696e29223b733a31373a2264617368626f6172645f73696465626172223b733a31393a2244617368626f61726420287369646562617229223b733a31383a2264617368626f6172645f696e616374697665223b733a32303a2244617368626f6172642028696e61637469766529223b7d733a383a226665617475726573223b613a393a7b693a303b733a343a226c6f676f223b693a313b733a373a2266617669636f6e223b693a323b733a343a226e616d65223b693a333b733a363a22736c6f67616e223b693a343b733a31373a226e6f64655f757365725f70696374757265223b693a353b733a32303a22636f6d6d656e745f757365725f70696374757265223b693a363b733a32353a22636f6d6d656e745f757365725f766572696669636174696f6e223b693a373b733a393a226d61696e5f6d656e75223b693a383b733a31343a227365636f6e646172795f6d656e75223b7d733a31303a2273637265656e73686f74223b733a32373a227468656d65732f737461726b2f73637265656e73686f742e706e67223b733a333a22706870223b733a353a22352e322e34223b733a373a2273637269707473223b613a303a7b7d733a31353a226f7665726c61795f726567696f6e73223b613a353a7b693a303b733a31343a2264617368626f6172645f6d61696e223b693a313b733a31373a2264617368626f6172645f73696465626172223b693a323b733a31383a2264617368626f6172645f696e616374697665223b693a333b733a373a22636f6e74656e74223b693a343b733a343a2268656c70223b7d733a31343a22726567696f6e735f68696464656e223b613a323a7b693a303b733a383a22706167655f746f70223b693a313b733a31313a22706167655f626f74746f6d223b7d733a32383a226f7665726c61795f737570706c656d656e74616c5f726567696f6e73223b613a313a7b693a303b733a383a22706167655f746f70223b7d7d733a31313a227374796c65736865657473223b613a313a7b733a333a22616c6c223b613a313a7b733a31303a226c61796f75742e637373223b733a32333a227468656d65732f737461726b2f6c61796f75742e637373223b7d7d733a363a22656e67696e65223b733a31313a2270687074656d706c617465223b7d7d, 'block_admin_display', 0x613a313a7b693a303b733a353a22737461726b223b7d, '', 31, 5, 1, 'admin/structure/block', 'admin/structure/block', 'Stark', 't', '', '', 'a:0:{}', 132, '', '', 0, 'modules/block/block.admin.inc'),
('admin/structure/block/list/stark/add', '', '', 'user_access', 0x613a313a7b693a303b733a31373a2261646d696e697374657220626c6f636b73223b7d, 'drupal_get_form', 0x613a313a7b693a303b733a32303a22626c6f636b5f6164645f626c6f636b5f666f726d223b7d, '', 63, 6, 1, 'admin/structure/block/list/stark', 'admin/structure/block', 'Add block', 't', '', '', 'a:0:{}', 388, '', '', 0, 'modules/block/block.admin.inc'),
('admin/structure/block/manage/%/%', 0x613a323a7b693a343b4e3b693a353b4e3b7d, '', 'user_access', 0x613a313a7b693a303b733a31373a2261646d696e697374657220626c6f636b73223b7d, 'drupal_get_form', 0x613a333a7b693a303b733a32313a22626c6f636b5f61646d696e5f636f6e666967757265223b693a313b693a343b693a323b693a353b7d, '', 60, 6, 0, '', 'admin/structure/block/manage/%/%', 'Configure block', 't', '', '', 'a:0:{}', 6, '', '', 0, 'modules/block/block.admin.inc'),
('admin/structure/block/manage/%/%/configure', 0x613a323a7b693a343b4e3b693a353b4e3b7d, '', 'user_access', 0x613a313a7b693a303b733a31373a2261646d696e697374657220626c6f636b73223b7d, 'drupal_get_form', 0x613a333a7b693a303b733a32313a22626c6f636b5f61646d696e5f636f6e666967757265223b693a313b693a343b693a323b693a353b7d, '', 121, 7, 2, 'admin/structure/block/manage/%/%', 'admin/structure/block/manage/%/%', 'Configure block', 't', '', '', 'a:0:{}', 140, '', '', 0, 'modules/block/block.admin.inc'),
('admin/structure/block/manage/%/%/delete', 0x613a323a7b693a343b4e3b693a353b4e3b7d, '', 'user_access', 0x613a313a7b693a303b733a31373a2261646d696e697374657220626c6f636b73223b7d, 'drupal_get_form', 0x613a333a7b693a303b733a32353a22626c6f636b5f637573746f6d5f626c6f636b5f64656c657465223b693a313b693a343b693a323b693a353b7d, '', 121, 7, 0, 'admin/structure/block/manage/%/%', 'admin/structure/block/manage/%/%', 'Delete block', 't', '', '', 'a:0:{}', 132, '', '', 0, 'modules/block/block.admin.inc'),
('admin/structure/contact', '', '', 'user_access', 0x613a313a7b693a303b733a32343a2261646d696e697374657220636f6e7461637420666f726d73223b7d, 'contact_category_list', 0x613a303a7b7d, '', 7, 3, 0, '', 'admin/structure/contact', 'Contact form', 't', '', '', 'a:0:{}', 6, 'Create a system contact form and set up categories for the form to use.', '', 0, 'modules/contact/contact.admin.inc'),
('admin/structure/contact/add', '', '', 'user_access', 0x613a313a7b693a303b733a32343a2261646d696e697374657220636f6e7461637420666f726d73223b7d, 'drupal_get_form', 0x613a313a7b693a303b733a32363a22636f6e746163745f63617465676f72795f656469745f666f726d223b7d, '', 15, 4, 1, 'admin/structure/contact', 'admin/structure/contact', 'Add category', 't', '', '', 'a:0:{}', 388, '', '', 1, 'modules/contact/contact.admin.inc'),
('admin/structure/contact/delete/%', 0x613a313a7b693a343b733a31323a22636f6e746163745f6c6f6164223b7d, '', 'user_access', 0x613a313a7b693a303b733a32343a2261646d696e697374657220636f6e7461637420666f726d73223b7d, 'drupal_get_form', 0x613a323a7b693a303b733a32383a22636f6e746163745f63617465676f72795f64656c6574655f666f726d223b693a313b693a343b7d, '', 30, 5, 0, '', 'admin/structure/contact/delete/%', 'Delete contact', 't', '', '', 'a:0:{}', 6, '', '', 0, 'modules/contact/contact.admin.inc'),
('admin/structure/contact/edit/%', 0x613a313a7b693a343b733a31323a22636f6e746163745f6c6f6164223b7d, '', 'user_access', 0x613a313a7b693a303b733a32343a2261646d696e697374657220636f6e7461637420666f726d73223b7d, 'drupal_get_form', 0x613a323a7b693a303b733a32363a22636f6e746163745f63617465676f72795f656469745f666f726d223b693a313b693a343b7d, '', 30, 5, 0, '', 'admin/structure/contact/edit/%', 'Edit contact category', 't', '', '', 'a:0:{}', 6, '', '', 0, 'modules/contact/contact.admin.inc'),
('admin/structure/menu', '', '', 'user_access', 0x613a313a7b693a303b733a31353a2261646d696e6973746572206d656e75223b7d, 'menu_overview_page', 0x613a303a7b7d, '', 7, 3, 0, '', 'admin/structure/menu', 'Menus', 't', '', '', 'a:0:{}', 6, 'Add new menus to your site, edit existing menus, and rename and reorganize menu links.', '', 0, 'modules/menu/menu.admin.inc'),
('admin/structure/menu/add', '', '', 'user_access', 0x613a313a7b693a303b733a31353a2261646d696e6973746572206d656e75223b7d, 'drupal_get_form', 0x613a323a7b693a303b733a31343a226d656e755f656469745f6d656e75223b693a313b733a333a22616464223b7d, '', 15, 4, 1, 'admin/structure/menu', 'admin/structure/menu', 'Add menu', 't', '', '', 'a:0:{}', 388, '', '', 0, 'modules/menu/menu.admin.inc'),
('admin/structure/menu/item/%/delete', 0x613a313a7b693a343b733a31343a226d656e755f6c696e6b5f6c6f6164223b7d, '', 'user_access', 0x613a313a7b693a303b733a31353a2261646d696e6973746572206d656e75223b7d, 'menu_item_delete_page', 0x613a313a7b693a303b693a343b7d, '', 61, 6, 0, '', 'admin/structure/menu/item/%/delete', 'Delete menu link', 't', '', '', 'a:0:{}', 6, '', '', 0, 'modules/menu/menu.admin.inc'),
('admin/structure/menu/item/%/edit', 0x613a313a7b693a343b733a31343a226d656e755f6c696e6b5f6c6f6164223b7d, '', 'user_access', 0x613a313a7b693a303b733a31353a2261646d696e6973746572206d656e75223b7d, 'drupal_get_form', 0x613a343a7b693a303b733a31343a226d656e755f656469745f6974656d223b693a313b733a343a2265646974223b693a323b693a343b693a333b4e3b7d, '', 61, 6, 0, '', 'admin/structure/menu/item/%/edit', 'Edit menu link', 't', '', '', 'a:0:{}', 6, '', '', 0, 'modules/menu/menu.admin.inc'),
('admin/structure/menu/item/%/reset', 0x613a313a7b693a343b733a31343a226d656e755f6c696e6b5f6c6f6164223b7d, '', 'user_access', 0x613a313a7b693a303b733a31353a2261646d696e6973746572206d656e75223b7d, 'drupal_get_form', 0x613a323a7b693a303b733a32333a226d656e755f72657365745f6974656d5f636f6e6669726d223b693a313b693a343b7d, '', 61, 6, 0, '', 'admin/structure/menu/item/%/reset', 'Reset menu link', 't', '', '', 'a:0:{}', 6, '', '', 0, 'modules/menu/menu.admin.inc'),
('admin/structure/menu/list', '', '', 'user_access', 0x613a313a7b693a303b733a31353a2261646d696e6973746572206d656e75223b7d, 'menu_overview_page', 0x613a303a7b7d, '', 15, 4, 1, 'admin/structure/menu', 'admin/structure/menu', 'List menus', 't', '', '', 'a:0:{}', 140, '', '', -10, 'modules/menu/menu.admin.inc'),
('admin/structure/menu/manage/%', 0x613a313a7b693a343b733a393a226d656e755f6c6f6164223b7d, '', 'user_access', 0x613a313a7b693a303b733a31353a2261646d696e6973746572206d656e75223b7d, 'drupal_get_form', 0x613a323a7b693a303b733a31383a226d656e755f6f766572766965775f666f726d223b693a313b693a343b7d, '', 30, 5, 0, '', 'admin/structure/menu/manage/%', 'Customize menu', 'menu_overview_title', 'a:1:{i:0;i:4;}', '', 'a:0:{}', 6, '', '', 0, 'modules/menu/menu.admin.inc'),
('admin/structure/menu/manage/%/add', 0x613a313a7b693a343b733a393a226d656e755f6c6f6164223b7d, '', 'user_access', 0x613a313a7b693a303b733a31353a2261646d696e6973746572206d656e75223b7d, 'drupal_get_form', 0x613a343a7b693a303b733a31343a226d656e755f656469745f6974656d223b693a313b733a333a22616464223b693a323b4e3b693a333b693a343b7d, '', 61, 6, 1, 'admin/structure/menu/manage/%', 'admin/structure/menu/manage/%', 'Add link', 't', '', '', 'a:0:{}', 388, '', '', 0, 'modules/menu/menu.admin.inc'),
('admin/structure/menu/manage/%/delete', 0x613a313a7b693a343b733a393a226d656e755f6c6f6164223b7d, '', 'user_access', 0x613a313a7b693a303b733a31353a2261646d696e6973746572206d656e75223b7d, 'menu_delete_menu_page', 0x613a313a7b693a303b693a343b7d, '', 61, 6, 0, '', 'admin/structure/menu/manage/%/delete', 'Delete menu', 't', '', '', 'a:0:{}', 6, '', '', 0, 'modules/menu/menu.admin.inc'),
('admin/structure/menu/manage/%/edit', 0x613a313a7b693a343b733a393a226d656e755f6c6f6164223b7d, '', 'user_access', 0x613a313a7b693a303b733a31353a2261646d696e6973746572206d656e75223b7d, 'drupal_get_form', 0x613a333a7b693a303b733a31343a226d656e755f656469745f6d656e75223b693a313b733a343a2265646974223b693a323b693a343b7d, '', 61, 6, 3, 'admin/structure/menu/manage/%', 'admin/structure/menu/manage/%', 'Edit menu', 't', '', '', 'a:0:{}', 132, '', '', 0, 'modules/menu/menu.admin.inc'),
('admin/structure/menu/manage/%/list', 0x613a313a7b693a343b733a393a226d656e755f6c6f6164223b7d, '', 'user_access', 0x613a313a7b693a303b733a31353a2261646d696e6973746572206d656e75223b7d, 'drupal_get_form', 0x613a323a7b693a303b733a31383a226d656e755f6f766572766965775f666f726d223b693a313b693a343b7d, '', 61, 6, 3, 'admin/structure/menu/manage/%', 'admin/structure/menu/manage/%', 'List links', 't', '', '', 'a:0:{}', 140, '', '', -10, 'modules/menu/menu.admin.inc'),
('admin/structure/menu/parents', '', '', 'user_access', 0x613a313a7b693a303b623a313b7d, 'menu_parent_options_js', 0x613a303a7b7d, '', 15, 4, 0, '', 'admin/structure/menu/parents', 'Parent menu items', 't', '', '', 'a:0:{}', 0, '', '', 0, ''),
('admin/structure/menu/settings', '', '', 'user_access', 0x613a313a7b693a303b733a31353a2261646d696e6973746572206d656e75223b7d, 'drupal_get_form', 0x613a313a7b693a303b733a31343a226d656e755f636f6e666967757265223b7d, '', 15, 4, 1, 'admin/structure/menu', 'admin/structure/menu', 'Settings', 't', '', '', 'a:0:{}', 132, '', '', 5, 'modules/menu/menu.admin.inc'),
('admin/structure/rate', '', '', 'user_access', 0x613a313a7b693a303b733a32393a2261646d696e6973746572207369746520636f6e66696775726174696f6e223b7d, 'rate_admin_page', 0x613a303a7b7d, '', 7, 3, 0, '', 'admin/structure/rate', 'Rate widgets', 't', '', '', 'a:0:{}', 6, 'Manage rating widgets.', '', 0, 'sites/all/modules/rate/rate.admin.inc'),
('admin/structure/rate/%/delete', 0x613a313a7b693a333b4e3b7d, '', 'user_access', 0x613a313a7b693a303b733a32393a2261646d696e6973746572207369746520636f6e66696775726174696f6e223b7d, 'drupal_get_form', 0x613a323a7b693a303b733a32333a22726174655f7769646765745f64656c6574655f666f726d223b693a313b693a333b7d, '', 29, 5, 0, '', 'admin/structure/rate/%/delete', 'Delete widget', 't', '', '', 'a:0:{}', 0, '', '', 0, 'sites/all/modules/rate/rate.admin.inc'),
('admin/structure/rate/%/edit', 0x613a313a7b693a333b4e3b7d, '', 'user_access', 0x613a313a7b693a303b733a32393a2261646d696e6973746572207369746520636f6e66696775726174696f6e223b7d, 'drupal_get_form', 0x613a323a7b693a303b733a31363a22726174655f7769646765745f666f726d223b693a313b693a333b7d, '', 29, 5, 0, '', 'admin/structure/rate/%/edit', 'Edit widget', 't', '', '', 'a:0:{}', 0, '', '', 0, 'sites/all/modules/rate/rate.admin.inc'),
('admin/structure/rate/%/template', 0x613a313a7b693a333b4e3b7d, '', 'user_access', 0x613a313a7b693a303b733a32393a2261646d696e6973746572207369746520636f6e66696775726174696f6e223b7d, 'drupal_get_form', 0x613a323a7b693a303b733a32353a22726174655f63686f6f73655f74656d706c6174655f666f726d223b693a313b693a333b7d, '', 29, 5, 0, '', 'admin/structure/rate/%/template', 'Switch template', 't', '', '', 'a:0:{}', 0, '', '', 0, 'sites/all/modules/rate/rate.admin.inc'),
('admin/structure/rate/add', '', '', 'user_access', 0x613a313a7b693a303b733a32393a2261646d696e6973746572207369746520636f6e66696775726174696f6e223b7d, 'drupal_get_form', 0x613a313a7b693a303b733a31363a22726174655f7769646765745f666f726d223b7d, '', 15, 4, 0, '', 'admin/structure/rate/add', 'Add widget', 't', '', '', 'a:0:{}', 0, '', '', 1, 'sites/all/modules/rate/rate.admin.inc'),
('admin/structure/rate/list', '', '', 'user_access', 0x613a313a7b693a303b733a32393a2261646d696e6973746572207369746520636f6e66696775726174696f6e223b7d, 'rate_admin_page', 0x613a303a7b7d, '', 15, 4, 1, 'admin/structure/rate', 'admin/structure/rate', 'List', 't', '', '', 'a:0:{}', 140, '', '', 0, 'sites/all/modules/rate/rate.admin.inc'),
('admin/structure/taxonomy', '', '', 'user_access', 0x613a313a7b693a303b733a31393a2261646d696e6973746572207461786f6e6f6d79223b7d, 'drupal_get_form', 0x613a313a7b693a303b733a33303a227461786f6e6f6d795f6f766572766965775f766f636162756c6172696573223b7d, '', 7, 3, 0, '', 'admin/structure/taxonomy', 'Taxonomy', 't', '', '', 'a:0:{}', 6, 'Manage tagging, categorization, and classification of your content.', '', 0, 'modules/taxonomy/taxonomy.admin.inc');
INSERT INTO `prefixpinboard_menu_router` (`path`, `load_functions`, `to_arg_functions`, `access_callback`, `access_arguments`, `page_callback`, `page_arguments`, `delivery_callback`, `fit`, `number_parts`, `context`, `tab_parent`, `tab_root`, `title`, `title_callback`, `title_arguments`, `theme_callback`, `theme_arguments`, `type`, `description`, `position`, `weight`, `include_file`) VALUES
('admin/structure/taxonomy/%', 0x613a313a7b693a333b733a33373a227461786f6e6f6d795f766f636162756c6172795f6d616368696e655f6e616d655f6c6f6164223b7d, '', 'user_access', 0x613a313a7b693a303b733a31393a2261646d696e6973746572207461786f6e6f6d79223b7d, 'drupal_get_form', 0x613a323a7b693a303b733a32333a227461786f6e6f6d795f6f766572766965775f7465726d73223b693a313b693a333b7d, '', 14, 4, 0, '', 'admin/structure/taxonomy/%', '', 'taxonomy_admin_vocabulary_title_callback', 'a:1:{i:0;i:3;}', '', 'a:0:{}', 6, '', '', 0, 'modules/taxonomy/taxonomy.admin.inc'),
('admin/structure/taxonomy/%/add', 0x613a313a7b693a333b733a33373a227461786f6e6f6d795f766f636162756c6172795f6d616368696e655f6e616d655f6c6f6164223b7d, '', 'user_access', 0x613a313a7b693a303b733a31393a2261646d696e6973746572207461786f6e6f6d79223b7d, 'drupal_get_form', 0x613a333a7b693a303b733a31383a227461786f6e6f6d795f666f726d5f7465726d223b693a313b613a303a7b7d693a323b693a333b7d, '', 29, 5, 1, 'admin/structure/taxonomy/%', 'admin/structure/taxonomy/%', 'Add term', 't', '', '', 'a:0:{}', 388, '', '', 0, 'modules/taxonomy/taxonomy.admin.inc'),
('admin/structure/taxonomy/%/display', 0x613a313a7b693a333b733a33373a227461786f6e6f6d795f766f636162756c6172795f6d616368696e655f6e616d655f6c6f6164223b7d, '', 'user_access', 0x613a313a7b693a303b733a31393a2261646d696e6973746572207461786f6e6f6d79223b7d, 'drupal_get_form', 0x613a343a7b693a303b733a33303a226669656c645f75695f646973706c61795f6f766572766965775f666f726d223b693a313b733a31333a227461786f6e6f6d795f7465726d223b693a323b693a333b693a333b733a373a2264656661756c74223b7d, '', 29, 5, 1, 'admin/structure/taxonomy/%', 'admin/structure/taxonomy/%', 'Manage display', 't', '', '', 'a:0:{}', 132, '', '', 2, 'modules/field_ui/field_ui.admin.inc'),
('admin/structure/taxonomy/%/display/default', 0x613a313a7b693a333b733a33373a227461786f6e6f6d795f766f636162756c6172795f6d616368696e655f6e616d655f6c6f6164223b7d, '', '_field_ui_view_mode_menu_access', 0x613a353a7b693a303b733a31333a227461786f6e6f6d795f7465726d223b693a313b693a333b693a323b733a373a2264656661756c74223b693a333b733a31313a22757365725f616363657373223b693a343b733a31393a2261646d696e6973746572207461786f6e6f6d79223b7d, 'drupal_get_form', 0x613a343a7b693a303b733a33303a226669656c645f75695f646973706c61795f6f766572766965775f666f726d223b693a313b733a31333a227461786f6e6f6d795f7465726d223b693a323b693a333b693a333b733a373a2264656661756c74223b7d, '', 59, 6, 1, 'admin/structure/taxonomy/%/display', 'admin/structure/taxonomy/%', 'Default', 't', '', '', 'a:0:{}', 140, '', '', -10, 'modules/field_ui/field_ui.admin.inc'),
('admin/structure/taxonomy/%/display/full', 0x613a313a7b693a333b733a33373a227461786f6e6f6d795f766f636162756c6172795f6d616368696e655f6e616d655f6c6f6164223b7d, '', '_field_ui_view_mode_menu_access', 0x613a353a7b693a303b733a31333a227461786f6e6f6d795f7465726d223b693a313b693a333b693a323b733a343a2266756c6c223b693a333b733a31313a22757365725f616363657373223b693a343b733a31393a2261646d696e6973746572207461786f6e6f6d79223b7d, 'drupal_get_form', 0x613a343a7b693a303b733a33303a226669656c645f75695f646973706c61795f6f766572766965775f666f726d223b693a313b733a31333a227461786f6e6f6d795f7465726d223b693a323b693a333b693a333b733a343a2266756c6c223b7d, '', 59, 6, 1, 'admin/structure/taxonomy/%/display', 'admin/structure/taxonomy/%', 'Taxonomy term page', 't', '', '', 'a:0:{}', 132, '', '', 0, 'modules/field_ui/field_ui.admin.inc'),
('admin/structure/taxonomy/%/display/token', 0x613a313a7b693a333b733a33373a227461786f6e6f6d795f766f636162756c6172795f6d616368696e655f6e616d655f6c6f6164223b7d, '', '_field_ui_view_mode_menu_access', 0x613a353a7b693a303b733a31333a227461786f6e6f6d795f7465726d223b693a313b693a333b693a323b733a353a22746f6b656e223b693a333b733a31313a22757365725f616363657373223b693a343b733a31393a2261646d696e6973746572207461786f6e6f6d79223b7d, 'drupal_get_form', 0x613a343a7b693a303b733a33303a226669656c645f75695f646973706c61795f6f766572766965775f666f726d223b693a313b733a31333a227461786f6e6f6d795f7465726d223b693a323b693a333b693a333b733a353a22746f6b656e223b7d, '', 59, 6, 1, 'admin/structure/taxonomy/%/display', 'admin/structure/taxonomy/%', 'Tokens', 't', '', '', 'a:0:{}', 132, '', '', 1, 'modules/field_ui/field_ui.admin.inc'),
('admin/structure/taxonomy/%/edit', 0x613a313a7b693a333b733a33373a227461786f6e6f6d795f766f636162756c6172795f6d616368696e655f6e616d655f6c6f6164223b7d, '', 'user_access', 0x613a313a7b693a303b733a31393a2261646d696e6973746572207461786f6e6f6d79223b7d, 'drupal_get_form', 0x613a323a7b693a303b733a32343a227461786f6e6f6d795f666f726d5f766f636162756c617279223b693a313b693a333b7d, '', 29, 5, 1, 'admin/structure/taxonomy/%', 'admin/structure/taxonomy/%', 'Edit', 't', '', '', 'a:0:{}', 132, '', '', -10, 'modules/taxonomy/taxonomy.admin.inc'),
('admin/structure/taxonomy/%/fields', 0x613a313a7b693a333b733a33373a227461786f6e6f6d795f766f636162756c6172795f6d616368696e655f6e616d655f6c6f6164223b7d, '', 'user_access', 0x613a313a7b693a303b733a31393a2261646d696e6973746572207461786f6e6f6d79223b7d, 'drupal_get_form', 0x613a333a7b693a303b733a32383a226669656c645f75695f6669656c645f6f766572766965775f666f726d223b693a313b733a31333a227461786f6e6f6d795f7465726d223b693a323b693a333b7d, '', 29, 5, 1, 'admin/structure/taxonomy/%', 'admin/structure/taxonomy/%', 'Manage fields', 't', '', '', 'a:0:{}', 132, '', '', 1, 'modules/field_ui/field_ui.admin.inc'),
('admin/structure/taxonomy/%/fields/%', 0x613a323a7b693a333b613a313a7b733a33373a227461786f6e6f6d795f766f636162756c6172795f6d616368696e655f6e616d655f6c6f6164223b613a343a7b693a303b733a31333a227461786f6e6f6d795f7465726d223b693a313b693a333b693a323b733a313a2233223b693a333b733a343a22256d6170223b7d7d693a353b613a313a7b733a31383a226669656c645f75695f6d656e755f6c6f6164223b613a343a7b693a303b733a31333a227461786f6e6f6d795f7465726d223b693a313b693a333b693a323b733a313a2233223b693a333b733a343a22256d6170223b7d7d7d, '', 'user_access', 0x613a313a7b693a303b733a31393a2261646d696e6973746572207461786f6e6f6d79223b7d, 'drupal_get_form', 0x613a323a7b693a303b733a32343a226669656c645f75695f6669656c645f656469745f666f726d223b693a313b693a353b7d, '', 58, 6, 0, '', 'admin/structure/taxonomy/%/fields/%', '', 'field_ui_menu_title', 'a:1:{i:0;i:5;}', '', 'a:0:{}', 6, '', '', 0, 'modules/field_ui/field_ui.admin.inc'),
('admin/structure/taxonomy/%/fields/%/delete', 0x613a323a7b693a333b613a313a7b733a33373a227461786f6e6f6d795f766f636162756c6172795f6d616368696e655f6e616d655f6c6f6164223b613a343a7b693a303b733a31333a227461786f6e6f6d795f7465726d223b693a313b693a333b693a323b733a313a2233223b693a333b733a343a22256d6170223b7d7d693a353b613a313a7b733a31383a226669656c645f75695f6d656e755f6c6f6164223b613a343a7b693a303b733a31333a227461786f6e6f6d795f7465726d223b693a313b693a333b693a323b733a313a2233223b693a333b733a343a22256d6170223b7d7d7d, '', 'user_access', 0x613a313a7b693a303b733a31393a2261646d696e6973746572207461786f6e6f6d79223b7d, 'drupal_get_form', 0x613a323a7b693a303b733a32363a226669656c645f75695f6669656c645f64656c6574655f666f726d223b693a313b693a353b7d, '', 117, 7, 1, 'admin/structure/taxonomy/%/fields/%', 'admin/structure/taxonomy/%/fields/%', 'Delete', 't', '', '', 'a:0:{}', 132, '', '', 10, 'modules/field_ui/field_ui.admin.inc'),
('admin/structure/taxonomy/%/fields/%/edit', 0x613a323a7b693a333b613a313a7b733a33373a227461786f6e6f6d795f766f636162756c6172795f6d616368696e655f6e616d655f6c6f6164223b613a343a7b693a303b733a31333a227461786f6e6f6d795f7465726d223b693a313b693a333b693a323b733a313a2233223b693a333b733a343a22256d6170223b7d7d693a353b613a313a7b733a31383a226669656c645f75695f6d656e755f6c6f6164223b613a343a7b693a303b733a31333a227461786f6e6f6d795f7465726d223b693a313b693a333b693a323b733a313a2233223b693a333b733a343a22256d6170223b7d7d7d, '', 'user_access', 0x613a313a7b693a303b733a31393a2261646d696e6973746572207461786f6e6f6d79223b7d, 'drupal_get_form', 0x613a323a7b693a303b733a32343a226669656c645f75695f6669656c645f656469745f666f726d223b693a313b693a353b7d, '', 117, 7, 1, 'admin/structure/taxonomy/%/fields/%', 'admin/structure/taxonomy/%/fields/%', 'Edit', 't', '', '', 'a:0:{}', 140, '', '', 0, 'modules/field_ui/field_ui.admin.inc'),
('admin/structure/taxonomy/%/fields/%/field-settings', 0x613a323a7b693a333b613a313a7b733a33373a227461786f6e6f6d795f766f636162756c6172795f6d616368696e655f6e616d655f6c6f6164223b613a343a7b693a303b733a31333a227461786f6e6f6d795f7465726d223b693a313b693a333b693a323b733a313a2233223b693a333b733a343a22256d6170223b7d7d693a353b613a313a7b733a31383a226669656c645f75695f6d656e755f6c6f6164223b613a343a7b693a303b733a31333a227461786f6e6f6d795f7465726d223b693a313b693a333b693a323b733a313a2233223b693a333b733a343a22256d6170223b7d7d7d, '', 'user_access', 0x613a313a7b693a303b733a31393a2261646d696e6973746572207461786f6e6f6d79223b7d, 'drupal_get_form', 0x613a323a7b693a303b733a32383a226669656c645f75695f6669656c645f73657474696e67735f666f726d223b693a313b693a353b7d, '', 117, 7, 1, 'admin/structure/taxonomy/%/fields/%', 'admin/structure/taxonomy/%/fields/%', 'Field settings', 't', '', '', 'a:0:{}', 132, '', '', 0, 'modules/field_ui/field_ui.admin.inc'),
('admin/structure/taxonomy/%/fields/%/widget-type', 0x613a323a7b693a333b613a313a7b733a33373a227461786f6e6f6d795f766f636162756c6172795f6d616368696e655f6e616d655f6c6f6164223b613a343a7b693a303b733a31333a227461786f6e6f6d795f7465726d223b693a313b693a333b693a323b733a313a2233223b693a333b733a343a22256d6170223b7d7d693a353b613a313a7b733a31383a226669656c645f75695f6d656e755f6c6f6164223b613a343a7b693a303b733a31333a227461786f6e6f6d795f7465726d223b693a313b693a333b693a323b733a313a2233223b693a333b733a343a22256d6170223b7d7d7d, '', 'user_access', 0x613a313a7b693a303b733a31393a2261646d696e6973746572207461786f6e6f6d79223b7d, 'drupal_get_form', 0x613a323a7b693a303b733a32353a226669656c645f75695f7769646765745f747970655f666f726d223b693a313b693a353b7d, '', 117, 7, 1, 'admin/structure/taxonomy/%/fields/%', 'admin/structure/taxonomy/%/fields/%', 'Widget type', 't', '', '', 'a:0:{}', 132, '', '', 0, 'modules/field_ui/field_ui.admin.inc'),
('admin/structure/taxonomy/%/list', 0x613a313a7b693a333b733a33373a227461786f6e6f6d795f766f636162756c6172795f6d616368696e655f6e616d655f6c6f6164223b7d, '', 'user_access', 0x613a313a7b693a303b733a31393a2261646d696e6973746572207461786f6e6f6d79223b7d, 'drupal_get_form', 0x613a323a7b693a303b733a32333a227461786f6e6f6d795f6f766572766965775f7465726d73223b693a313b693a333b7d, '', 29, 5, 1, 'admin/structure/taxonomy/%', 'admin/structure/taxonomy/%', 'List', 't', '', '', 'a:0:{}', 140, '', '', -20, 'modules/taxonomy/taxonomy.admin.inc'),
('admin/structure/taxonomy/add', '', '', 'user_access', 0x613a313a7b693a303b733a31393a2261646d696e6973746572207461786f6e6f6d79223b7d, 'drupal_get_form', 0x613a313a7b693a303b733a32343a227461786f6e6f6d795f666f726d5f766f636162756c617279223b7d, '', 15, 4, 1, 'admin/structure/taxonomy', 'admin/structure/taxonomy', 'Add vocabulary', 't', '', '', 'a:0:{}', 388, '', '', 0, 'modules/taxonomy/taxonomy.admin.inc'),
('admin/structure/taxonomy/list', '', '', 'user_access', 0x613a313a7b693a303b733a31393a2261646d696e6973746572207461786f6e6f6d79223b7d, 'drupal_get_form', 0x613a313a7b693a303b733a33303a227461786f6e6f6d795f6f766572766965775f766f636162756c6172696573223b7d, '', 15, 4, 1, 'admin/structure/taxonomy', 'admin/structure/taxonomy', 'List', 't', '', '', 'a:0:{}', 140, '', '', -10, 'modules/taxonomy/taxonomy.admin.inc'),
('admin/structure/types', '', '', 'user_access', 0x613a313a7b693a303b733a32343a2261646d696e697374657220636f6e74656e74207479706573223b7d, 'node_overview_types', 0x613a303a7b7d, '', 7, 3, 0, '', 'admin/structure/types', 'Content types', 't', '', '', 'a:0:{}', 6, 'Manage content types, including default status, front page promotion, comment settings, etc.', '', 0, 'modules/node/content_types.inc'),
('admin/structure/types/add', '', '', 'user_access', 0x613a313a7b693a303b733a32343a2261646d696e697374657220636f6e74656e74207479706573223b7d, 'drupal_get_form', 0x613a313a7b693a303b733a31343a226e6f64655f747970655f666f726d223b7d, '', 15, 4, 1, 'admin/structure/types', 'admin/structure/types', 'Add content type', 't', '', '', 'a:0:{}', 388, '', '', 0, 'modules/node/content_types.inc'),
('admin/structure/types/list', '', '', 'user_access', 0x613a313a7b693a303b733a32343a2261646d696e697374657220636f6e74656e74207479706573223b7d, 'node_overview_types', 0x613a303a7b7d, '', 15, 4, 1, 'admin/structure/types', 'admin/structure/types', 'List', 't', '', '', 'a:0:{}', 140, '', '', -10, 'modules/node/content_types.inc'),
('admin/structure/types/manage/%', 0x613a313a7b693a343b733a31343a226e6f64655f747970655f6c6f6164223b7d, '', 'user_access', 0x613a313a7b693a303b733a32343a2261646d696e697374657220636f6e74656e74207479706573223b7d, 'drupal_get_form', 0x613a323a7b693a303b733a31343a226e6f64655f747970655f666f726d223b693a313b693a343b7d, '', 30, 5, 0, '', 'admin/structure/types/manage/%', 'Edit content type', 'node_type_page_title', 'a:1:{i:0;i:4;}', '', 'a:0:{}', 6, '', '', 0, 'modules/node/content_types.inc'),
('admin/structure/types/manage/%/comment/display', 0x613a313a7b693a343b733a32323a22636f6d6d656e745f6e6f64655f747970655f6c6f6164223b7d, '', 'user_access', 0x613a313a7b693a303b733a32343a2261646d696e697374657220636f6e74656e74207479706573223b7d, 'drupal_get_form', 0x613a343a7b693a303b733a33303a226669656c645f75695f646973706c61795f6f766572766965775f666f726d223b693a313b733a373a22636f6d6d656e74223b693a323b693a343b693a333b733a373a2264656661756c74223b7d, '', 123, 7, 1, 'admin/structure/types/manage/%', 'admin/structure/types/manage/%', 'Comment display', 't', '', '', 'a:0:{}', 132, '', '', 4, 'modules/field_ui/field_ui.admin.inc'),
('admin/structure/types/manage/%/comment/display/default', 0x613a313a7b693a343b733a32323a22636f6d6d656e745f6e6f64655f747970655f6c6f6164223b7d, '', '_field_ui_view_mode_menu_access', 0x613a353a7b693a303b733a373a22636f6d6d656e74223b693a313b693a343b693a323b733a373a2264656661756c74223b693a333b733a31313a22757365725f616363657373223b693a343b733a32343a2261646d696e697374657220636f6e74656e74207479706573223b7d, 'drupal_get_form', 0x613a343a7b693a303b733a33303a226669656c645f75695f646973706c61795f6f766572766965775f666f726d223b693a313b733a373a22636f6d6d656e74223b693a323b693a343b693a333b733a373a2264656661756c74223b7d, '', 247, 8, 1, 'admin/structure/types/manage/%/comment/display', 'admin/structure/types/manage/%', 'Default', 't', '', '', 'a:0:{}', 140, '', '', -10, 'modules/field_ui/field_ui.admin.inc'),
('admin/structure/types/manage/%/comment/display/full', 0x613a313a7b693a343b733a32323a22636f6d6d656e745f6e6f64655f747970655f6c6f6164223b7d, '', '_field_ui_view_mode_menu_access', 0x613a353a7b693a303b733a373a22636f6d6d656e74223b693a313b693a343b693a323b733a343a2266756c6c223b693a333b733a31313a22757365725f616363657373223b693a343b733a32343a2261646d696e697374657220636f6e74656e74207479706573223b7d, 'drupal_get_form', 0x613a343a7b693a303b733a33303a226669656c645f75695f646973706c61795f6f766572766965775f666f726d223b693a313b733a373a22636f6d6d656e74223b693a323b693a343b693a333b733a343a2266756c6c223b7d, '', 247, 8, 1, 'admin/structure/types/manage/%/comment/display', 'admin/structure/types/manage/%', 'Full comment', 't', '', '', 'a:0:{}', 132, '', '', 0, 'modules/field_ui/field_ui.admin.inc'),
('admin/structure/types/manage/%/comment/display/token', 0x613a313a7b693a343b733a32323a22636f6d6d656e745f6e6f64655f747970655f6c6f6164223b7d, '', '_field_ui_view_mode_menu_access', 0x613a353a7b693a303b733a373a22636f6d6d656e74223b693a313b693a343b693a323b733a353a22746f6b656e223b693a333b733a31313a22757365725f616363657373223b693a343b733a32343a2261646d696e697374657220636f6e74656e74207479706573223b7d, 'drupal_get_form', 0x613a343a7b693a303b733a33303a226669656c645f75695f646973706c61795f6f766572766965775f666f726d223b693a313b733a373a22636f6d6d656e74223b693a323b693a343b693a333b733a353a22746f6b656e223b7d, '', 247, 8, 1, 'admin/structure/types/manage/%/comment/display', 'admin/structure/types/manage/%', 'Tokens', 't', '', '', 'a:0:{}', 132, '', '', 1, 'modules/field_ui/field_ui.admin.inc'),
('admin/structure/types/manage/%/comment/fields', 0x613a313a7b693a343b733a32323a22636f6d6d656e745f6e6f64655f747970655f6c6f6164223b7d, '', 'user_access', 0x613a313a7b693a303b733a32343a2261646d696e697374657220636f6e74656e74207479706573223b7d, 'drupal_get_form', 0x613a333a7b693a303b733a32383a226669656c645f75695f6669656c645f6f766572766965775f666f726d223b693a313b733a373a22636f6d6d656e74223b693a323b693a343b7d, '', 123, 7, 1, 'admin/structure/types/manage/%', 'admin/structure/types/manage/%', 'Comment fields', 't', '', '', 'a:0:{}', 132, '', '', 3, 'modules/field_ui/field_ui.admin.inc'),
('admin/structure/types/manage/%/comment/fields/%', 0x613a323a7b693a343b613a313a7b733a32323a22636f6d6d656e745f6e6f64655f747970655f6c6f6164223b613a343a7b693a303b733a373a22636f6d6d656e74223b693a313b693a343b693a323b733a313a2234223b693a333b733a343a22256d6170223b7d7d693a373b613a313a7b733a31383a226669656c645f75695f6d656e755f6c6f6164223b613a343a7b693a303b733a373a22636f6d6d656e74223b693a313b693a343b693a323b733a313a2234223b693a333b733a343a22256d6170223b7d7d7d, '', 'user_access', 0x613a313a7b693a303b733a32343a2261646d696e697374657220636f6e74656e74207479706573223b7d, 'drupal_get_form', 0x613a323a7b693a303b733a32343a226669656c645f75695f6669656c645f656469745f666f726d223b693a313b693a373b7d, '', 246, 8, 0, '', 'admin/structure/types/manage/%/comment/fields/%', '', 'field_ui_menu_title', 'a:1:{i:0;i:7;}', '', 'a:0:{}', 6, '', '', 0, 'modules/field_ui/field_ui.admin.inc'),
('admin/structure/types/manage/%/comment/fields/%/delete', 0x613a323a7b693a343b613a313a7b733a32323a22636f6d6d656e745f6e6f64655f747970655f6c6f6164223b613a343a7b693a303b733a373a22636f6d6d656e74223b693a313b693a343b693a323b733a313a2234223b693a333b733a343a22256d6170223b7d7d693a373b613a313a7b733a31383a226669656c645f75695f6d656e755f6c6f6164223b613a343a7b693a303b733a373a22636f6d6d656e74223b693a313b693a343b693a323b733a313a2234223b693a333b733a343a22256d6170223b7d7d7d, '', 'user_access', 0x613a313a7b693a303b733a32343a2261646d696e697374657220636f6e74656e74207479706573223b7d, 'drupal_get_form', 0x613a323a7b693a303b733a32363a226669656c645f75695f6669656c645f64656c6574655f666f726d223b693a313b693a373b7d, '', 493, 9, 1, 'admin/structure/types/manage/%/comment/fields/%', 'admin/structure/types/manage/%/comment/fields/%', 'Delete', 't', '', '', 'a:0:{}', 132, '', '', 10, 'modules/field_ui/field_ui.admin.inc'),
('admin/structure/types/manage/%/comment/fields/%/edit', 0x613a323a7b693a343b613a313a7b733a32323a22636f6d6d656e745f6e6f64655f747970655f6c6f6164223b613a343a7b693a303b733a373a22636f6d6d656e74223b693a313b693a343b693a323b733a313a2234223b693a333b733a343a22256d6170223b7d7d693a373b613a313a7b733a31383a226669656c645f75695f6d656e755f6c6f6164223b613a343a7b693a303b733a373a22636f6d6d656e74223b693a313b693a343b693a323b733a313a2234223b693a333b733a343a22256d6170223b7d7d7d, '', 'user_access', 0x613a313a7b693a303b733a32343a2261646d696e697374657220636f6e74656e74207479706573223b7d, 'drupal_get_form', 0x613a323a7b693a303b733a32343a226669656c645f75695f6669656c645f656469745f666f726d223b693a313b693a373b7d, '', 493, 9, 1, 'admin/structure/types/manage/%/comment/fields/%', 'admin/structure/types/manage/%/comment/fields/%', 'Edit', 't', '', '', 'a:0:{}', 140, '', '', 0, 'modules/field_ui/field_ui.admin.inc'),
('admin/structure/types/manage/%/comment/fields/%/field-settings', 0x613a323a7b693a343b613a313a7b733a32323a22636f6d6d656e745f6e6f64655f747970655f6c6f6164223b613a343a7b693a303b733a373a22636f6d6d656e74223b693a313b693a343b693a323b733a313a2234223b693a333b733a343a22256d6170223b7d7d693a373b613a313a7b733a31383a226669656c645f75695f6d656e755f6c6f6164223b613a343a7b693a303b733a373a22636f6d6d656e74223b693a313b693a343b693a323b733a313a2234223b693a333b733a343a22256d6170223b7d7d7d, '', 'user_access', 0x613a313a7b693a303b733a32343a2261646d696e697374657220636f6e74656e74207479706573223b7d, 'drupal_get_form', 0x613a323a7b693a303b733a32383a226669656c645f75695f6669656c645f73657474696e67735f666f726d223b693a313b693a373b7d, '', 493, 9, 1, 'admin/structure/types/manage/%/comment/fields/%', 'admin/structure/types/manage/%/comment/fields/%', 'Field settings', 't', '', '', 'a:0:{}', 132, '', '', 0, 'modules/field_ui/field_ui.admin.inc'),
('admin/structure/types/manage/%/comment/fields/%/widget-type', 0x613a323a7b693a343b613a313a7b733a32323a22636f6d6d656e745f6e6f64655f747970655f6c6f6164223b613a343a7b693a303b733a373a22636f6d6d656e74223b693a313b693a343b693a323b733a313a2234223b693a333b733a343a22256d6170223b7d7d693a373b613a313a7b733a31383a226669656c645f75695f6d656e755f6c6f6164223b613a343a7b693a303b733a373a22636f6d6d656e74223b693a313b693a343b693a323b733a313a2234223b693a333b733a343a22256d6170223b7d7d7d, '', 'user_access', 0x613a313a7b693a303b733a32343a2261646d696e697374657220636f6e74656e74207479706573223b7d, 'drupal_get_form', 0x613a323a7b693a303b733a32353a226669656c645f75695f7769646765745f747970655f666f726d223b693a313b693a373b7d, '', 493, 9, 1, 'admin/structure/types/manage/%/comment/fields/%', 'admin/structure/types/manage/%/comment/fields/%', 'Widget type', 't', '', '', 'a:0:{}', 132, '', '', 0, 'modules/field_ui/field_ui.admin.inc'),
('admin/structure/types/manage/%/delete', 0x613a313a7b693a343b733a31343a226e6f64655f747970655f6c6f6164223b7d, '', 'user_access', 0x613a313a7b693a303b733a32343a2261646d696e697374657220636f6e74656e74207479706573223b7d, 'drupal_get_form', 0x613a323a7b693a303b733a32343a226e6f64655f747970655f64656c6574655f636f6e6669726d223b693a313b693a343b7d, '', 61, 6, 0, '', 'admin/structure/types/manage/%/delete', 'Delete', 't', '', '', 'a:0:{}', 6, '', '', 0, 'modules/node/content_types.inc'),
('admin/structure/types/manage/%/display', 0x613a313a7b693a343b733a31343a226e6f64655f747970655f6c6f6164223b7d, '', 'user_access', 0x613a313a7b693a303b733a32343a2261646d696e697374657220636f6e74656e74207479706573223b7d, 'drupal_get_form', 0x613a343a7b693a303b733a33303a226669656c645f75695f646973706c61795f6f766572766965775f666f726d223b693a313b733a343a226e6f6465223b693a323b693a343b693a333b733a373a2264656661756c74223b7d, '', 61, 6, 1, 'admin/structure/types/manage/%', 'admin/structure/types/manage/%', 'Manage display', 't', '', '', 'a:0:{}', 132, '', '', 2, 'modules/field_ui/field_ui.admin.inc'),
('admin/structure/types/manage/%/display/default', 0x613a313a7b693a343b733a31343a226e6f64655f747970655f6c6f6164223b7d, '', '_field_ui_view_mode_menu_access', 0x613a353a7b693a303b733a343a226e6f6465223b693a313b693a343b693a323b733a373a2264656661756c74223b693a333b733a31313a22757365725f616363657373223b693a343b733a32343a2261646d696e697374657220636f6e74656e74207479706573223b7d, 'drupal_get_form', 0x613a343a7b693a303b733a33303a226669656c645f75695f646973706c61795f6f766572766965775f666f726d223b693a313b733a343a226e6f6465223b693a323b693a343b693a333b733a373a2264656661756c74223b7d, '', 123, 7, 1, 'admin/structure/types/manage/%/display', 'admin/structure/types/manage/%', 'Default', 't', '', '', 'a:0:{}', 140, '', '', -10, 'modules/field_ui/field_ui.admin.inc'),
('admin/structure/types/manage/%/display/full', 0x613a313a7b693a343b733a31343a226e6f64655f747970655f6c6f6164223b7d, '', '_field_ui_view_mode_menu_access', 0x613a353a7b693a303b733a343a226e6f6465223b693a313b693a343b693a323b733a343a2266756c6c223b693a333b733a31313a22757365725f616363657373223b693a343b733a32343a2261646d696e697374657220636f6e74656e74207479706573223b7d, 'drupal_get_form', 0x613a343a7b693a303b733a33303a226669656c645f75695f646973706c61795f6f766572766965775f666f726d223b693a313b733a343a226e6f6465223b693a323b693a343b693a333b733a343a2266756c6c223b7d, '', 123, 7, 1, 'admin/structure/types/manage/%/display', 'admin/structure/types/manage/%', 'Full content', 't', '', '', 'a:0:{}', 132, '', '', 0, 'modules/field_ui/field_ui.admin.inc'),
('admin/structure/types/manage/%/display/rss', 0x613a313a7b693a343b733a31343a226e6f64655f747970655f6c6f6164223b7d, '', '_field_ui_view_mode_menu_access', 0x613a353a7b693a303b733a343a226e6f6465223b693a313b693a343b693a323b733a333a22727373223b693a333b733a31313a22757365725f616363657373223b693a343b733a32343a2261646d696e697374657220636f6e74656e74207479706573223b7d, 'drupal_get_form', 0x613a343a7b693a303b733a33303a226669656c645f75695f646973706c61795f6f766572766965775f666f726d223b693a313b733a343a226e6f6465223b693a323b693a343b693a333b733a333a22727373223b7d, '', 123, 7, 1, 'admin/structure/types/manage/%/display', 'admin/structure/types/manage/%', 'RSS', 't', '', '', 'a:0:{}', 132, '', '', 2, 'modules/field_ui/field_ui.admin.inc'),
('admin/structure/types/manage/%/display/search_index', 0x613a313a7b693a343b733a31343a226e6f64655f747970655f6c6f6164223b7d, '', '_field_ui_view_mode_menu_access', 0x613a353a7b693a303b733a343a226e6f6465223b693a313b693a343b693a323b733a31323a227365617263685f696e646578223b693a333b733a31313a22757365725f616363657373223b693a343b733a32343a2261646d696e697374657220636f6e74656e74207479706573223b7d, 'drupal_get_form', 0x613a343a7b693a303b733a33303a226669656c645f75695f646973706c61795f6f766572766965775f666f726d223b693a313b733a343a226e6f6465223b693a323b693a343b693a333b733a31323a227365617263685f696e646578223b7d, '', 123, 7, 1, 'admin/structure/types/manage/%/display', 'admin/structure/types/manage/%', 'Search index', 't', '', '', 'a:0:{}', 132, '', '', 3, 'modules/field_ui/field_ui.admin.inc'),
('admin/structure/types/manage/%/display/search_result', 0x613a313a7b693a343b733a31343a226e6f64655f747970655f6c6f6164223b7d, '', '_field_ui_view_mode_menu_access', 0x613a353a7b693a303b733a343a226e6f6465223b693a313b693a343b693a323b733a31333a227365617263685f726573756c74223b693a333b733a31313a22757365725f616363657373223b693a343b733a32343a2261646d696e697374657220636f6e74656e74207479706573223b7d, 'drupal_get_form', 0x613a343a7b693a303b733a33303a226669656c645f75695f646973706c61795f6f766572766965775f666f726d223b693a313b733a343a226e6f6465223b693a323b693a343b693a333b733a31333a227365617263685f726573756c74223b7d, '', 123, 7, 1, 'admin/structure/types/manage/%/display', 'admin/structure/types/manage/%', 'Search result', 't', '', '', 'a:0:{}', 132, '', '', 4, 'modules/field_ui/field_ui.admin.inc'),
('admin/structure/types/manage/%/display/teaser', 0x613a313a7b693a343b733a31343a226e6f64655f747970655f6c6f6164223b7d, '', '_field_ui_view_mode_menu_access', 0x613a353a7b693a303b733a343a226e6f6465223b693a313b693a343b693a323b733a363a22746561736572223b693a333b733a31313a22757365725f616363657373223b693a343b733a32343a2261646d696e697374657220636f6e74656e74207479706573223b7d, 'drupal_get_form', 0x613a343a7b693a303b733a33303a226669656c645f75695f646973706c61795f6f766572766965775f666f726d223b693a313b733a343a226e6f6465223b693a323b693a343b693a333b733a363a22746561736572223b7d, '', 123, 7, 1, 'admin/structure/types/manage/%/display', 'admin/structure/types/manage/%', 'Teaser', 't', '', '', 'a:0:{}', 132, '', '', 1, 'modules/field_ui/field_ui.admin.inc'),
('admin/structure/types/manage/%/display/token', 0x613a313a7b693a343b733a31343a226e6f64655f747970655f6c6f6164223b7d, '', '_field_ui_view_mode_menu_access', 0x613a353a7b693a303b733a343a226e6f6465223b693a313b693a343b693a323b733a353a22746f6b656e223b693a333b733a31313a22757365725f616363657373223b693a343b733a32343a2261646d696e697374657220636f6e74656e74207479706573223b7d, 'drupal_get_form', 0x613a343a7b693a303b733a33303a226669656c645f75695f646973706c61795f6f766572766965775f666f726d223b693a313b733a343a226e6f6465223b693a323b693a343b693a333b733a353a22746f6b656e223b7d, '', 123, 7, 1, 'admin/structure/types/manage/%/display', 'admin/structure/types/manage/%', 'Tokens', 't', '', '', 'a:0:{}', 132, '', '', 5, 'modules/field_ui/field_ui.admin.inc'),
('admin/structure/types/manage/%/edit', 0x613a313a7b693a343b733a31343a226e6f64655f747970655f6c6f6164223b7d, '', 'user_access', 0x613a313a7b693a303b733a32343a2261646d696e697374657220636f6e74656e74207479706573223b7d, 'drupal_get_form', 0x613a323a7b693a303b733a31343a226e6f64655f747970655f666f726d223b693a313b693a343b7d, '', 61, 6, 1, 'admin/structure/types/manage/%', 'admin/structure/types/manage/%', 'Edit', 't', '', '', 'a:0:{}', 140, '', '', 0, 'modules/node/content_types.inc'),
('admin/structure/types/manage/%/fields', 0x613a313a7b693a343b733a31343a226e6f64655f747970655f6c6f6164223b7d, '', 'user_access', 0x613a313a7b693a303b733a32343a2261646d696e697374657220636f6e74656e74207479706573223b7d, 'drupal_get_form', 0x613a333a7b693a303b733a32383a226669656c645f75695f6669656c645f6f766572766965775f666f726d223b693a313b733a343a226e6f6465223b693a323b693a343b7d, '', 61, 6, 1, 'admin/structure/types/manage/%', 'admin/structure/types/manage/%', 'Manage fields', 't', '', '', 'a:0:{}', 132, '', '', 1, 'modules/field_ui/field_ui.admin.inc'),
('admin/structure/types/manage/%/fields/%', 0x613a323a7b693a343b613a313a7b733a31343a226e6f64655f747970655f6c6f6164223b613a343a7b693a303b733a343a226e6f6465223b693a313b693a343b693a323b733a313a2234223b693a333b733a343a22256d6170223b7d7d693a363b613a313a7b733a31383a226669656c645f75695f6d656e755f6c6f6164223b613a343a7b693a303b733a343a226e6f6465223b693a313b693a343b693a323b733a313a2234223b693a333b733a343a22256d6170223b7d7d7d, '', 'user_access', 0x613a313a7b693a303b733a32343a2261646d696e697374657220636f6e74656e74207479706573223b7d, 'drupal_get_form', 0x613a323a7b693a303b733a32343a226669656c645f75695f6669656c645f656469745f666f726d223b693a313b693a363b7d, '', 122, 7, 0, '', 'admin/structure/types/manage/%/fields/%', '', 'field_ui_menu_title', 'a:1:{i:0;i:6;}', '', 'a:0:{}', 6, '', '', 0, 'modules/field_ui/field_ui.admin.inc'),
('admin/structure/types/manage/%/fields/%/delete', 0x613a323a7b693a343b613a313a7b733a31343a226e6f64655f747970655f6c6f6164223b613a343a7b693a303b733a343a226e6f6465223b693a313b693a343b693a323b733a313a2234223b693a333b733a343a22256d6170223b7d7d693a363b613a313a7b733a31383a226669656c645f75695f6d656e755f6c6f6164223b613a343a7b693a303b733a343a226e6f6465223b693a313b693a343b693a323b733a313a2234223b693a333b733a343a22256d6170223b7d7d7d, '', 'user_access', 0x613a313a7b693a303b733a32343a2261646d696e697374657220636f6e74656e74207479706573223b7d, 'drupal_get_form', 0x613a323a7b693a303b733a32363a226669656c645f75695f6669656c645f64656c6574655f666f726d223b693a313b693a363b7d, '', 245, 8, 1, 'admin/structure/types/manage/%/fields/%', 'admin/structure/types/manage/%/fields/%', 'Delete', 't', '', '', 'a:0:{}', 132, '', '', 10, 'modules/field_ui/field_ui.admin.inc'),
('admin/structure/types/manage/%/fields/%/edit', 0x613a323a7b693a343b613a313a7b733a31343a226e6f64655f747970655f6c6f6164223b613a343a7b693a303b733a343a226e6f6465223b693a313b693a343b693a323b733a313a2234223b693a333b733a343a22256d6170223b7d7d693a363b613a313a7b733a31383a226669656c645f75695f6d656e755f6c6f6164223b613a343a7b693a303b733a343a226e6f6465223b693a313b693a343b693a323b733a313a2234223b693a333b733a343a22256d6170223b7d7d7d, '', 'user_access', 0x613a313a7b693a303b733a32343a2261646d696e697374657220636f6e74656e74207479706573223b7d, 'drupal_get_form', 0x613a323a7b693a303b733a32343a226669656c645f75695f6669656c645f656469745f666f726d223b693a313b693a363b7d, '', 245, 8, 1, 'admin/structure/types/manage/%/fields/%', 'admin/structure/types/manage/%/fields/%', 'Edit', 't', '', '', 'a:0:{}', 140, '', '', 0, 'modules/field_ui/field_ui.admin.inc'),
('admin/structure/types/manage/%/fields/%/field-settings', 0x613a323a7b693a343b613a313a7b733a31343a226e6f64655f747970655f6c6f6164223b613a343a7b693a303b733a343a226e6f6465223b693a313b693a343b693a323b733a313a2234223b693a333b733a343a22256d6170223b7d7d693a363b613a313a7b733a31383a226669656c645f75695f6d656e755f6c6f6164223b613a343a7b693a303b733a343a226e6f6465223b693a313b693a343b693a323b733a313a2234223b693a333b733a343a22256d6170223b7d7d7d, '', 'user_access', 0x613a313a7b693a303b733a32343a2261646d696e697374657220636f6e74656e74207479706573223b7d, 'drupal_get_form', 0x613a323a7b693a303b733a32383a226669656c645f75695f6669656c645f73657474696e67735f666f726d223b693a313b693a363b7d, '', 245, 8, 1, 'admin/structure/types/manage/%/fields/%', 'admin/structure/types/manage/%/fields/%', 'Field settings', 't', '', '', 'a:0:{}', 132, '', '', 0, 'modules/field_ui/field_ui.admin.inc'),
('admin/structure/types/manage/%/fields/%/widget-type', 0x613a323a7b693a343b613a313a7b733a31343a226e6f64655f747970655f6c6f6164223b613a343a7b693a303b733a343a226e6f6465223b693a313b693a343b693a323b733a313a2234223b693a333b733a343a22256d6170223b7d7d693a363b613a313a7b733a31383a226669656c645f75695f6d656e755f6c6f6164223b613a343a7b693a303b733a343a226e6f6465223b693a313b693a343b693a323b733a313a2234223b693a333b733a343a22256d6170223b7d7d7d, '', 'user_access', 0x613a313a7b693a303b733a32343a2261646d696e697374657220636f6e74656e74207479706573223b7d, 'drupal_get_form', 0x613a323a7b693a303b733a32353a226669656c645f75695f7769646765745f747970655f666f726d223b693a313b693a363b7d, '', 245, 8, 1, 'admin/structure/types/manage/%/fields/%', 'admin/structure/types/manage/%/fields/%', 'Widget type', 't', '', '', 'a:0:{}', 132, '', '', 0, 'modules/field_ui/field_ui.admin.inc'),
('admin/structure/views', '', '', 'ctools_export_ui_task_access', 0x613a323a7b693a303b733a383a2276696577735f7569223b693a313b733a343a226c697374223b7d, 'ctools_export_ui_switcher_page', 0x613a323a7b693a303b733a383a2276696577735f7569223b693a313b733a343a226c697374223b7d, '', 7, 3, 0, '', 'admin/structure/views', 'Views', 't', '', '', 'a:0:{}', 6, 'Manage customized lists of content.', '', 0, 'sites/all/modules/ctools/includes/export-ui.inc'),
('admin/structure/views/add', '', '', 'user_access', 0x613a313a7b693a303b733a31363a2261646d696e6973746572207669657773223b7d, 'views_ui_add_page', 0x613a303a7b7d, '', 15, 4, 1, 'admin/structure/views', 'admin/structure/views', 'Add new view', 't', '', '', 'a:0:{}', 388, '', '', 0, 'sites/all/modules/views/includes/admin.inc'),
('admin/structure/views/add-template', '', '', 'user_access', 0x613a313a7b693a303b733a31363a2261646d696e6973746572207669657773223b7d, 'views_ui_add_template_page', 0x613a303a7b7d, '', 15, 4, 1, 'admin/structure/views', 'admin/structure/views', 'Add view from template', 't', '', '', 'a:0:{}', 388, '', '', 0, 'sites/all/modules/views/includes/admin.inc'),
('admin/structure/views/ajax/%/%', 0x613a323a7b693a343b4e3b693a353b733a31393a2276696577735f75695f63616368655f6c6f6164223b7d, '', 'user_access', 0x613a313a7b693a303b733a31363a2261646d696e6973746572207669657773223b7d, 'views_ui_ajax_form', 0x613a333a7b693a303b623a313b693a313b693a343b693a323b693a353b7d, 'ajax_deliver', 60, 6, 0, '', 'admin/structure/views/ajax/%/%', '', 't', '', '', 'a:0:{}', 0, '', '', 0, 'sites/all/modules/views/includes/admin.inc'),
('admin/structure/views/ajax/preview/%/%', 0x613a323a7b693a353b733a31393a2276696577735f75695f63616368655f6c6f6164223b693a363b4e3b7d, '', 'user_access', 0x613a313a7b693a303b733a31363a2261646d696e6973746572207669657773223b7d, 'views_ui_preview', 0x613a323a7b693a303b693a353b693a313b693a363b7d, 'ajax_deliver', 124, 7, 0, '', 'admin/structure/views/ajax/preview/%/%', '', 't', '', '', 'a:0:{}', 6, '', '', 0, 'sites/all/modules/views/includes/admin.inc'),
('admin/structure/views/import', '', '', 'views_import_access', 0x613a313a7b693a303b733a31363a2261646d696e6973746572207669657773223b7d, 'drupal_get_form', 0x613a313a7b693a303b733a32303a2276696577735f75695f696d706f72745f70616765223b7d, '', 15, 4, 1, 'admin/structure/views', 'admin/structure/views', 'Import', 't', '', '', 'a:0:{}', 388, '', '', 0, 'sites/all/modules/views/includes/admin.inc'),
('admin/structure/views/list', '', '', 'ctools_export_ui_task_access', 0x613a323a7b693a303b733a383a2276696577735f7569223b693a313b733a343a226c697374223b7d, 'ctools_export_ui_switcher_page', 0x613a323a7b693a303b733a383a2276696577735f7569223b693a313b733a343a226c697374223b7d, '', 15, 4, 1, 'admin/structure/views', 'admin/structure/views', 'List', 't', '', '', 'a:0:{}', 140, '', '', -10, 'sites/all/modules/ctools/includes/export-ui.inc'),
('admin/structure/views/nojs/%/%', 0x613a323a7b693a343b4e3b693a353b733a31393a2276696577735f75695f63616368655f6c6f6164223b7d, '', 'user_access', 0x613a313a7b693a303b733a31363a2261646d696e6973746572207669657773223b7d, 'views_ui_ajax_form', 0x613a333a7b693a303b623a303b693a313b693a343b693a323b693a353b7d, '', 60, 6, 0, '', 'admin/structure/views/nojs/%/%', '', 't', '', '', 'a:0:{}', 0, '', '', 0, 'sites/all/modules/views/includes/admin.inc'),
('admin/structure/views/nojs/preview/%/%', 0x613a323a7b693a353b733a31393a2276696577735f75695f63616368655f6c6f6164223b693a363b4e3b7d, '', 'user_access', 0x613a313a7b693a303b733a31363a2261646d696e6973746572207669657773223b7d, 'views_ui_preview', 0x613a323a7b693a303b693a353b693a313b693a363b7d, '', 124, 7, 0, '', 'admin/structure/views/nojs/preview/%/%', '', 't', '', '', 'a:0:{}', 6, '', '', 0, 'sites/all/modules/views/includes/admin.inc'),
('admin/structure/views/settings', '', '', 'user_access', 0x613a313a7b693a303b733a31363a2261646d696e6973746572207669657773223b7d, 'drupal_get_form', 0x613a313a7b693a303b733a32393a2276696577735f75695f61646d696e5f73657474696e67735f6261736963223b7d, '', 15, 4, 1, 'admin/structure/views', 'admin/structure/views', 'Settings', 't', '', '', 'a:0:{}', 132, '', '', 0, 'sites/all/modules/views/includes/admin.inc'),
('admin/structure/views/settings/advanced', '', '', 'user_access', 0x613a313a7b693a303b733a31363a2261646d696e6973746572207669657773223b7d, 'drupal_get_form', 0x613a313a7b693a303b733a33323a2276696577735f75695f61646d696e5f73657474696e67735f616476616e636564223b7d, '', 31, 5, 1, 'admin/structure/views/settings', 'admin/structure/views', 'Advanced', 't', '', '', 'a:0:{}', 132, '', '', 1, 'sites/all/modules/views/includes/admin.inc'),
('admin/structure/views/settings/basic', '', '', 'user_access', 0x613a313a7b693a303b733a31363a2261646d696e6973746572207669657773223b7d, 'drupal_get_form', 0x613a313a7b693a303b733a32393a2276696577735f75695f61646d696e5f73657474696e67735f6261736963223b7d, '', 31, 5, 1, 'admin/structure/views/settings', 'admin/structure/views', 'Basic', 't', '', '', 'a:0:{}', 140, '', '', 0, 'sites/all/modules/views/includes/admin.inc'),
('admin/structure/views/template/%/add', 0x613a313a7b693a343b4e3b7d, '', 'ctools_export_ui_task_access', 0x613a333a7b693a303b733a383a2276696577735f7569223b693a313b733a31323a226164645f74656d706c617465223b693a323b693a343b7d, 'ctools_export_ui_switcher_page', 0x613a333a7b693a303b733a383a2276696577735f7569223b693a313b733a31323a226164645f74656d706c617465223b693a323b693a343b7d, '', 61, 6, 0, '', 'admin/structure/views/template/%/add', 'Add from template', 't', '', '', 'a:0:{}', 0, '', '', 0, 'sites/all/modules/ctools/includes/export-ui.inc'),
('admin/structure/views/view/%', 0x613a313a7b693a343b733a31393a2276696577735f75695f63616368655f6c6f6164223b7d, '', 'user_access', 0x613a313a7b693a303b733a31363a2261646d696e6973746572207669657773223b7d, 'views_ui_edit_page', 0x613a313a7b693a303b693a343b7d, '', 30, 5, 0, '', 'admin/structure/views/view/%', '', 'views_ui_edit_page_title', 'a:1:{i:0;i:4;}', '', 'a:0:{}', 6, '', '', 0, 'sites/all/modules/views/includes/admin.inc'),
('admin/structure/views/view/%/break-lock', 0x613a313a7b693a343b733a31393a2276696577735f75695f63616368655f6c6f6164223b7d, '', 'user_access', 0x613a313a7b693a303b733a31363a2261646d696e6973746572207669657773223b7d, 'drupal_get_form', 0x613a323a7b693a303b733a32373a2276696577735f75695f627265616b5f6c6f636b5f636f6e6669726d223b693a313b693a343b7d, '', 61, 6, 0, '', 'admin/structure/views/view/%/break-lock', 'Break lock', 't', '', '', 'a:0:{}', 4, '', '', 0, 'sites/all/modules/views/includes/admin.inc'),
('admin/structure/views/view/%/clone', 0x613a313a7b693a343b613a313a7b733a32313a2263746f6f6c735f6578706f72745f75695f6c6f6164223b613a313a7b693a303b733a383a2276696577735f7569223b7d7d7d, '', 'ctools_export_ui_task_access', 0x613a333a7b693a303b733a383a2276696577735f7569223b693a313b733a353a22636c6f6e65223b693a323b693a343b7d, 'ctools_export_ui_switcher_page', 0x613a333a7b693a303b733a383a2276696577735f7569223b693a313b733a353a22636c6f6e65223b693a323b693a343b7d, '', 61, 6, 0, '', 'admin/structure/views/view/%/clone', 'Clone', 't', '', '', 'a:0:{}', 4, '', '', 0, 'sites/all/modules/ctools/includes/export-ui.inc'),
('admin/structure/views/view/%/delete', 0x613a313a7b693a343b613a313a7b733a32313a2263746f6f6c735f6578706f72745f75695f6c6f6164223b613a313a7b693a303b733a383a2276696577735f7569223b7d7d7d, '', 'ctools_export_ui_task_access', 0x613a333a7b693a303b733a383a2276696577735f7569223b693a313b733a363a2264656c657465223b693a323b693a343b7d, 'ctools_export_ui_switcher_page', 0x613a333a7b693a303b733a383a2276696577735f7569223b693a313b733a363a2264656c657465223b693a323b693a343b7d, '', 61, 6, 0, '', 'admin/structure/views/view/%/delete', 'Delete', 't', '', '', 'a:0:{}', 4, '', '', 0, 'sites/all/modules/ctools/includes/export-ui.inc'),
('admin/structure/views/view/%/disable', 0x613a313a7b693a343b613a313a7b733a32313a2263746f6f6c735f6578706f72745f75695f6c6f6164223b613a313a7b693a303b733a383a2276696577735f7569223b7d7d7d, '', 'ctools_export_ui_task_access', 0x613a333a7b693a303b733a383a2276696577735f7569223b693a313b733a373a2264697361626c65223b693a323b693a343b7d, 'ctools_export_ui_switcher_page', 0x613a333a7b693a303b733a383a2276696577735f7569223b693a313b733a373a2264697361626c65223b693a323b693a343b7d, '', 61, 6, 0, '', 'admin/structure/views/view/%/disable', 'Disable', 't', '', '', 'a:0:{}', 0, '', '', 0, 'sites/all/modules/ctools/includes/export-ui.inc'),
('admin/structure/views/view/%/edit', 0x613a313a7b693a343b733a31393a2276696577735f75695f63616368655f6c6f6164223b7d, '', 'user_access', 0x613a313a7b693a303b733a31363a2261646d696e6973746572207669657773223b7d, 'views_ui_edit_page', 0x613a313a7b693a303b693a343b7d, '', 61, 6, 3, 'admin/structure/views/view/%', 'admin/structure/views/view/%', 'Edit view', 't', '', 'ajax_base_page_theme', 'a:0:{}', 140, '', '', -10, 'sites/all/modules/views/includes/admin.inc'),
('admin/structure/views/view/%/edit/%/ajax', 0x613a323a7b693a343b733a31393a2276696577735f75695f63616368655f6c6f6164223b693a363b4e3b7d, '', 'user_access', 0x613a313a7b693a303b733a31363a2261646d696e6973746572207669657773223b7d, 'views_ui_ajax_get_form', 0x613a333a7b693a303b733a31383a2276696577735f75695f656469745f666f726d223b693a313b693a343b693a323b693a363b7d, 'ajax_deliver', 245, 8, 0, '', 'admin/structure/views/view/%/edit/%/ajax', '', 't', '', 'ajax_base_page_theme', 'a:0:{}', 0, '', '', 0, 'sites/all/modules/views/includes/admin.inc'),
('admin/structure/views/view/%/enable', 0x613a313a7b693a343b613a313a7b733a32313a2263746f6f6c735f6578706f72745f75695f6c6f6164223b613a313a7b693a303b733a383a2276696577735f7569223b7d7d7d, '', 'ctools_export_ui_task_access', 0x613a333a7b693a303b733a383a2276696577735f7569223b693a313b733a363a22656e61626c65223b693a323b693a343b7d, 'ctools_export_ui_switcher_page', 0x613a333a7b693a303b733a383a2276696577735f7569223b693a313b733a363a22656e61626c65223b693a323b693a343b7d, '', 61, 6, 0, '', 'admin/structure/views/view/%/enable', 'Enable', 't', '', '', 'a:0:{}', 0, '', '', 0, 'sites/all/modules/ctools/includes/export-ui.inc'),
('admin/structure/views/view/%/export', 0x613a313a7b693a343b613a313a7b733a32313a2263746f6f6c735f6578706f72745f75695f6c6f6164223b613a313a7b693a303b733a383a2276696577735f7569223b7d7d7d, '', 'ctools_export_ui_task_access', 0x613a333a7b693a303b733a383a2276696577735f7569223b693a313b733a363a226578706f7274223b693a323b693a343b7d, 'ctools_export_ui_switcher_page', 0x613a333a7b693a303b733a383a2276696577735f7569223b693a313b733a363a226578706f7274223b693a323b693a343b7d, '', 61, 6, 0, '', 'admin/structure/views/view/%/export', 'Export', 't', '', '', 'a:0:{}', 4, '', '', 0, 'sites/all/modules/ctools/includes/export-ui.inc'),
('admin/structure/views/view/%/preview/%', 0x613a323a7b693a343b733a31393a2276696577735f75695f63616368655f6c6f6164223b693a363b4e3b7d, '', 'user_access', 0x613a313a7b693a303b733a31363a2261646d696e6973746572207669657773223b7d, 'views_ui_build_preview', 0x613a323a7b693a303b693a343b693a313b693a363b7d, '', 122, 7, 3, '', 'admin/structure/views/view/%/preview/%', '', 't', '', '', 'a:0:{}', 4, '', '', 0, 'sites/all/modules/views/includes/admin.inc'),
('admin/structure/views/view/%/preview/%/ajax', 0x613a323a7b693a343b733a31393a2276696577735f75695f63616368655f6c6f6164223b693a363b4e3b7d, '', 'user_access', 0x613a313a7b693a303b733a31363a2261646d696e6973746572207669657773223b7d, 'views_ui_build_preview', 0x613a323a7b693a303b693a343b693a313b693a363b7d, 'ajax_deliver', 245, 8, 0, '', 'admin/structure/views/view/%/preview/%/ajax', '', 't', '', 'ajax_base_page_theme', 'a:0:{}', 0, '', '', 0, 'sites/all/modules/views/includes/admin.inc'),
('admin/structure/views/view/%/revert', 0x613a313a7b693a343b613a313a7b733a32313a2263746f6f6c735f6578706f72745f75695f6c6f6164223b613a313a7b693a303b733a383a2276696577735f7569223b7d7d7d, '', 'ctools_export_ui_task_access', 0x613a333a7b693a303b733a383a2276696577735f7569223b693a313b733a363a22726576657274223b693a323b693a343b7d, 'ctools_export_ui_switcher_page', 0x613a333a7b693a303b733a383a2276696577735f7569223b693a313b733a363a2264656c657465223b693a323b693a343b7d, '', 61, 6, 0, '', 'admin/structure/views/view/%/revert', 'Revert', 't', '', '', 'a:0:{}', 4, '', '', 0, 'sites/all/modules/ctools/includes/export-ui.inc'),
('admin/tasks', '', '', 'user_access', 0x613a313a7b693a303b733a32373a226163636573732061646d696e697374726174696f6e207061676573223b7d, 'system_admin_menu_block_page', 0x613a303a7b7d, '', 3, 2, 1, 'admin', 'admin', 'Tasks', 't', '', '', 'a:0:{}', 140, '', '', -20, 'modules/system/system.admin.inc'),
('admin/update/ready', '', '', 'update_manager_access', 0x613a303a7b7d, 'drupal_get_form', 0x613a313a7b693a303b733a33323a227570646174655f6d616e616765725f7570646174655f72656164795f666f726d223b7d, '', 7, 3, 0, '', 'admin/update/ready', 'Ready to update', 't', '', '', 'a:0:{}', 0, '', '', 0, 'modules/update/update.manager.inc'),
('admin/views/ajax/autocomplete/tag', '', '', 'user_access', 0x613a313a7b693a303b733a31363a2261646d696e6973746572207669657773223b7d, 'views_ui_autocomplete_tag', 0x613a303a7b7d, '', 31, 5, 0, '', 'admin/views/ajax/autocomplete/tag', '', 't', '', '', 'a:0:{}', 0, '', '', 0, 'sites/all/modules/views/includes/admin.inc'),
('admin/views/ajax/autocomplete/taxonomy', '', '', 'user_access', 0x613a313a7b693a303b733a31343a2261636365737320636f6e74656e74223b7d, 'views_ajax_autocomplete_taxonomy', 0x613a303a7b7d, '', 31, 5, 0, '', 'admin/views/ajax/autocomplete/taxonomy', '', 't', '', 'ajax_base_page_theme', 'a:0:{}', 0, '', '', 0, 'sites/all/modules/views/includes/ajax.inc'),
('admin/views/ajax/autocomplete/user', '', '', 'user_access', 0x613a313a7b693a303b733a31343a2261636365737320636f6e74656e74223b7d, 'views_ajax_autocomplete_user', 0x613a303a7b7d, '', 31, 5, 0, '', 'admin/views/ajax/autocomplete/user', '', 't', '', 'ajax_base_page_theme', 'a:0:{}', 0, '', '', 0, 'sites/all/modules/views/includes/ajax.inc'),
('batch', '', '', '1', 0x613a303a7b7d, 'system_batch_page', 0x613a303a7b7d, '', 1, 1, 0, '', 'batch', '', 't', '', '_system_batch_theme', 'a:0:{}', 0, '', '', 0, 'modules/system/system.admin.inc'),
('blog', '', '', 'user_access', 0x613a313a7b693a303b733a31343a2261636365737320636f6e74656e74223b7d, 'blog_page_last', 0x613a303a7b7d, '', 1, 1, 0, '', 'blog', 'Blogs', 't', '', '', 'a:0:{}', 20, '', '', 0, 'modules/blog/blog.pages.inc'),
('blog/%', 0x613a313a7b693a313b733a32323a22757365725f7569645f6f7074696f6e616c5f6c6f6164223b7d, 0x613a313a7b693a313b733a32343a22757365725f7569645f6f7074696f6e616c5f746f5f617267223b7d, 'blog_page_user_access', 0x613a313a7b693a303b693a313b7d, 'blog_page_user', 0x613a313a7b693a303b693a313b7d, '', 2, 2, 0, '', 'blog/%', 'My blog', 't', '', '', 'a:0:{}', 6, '', '', 0, 'modules/blog/blog.pages.inc'),
('blog/%/feed', 0x613a313a7b693a313b733a393a22757365725f6c6f6164223b7d, '', 'blog_page_user_access', 0x613a313a7b693a303b693a313b7d, 'blog_feed_user', 0x613a313a7b693a303b693a313b7d, '', 5, 3, 0, '', 'blog/%/feed', 'Blogs', 't', '', '', 'a:0:{}', 0, '', '', 0, 'modules/blog/blog.pages.inc'),
('blog/feed', '', '', 'user_access', 0x613a313a7b693a303b733a31343a2261636365737320636f6e74656e74223b7d, 'blog_feed_last', 0x613a303a7b7d, '', 3, 2, 0, '', 'blog/feed', 'Blogs', 't', '', '', 'a:0:{}', 0, '', '', 0, 'modules/blog/blog.pages.inc'),
('board/add', '', '', 'pinboard_helper_follow_access', 0x613a303a7b7d, 'drupal_get_form', 0x613a323a7b693a303b733a33313a2270696e626f6172645f68656c7065725f666f726d5f626f6172645f65646974223b693a313b693a323b7d, '', 3, 2, 0, '', 'board/add', 'Create a Board', 't', '', '', 'a:0:{}', 0, '', '', 0, ''),
('board/edit', '', '', 'pinboard_helper_follow_access', 0x613a303a7b7d, 'drupal_get_form', 0x613a323a7b693a303b733a33313a2270696e626f6172645f68656c7065725f666f726d5f626f6172645f65646974223b693a313b693a323b7d, '', 3, 2, 0, '', 'board/edit', 'Edit board', 't', '', '', 'a:0:{}', 0, '', '', 0, ''),
('comment/%', 0x613a313a7b693a313b4e3b7d, '', 'user_access', 0x613a313a7b693a303b733a31353a2261636365737320636f6d6d656e7473223b7d, 'comment_permalink', 0x613a313a7b693a303b693a313b7d, '', 2, 2, 0, '', 'comment/%', 'Comment permalink', 't', '', '', 'a:0:{}', 6, '', '', 0, ''),
('comment/%/approve', 0x613a313a7b693a313b4e3b7d, '', 'user_access', 0x613a313a7b693a303b733a31393a2261646d696e697374657220636f6d6d656e7473223b7d, 'comment_approve', 0x613a313a7b693a303b693a313b7d, '', 5, 3, 0, '', 'comment/%/approve', 'Approve', 't', '', '', 'a:0:{}', 6, '', '', 1, 'modules/comment/comment.pages.inc'),
('comment/%/delete', 0x613a313a7b693a313b4e3b7d, '', 'user_access', 0x613a313a7b693a303b733a31393a2261646d696e697374657220636f6d6d656e7473223b7d, 'comment_confirm_delete_page', 0x613a313a7b693a303b693a313b7d, '', 5, 3, 1, 'comment/%', 'comment/%', 'Delete', 't', '', '', 'a:0:{}', 132, '', '', 2, 'modules/comment/comment.admin.inc'),
('comment/%/edit', 0x613a313a7b693a313b733a31323a22636f6d6d656e745f6c6f6164223b7d, '', 'comment_access', 0x613a323a7b693a303b733a343a2265646974223b693a313b693a313b7d, 'comment_edit_page', 0x613a313a7b693a303b693a313b7d, '', 5, 3, 1, 'comment/%', 'comment/%', 'Edit', 't', '', '', 'a:0:{}', 132, '', '', 0, '');
INSERT INTO `prefixpinboard_menu_router` (`path`, `load_functions`, `to_arg_functions`, `access_callback`, `access_arguments`, `page_callback`, `page_arguments`, `delivery_callback`, `fit`, `number_parts`, `context`, `tab_parent`, `tab_root`, `title`, `title_callback`, `title_arguments`, `theme_callback`, `theme_arguments`, `type`, `description`, `position`, `weight`, `include_file`) VALUES
('comment/%/view', 0x613a313a7b693a313b4e3b7d, '', 'user_access', 0x613a313a7b693a303b733a31353a2261636365737320636f6d6d656e7473223b7d, 'comment_permalink', 0x613a313a7b693a303b693a313b7d, '', 5, 3, 1, 'comment/%', 'comment/%', 'View comment', 't', '', '', 'a:0:{}', 140, '', '', -10, ''),
('comment/reply/%', 0x613a313a7b693a323b733a393a226e6f64655f6c6f6164223b7d, '', 'node_access', 0x613a323a7b693a303b733a343a2276696577223b693a313b693a323b7d, 'comment_reply', 0x613a313a7b693a303b693a323b7d, '', 6, 3, 0, '', 'comment/reply/%', 'Add new comment', 't', '', '', 'a:0:{}', 6, '', '', 0, 'modules/comment/comment.pages.inc'),
('contact', '', '', 'user_access', 0x613a313a7b693a303b733a32393a2261636365737320736974652d7769646520636f6e7461637420666f726d223b7d, 'drupal_get_form', 0x613a313a7b693a303b733a31373a22636f6e746163745f736974655f666f726d223b7d, '', 1, 1, 0, '', 'contact', 'Contact', 't', '', '', 'a:0:{}', 20, '', '', 0, 'modules/contact/contact.pages.inc'),
('contact_importer', '', '', 'user_access', 0x613a313a7b693a303b733a32333a2261636365737320636f6e7461637420696d706f72746572223b7d, 'drupal_get_form', 0x613a313a7b693a303b733a32313a22636f6e746163745f696d706f727465725f666f726d223b7d, '', 1, 1, 0, '', 'contact_importer', 'Import your contacts', 't', '', '', 'a:0:{}', 0, '', '', 0, 'sites/all/modules/contact_importer/contact_importer.pages.inc'),
('contact_importer_js', '', '', 'user_access', 0x613a313a7b693a303b733a32333a2261636365737320636f6e7461637420696d706f72746572223b7d, 'contact_importer_js', 0x613a303a7b7d, '', 1, 1, 0, '', 'contact_importer_js', 'Import your contacts', 't', '', '', 'a:0:{}', 0, '', '', 0, 'sites/all/modules/contact_importer/contact_importer.pages.inc'),
('contact_importer_overlay', '', '', 'user_access', 0x613a313a7b693a303b733a32333a2261636365737320636f6e7461637420696d706f72746572223b7d, 'drupal_get_form', 0x613a323a7b693a303b733a32313a22636f6e746163745f696d706f727465725f666f726d223b693a313b623a313b7d, '', 1, 1, 0, '', 'contact_importer_overlay', 'Import your contacts', 't', '', '', 'a:0:{}', 0, '', '', 0, 'sites/all/modules/contact_importer/contact_importer.pages.inc'),
('ctools/autocomplete/%', 0x613a313a7b693a323b4e3b7d, '', 'user_access', 0x613a313a7b693a303b733a31343a2261636365737320636f6e74656e74223b7d, 'ctools_content_autocomplete_entity', 0x613a313a7b693a303b693a323b7d, '', 6, 3, 0, '', 'ctools/autocomplete/%', '', 't', '', '', 'a:0:{}', 0, '', '', 0, 'sites/all/modules/ctools/includes/content.menu.inc'),
('ctools/context/ajax/access/add', '', '', 'user_access', 0x613a313a7b693a303b733a31343a2261636365737320636f6e74656e74223b7d, 'ctools_access_ajax_add', 0x613a303a7b7d, '', 31, 5, 0, '', 'ctools/context/ajax/access/add', '', 't', '', 'ajax_base_page_theme', 'a:0:{}', 0, '', '', 0, 'sites/all/modules/ctools/includes/context-access-admin.inc'),
('ctools/context/ajax/access/configure', '', '', 'user_access', 0x613a313a7b693a303b733a31343a2261636365737320636f6e74656e74223b7d, 'ctools_access_ajax_edit', 0x613a303a7b7d, '', 31, 5, 0, '', 'ctools/context/ajax/access/configure', '', 't', '', 'ajax_base_page_theme', 'a:0:{}', 0, '', '', 0, 'sites/all/modules/ctools/includes/context-access-admin.inc'),
('ctools/context/ajax/access/delete', '', '', 'user_access', 0x613a313a7b693a303b733a31343a2261636365737320636f6e74656e74223b7d, 'ctools_access_ajax_delete', 0x613a303a7b7d, '', 31, 5, 0, '', 'ctools/context/ajax/access/delete', '', 't', '', 'ajax_base_page_theme', 'a:0:{}', 0, '', '', 0, 'sites/all/modules/ctools/includes/context-access-admin.inc'),
('ctools/context/ajax/add', '', '', 'user_access', 0x613a313a7b693a303b733a31343a2261636365737320636f6e74656e74223b7d, 'ctools_context_ajax_item_add', 0x613a303a7b7d, '', 15, 4, 0, '', 'ctools/context/ajax/add', '', 't', '', 'ajax_base_page_theme', 'a:0:{}', 0, '', '', 0, 'sites/all/modules/ctools/includes/context-admin.inc'),
('ctools/context/ajax/configure', '', '', 'user_access', 0x613a313a7b693a303b733a31343a2261636365737320636f6e74656e74223b7d, 'ctools_context_ajax_item_edit', 0x613a303a7b7d, '', 15, 4, 0, '', 'ctools/context/ajax/configure', '', 't', '', 'ajax_base_page_theme', 'a:0:{}', 0, '', '', 0, 'sites/all/modules/ctools/includes/context-admin.inc'),
('ctools/context/ajax/delete', '', '', 'user_access', 0x613a313a7b693a303b733a31343a2261636365737320636f6e74656e74223b7d, 'ctools_context_ajax_item_delete', 0x613a303a7b7d, '', 15, 4, 0, '', 'ctools/context/ajax/delete', '', 't', '', 'ajax_base_page_theme', 'a:0:{}', 0, '', '', 0, 'sites/all/modules/ctools/includes/context-admin.inc'),
('file/ajax', '', '', 'user_access', 0x613a313a7b693a303b733a31343a2261636365737320636f6e74656e74223b7d, 'file_ajax_upload', 0x613a303a7b7d, 'ajax_deliver', 3, 2, 0, '', 'file/ajax', '', 't', '', 'ajax_base_page_theme', 'a:0:{}', 0, '', '', 0, ''),
('file/progress', '', '', 'user_access', 0x613a313a7b693a303b733a31343a2261636365737320636f6e74656e74223b7d, 'file_ajax_progress', 0x613a303a7b7d, '', 3, 2, 0, '', 'file/progress', '', 't', '', 'ajax_base_page_theme', 'a:0:{}', 0, '', '', 0, ''),
('filter/tips', '', '', '1', 0x613a303a7b7d, 'filter_tips_long', 0x613a303a7b7d, '', 3, 2, 0, '', 'filter/tips', 'Compose tips', 't', '', '', 'a:0:{}', 20, '', '', 0, 'modules/filter/filter.pages.inc'),
('follow', '', '', 'user_access', 0x613a313a7b693a303b733a31343a2261636365737320636f6e74656e74223b7d, 'pinboard_helper_follow', 0x613a303a7b7d, '', 1, 1, 0, '', 'follow', 'follow', 't', '', '', 'a:0:{}', 0, '', '', 0, ''),
('followers', '', '', 'user_access', 0x613a313a7b693a303b733a31343a2261636365737320636f6e74656e74223b7d, 'pinboard_helper_followers', 0x613a303a7b7d, '', 1, 1, 0, '', 'followers', 'Followers', 't', '', '', 'a:0:{}', 0, '', '', 0, ''),
('gifts', '', '', 'views_access', 0x613a313a7b693a303b613a323a7b693a303b733a31363a2276696577735f636865636b5f7065726d223b693a313b613a313a7b693a303b733a31343a2261636365737320636f6e74656e74223b7d7d7d, 'views_page', 0x613a323a7b693a303b733a353a226769667473223b693a313b733a343a2270616765223b7d, '', 1, 1, 0, '', 'gifts', 'Gifts', 't', '', '', 'a:0:{}', 6, '', '', 0, ''),
('gifts.xml', '', '', 'views_access', 0x613a313a7b693a303b613a323a7b693a303b733a31363a2276696577735f636865636b5f7065726d223b693a313b613a313a7b693a303b733a31343a2261636365737320636f6e74656e74223b7d7d7d, 'views_page', 0x613a323a7b693a303b733a353a226769667473223b693a313b733a343a2266656564223b7d, '', 1, 1, 0, '', 'gifts.xml', '', 't', '', '', 'a:0:{}', 0, '', '', 0, ''),
('gifts/100', '', '', 'views_access', 0x613a313a7b693a303b613a323a7b693a303b733a31363a2276696577735f636865636b5f7065726d223b693a313b613a313a7b693a303b733a31343a2261636365737320636f6e74656e74223b7d7d7d, 'views_page', 0x613a323a7b693a303b733a353a226769667473223b693a313b733a363a22706167655f33223b7d, '', 3, 2, 0, '', 'gifts/100', '$50-100', 't', '', '', 'a:0:{}', 6, '', '', 0, ''),
('gifts/20', '', '', 'views_access', 0x613a313a7b693a303b613a323a7b693a303b733a31363a2276696577735f636865636b5f7065726d223b693a313b613a313a7b693a303b733a31343a2261636365737320636f6e74656e74223b7d7d7d, 'views_page', 0x613a323a7b693a303b733a353a226769667473223b693a313b733a363a22706167655f31223b7d, '', 3, 2, 0, '', 'gifts/20', '$1-20', 't', '', '', 'a:0:{}', 6, '', '', 0, ''),
('gifts/200', '', '', 'views_access', 0x613a313a7b693a303b613a323a7b693a303b733a31363a2276696577735f636865636b5f7065726d223b693a313b613a313a7b693a303b733a31343a2261636365737320636f6e74656e74223b7d7d7d, 'views_page', 0x613a323a7b693a303b733a353a226769667473223b693a313b733a363a22706167655f34223b7d, '', 3, 2, 0, '', 'gifts/200', '$100-200', 't', '', '', 'a:0:{}', 6, '', '', 0, ''),
('gifts/50', '', '', 'views_access', 0x613a313a7b693a303b613a323a7b693a303b733a31363a2276696577735f636865636b5f7065726d223b693a313b613a313a7b693a303b733a31343a2261636365737320636f6e74656e74223b7d7d7d, 'views_page', 0x613a323a7b693a303b733a353a226769667473223b693a313b733a363a22706167655f32223b7d, '', 3, 2, 0, '', 'gifts/50', '$20-50', 't', '', '', 'a:0:{}', 6, '', '', 0, ''),
('gifts/500', '', '', 'views_access', 0x613a313a7b693a303b613a323a7b693a303b733a31363a2276696577735f636865636b5f7065726d223b693a313b613a313a7b693a303b733a31343a2261636365737320636f6e74656e74223b7d7d7d, 'views_page', 0x613a323a7b693a303b733a353a226769667473223b693a313b733a363a22706167655f35223b7d, '', 3, 2, 0, '', 'gifts/500', '$200-500', 't', '', '', 'a:0:{}', 6, '', '', 0, ''),
('gifts/500-', '', '', 'views_access', 0x613a313a7b693a303b613a323a7b693a303b733a31363a2276696577735f636865636b5f7065726d223b693a313b613a313a7b693a303b733a31343a2261636365737320636f6e74656e74223b7d7d7d, 'views_page', 0x613a323a7b693a303b733a353a226769667473223b693a313b733a363a22706167655f36223b7d, '', 3, 2, 0, '', 'gifts/500-', '$500+', 't', '', '', 'a:0:{}', 6, '', '', 0, ''),
('invite', '', '', 'user_access', 0x613a313a7b693a303b733a31363a2273656e6420696e7669746174696f6e73223b7d, 'drupal_get_form', 0x613a313a7b693a303b733a31313a22696e766974655f666f726d223b7d, '', 1, 1, 0, '', 'invite', 'Invite a friend', 'invite_page_title', '', '', 'a:0:{}', 6, '', '', 0, ''),
('invite/accept/%', 0x613a313a7b693a323b733a31313a22696e766974655f6c6f6164223b7d, '', '1', 0x613a303a7b7d, 'invite_accept', 0x613a313a7b693a303b693a323b7d, '', 6, 3, 0, '', 'invite/accept/%', '', 't', '', '', 'a:0:{}', 0, '', '', 0, 'sites/all/modules/invite/invite.pages.inc'),
('invite/resend/%', 0x613a313a7b693a323b733a31313a22696e766974655f6c6f6164223b7d, '', 'user_access', 0x613a313a7b693a303b733a31363a2273656e6420696e7669746174696f6e73223b7d, 'invite_resend', 0x613a313a7b693a303b693a323b7d, '', 6, 3, 0, '', 'invite/resend/%', 'Resend invitation', 't', '', '', 'a:0:{}', 0, '', '', 0, 'sites/all/modules/invite/invite.pages.inc'),
('invite/withdraw/%', 0x613a313a7b693a323b733a31313a22696e766974655f6c6f6164223b7d, '', 'invite_withdraw_access', 0x613a313a7b693a303b693a323b7d, 'drupal_get_form', 0x613a323a7b693a303b733a31353a22696e766974655f7769746864726177223b693a313b693a323b7d, '', 6, 3, 0, '', 'invite/withdraw/%', '', 't', '', '', 'a:0:{}', 0, '', '', 0, ''),
('like/vote/js', '', '', 'user_access', 0x613a313a7b693a303b733a31343a2261636365737320636f6e74656e74223b7d, 'pinboard_helper_vote_ahah', 0x613a303a7b7d, '', 7, 3, 0, '', 'like/vote/js', '', 't', '', '', 'a:0:{}', 0, '', '', 0, ''),
('loginza/token_url', '', '', '1', 0x613a303a7b7d, 'loginza_callback', 0x613a303a7b7d, '', 3, 2, 0, '', 'loginza/token_url', '', 't', '', '', 'a:0:{}', 0, '', '', 0, 'sites/all/modules/loginza/inc/loginza.pages.inc'),
('node', '', '', 'views_access', 0x613a313a7b693a303b623a313b7d, 'views_page', 0x613a323a7b693a303b733a343a226e6f6465223b693a313b733a343a2270616765223b7d, '', 1, 1, 0, '', 'node', '', 't', '', '', 'a:0:{}', 0, '', '', 0, ''),
('node/%', 0x613a313a7b693a313b733a393a226e6f64655f6c6f6164223b7d, '', 'node_access', 0x613a323a7b693a303b733a343a2276696577223b693a313b693a313b7d, 'node_page_view', 0x613a313a7b693a303b693a313b7d, '', 2, 2, 0, '', 'node/%', '', 'node_page_title', 'a:1:{i:0;i:1;}', '', 'a:0:{}', 6, '', '', 0, ''),
('node/%/delete', 0x613a313a7b693a313b733a393a226e6f64655f6c6f6164223b7d, '', 'node_access', 0x613a323a7b693a303b733a363a2264656c657465223b693a313b693a313b7d, 'drupal_get_form', 0x613a323a7b693a303b733a31393a226e6f64655f64656c6574655f636f6e6669726d223b693a313b693a313b7d, '', 5, 3, 2, 'node/%', 'node/%', 'Delete', 't', '', '', 'a:0:{}', 132, '', '', 1, 'modules/node/node.pages.inc'),
('node/%/edit', 0x613a313a7b693a313b733a393a226e6f64655f6c6f6164223b7d, '', 'node_access', 0x613a323a7b693a303b733a363a22757064617465223b693a313b693a313b7d, 'node_page_edit', 0x613a313a7b693a303b693a313b7d, '', 5, 3, 3, 'node/%', 'node/%', 'Edit', 't', '', '', 'a:0:{}', 132, '', '', 0, 'modules/node/node.pages.inc'),
('node/%/rating', 0x613a313a7b693a313b733a393a226e6f64655f6c6f6164223b7d, '', 'rate_results_page_access', 0x613a323a7b693a303b733a32323a2276696577207261746520726573756c74732070616765223b693a313b693a313b7d, 'rate_results_page', 0x613a313a7b693a303b693a313b7d, '', 5, 3, 1, 'node/%', 'node/%', 'Voting results', 't', '', '', 'a:0:{}', 132, '', '', 10, 'sites/all/modules/rate/rate.results.inc'),
('node/%/revisions', 0x613a313a7b693a313b733a393a226e6f64655f6c6f6164223b7d, '', '_node_revision_access', 0x613a313a7b693a303b693a313b7d, 'node_revision_overview', 0x613a313a7b693a303b693a313b7d, '', 5, 3, 1, 'node/%', 'node/%', 'Revisions', 't', '', '', 'a:0:{}', 132, '', '', 2, 'modules/node/node.pages.inc'),
('node/%/revisions/%/delete', 0x613a323a7b693a313b613a313a7b733a393a226e6f64655f6c6f6164223b613a313a7b693a303b693a333b7d7d693a333b4e3b7d, '', '_node_revision_access', 0x613a323a7b693a303b693a313b693a313b733a363a2264656c657465223b7d, 'drupal_get_form', 0x613a323a7b693a303b733a32383a226e6f64655f7265766973696f6e5f64656c6574655f636f6e6669726d223b693a313b693a313b7d, '', 21, 5, 0, '', 'node/%/revisions/%/delete', 'Delete earlier revision', 't', '', '', 'a:0:{}', 6, '', '', 0, 'modules/node/node.pages.inc'),
('node/%/revisions/%/revert', 0x613a323a7b693a313b613a313a7b733a393a226e6f64655f6c6f6164223b613a313a7b693a303b693a333b7d7d693a333b4e3b7d, '', '_node_revision_access', 0x613a323a7b693a303b693a313b693a313b733a363a22757064617465223b7d, 'drupal_get_form', 0x613a323a7b693a303b733a32383a226e6f64655f7265766973696f6e5f7265766572745f636f6e6669726d223b693a313b693a313b7d, '', 21, 5, 0, '', 'node/%/revisions/%/revert', 'Revert to earlier revision', 't', '', '', 'a:0:{}', 6, '', '', 0, 'modules/node/node.pages.inc'),
('node/%/revisions/%/view', 0x613a323a7b693a313b613a313a7b733a393a226e6f64655f6c6f6164223b613a313a7b693a303b693a333b7d7d693a333b4e3b7d, '', '_node_revision_access', 0x613a313a7b693a303b693a313b7d, 'node_show', 0x613a323a7b693a303b693a313b693a313b623a313b7d, '', 21, 5, 0, '', 'node/%/revisions/%/view', 'Revisions', 't', '', '', 'a:0:{}', 6, '', '', 0, ''),
('node/%/track', 0x613a313a7b693a313b733a393a226e6f64655f6c6f6164223b7d, '', 'user_access', 0x613a313a7b693a303b733a31373a226163636573732073746174697374696373223b7d, 'statistics_node_tracker', 0x613a303a7b7d, '', 5, 3, 1, 'node/%', 'node/%', 'Track', 't', '', '', 'a:0:{}', 132, '', '', 2, 'modules/statistics/statistics.pages.inc'),
('node/%/view', 0x613a313a7b693a313b733a393a226e6f64655f6c6f6164223b7d, '', 'node_access', 0x613a323a7b693a303b733a343a2276696577223b693a313b693a313b7d, 'node_page_view', 0x613a313a7b693a303b693a313b7d, '', 5, 3, 1, 'node/%', 'node/%', 'View', 't', '', '', 'a:0:{}', 140, '', '', -10, ''),
('node/add', '', '', '_node_add_access', 0x613a303a7b7d, 'node_add_page', 0x613a303a7b7d, '', 3, 2, 0, '', 'node/add', 'Add content', 't', '', '', 'a:0:{}', 6, '', '', 0, 'modules/node/node.pages.inc'),
('node/add/blog', '', '', 'node_access', 0x613a323a7b693a303b733a363a22637265617465223b693a313b733a343a22626c6f67223b7d, 'node_add', 0x613a313a7b693a303b733a343a22626c6f67223b7d, '', 7, 3, 0, '', 'node/add/blog', 'Blog entry', 'check_plain', '', '', 'a:0:{}', 6, 'Use for multi-user blogs. Every user gets a personal blog.', '', 0, 'modules/node/node.pages.inc'),
('node/add/page', '', '', 'node_access', 0x613a323a7b693a303b733a363a22637265617465223b693a313b733a343a2270616765223b7d, 'node_add', 0x613a313a7b693a303b733a343a2270616765223b7d, '', 7, 3, 0, '', 'node/add/page', 'Basic page', 'check_plain', '', '', 'a:0:{}', 6, 'Use <em>basic pages</em> for your static content, such as an ''About us'' page.', '', 0, 'modules/node/node.pages.inc'),
('node/add/pin', '', '', 'node_access', 0x613a323a7b693a303b733a363a22637265617465223b693a313b733a333a2270696e223b7d, 'node_add', 0x613a313a7b693a303b733a333a2270696e223b7d, '', 7, 3, 0, '', 'node/add/pin', 'Pin', 'check_plain', '', '', 'a:0:{}', 6, 'Use <em>Pin</em> for content', '', 0, 'modules/node/node.pages.inc'),
('overlay-ajax/%', 0x613a313a7b693a313b4e3b7d, '', 'user_access', 0x613a313a7b693a303b733a31343a22616363657373206f7665726c6179223b7d, 'overlay_ajax_render_region', 0x613a313a7b693a303b693a313b7d, '', 2, 2, 0, '', 'overlay-ajax/%', '', 't', '', '', 'a:0:{}', 0, '', '', 0, ''),
('overlay/dismiss-message', '', '', 'user_access', 0x613a313a7b693a303b733a31343a22616363657373206f7665726c6179223b7d, 'overlay_user_dismiss_message', 0x613a303a7b7d, '', 3, 2, 0, '', 'overlay/dismiss-message', '', 't', '', '', 'a:0:{}', 0, '', '', 0, ''),
('pinboard/autocomplete', '', '', 'user_access', 0x613a313a7b693a303b733a31343a2261636365737320636f6e74656e74223b7d, 'pinboard_helper_autocomplete', 0x613a303a7b7d, '', 3, 2, 0, '', 'pinboard/autocomplete', 'pinboard', 't', '', '', 'a:0:{}', 0, '', '', 0, ''),
('pinit', '', '', 'user_access', 0x613a313a7b693a303b733a31343a2261636365737320636f6e74656e74223b7d, 'pinboard_helper_pinit_js', 0x613a303a7b7d, '', 1, 1, 0, '', 'pinit', 'pinboard', 't', '', '', 'a:0:{}', 0, '', '', 0, ''),
('popular', '', '', 'views_access', 0x613a313a7b693a303b613a323a7b693a303b733a31363a2276696577735f636865636b5f7065726d223b693a313b613a313a7b693a303b733a31343a2261636365737320636f6e74656e74223b7d7d7d, 'views_page', 0x613a323a7b693a303b733a373a22706f70756c6172223b693a313b733a343a2270616765223b7d, '', 1, 1, 0, '', 'popular', 'Popular', 't', '', '', 'a:0:{}', 6, '', '', 0, ''),
('popular.xml', '', '', 'views_access', 0x613a313a7b693a303b613a323a7b693a303b733a31363a2276696577735f636865636b5f7065726d223b693a313b613a313a7b693a303b733a31343a2261636365737320636f6e74656e74223b7d7d7d, 'views_page', 0x613a323a7b693a303b733a373a22706f70756c6172223b693a313b733a343a2266656564223b7d, '', 1, 1, 0, '', 'popular.xml', '', 't', '', '', 'a:0:{}', 0, '', '', 0, ''),
('rate/vote/js', '', '', 'user_access', 0x613a313a7b693a303b733a31343a2261636365737320636f6e74656e74223b7d, 'rate_vote_ahah', 0x613a303a7b7d, '', 7, 3, 0, '', 'rate/vote/js', '', 't', '', '', 'a:0:{}', 0, '', '', 0, ''),
('repin', '', '', 'user_access', 0x613a313a7b693a303b733a31343a2261636365737320636f6e74656e74223b7d, 'pinboard_helper_repin', 0x613a303a7b7d, '', 1, 1, 0, '', 'repin', 'Repin', 't', '', '', 'a:0:{}', 0, '', '', 0, ''),
('rss.xml', '', '', 'user_access', 0x613a313a7b693a303b733a31343a2261636365737320636f6e74656e74223b7d, 'node_feed', 0x613a303a7b7d, '', 1, 1, 0, '', 'rss.xml', 'RSS feed', 't', '', '', 'a:0:{}', 0, '', '', 0, ''),
('search', '', '', 'search_is_active', 0x613a303a7b7d, 'search_view', 0x613a303a7b7d, '', 1, 1, 0, '', 'search', 'Search', 't', '', '', 'a:0:{}', 20, '', '', 0, 'modules/search/search.pages.inc'),
('search/node', '', '', '_search_menu_access', 0x613a313a7b693a303b733a343a226e6f6465223b7d, 'search_view', 0x613a323a7b693a303b733a343a226e6f6465223b693a313b733a303a22223b7d, '', 3, 2, 1, 'search', 'search', 'Content', 't', '', '', 'a:0:{}', 132, '', '', -10, 'modules/search/search.pages.inc'),
('search/node/%', 0x613a313a7b693a323b613a313a7b733a31343a226d656e755f7461696c5f6c6f6164223b613a323a7b693a303b733a343a22256d6170223b693a313b733a363a2225696e646578223b7d7d7d, 0x613a313a7b693a323b733a31363a226d656e755f7461696c5f746f5f617267223b7d, '_search_menu_access', 0x613a313a7b693a303b733a343a226e6f6465223b7d, 'search_view', 0x613a323a7b693a303b733a343a226e6f6465223b693a313b693a323b7d, '', 6, 3, 1, 'search/node', 'search/node/%', 'Content', 't', '', '', 'a:0:{}', 132, '', '', 0, 'modules/search/search.pages.inc'),
('search/user', '', '', '_search_menu_access', 0x613a313a7b693a303b733a343a2275736572223b7d, 'search_view', 0x613a323a7b693a303b733a343a2275736572223b693a313b733a303a22223b7d, '', 3, 2, 1, 'search', 'search', 'Users', 't', '', '', 'a:0:{}', 132, '', '', 0, 'modules/search/search.pages.inc'),
('search/user/%', 0x613a313a7b693a323b613a313a7b733a31343a226d656e755f7461696c5f6c6f6164223b613a323a7b693a303b733a343a22256d6170223b693a313b733a363a2225696e646578223b7d7d7d, 0x613a313a7b693a323b733a31363a226d656e755f7461696c5f746f5f617267223b7d, '_search_menu_access', 0x613a313a7b693a303b733a343a2275736572223b7d, 'search_view', 0x613a323a7b693a303b733a343a2275736572223b693a313b693a323b7d, '', 6, 3, 1, 'search/node', 'search/node/%', 'Users', 't', '', '', 'a:0:{}', 132, '', '', 0, 'modules/search/search.pages.inc'),
('sites/default/files/styles/%', 0x613a313a7b693a343b733a31363a22696d6167655f7374796c655f6c6f6164223b7d, '', '1', 0x613a303a7b7d, 'image_style_deliver', 0x613a313a7b693a303b693a343b7d, '', 30, 5, 0, '', 'sites/default/files/styles/%', 'Generate image style', 't', '', '', 'a:0:{}', 0, '', '', 0, ''),
('system/ajax', '', '', '1', 0x613a303a7b7d, 'ajax_form_callback', 0x613a303a7b7d, 'ajax_deliver', 3, 2, 0, '', 'system/ajax', 'AHAH callback', 't', '', 'ajax_base_page_theme', 'a:0:{}', 0, '', '', 0, 'includes/form.inc'),
('system/files', '', '', '1', 0x613a303a7b7d, 'file_download', 0x613a313a7b693a303b733a373a2270726976617465223b7d, '', 3, 2, 0, '', 'system/files', 'File download', 't', '', '', 'a:0:{}', 0, '', '', 0, ''),
('system/files/styles/%', 0x613a313a7b693a333b733a31363a22696d6167655f7374796c655f6c6f6164223b7d, '', '1', 0x613a303a7b7d, 'image_style_deliver', 0x613a313a7b693a303b693a333b7d, '', 14, 4, 0, '', 'system/files/styles/%', 'Generate image style', 't', '', '', 'a:0:{}', 0, '', '', 0, ''),
('system/temporary', '', '', '1', 0x613a303a7b7d, 'file_download', 0x613a313a7b693a303b733a393a2274656d706f72617279223b7d, '', 3, 2, 0, '', 'system/temporary', 'Temporary files', 't', '', '', 'a:0:{}', 0, '', '', 0, ''),
('system/timezone', '', '', '1', 0x613a303a7b7d, 'system_timezone', 0x613a303a7b7d, '', 3, 2, 0, '', 'system/timezone', 'Time zone', 't', '', '', 'a:0:{}', 0, '', '', 0, 'modules/system/system.admin.inc'),
('taxonomy/autocomplete', '', '', 'user_access', 0x613a313a7b693a303b733a31343a2261636365737320636f6e74656e74223b7d, 'taxonomy_autocomplete', 0x613a303a7b7d, '', 3, 2, 0, '', 'taxonomy/autocomplete', 'Autocomplete taxonomy', 't', '', '', 'a:0:{}', 0, '', '', 0, 'modules/taxonomy/taxonomy.pages.inc'),
('taxonomy/term/%', 0x613a313a7b693a323b613a313a7b733a31343a2276696577735f6172675f6c6f6164223b613a333a7b693a303b733a31333a227461786f6e6f6d795f7465726d223b693a313b733a343a2270616765223b693a323b733a363a2225696e646578223b7d7d7d, '', 'views_access', 0x613a313a7b693a303b623a313b7d, 'views_page', 0x613a333a7b693a303b733a31333a227461786f6e6f6d795f7465726d223b693a313b733a343a2270616765223b693a323b693a323b7d, '', 6, 3, 0, '', 'taxonomy/term/%', '', 't', '', '', 'a:0:{}', 0, '', '', 0, ''),
('taxonomy/term/%/%/feed', 0x613a323a7b693a323b613a313a7b733a31343a2276696577735f6172675f6c6f6164223b613a333a7b693a303b733a31333a227461786f6e6f6d795f7465726d223b693a313b733a343a2266656564223b693a323b733a363a2225696e646578223b7d7d693a333b4e3b7d, '', 'views_access', 0x613a313a7b693a303b623a313b7d, 'views_page', 0x613a343a7b693a303b733a31333a227461786f6e6f6d795f7465726d223b693a313b733a343a2266656564223b693a323b693a323b693a333b693a333b7d, '', 25, 5, 0, '', 'taxonomy/term/%/%/feed', '', 't', '', '', 'a:0:{}', 0, '', '', 0, ''),
('taxonomy/term/%/edit', 0x613a313a7b693a323b733a31383a227461786f6e6f6d795f7465726d5f6c6f6164223b7d, '', 'taxonomy_term_edit_access', 0x613a313a7b693a303b693a323b7d, 'drupal_get_form', 0x613a333a7b693a303b733a31383a227461786f6e6f6d795f666f726d5f7465726d223b693a313b693a323b693a323b4e3b7d, '', 13, 4, 1, 'taxonomy/term/%', 'taxonomy/term/%', 'Edit', 't', '', '', 'a:0:{}', 132, '', '', 10, 'modules/taxonomy/taxonomy.admin.inc'),
('taxonomy/term/%/feed', 0x613a313a7b693a323b733a31383a227461786f6e6f6d795f7465726d5f6c6f6164223b7d, '', 'user_access', 0x613a313a7b693a303b733a31343a2261636365737320636f6e74656e74223b7d, 'taxonomy_term_feed', 0x613a313a7b693a303b693a323b7d, '', 13, 4, 0, '', 'taxonomy/term/%/feed', 'Taxonomy term', 'taxonomy_term_title', 'a:1:{i:0;i:2;}', '', 'a:0:{}', 0, '', '', 0, 'modules/taxonomy/taxonomy.pages.inc'),
('taxonomy/term/%/view', 0x613a313a7b693a323b733a31383a227461786f6e6f6d795f7465726d5f6c6f6164223b7d, '', 'views_access', 0x613a313a7b693a303b623a313b7d, 'views_page', 0x613a333a7b693a303b733a31333a227461786f6e6f6d795f7465726d223b693a313b733a343a2270616765223b693a323b693a323b7d, '', 13, 4, 1, 'taxonomy/term/%', 'taxonomy/term/%', 'View', 't', '', '', 'a:0:{}', 140, '', '', 0, ''),
('token/autocomplete/%', 0x613a313a7b693a323b733a31353a22746f6b656e5f747970655f6c6f6164223b7d, '', '1', 0x613a303a7b7d, 'token_autocomplete_token', 0x613a313a7b693a303b693a323b7d, '', 6, 3, 0, '', 'token/autocomplete/%', '', 't', '', '', 'a:0:{}', 0, '', '', 0, 'sites/all/modules/token/token.pages.inc'),
('token/flush-cache', '', '', 'user_access', 0x613a313a7b693a303b733a31323a22666c75736820636163686573223b7d, 'token_flush_cache_callback', 0x613a303a7b7d, '', 3, 2, 0, '', 'token/flush-cache', '', 't', '', '', 'a:0:{}', 0, '', '', 0, 'sites/all/modules/token/token.pages.inc'),
('toolbar/toggle', '', '', 'user_access', 0x613a313a7b693a303b733a31343a2261636365737320746f6f6c626172223b7d, 'toolbar_toggle_page', 0x613a303a7b7d, '', 3, 2, 0, '', 'toolbar/toggle', 'Toggle drawer visibility', 't', '', '', 'a:0:{}', 0, '', '', 0, ''),
('unfollow', '', '', 'user_access', 0x613a313a7b693a303b733a31343a2261636365737320636f6e74656e74223b7d, 'pinboard_helper_unfollow', 0x613a303a7b7d, '', 1, 1, 0, '', 'unfollow', 'follow', 't', '', '', 'a:0:{}', 0, '', '', 0, ''),
('user', '', '', '1', 0x613a303a7b7d, 'user_page', 0x613a303a7b7d, '', 1, 1, 0, '', 'user', 'User account', 'user_menu_title', '', '', 'a:0:{}', 6, '', '', -10, 'modules/user/user.pages.inc'),
('user-feed', '', '', 'views_access', 0x613a313a7b693a303b613a323a7b693a303b733a31363a2276696577735f636865636b5f7065726d223b693a313b613a313a7b693a303b733a31343a2261636365737320636f6e74656e74223b7d7d7d, 'views_page', 0x613a323a7b693a303b733a393a22757365725f66656564223b693a313b733a343a2270616765223b7d, '', 1, 1, 0, '', 'user-feed', '', 't', '', '', 'a:0:{}', 0, '', '', 0, ''),
('user/%', 0x613a313a7b693a313b733a393a22757365725f6c6f6164223b7d, '', 'user_view_access', 0x613a313a7b693a303b693a313b7d, 'user_view_page', 0x613a313a7b693a303b693a313b7d, '', 2, 2, 0, '', 'user/%', 'My account', 'user_page_title', 'a:1:{i:0;i:1;}', '', 'a:0:{}', 6, '', '', 0, ''),
('user/%/cancel', 0x613a313a7b693a313b733a393a22757365725f6c6f6164223b7d, '', 'user_cancel_access', 0x613a313a7b693a303b693a313b7d, 'drupal_get_form', 0x613a323a7b693a303b733a32343a22757365725f63616e63656c5f636f6e6669726d5f666f726d223b693a313b693a313b7d, '', 5, 3, 0, '', 'user/%/cancel', 'Cancel account', 't', '', '', 'a:0:{}', 6, '', '', 0, 'modules/user/user.pages.inc'),
('user/%/cancel/confirm/%/%', 0x613a333a7b693a313b733a393a22757365725f6c6f6164223b693a343b4e3b693a353b4e3b7d, '', 'user_cancel_access', 0x613a313a7b693a303b693a313b7d, 'user_cancel_confirm', 0x613a333a7b693a303b693a313b693a313b693a343b693a323b693a353b7d, '', 44, 6, 0, '', 'user/%/cancel/confirm/%/%', 'Confirm account cancellation', 't', '', '', 'a:0:{}', 6, '', '', 0, 'modules/user/user.pages.inc'),
('user/%/contact', 0x613a313a7b693a313b733a393a22757365725f6c6f6164223b7d, '', '_contact_personal_tab_access', 0x613a313a7b693a303b693a313b7d, 'drupal_get_form', 0x613a323a7b693a303b733a32313a22636f6e746163745f706572736f6e616c5f666f726d223b693a313b693a313b7d, '', 5, 3, 1, 'user/%', 'user/%', 'Contact', 't', '', '', 'a:0:{}', 132, '', '', 2, 'modules/contact/contact.pages.inc'),
('user/%/edit', 0x613a313a7b693a313b733a393a22757365725f6c6f6164223b7d, '', 'user_edit_access', 0x613a313a7b693a303b693a313b7d, 'drupal_get_form', 0x613a323a7b693a303b733a31373a22757365725f70726f66696c655f666f726d223b693a313b693a313b7d, '', 5, 3, 1, 'user/%', 'user/%', 'Edit', 't', '', '', 'a:0:{}', 132, '', '', 0, 'modules/user/user.pages.inc'),
('user/%/edit/account', 0x613a313a7b693a313b613a313a7b733a31383a22757365725f63617465676f72795f6c6f6164223b613a323a7b693a303b733a343a22256d6170223b693a313b733a363a2225696e646578223b7d7d7d, '', 'user_edit_access', 0x613a313a7b693a303b693a313b7d, 'drupal_get_form', 0x613a323a7b693a303b733a31373a22757365725f70726f66696c655f666f726d223b693a313b693a313b7d, '', 11, 4, 1, 'user/%/edit', 'user/%', 'Account', 't', '', '', 'a:0:{}', 140, '', '', 0, 'modules/user/user.pages.inc'),
('user/%/feed.rss', 0x613a313a7b693a313b4e3b7d, '', 'views_access', 0x613a313a7b693a303b613a323a7b693a303b733a31363a2276696577735f636865636b5f7065726d223b693a313b613a313a7b693a303b733a31343a2261636365737320636f6e74656e74223b7d7d7d, 'views_page', 0x613a333a7b693a303b733a393a22757365725f66656564223b693a313b733a343a2266656564223b693a323b693a313b7d, '', 5, 3, 0, '', 'user/%/feed.rss', '', 't', '', '', 'a:0:{}', 0, '', '', 0, ''),
('user/%/invites', 0x613a313a7b693a313b733a393a22757365725f6c6f6164223b7d, '', 'invite_user_access', 0x613a323a7b693a303b733a31373a22747261636b20696e7669746174696f6e73223b693a313b693a313b7d, 'invite_user_overview', 0x613a323a7b693a303b733a383a226163636570746564223b693a313b693a313b7d, '', 5, 3, 1, 'user/%', 'user/%', 'Invitations', 't', '', '', 'a:0:{}', 132, '', '', 0, 'sites/all/modules/invite/invite.pages.inc'),
('user/%/invites/accepted', 0x613a313a7b693a313b733a393a22757365725f6c6f6164223b7d, '', 'invite_user_access', 0x613a323a7b693a303b733a31373a22747261636b20696e7669746174696f6e73223b693a313b693a313b7d, 'invite_user_overview', 0x613a323a7b693a303b733a383a226163636570746564223b693a313b693a313b7d, '', 11, 4, 1, 'user/%/invites', 'user/%', 'Accepted', 't', '', '', 'a:0:{}', 140, '', '', -5, 'sites/all/modules/invite/invite.pages.inc'),
('user/%/invites/expired', 0x613a313a7b693a313b733a393a22757365725f6c6f6164223b7d, '', 'invite_user_access', 0x613a323a7b693a303b733a31373a22747261636b20696e7669746174696f6e73223b693a313b693a313b7d, 'invite_user_overview', 0x613a323a7b693a303b733a373a2265787069726564223b693a313b693a313b7d, '', 11, 4, 1, 'user/%/invites', 'user/%', 'Expired', 't', '', '', 'a:0:{}', 132, '', '', 5, 'sites/all/modules/invite/invite.pages.inc'),
('user/%/invites/new', 0x613a313a7b693a313b733a393a22757365725f6c6f6164223b7d, '', 'invite_user_access', 0x613a323a7b693a303b733a31363a2273656e6420696e7669746174696f6e73223b693a313b693a313b7d, 'drupal_get_form', 0x613a333a7b693a303b733a31313a22696e766974655f666f726d223b693a313b733a343a2270616765223b693a323b613a303a7b7d7d, '', 11, 4, 1, 'user/%/invites', 'user/%', 'New invitation', 't', '', '', 'a:0:{}', 132, '', '', 10, ''),
('user/%/invites/pending', 0x613a313a7b693a313b733a393a22757365725f6c6f6164223b7d, '', 'invite_user_access', 0x613a323a7b693a303b733a31373a22747261636b20696e7669746174696f6e73223b693a313b693a313b7d, 'invite_user_overview', 0x613a323a7b693a303b733a373a2270656e64696e67223b693a313b693a313b7d, '', 11, 4, 1, 'user/%/invites', 'user/%', 'Pending', 't', '', '', 'a:0:{}', 132, '', '', 0, 'sites/all/modules/invite/invite.pages.inc'),
('user/%/loginza', 0x613a313a7b693a313b733a393a22757365725f6c6f6164223b7d, '', 'user_edit_access', 0x613a313a7b693a303b693a313b7d, 'loginza_user_identities', 0x613a313a7b693a303b693a313b7d, '', 5, 3, 1, 'user/%', 'user/%', 'Loginza identities', 't', '', '', 'a:0:{}', 132, '', '', 0, 'sites/all/modules/loginza/inc/loginza.pages.inc'),
('user/%/loginza/delete', 0x613a313a7b693a313b733a393a22757365725f6c6f6164223b7d, '', 'user_edit_access', 0x613a313a7b693a303b693a313b7d, 'drupal_get_form', 0x613a323a7b693a303b733a32343a226c6f67696e7a615f757365725f64656c6574655f666f726d223b693a313b693a313b7d, '', 11, 4, 0, '', 'user/%/loginza/delete', 'Delete Loginza identity', 't', '', '', 'a:0:{}', 6, '', '', 0, 'sites/all/modules/loginza/inc/loginza.pages.inc'),
('user/%/notifications', 0x613a313a7b693a313b4e3b7d, '', 'pinboard_helper_uac_access', 0x613a303a7b7d, 'drupal_get_form', 0x613a323a7b693a303b733a32393a2270696e626f6172645f68656c7065725f6e6f74696669636174696f6e73223b693a313b693a323b7d, '', 5, 3, 1, 'user/%', 'user/%', 'Notifications', 't', '', '', 'a:0:{}', 132, '', '', 0, ''),
('user/%/shortcuts', 0x613a313a7b693a313b733a393a22757365725f6c6f6164223b7d, '', 'shortcut_set_switch_access', 0x613a313a7b693a303b693a313b7d, 'drupal_get_form', 0x613a323a7b693a303b733a31393a2273686f72746375745f7365745f737769746368223b693a313b693a313b7d, '', 5, 3, 1, 'user/%', 'user/%', 'Shortcuts', 't', '', '', 'a:0:{}', 132, '', '', 0, 'modules/shortcut/shortcut.admin.inc'),
('user/%/track/navigation', 0x613a313a7b693a313b733a393a22757365725f6c6f6164223b7d, '', 'user_access', 0x613a313a7b693a303b733a31373a226163636573732073746174697374696373223b7d, 'statistics_user_tracker', 0x613a303a7b7d, '', 11, 4, 1, 'user/%', 'user/%', 'Track page visits', 't', '', '', 'a:0:{}', 132, '', '', 2, 'modules/statistics/statistics.pages.inc'),
('user/%/view', 0x613a313a7b693a313b733a393a22757365725f6c6f6164223b7d, '', 'user_view_access', 0x613a313a7b693a303b693a313b7d, 'user_view_page', 0x613a313a7b693a303b693a313b7d, '', 5, 3, 1, 'user/%', 'user/%', 'View', 't', '', '', 'a:0:{}', 140, '', '', -10, ''),
('user/autocomplete', '', '', 'user_access', 0x613a313a7b693a303b733a32303a2261636365737320757365722070726f66696c6573223b7d, 'user_autocomplete', 0x613a303a7b7d, '', 3, 2, 0, '', 'user/autocomplete', 'User autocomplete', 't', '', '', 'a:0:{}', 0, '', '', 0, 'modules/user/user.pages.inc'),
('user/login', '', '', 'user_is_anonymous', 0x613a303a7b7d, 'user_page', 0x613a303a7b7d, '', 3, 2, 1, 'user', 'user', 'Log in', 't', '', '', 'a:0:{}', 140, '', '', 0, 'modules/user/user.pages.inc'),
('user/login-to-rate', '', '', '1', 0x613a303a7b7d, 'rate_login_page', 0x613a303a7b7d, '', 3, 2, 0, '', 'user/login-to-rate', 'Log in', 't', '', '', 'a:0:{}', 0, '', '', 0, ''),
('user/logout', '', '', 'user_is_logged_in', 0x613a303a7b7d, 'user_logout', 0x613a303a7b7d, '', 3, 2, 0, '', 'user/logout', 'Log out', 't', '', '', 'a:0:{}', 6, '', '', 10, 'modules/user/user.pages.inc'),
('user/password', '', '', '1', 0x613a303a7b7d, 'drupal_get_form', 0x613a313a7b693a303b733a393a22757365725f70617373223b7d, '', 3, 2, 1, 'user', 'user', 'Request new password', 't', '', '', 'a:0:{}', 132, '', '', 0, 'modules/user/user.pages.inc'),
('user/register', '', '', 'user_register_access', 0x613a303a7b7d, 'drupal_get_form', 0x613a313a7b693a303b733a31383a22757365725f72656769737465725f666f726d223b7d, '', 3, 2, 1, 'user', 'user', 'Create new account', 't', '', '', 'a:0:{}', 132, '', '', 0, ''),
('user/reset/%/%/%', 0x613a333a7b693a323b4e3b693a333b4e3b693a343b4e3b7d, '', '1', 0x613a303a7b7d, 'drupal_get_form', 0x613a343a7b693a303b733a31353a22757365725f706173735f7265736574223b693a313b693a323b693a323b693a333b693a333b693a343b7d, '', 24, 5, 0, '', 'user/reset/%/%/%', 'Reset password', 't', '', '', 'a:0:{}', 0, '', '', 0, 'modules/user/user.pages.inc'),
('vef/load/%', 0x613a313a7b693a323b4e3b7d, '', '1', 0x613a303a7b7d, '_video_embed_field_show_video', 0x613a313a7b693a303b693a323b7d, '', 6, 3, 0, '', 'vef/load/%', 'Video Embed Field - Load Video', 't', '', '', 'a:0:{}', 0, '', '', 0, ''),
('video', '', '', 'views_access', 0x613a313a7b693a303b613a323a7b693a303b733a31363a2276696577735f636865636b5f7065726d223b693a313b613a313a7b693a303b733a31343a2261636365737320636f6e74656e74223b7d7d7d, 'views_page', 0x613a323a7b693a303b733a353a22766964656f223b693a313b733a343a2270616765223b7d, '', 1, 1, 0, '', 'video', 'Video', 't', '', '', 'a:0:{}', 6, '', '', 0, ''),
('video.xml', '', '', 'views_access', 0x613a313a7b693a303b613a323a7b693a303b733a31363a2276696577735f636865636b5f7065726d223b693a313b613a313a7b693a303b733a31343a2261636365737320636f6e74656e74223b7d7d7d, 'views_page', 0x613a323a7b693a303b733a353a22766964656f223b693a313b733a343a2266656564223b7d, '', 1, 1, 0, '', 'video.xml', '', 't', '', '', 'a:0:{}', 0, '', '', 0, ''),
('views/ajax', '', '', '1', 0x613a303a7b7d, 'views_ajax', 0x613a303a7b7d, 'ajax_deliver', 3, 2, 0, '', 'views/ajax', 'Views', 't', '', 'ajax_base_page_theme', 'a:0:{}', 0, 'Ajax callback for view loading.', '', 0, 'sites/all/modules/views/includes/ajax.inc'),
('youfollow', '', '', 'pinboard_helper_follow_access', 0x613a303a7b7d, 'pinboard_helper_youfollow', 0x613a303a7b7d, '', 1, 1, 0, '', 'youfollow', 'You Follow', 't', '', '', 'a:0:{}', 6, '', '', 0, '');

DROP TABLE IF EXISTS `prefixpinboard_node`;
CREATE TABLE `prefixpinboard_node` (
  `nid` int(10) unsigned NOT NULL AUTO_INCREMENT COMMENT 'The primary identifier for a node.',
  `vid` int(10) unsigned DEFAULT NULL COMMENT 'The current prefixpinboard_node_revision.vid version identifier.',
  `type` varchar(32) NOT NULL DEFAULT '' COMMENT 'The prefixpinboard_node_type.type of this node.',
  `language` varchar(12) NOT NULL DEFAULT '' COMMENT 'The prefixpinboard_languages.language of this node.',
  `title` varchar(255) NOT NULL DEFAULT '' COMMENT 'The title of this node, always treated as non-markup plain text.',
  `uid` int(11) NOT NULL DEFAULT '0' COMMENT 'The prefixpinboard_users.uid that owns this node; initially, this is the user that created it.',
  `status` int(11) NOT NULL DEFAULT '1' COMMENT 'Boolean indicating whether the node is published (visible to non-administrators).',
  `created` int(11) NOT NULL DEFAULT '0' COMMENT 'The Unix timestamp when the node was created.',
  `changed` int(11) NOT NULL DEFAULT '0' COMMENT 'The Unix timestamp when the node was most recently saved.',
  `comment` int(11) NOT NULL DEFAULT '0' COMMENT 'Whether comments are allowed on this node: 0 = no, 1 = closed (read only), 2 = open (read/write).',
  `promote` int(11) NOT NULL DEFAULT '0' COMMENT 'Boolean indicating whether the node should be displayed on the front page.',
  `sticky` int(11) NOT NULL DEFAULT '0' COMMENT 'Boolean indicating whether the node should be displayed at the top of lists in which it appears.',
  `tnid` int(10) unsigned NOT NULL DEFAULT '0' COMMENT 'The translation set id for this node, which equals the node id of the source post in each set.',
  `translate` int(11) NOT NULL DEFAULT '0' COMMENT 'A boolean indicating whether this translation page needs to be updated.',
  PRIMARY KEY (`nid`),
  UNIQUE KEY `vid` (`vid`),
  KEY `node_changed` (`changed`),
  KEY `node_created` (`created`),
  KEY `node_frontpage` (`promote`,`status`,`sticky`,`created`),
  KEY `node_status_type` (`status`,`type`,`nid`),
  KEY `node_title_type` (`title`,`type`(4)),
  KEY `node_type` (`type`(4)),
  KEY `uid` (`uid`),
  KEY `tnid` (`tnid`),
  KEY `translate` (`translate`)
) ENGINE=InnoDB  DEFAULT CHARSET=utf8 COMMENT='The base table for nodes.' AUTO_INCREMENT=129 ;

INSERT INTO `prefixpinboard_node` (`nid`, `vid`, `type`, `language`, `title`, `uid`, `status`, `created`, `changed`, `comment`, `promote`, `sticky`, `tnid`, `translate`) VALUES
(1, 1, 'page', 'und', 'About', 1, 1, 1331153158, 1338821204, 1, 0, 0, 0, 0),
(2, 2, 'pin', 'und', 'Pin', 1, 1, 1331234307, 1331234307, 2, 1, 0, 0, 0),
(3, 3, 'pin', 'und', 'Pin', 1, 1, 1331234353, 1331234353, 2, 1, 0, 0, 0),
(4, 4, 'pin', 'und', 'Maecenas tempus, tellus eget condimentum rhoncus, sem quam semper libero, sit amet adipiscing sem neque sed ipsum. ', 1, 1, 1331234559, 1331581637, 2, 1, 0, 0, 0),
(5, 5, 'pin', 'und', 'Working full-time in I.T., but still manage to find the time to pin as much as possible! Tastes veer towards the more ornate and fancy side - minimalist I ain''t! If I tell you I adore the Baroque & Rococo, as well as Art Nouveau, you''ll get some...', 1, 1, 1331234618, 1331238322, 2, 1, 0, 0, 0),
(6, 6, 'pin', 'und', 'Lorem ipsum dolor sit amet, consectetuer adipiscing elit.', 1, 1, 1331544459, 1331544459, 2, 1, 0, 0, 0),
(7, 7, 'pin', 'und', 'Maecenas tempus, tellus eget condimentum rhoncus, sem quam', 1, 1, 1331547908, 1331547908, 2, 1, 0, 0, 0),
(8, 8, 'pin', 'und', 'Etiam ultricies nisi vel augue. Curabitur ullamcorper ultricies nisi. Nam eget dui. Etiam rhoncus.', 1, 1, 1331548761, 1331548761, 2, 1, 0, 0, 0),
(9, 9, 'pin', 'und', 'Etiam ultricies nisi vel augue. Curabitur ullamcorper ultricies nisi. Nam eget dui. Etiam rhoncus.', 1, 1, 1331548961, 1331548961, 2, 1, 0, 0, 0),
(10, 10, 'pin', 'und', 'Etiam ultricies nisi vel augue. Curabitur ullamcorper ultricies nisi. Nam eget dui. Etiam rhoncus.', 1, 1, 1331549017, 1331656290, 2, 1, 0, 0, 0),
(11, 11, 'pin', 'und', 'Pin', 1, 1, 1331549727, 1331549727, 2, 1, 0, 0, 0),
(13, 13, 'pin', 'und', 'Etiam ultricies nisi vel augue. Curabitur ullamcorper ultricies nisi. Nam eget dui. Etiam rhoncus.', 1, 1, 1331655644, 1331655644, 2, 1, 0, 0, 0),
(14, 14, 'pin', 'und', 'Etiam ultricies nisi vel augue. Curabitur ullamcorper ultricies nisi. Nam eget dui. Etiam rhoncus.', 1, 1, 1331548761, 1338988487, 2, 1, 0, 0, 0),
(15, 15, 'pin', 'und', 'Etiam ultricies nisi vel augue. Curabitur ullamcorper ultricies nisi. Nam eget dui. Etiam rhoncus.', 1, 1, 1331658153, 1331658153, 2, 1, 0, 0, 0),
(16, 16, 'pin', 'und', 'Curabitur ullamcorper ultricies nisi. Nam eget dui. Etiam rhoncus.', 1, 1, 1331659627, 1331659718, 2, 1, 0, 0, 0),
(17, 17, 'pin', 'und', 'condimentum rhoncus, sem quam', 1, 1, 1331659735, 1331659753, 2, 1, 0, 0, 0),
(20, 20, 'pin', 'und', 'Pin', 1, 1, 1331660567, 1331660735, 2, 1, 0, 0, 0),
(21, 21, 'pin', 'und', 'Enter a comma-separated list of words to describe your content.', 1, 1, 1331665878, 1331666660, 2, 1, 0, 0, 0),
(22, 22, 'pin', 'und', 'Pin', 1, 1, 1331670815, 1331671729, 2, 1, 0, 0, 0),
(23, 23, 'pin', 'und', 'Pin', 1, 1, 1331671755, 1331671933, 2, 1, 0, 0, 0),
(24, 24, 'pin', 'und', 'Curabitur ullamcorper ultricies nisi. Nam eget dui. Etiam rhoncus.', 1, 1, 1331671995, 1331674762, 2, 1, 0, 0, 0),
(25, 25, 'pin', 'und', 'Pin', 1, 1, 1331675915, 1331675915, 2, 1, 0, 0, 0),
(26, 26, 'pin', 'und', 'Pin', 1, 1, 1331675972, 1331675972, 2, 1, 0, 0, 0),
(29, 29, 'pin', 'und', 'Lines and paragraphs break automatically.', 1, 1, 1331677700, 1331677700, 2, 1, 0, 0, 0),
(30, 30, 'pin', 'und', 'Butternut Squash ravioli with light creamy sauce', 1, 1, 1331765910, 1337892065, 2, 1, 0, 0, 0),
(31, 31, 'pin', 'und', 'Pin', 1, 1, 1331766012, 1335215101, 2, 1, 0, 0, 0),
(34, 34, 'pin', 'und', 'FFFFOUND!', 1, 1, 1332164630, 1337806768, 2, 1, 0, 0, 0),
(35, 35, 'pin', 'und', 'FFFFOUND!', 1, 1, 1332164676, 1334864933, 2, 1, 0, 0, 0),
(37, 37, 'pin', 'und', 'Google Image Result for http://www.imgbase.info/images/safe-wallpapers/photography/sky/15039_sky_clouds.jpg', 1, 1, 1332684409, 1332684409, 2, 1, 0, 0, 0),
(38, 38, 'pin', 'und', 'wow', 1, 1, 1332684468, 1332684468, 2, 1, 0, 0, 0),
(39, 39, 'pin', 'und', 'Pin', 1, 1, 1332690888, 1332690888, 2, 1, 0, 0, 0),
(40, 40, 'pin', 'und', 'Sci-Fi-O-Rama - Welcome to Sci-Fi-O-Rama! A visual scrapbook for cataloging inspiring Art, Graphics and Illustration with a Sci-Fi and Fantasy Slant.', 1, 1, 1332690966, 1332690966, 2, 1, 0, 0, 0),
(41, 41, 'pin', 'und', 'lol', 1, 1, 1332691040, 1337806735, 2, 1, 0, 0, 0),
(42, 42, 'pin', 'und', '? ? ? | Flickr - Photo Sharing!', 1, 1, 1332691247, 1332691247, 2, 1, 0, 0, 0),
(43, 43, 'pin', 'und', 'Sci-Fi-O-Rama ', 1, 1, 1332691445, 1332691445, 2, 1, 0, 0, 0),
(44, 44, 'pin', 'und', '«Art & Design blog»', 1, 1, 1332691719, 1332691719, 2, 1, 0, 0, 0),
(45, 45, 'pin', 'und', 'Sci-Fi-O-Rama', 1, 1, 1332691795, 1332691795, 2, 1, 0, 0, 0),
(46, 46, 'pin', 'und', 'Sci-Fi-O-Rama ', 1, 1, 1332691834, 1332691834, 2, 1, 0, 0, 0),
(47, 47, 'pin', 'und', 'Sci-Fi-O-Rama', 1, 1, 1332691873, 1332691873, 2, 1, 0, 0, 0),
(48, 48, 'pin', 'und', 'Sci-Fi-O-Rama ', 1, 1, 1332691903, 1332691903, 2, 1, 0, 0, 0),
(49, 49, 'pin', 'und', 'Sci-Fi-O-Rama', 1, 1, 1332691943, 1332691943, 2, 1, 0, 0, 0),
(50, 50, 'pin', 'und', ' page 13', 1, 1, 1332692009, 1332692009, 2, 1, 0, 0, 0),
(51, 51, 'pin', 'und', 'Sci-Fi-O-Rama ', 1, 1, 1332692030, 1332692030, 2, 1, 0, 0, 0),
(52, 52, 'pin', 'und', 'Sci-Fi-O-Rama - ', 1, 1, 1332692211, 1332692211, 2, 1, 0, 0, 0),
(53, 53, 'pin', 'und', 'Sci-Fi-O-Rama ', 1, 1, 1332692221, 1332692221, 2, 1, 0, 0, 0),
(54, 54, 'pin', 'und', 'Apple', 1, 1, 1332692392, 1332692392, 2, 1, 0, 0, 0),
(55, 55, 'pin', 'und', ' page 18', 1, 1, 1332692452, 1332692452, 2, 1, 0, 0, 0),
(56, 56, 'pin', 'und', 'Apple - iPod touch - It’s fun-filled and feature-packed.', 1, 1, 1332692591, 1332692591, 2, 1, 0, 0, 0),
(57, 57, 'pin', 'und', 'Apple - MacBook Pro - The new MacBook Pro. Huge leaps in performance.', 1, 1, 1332692617, 1332692617, 2, 1, 0, 0, 0),
(58, 58, 'pin', 'und', 'Apple - MacBook Pro - The new MacBook Pro. Huge leaps in performance.', 1, 1, 1332692718, 1332692718, 2, 1, 0, 0, 0),
(59, 59, 'pin', 'und', 'Google Image Result for http://usiter.com/uploads/20101011/sport_kstrim_7181.jpg', 1, 1, 1332692888, 1335523412, 2, 1, 0, 0, 0),
(60, 60, 'pin', 'und', 'sport-9-800.jpg (JPEG Image, 800 ? 600 pixels)', 1, 1, 1332692953, 1335523432, 2, 1, 0, 0, 0),
(61, 61, 'pin', 'und', 'Media', 1, 1, 1332692968, 1335523451, 2, 1, 0, 0, 0),
(62, 62, 'pin', 'und', 'Google Image', 1, 1, 1332693066, 1335523469, 2, 1, 0, 0, 0),
(63, 63, 'pin', 'und', 'Media', 1, 1, 1332693192, 1335523485, 2, 1, 0, 0, 0),
(66, 66, 'pin', 'und', 'Pin', 1, 1, 1332693574, 1332693574, 2, 1, 0, 0, 0),
(67, 67, 'pin', 'und', '2222', 1, 1, 1332693584, 1334865777, 2, 1, 0, 0, 0),
(68, 68, 'pin', 'und', 'Pin', 1, 1, 1332693610, 1332693610, 2, 1, 0, 0, 0),
(71, 71, 'pin', 'und', 'Pin', 1, 1, 1333706671, 1333707329, 2, 1, 0, 0, 0),
(73, 73, 'pin', 'und', 'GLEE - Full Performance of "Somebody That I Used To Know" airing TUE 4/10 - YouTube', 1, 1, 1333736777, 1338988320, 2, 1, 0, 0, 0),
(74, 74, 'pin', 'und', 'Congi - Somnium (Triangle/Circle/Square) on Vimeo', 1, 1, 1333739751, 1333739751, 2, 1, 0, 0, 0),
(75, 75, 'blog', 'und', 'Blog 1', 1, 1, 1334659159, 1334659159, 2, 1, 0, 0, 0),
(76, 76, 'blog', 'und', 'Blog 2', 1, 1, 1334659330, 1334659330, 2, 1, 0, 0, 0),
(77, 77, 'pin', 'und', 'Pin', 1, 1, 1335201636, 1335201636, 2, 1, 0, 0, 0),
(99, 99, 'pin', 'und', 'Team Collaboration | Feng Office 1', 1, 1, 1335423806, 1335423806, 2, 1, 0, 0, 0),
(103, 103, 'pin', 'und', 'Media', 1, 1, 1335475687, 1335522994, 2, 1, 0, 0, 0),
(107, 107, 'pin', 'und', 'Google Image Result for http://usiter.com/uploads/20101011/sport_kstrim_7181.jpg', 1, 1, 1335523042, 1335523042, 2, 1, 0, 0, 0),
(108, 108, 'pin', 'und', 'Media', 1, 1, 1335523090, 1335523090, 2, 1, 0, 0, 0),
(109, 109, 'pin', 'und', 'Media', 1, 1, 1335523179, 1335523179, 2, 1, 0, 0, 0),
(110, 110, 'pin', 'und', 'Butternut Squash ravioli with light creamy sauce', 1, 1, 1335523297, 1335523297, 2, 1, 0, 0, 0),
(111, 111, 'pin', 'und', 'Media pin', 1, 1, 1335523328, 1336566976, 2, 1, 0, 0, 0),
(114, 114, 'pin', 'und', 'Media', 1, 1, 1335535121, 1335535121, 2, 1, 0, 0, 0),
(127, 127, 'pin', 'en', 'Media pin', 1, 1, 1335812426, 1337806696, 2, 1, 0, 0, 0),
(128, 128, 'pin', 'en', 'Media pin', 1, 1, 1335814183, 1337892146, 2, 1, 0, 0, 0);

DROP TABLE IF EXISTS `prefixpinboard_node_access`;
CREATE TABLE `prefixpinboard_node_access` (
  `nid` int(10) unsigned NOT NULL DEFAULT '0' COMMENT 'The prefixpinboard_node.nid this record affects.',
  `gid` int(10) unsigned NOT NULL DEFAULT '0' COMMENT 'The grant ID a user must possess in the specified realm to gain this row’s privileges on the node.',
  `realm` varchar(255) NOT NULL DEFAULT '' COMMENT 'The realm in which the user must possess the grant ID. Each node access node can define one or more realms.',
  `grant_view` tinyint(3) unsigned NOT NULL DEFAULT '0' COMMENT 'Boolean indicating whether a user with the realm/grant pair can view this node.',
  `grant_update` tinyint(3) unsigned NOT NULL DEFAULT '0' COMMENT 'Boolean indicating whether a user with the realm/grant pair can edit this node.',
  `grant_delete` tinyint(3) unsigned NOT NULL DEFAULT '0' COMMENT 'Boolean indicating whether a user with the realm/grant pair can delete this node.',
  PRIMARY KEY (`nid`,`gid`,`realm`)
) ENGINE=InnoDB DEFAULT CHARSET=utf8 COMMENT='Identifies which realm/grant pairs a user must possess in...';

INSERT INTO `prefixpinboard_node_access` (`nid`, `gid`, `realm`, `grant_view`, `grant_update`, `grant_delete`) VALUES
(0, 0, 'all', 1, 0, 0);

DROP TABLE IF EXISTS `prefixpinboard_node_comment_statistics`;
CREATE TABLE `prefixpinboard_node_comment_statistics` (
  `nid` int(10) unsigned NOT NULL DEFAULT '0' COMMENT 'The prefixpinboard_node.nid for which the statistics are compiled.',
  `cid` int(11) NOT NULL DEFAULT '0' COMMENT 'The prefixpinboard_comment.cid of the last comment.',
  `last_comment_timestamp` int(11) NOT NULL DEFAULT '0' COMMENT 'The Unix timestamp of the last comment that was posted within this node, from prefixpinboard_comment.changed.',
  `last_comment_name` varchar(60) DEFAULT NULL COMMENT 'The name of the latest author to post a comment on this node, from prefixpinboard_comment.name.',
  `last_comment_uid` int(11) NOT NULL DEFAULT '0' COMMENT 'The user ID of the latest author to post a comment on this node, from prefixpinboard_comment.uid.',
  `comment_count` int(10) unsigned NOT NULL DEFAULT '0' COMMENT 'The total number of comments on this node.',
  PRIMARY KEY (`nid`),
  KEY `node_comment_timestamp` (`last_comment_timestamp`),
  KEY `comment_count` (`comment_count`),
  KEY `last_comment_uid` (`last_comment_uid`)
) ENGINE=InnoDB DEFAULT CHARSET=utf8 COMMENT='Maintains statistics of node and comments posts to show ...';

INSERT INTO `prefixpinboard_node_comment_statistics` (`nid`, `cid`, `last_comment_timestamp`, `last_comment_name`, `last_comment_uid`, `comment_count`) VALUES
(1, 0, 1331153158, NULL, 1, 0),
(2, 0, 1331234307, NULL, 1, 0),
(3, 0, 1331234353, NULL, 1, 0),
(4, 0, 1331234559, NULL, 1, 0),
(5, 2, 1331244986, '', 1, 2),
(6, 0, 1331544459, NULL, 1, 0),
(7, 0, 1331547908, NULL, 1, 0),
(8, 4, 1331578597, '', 1, 2),
(9, 0, 1331548961, NULL, 1, 0),
(10, 0, 1331549017, NULL, 1, 0),
(11, 0, 1331549727, NULL, 1, 0),
(13, 0, 1331655644, NULL, 1, 0),
(14, 0, 1331657563, NULL, 1, 0),
(15, 0, 1331658153, NULL, 1, 0),
(16, 0, 1331659644, NULL, 1, 0),
(17, 0, 1331659753, NULL, 1, 0),
(20, 0, 1331660567, NULL, 1, 0),
(21, 0, 1331665878, NULL, 1, 0),
(22, 0, 1331670815, NULL, 1, 0),
(23, 0, 1331671755, NULL, 1, 0),
(24, 0, 1331671995, NULL, 1, 0),
(25, 0, 1331675915, NULL, 1, 0),
(26, 0, 1331675972, NULL, 1, 0),
(29, 0, 1331677700, NULL, 1, 0),
(30, 0, 1331765910, NULL, 1, 0),
(31, 0, 1331766012, NULL, 1, 0),
(34, 0, 1332164630, NULL, 1, 0),
(35, 0, 1332164676, NULL, 1, 0),
(37, 0, 1332684409, NULL, 1, 0),
(38, 0, 1332684468, NULL, 1, 0),
(39, 0, 1332690888, NULL, 1, 0),
(40, 0, 1332690966, NULL, 1, 0),
(41, 0, 1332691040, NULL, 1, 0),
(42, 0, 1332691247, NULL, 1, 0),
(43, 0, 1332691445, NULL, 1, 0),
(44, 0, 1332691719, NULL, 1, 0),
(45, 0, 1332691795, NULL, 1, 0),
(46, 0, 1332691834, NULL, 1, 0),
(47, 0, 1332691873, NULL, 1, 0),
(48, 0, 1332691903, NULL, 1, 0),
(49, 0, 1332691943, NULL, 1, 0),
(50, 0, 1332692009, NULL, 1, 0),
(51, 0, 1332692030, NULL, 1, 0),
(52, 0, 1332692211, NULL, 1, 0),
(53, 0, 1332692221, NULL, 1, 0),
(54, 0, 1332692392, NULL, 1, 0),
(55, 0, 1332692452, NULL, 1, 0),
(56, 0, 1332692591, NULL, 1, 0),
(57, 0, 1332692617, NULL, 1, 0),
(58, 0, 1332692718, NULL, 1, 0),
(59, 0, 1332692888, NULL, 1, 0),
(60, 0, 1332692953, NULL, 1, 0),
(61, 0, 1332692968, NULL, 1, 0),
(62, 0, 1332693066, NULL, 1, 0),
(63, 0, 1332693192, NULL, 1, 0),
(66, 0, 1332693574, NULL, 1, 0),
(67, 0, 1332693584, NULL, 1, 0),
(68, 0, 1332693610, NULL, 1, 0),
(71, 0, 1333706671, NULL, 1, 0),
(73, 0, 1333736777, NULL, 1, 0),
(74, 0, 1333739751, NULL, 1, 0),
(75, 0, 1334659159, NULL, 1, 0),
(76, 0, 1334659330, NULL, 1, 0),
(77, 25, 1339019237, '', 1, 4),
(99, 7, 1335439045, '', 1, 3),
(103, 0, 1335475687, NULL, 1, 0),
(107, 0, 1335523042, NULL, 1, 0),
(108, 0, 1335523090, NULL, 1, 0),
(109, 0, 1335523179, NULL, 1, 0),
(110, 0, 1335523297, NULL, 1, 0),
(111, 0, 1335523328, NULL, 1, 0),
(114, 21, 1338809441, '', 1, 9),
(127, 0, 1335812426, NULL, 1, 0),
(128, 0, 1335814183, NULL, 1, 0);

DROP TABLE IF EXISTS `prefixpinboard_node_counter`;
CREATE TABLE `prefixpinboard_node_counter` (
  `nid` int(11) NOT NULL DEFAULT '0' COMMENT 'The prefixpinboard_node.nid for these statistics.',
  `totalcount` bigint(20) unsigned NOT NULL DEFAULT '0' COMMENT 'The total number of times the prefixpinboard_node has been viewed.',
  `daycount` mediumint(8) unsigned NOT NULL DEFAULT '0' COMMENT 'The total number of times the prefixpinboard_node has been viewed today.',
  `timestamp` int(10) unsigned NOT NULL DEFAULT '0' COMMENT 'The most recent time the prefixpinboard_node has been viewed.',
  PRIMARY KEY (`nid`)
) ENGINE=InnoDB DEFAULT CHARSET=utf8 COMMENT='Access statistics for prefixpinboard_nodes.';


DROP TABLE IF EXISTS `prefixpinboard_node_revision`;
CREATE TABLE `prefixpinboard_node_revision` (
  `nid` int(10) unsigned NOT NULL DEFAULT '0' COMMENT 'The prefixpinboard_node this version belongs to.',
  `vid` int(10) unsigned NOT NULL AUTO_INCREMENT COMMENT 'The primary identifier for this version.',
  `uid` int(11) NOT NULL DEFAULT '0' COMMENT 'The prefixpinboard_users.uid that created this version.',
  `title` varchar(255) NOT NULL DEFAULT '' COMMENT 'The title of this version.',
  `log` longtext NOT NULL COMMENT 'The log entry explaining the changes in this version.',
  `timestamp` int(11) NOT NULL DEFAULT '0' COMMENT 'A Unix timestamp indicating when this version was created.',
  `status` int(11) NOT NULL DEFAULT '1' COMMENT 'Boolean indicating whether the node (at the time of this revision) is published (visible to non-administrators).',
  `comment` int(11) NOT NULL DEFAULT '0' COMMENT 'Whether comments are allowed on this node (at the time of this revision): 0 = no, 1 = closed (read only), 2 = open (read/write).',
  `promote` int(11) NOT NULL DEFAULT '0' COMMENT 'Boolean indicating whether the node (at the time of this revision) should be displayed on the front page.',
  `sticky` int(11) NOT NULL DEFAULT '0' COMMENT 'Boolean indicating whether the node (at the time of this revision) should be displayed at the top of lists in which it appears.',
  PRIMARY KEY (`vid`),
  KEY `nid` (`nid`),
  KEY `uid` (`uid`)
) ENGINE=InnoDB  DEFAULT CHARSET=utf8 COMMENT='Stores information about each saved version of a...' AUTO_INCREMENT=129 ;

INSERT INTO `prefixpinboard_node_revision` (`nid`, `vid`, `uid`, `title`, `log`, `timestamp`, `status`, `comment`, `promote`, `sticky`) VALUES
(1, 1, 1, 'About', '', 1338821204, 1, 1, 0, 0),
(2, 2, 1, 'Pin', '', 1331234307, 1, 2, 1, 0),
(3, 3, 1, 'Pin', '', 1331234353, 1, 2, 1, 0),
(4, 4, 1, 'Maecenas tempus, tellus eget condimentum rhoncus, sem quam semper libero, sit amet adipiscing sem neque sed ipsum. ', '', 1331581637, 1, 2, 1, 0),
(5, 5, 1, 'Working full-time in I.T., but still manage to find the time to pin as much as possible! Tastes veer towards the more ornate and fancy side - minimalist I ain''t! If I tell you I adore the Baroque & Rococo, as well as Art Nouveau, you''ll get some...', '', 1331238322, 1, 2, 1, 0),
(6, 6, 1, 'Lorem ipsum dolor sit amet, consectetuer adipiscing elit.', '', 1331544459, 1, 2, 1, 0),
(7, 7, 1, 'Maecenas tempus, tellus eget condimentum rhoncus, sem quam', '', 1331547908, 1, 2, 1, 0),
(8, 8, 1, 'Etiam ultricies nisi vel augue. Curabitur ullamcorper ultricies nisi. Nam eget dui. Etiam rhoncus.', '', 1331548761, 1, 2, 1, 0),
(9, 9, 1, 'Etiam ultricies nisi vel augue. Curabitur ullamcorper ultricies nisi. Nam eget dui. Etiam rhoncus.', '', 1331548961, 1, 2, 1, 0),
(10, 10, 1, 'Etiam ultricies nisi vel augue. Curabitur ullamcorper ultricies nisi. Nam eget dui. Etiam rhoncus.', '', 1331656290, 1, 2, 1, 0),
(11, 11, 1, 'Pin', '', 1331549727, 1, 2, 1, 0),
(13, 13, 1, 'Etiam ultricies nisi vel augue. Curabitur ullamcorper ultricies nisi. Nam eget dui. Etiam rhoncus.', '', 1331655644, 1, 2, 1, 0),
(14, 14, 1, 'Etiam ultricies nisi vel augue. Curabitur ullamcorper ultricies nisi. Nam eget dui. Etiam rhoncus.', '', 1338988487, 1, 2, 1, 0),
(15, 15, 1, 'Etiam ultricies nisi vel augue. Curabitur ullamcorper ultricies nisi. Nam eget dui. Etiam rhoncus.', '', 1331658153, 1, 2, 1, 0),
(16, 16, 1, 'Curabitur ullamcorper ultricies nisi. Nam eget dui. Etiam rhoncus.', '', 1331659718, 1, 2, 1, 0),
(17, 17, 1, 'condimentum rhoncus, sem quam', '', 1331659753, 1, 2, 1, 0),
(20, 20, 1, 'Pin', '', 1331660735, 1, 2, 1, 0),
(21, 21, 1, 'Enter a comma-separated list of words to describe your content.', '', 1331666660, 1, 2, 1, 0),
(22, 22, 1, 'Pin', '', 1331671729, 1, 2, 1, 0),
(23, 23, 1, 'Pin', '', 1331671933, 1, 2, 1, 0),
(24, 24, 1, 'Curabitur ullamcorper ultricies nisi. Nam eget dui. Etiam rhoncus.', '', 1331674762, 1, 2, 1, 0),
(25, 25, 1, 'Pin', '', 1331675915, 1, 2, 1, 0),
(26, 26, 1, 'Pin', '', 1331675972, 1, 2, 1, 0),
(29, 29, 1, 'Lines and paragraphs break automatically.', '', 1331677700, 1, 2, 1, 0),
(30, 30, 1, 'Butternut Squash ravioli with light creamy sauce', '', 1337892065, 1, 2, 1, 0),
(31, 31, 1, 'Pin', '', 1335215101, 1, 2, 1, 0),
(34, 34, 1, 'FFFFOUND!', '', 1337806768, 1, 2, 1, 0),
(35, 35, 1, 'FFFFOUND!', '', 1334864933, 1, 2, 1, 0),
(37, 37, 1, 'Google Image Result for http://www.imgbase.info/images/safe-wallpapers/photography/sky/15039_sky_clouds.jpg', '', 1332684409, 1, 2, 1, 0),
(38, 38, 1, 'wow', '', 1332684468, 1, 2, 1, 0),
(39, 39, 1, 'Pin', '', 1332690888, 1, 2, 1, 0),
(40, 40, 1, 'Sci-Fi-O-Rama - Welcome to Sci-Fi-O-Rama! A visual scrapbook for cataloging inspiring Art, Graphics and Illustration with a Sci-Fi and Fantasy Slant.', '', 1332690966, 1, 2, 1, 0),
(41, 41, 1, 'lol', '', 1337806735, 1, 2, 1, 0),
(42, 42, 1, '? ? ? | Flickr - Photo Sharing!', '', 1332691247, 1, 2, 1, 0),
(43, 43, 1, 'Sci-Fi-O-Rama ', '', 1332691445, 1, 2, 1, 0),
(44, 44, 1, '«Art & Design blog»', '', 1332691719, 1, 2, 1, 0),
(45, 45, 1, 'Sci-Fi-O-Rama', '', 1332691795, 1, 2, 1, 0),
(46, 46, 1, 'Sci-Fi-O-Rama ', '', 1332691834, 1, 2, 1, 0),
(47, 47, 1, 'Sci-Fi-O-Rama', '', 1332691873, 1, 2, 1, 0),
(48, 48, 1, 'Sci-Fi-O-Rama ', '', 1332691903, 1, 2, 1, 0),
(49, 49, 1, 'Sci-Fi-O-Rama', '', 1332691943, 1, 2, 1, 0),
(50, 50, 1, ' page 13', '', 1332692009, 1, 2, 1, 0),
(51, 51, 1, 'Sci-Fi-O-Rama ', '', 1332692030, 1, 2, 1, 0),
(52, 52, 1, 'Sci-Fi-O-Rama - ', '', 1332692211, 1, 2, 1, 0),
(53, 53, 1, 'Sci-Fi-O-Rama ', '', 1332692221, 1, 2, 1, 0),
(54, 54, 1, 'Apple', '', 1332692392, 1, 2, 1, 0),
(55, 55, 1, ' page 18', '', 1332692452, 1, 2, 1, 0),
(56, 56, 1, 'Apple - iPod touch - It’s fun-filled and feature-packed.', '', 1332692591, 1, 2, 1, 0),
(57, 57, 1, 'Apple - MacBook Pro - The new MacBook Pro. Huge leaps in performance.', '', 1332692617, 1, 2, 1, 0),
(58, 58, 1, 'Apple - MacBook Pro - The new MacBook Pro. Huge leaps in performance.', '', 1332692718, 1, 2, 1, 0),
(59, 59, 1, 'Google Image Result for http://usiter.com/uploads/20101011/sport_kstrim_7181.jpg', '', 1335523412, 1, 2, 1, 0),
(60, 60, 1, 'sport-9-800.jpg (JPEG Image, 800 ? 600 pixels)', '', 1335523432, 1, 2, 1, 0),
(61, 61, 1, 'Media', '', 1335523451, 1, 2, 1, 0),
(62, 62, 1, 'Google Image', '', 1335523469, 1, 2, 1, 0),
(63, 63, 1, 'Media', '', 1335523485, 1, 2, 1, 0),
(66, 66, 1, 'Pin', '', 1332693574, 1, 2, 1, 0),
(67, 67, 1, '2222', '', 1334865777, 1, 2, 1, 0),
(68, 68, 1, 'Pin', '', 1332693610, 1, 2, 1, 0),
(71, 71, 1, 'Pin', '', 1333707329, 1, 2, 1, 0),
(73, 73, 1, 'GLEE - Full Performance of "Somebody That I Used To Know" airing TUE 4/10 - YouTube', '', 1338988320, 1, 2, 1, 0),
(74, 74, 1, 'Congi - Somnium (Triangle/Circle/Square) on Vimeo', '', 1333739751, 1, 2, 1, 0),
(75, 75, 1, 'Blog 1', '', 1334659159, 1, 2, 1, 0),
(76, 76, 1, 'Blog 2', '', 1334659330, 1, 2, 1, 0),
(77, 77, 1, 'Pin', '', 1335201636, 1, 2, 1, 0),
(99, 99, 1, 'Team Collaboration | Feng Office 1', '', 1335423806, 1, 2, 1, 0),
(103, 103, 1, 'Media', '', 1335522994, 1, 2, 1, 0),
(107, 107, 1, 'Google Image Result for http://usiter.com/uploads/20101011/sport_kstrim_7181.jpg', '', 1335523042, 1, 2, 1, 0),
(108, 108, 1, 'Media', '', 1335523090, 1, 2, 1, 0),
(109, 109, 1, 'Media', '', 1335523179, 1, 2, 1, 0),
(110, 110, 1, 'Butternut Squash ravioli with light creamy sauce', '', 1335523297, 1, 2, 1, 0),
(111, 111, 1, 'Media pin', '', 1336566976, 1, 2, 1, 0),
(114, 114, 1, 'Media', '', 1335535121, 1, 2, 1, 0),
(127, 127, 1, 'Media pin', '', 1337806696, 1, 2, 1, 0),
(128, 128, 1, 'Media pin', '', 1337892146, 1, 2, 1, 0);

DROP TABLE IF EXISTS `prefixpinboard_node_type`;
CREATE TABLE `prefixpinboard_node_type` (
  `type` varchar(32) NOT NULL COMMENT 'The machine-readable name of this type.',
  `name` varchar(255) NOT NULL DEFAULT '' COMMENT 'The human-readable name of this type.',
  `base` varchar(255) NOT NULL COMMENT 'The base string used to construct callbacks corresponding to this node type.',
  `module` varchar(255) NOT NULL COMMENT 'The module defining this node type.',
  `description` mediumtext NOT NULL COMMENT 'A brief description of this type.',
  `help` mediumtext NOT NULL COMMENT 'Help information shown to the user when creating a prefixpinboard_node of this type.',
  `has_title` tinyint(3) unsigned NOT NULL COMMENT 'Boolean indicating whether this type uses the prefixpinboard_node.title field.',
  `title_label` varchar(255) NOT NULL DEFAULT '' COMMENT 'The label displayed for the title field on the edit form.',
  `custom` tinyint(4) NOT NULL DEFAULT '0' COMMENT 'A boolean indicating whether this type is defined by a module (FALSE) or by a user via Add content type (TRUE).',
  `modified` tinyint(4) NOT NULL DEFAULT '0' COMMENT 'A boolean indicating whether this type has been modified by an administrator; currently not used in any way.',
  `locked` tinyint(4) NOT NULL DEFAULT '0' COMMENT 'A boolean indicating whether the administrator can change the machine name of this type.',
  `disabled` tinyint(4) NOT NULL DEFAULT '0' COMMENT 'A boolean indicating whether the node type is disabled.',
  `orig_type` varchar(255) NOT NULL DEFAULT '' COMMENT 'The original machine-readable name of this node type. This may be different from the current type name if the locked field is 0.',
  PRIMARY KEY (`type`)
) ENGINE=InnoDB DEFAULT CHARSET=utf8 COMMENT='Stores information about all defined prefixpinboard_node...';

INSERT INTO `prefixpinboard_node_type` (`type`, `name`, `base`, `module`, `description`, `help`, `has_title`, `title_label`, `custom`, `modified`, `locked`, `disabled`, `orig_type`) VALUES
('blog', 'Blog entry', 'blog', 'blog', 'Use for multi-user blogs. Every user gets a personal blog.', '', 1, 'Title', 0, 0, 1, 0, 'blog'),
('page', 'Basic page', 'node_content', 'node', 'Use <em>basic pages</em> for your static content, such as an ''About us'' page.', '', 1, 'Title', 1, 1, 0, 0, 'page'),
('pin', 'Pin', 'node_content', 'node', 'Use <em>Pin</em> for content', '', 1, 'Title', 1, 1, 0, 0, 'article');

DROP TABLE IF EXISTS `prefixpinboard_pinboard_boards`;
CREATE TABLE `prefixpinboard_pinboard_boards` (
  `bid` int(11) NOT NULL AUTO_INCREMENT,
  `uid` int(11) NOT NULL,
  `name` varchar(255) NOT NULL,
  `data` longtext NOT NULL,
  PRIMARY KEY (`bid`)
) ENGINE=MyISAM  DEFAULT CHARSET=utf8 AUTO_INCREMENT=42 ;

INSERT INTO `prefixpinboard_pinboard_boards` (`bid`, `uid`, `name`, `data`) VALUES
(6, 1, 'green', 'a:2:{s:8:"category";s:1:"3";s:11:"description";s:0:"";}'),
(8, 1, 'sky', 'a:1:{s:8:"category";s:2:"16";}'),
(9, 1, 'design', 'a:2:{s:8:"category";s:1:"0";s:11:"description";s:356:"Donec pede justo, fringilla vel, aliquet nec, vulputate eget, arcu. In enim justo, rhoncus ut, imperdiet a, venenatis vitae, justo. Nullam dictum felis eu pede mollis pretium. Integer tincidunt. Cras dapibus. Vivamus elementum semper nisi. Aenean vulputate eleifend tellus. Aenean leo ligula, porttitor eu, consequat vitae, eleifend ac, enim. Example image";}');

DROP TABLE IF EXISTS `prefixpinboard_pinboard_follow`;
CREATE TABLE `prefixpinboard_pinboard_follow` (
  `fid` int(11) NOT NULL AUTO_INCREMENT,
  `uid` int(11) NOT NULL DEFAULT '0',
  `aid` int(11) NOT NULL DEFAULT '0',
  `pid` int(11) NOT NULL DEFAULT '0',
  `timestamp` int(11) NOT NULL DEFAULT '0',
  PRIMARY KEY (`fid`),
  KEY `uid` (`uid`),
  KEY `pid` (`pid`),
  KEY `aid` (`aid`)
) ENGINE=InnoDB DEFAULT CHARSET=utf8 AUTO_INCREMENT=1 ;


DROP TABLE IF EXISTS `prefixpinboard_pinboard_repins`;
CREATE TABLE `prefixpinboard_pinboard_repins` (
  `uid` int(11) NOT NULL,
  `nid` int(11) NOT NULL,
  `did` int(11) NOT NULL,
  `bid` int(11) NOT NULL,
  `data` longtext NOT NULL,
  KEY `uid` (`uid`,`nid`)
) ENGINE=MyISAM DEFAULT CHARSET=utf8;

INSERT INTO `prefixpinboard_pinboard_repins` (`uid`, `nid`, `did`, `bid`, `data`) VALUES
(1, 24, 24, 0, ''),
(1, 110, 30, 8, ''),
(1, 14, 14, 6, ''),
(1, 29, 27, 6, ''),
(1, 30, 30, 6, ''),
(1, 31, 25, 6, ''),
(1, 34, 34, 6, ''),
(1, 35, 35, 6, ''),
(1, 37, 37, 8, ''),
(1, 38, 37, 8, ''),
(1, 39, 39, 9, ''),
(1, 40, 40, 9, ''),
(1, 41, 41, 9, ''),
(1, 42, 42, 8, ''),
(1, 43, 43, 9, ''),
(1, 44, 44, 9, ''),
(1, 45, 45, 9, ''),
(1, 46, 46, 9, ''),
(1, 47, 47, 9, ''),
(1, 48, 48, 9, ''),
(1, 49, 49, 9, ''),
(1, 50, 50, 9, ''),
(1, 51, 51, 9, ''),
(1, 52, 52, 9, ''),
(1, 53, 53, 9, ''),
(1, 54, 54, 9, ''),
(1, 55, 55, 9, ''),
(1, 56, 56, 9, ''),
(1, 57, 57, 9, ''),
(1, 58, 58, 9, ''),
(1, 59, 59, 8, ''),
(1, 60, 60, 8, ''),
(1, 61, 61, 8, ''),
(1, 62, 62, 8, ''),
(1, 63, 63, 9, ''),
(1, 77, 77, 6, ''),
(1, 66, 66, 9, ''),
(1, 67, 67, 9, ''),
(1, 68, 68, 9, ''),
(1, 114, 114, 6, ''),
(1, 74, 74, 6, ''),
(1, 71, 71, 6, ''),
(1, 75, 75, 0, ''),
(1, 73, 73, 6, ''),
(1, 76, 76, 0, ''),
(1, 99, 36, 6, ''),
(1, 109, 77, 8, ''),
(1, 111, 25, 8, ''),
(1, 103, 103, 8, ''),
(1, 107, 59, 8, ''),
(1, 108, 61, 8, ''),
(1, 127, 127, 6, ''),
(1, 128, 128, 8, ''),
(1, 1, 1, 0, '');

DROP TABLE IF EXISTS `prefixpinboard_pinboard_userboard`;
CREATE TABLE `prefixpinboard_pinboard_userboard` (
  `id` int(11) NOT NULL AUTO_INCREMENT,
  `uid` int(11) NOT NULL,
  `bid` int(11) NOT NULL,
  `data` longtext NOT NULL,
  PRIMARY KEY (`id`),
  KEY `uid` (`uid`),
  KEY `bid` (`bid`)
) ENGINE=InnoDB  DEFAULT CHARSET=utf8 AUTO_INCREMENT=7 ;

INSERT INTO `prefixpinboard_pinboard_userboard` (`id`, `uid`, `bid`, `data`) VALUES
(1, 1, 35, 'a:6:{s:3:"uid";s:1:"1";s:4:"name";s:5:"admin";s:3:"bid";s:2:"35";s:5:"bname";s:6:"green3";s:4:"vuid";s:1:"1";s:5:"vname";s:5:"admin";}'),
(4, 1, 36, 'a:6:{s:3:"uid";s:1:"1";s:4:"name";s:5:"admin";s:3:"bid";s:2:"36";s:5:"bname";s:6:"green3";s:4:"vuid";s:1:"1";s:5:"vname";s:5:"admin";}'),
(5, 1, 33, 'a:6:{s:3:"uid";s:1:"1";s:4:"name";s:5:"admin";s:3:"bid";s:2:"33";s:5:"bname";s:6:"green2";s:4:"vuid";s:1:"1";s:5:"vname";s:5:"admin";}'),
(6, 1, 40, 'a:6:{s:3:"uid";s:1:"1";s:4:"name";s:5:"admin";s:3:"bid";s:2:"40";s:5:"bname";s:6:"green3";s:4:"vuid";s:1:"1";s:5:"vname";s:5:"admin";}');

DROP TABLE IF EXISTS `prefixpinboard_queue`;
CREATE TABLE `prefixpinboard_queue` (
  `item_id` int(10) unsigned NOT NULL AUTO_INCREMENT COMMENT 'Primary Key: Unique item ID.',
  `name` varchar(255) NOT NULL DEFAULT '' COMMENT 'The queue name.',
  `data` longblob COMMENT 'The arbitrary data for the item.',
  `expire` int(11) NOT NULL DEFAULT '0' COMMENT 'Timestamp when the claim lease expires on the item.',
  `created` int(11) NOT NULL DEFAULT '0' COMMENT 'Timestamp when the item was created.',
  PRIMARY KEY (`item_id`),
  KEY `name_created` (`name`,`created`),
  KEY `expire` (`expire`)
) ENGINE=InnoDB DEFAULT CHARSET=utf8 COMMENT='Stores items in queues.' AUTO_INCREMENT=1 ;


DROP TABLE IF EXISTS `prefixpinboard_rdf_mapping`;
CREATE TABLE `prefixpinboard_rdf_mapping` (
  `type` varchar(128) NOT NULL COMMENT 'The name of the entity type a mapping applies to (node, user, comment, etc.).',
  `bundle` varchar(128) NOT NULL COMMENT 'The name of the bundle a mapping applies to.',
  `mapping` longblob COMMENT 'The serialized mapping of the bundle type and fields to RDF terms.',
  PRIMARY KEY (`type`,`bundle`)
) ENGINE=InnoDB DEFAULT CHARSET=utf8 COMMENT='Stores custom RDF mappings for user defined content types...';

INSERT INTO `prefixpinboard_rdf_mapping` (`type`, `bundle`, `mapping`) VALUES
('node', 'article', 0x613a31313a7b733a31313a226669656c645f696d616765223b613a323a7b733a31303a2270726564696361746573223b613a323a7b693a303b733a383a226f673a696d616765223b693a313b733a31323a22726466733a736565416c736f223b7d733a343a2274797065223b733a333a2272656c223b7d733a31303a226669656c645f74616773223b613a323a7b733a31303a2270726564696361746573223b613a313a7b693a303b733a31303a2264633a7375626a656374223b7d733a343a2274797065223b733a333a2272656c223b7d733a373a2272646674797065223b613a323a7b693a303b733a393a2273696f633a4974656d223b693a313b733a31333a22666f61663a446f63756d656e74223b7d733a353a227469746c65223b613a313a7b733a31303a2270726564696361746573223b613a313a7b693a303b733a383a2264633a7469746c65223b7d7d733a373a2263726561746564223b613a333a7b733a31303a2270726564696361746573223b613a323a7b693a303b733a373a2264633a64617465223b693a313b733a31303a2264633a63726561746564223b7d733a383a226461746174797065223b733a31323a227873643a6461746554696d65223b733a383a2263616c6c6261636b223b733a31323a22646174655f69736f38363031223b7d733a373a226368616e676564223b613a333a7b733a31303a2270726564696361746573223b613a313a7b693a303b733a31313a2264633a6d6f646966696564223b7d733a383a226461746174797065223b733a31323a227873643a6461746554696d65223b733a383a2263616c6c6261636b223b733a31323a22646174655f69736f38363031223b7d733a343a22626f6479223b613a313a7b733a31303a2270726564696361746573223b613a313a7b693a303b733a31353a22636f6e74656e743a656e636f646564223b7d7d733a333a22756964223b613a323a7b733a31303a2270726564696361746573223b613a313a7b693a303b733a31363a2273696f633a6861735f63726561746f72223b7d733a343a2274797065223b733a333a2272656c223b7d733a343a226e616d65223b613a313a7b733a31303a2270726564696361746573223b613a313a7b693a303b733a393a22666f61663a6e616d65223b7d7d733a31333a22636f6d6d656e745f636f756e74223b613a323a7b733a31303a2270726564696361746573223b613a313a7b693a303b733a31363a2273696f633a6e756d5f7265706c696573223b7d733a383a226461746174797065223b733a31313a227873643a696e7465676572223b7d733a31333a226c6173745f6163746976697479223b613a333a7b733a31303a2270726564696361746573223b613a313a7b693a303b733a32333a2273696f633a6c6173745f61637469766974795f64617465223b7d733a383a226461746174797065223b733a31323a227873643a6461746554696d65223b733a383a2263616c6c6261636b223b733a31323a22646174655f69736f38363031223b7d7d),
('node', 'blog', 0x613a393a7b733a373a2272646674797065223b613a323a7b693a303b733a393a2273696f633a506f7374223b693a313b733a31343a2273696f63743a426c6f67506f7374223b7d733a353a227469746c65223b613a313a7b733a31303a2270726564696361746573223b613a313a7b693a303b733a383a2264633a7469746c65223b7d7d733a373a2263726561746564223b613a333a7b733a31303a2270726564696361746573223b613a323a7b693a303b733a373a2264633a64617465223b693a313b733a31303a2264633a63726561746564223b7d733a383a226461746174797065223b733a31323a227873643a6461746554696d65223b733a383a2263616c6c6261636b223b733a31323a22646174655f69736f38363031223b7d733a373a226368616e676564223b613a333a7b733a31303a2270726564696361746573223b613a313a7b693a303b733a31313a2264633a6d6f646966696564223b7d733a383a226461746174797065223b733a31323a227873643a6461746554696d65223b733a383a2263616c6c6261636b223b733a31323a22646174655f69736f38363031223b7d733a343a22626f6479223b613a313a7b733a31303a2270726564696361746573223b613a313a7b693a303b733a31353a22636f6e74656e743a656e636f646564223b7d7d733a333a22756964223b613a323a7b733a31303a2270726564696361746573223b613a313a7b693a303b733a31363a2273696f633a6861735f63726561746f72223b7d733a343a2274797065223b733a333a2272656c223b7d733a343a226e616d65223b613a313a7b733a31303a2270726564696361746573223b613a313a7b693a303b733a393a22666f61663a6e616d65223b7d7d733a31333a22636f6d6d656e745f636f756e74223b613a323a7b733a31303a2270726564696361746573223b613a313a7b693a303b733a31363a2273696f633a6e756d5f7265706c696573223b7d733a383a226461746174797065223b733a31313a227873643a696e7465676572223b7d733a31333a226c6173745f6163746976697479223b613a333a7b733a31303a2270726564696361746573223b613a313a7b693a303b733a32333a2273696f633a6c6173745f61637469766974795f64617465223b7d733a383a226461746174797065223b733a31323a227873643a6461746554696d65223b733a383a2263616c6c6261636b223b733a31323a22646174655f69736f38363031223b7d7d),
('node', 'page', 0x613a393a7b733a373a2272646674797065223b613a313a7b693a303b733a31333a22666f61663a446f63756d656e74223b7d733a353a227469746c65223b613a313a7b733a31303a2270726564696361746573223b613a313a7b693a303b733a383a2264633a7469746c65223b7d7d733a373a2263726561746564223b613a333a7b733a31303a2270726564696361746573223b613a323a7b693a303b733a373a2264633a64617465223b693a313b733a31303a2264633a63726561746564223b7d733a383a226461746174797065223b733a31323a227873643a6461746554696d65223b733a383a2263616c6c6261636b223b733a31323a22646174655f69736f38363031223b7d733a373a226368616e676564223b613a333a7b733a31303a2270726564696361746573223b613a313a7b693a303b733a31313a2264633a6d6f646966696564223b7d733a383a226461746174797065223b733a31323a227873643a6461746554696d65223b733a383a2263616c6c6261636b223b733a31323a22646174655f69736f38363031223b7d733a343a22626f6479223b613a313a7b733a31303a2270726564696361746573223b613a313a7b693a303b733a31353a22636f6e74656e743a656e636f646564223b7d7d733a333a22756964223b613a323a7b733a31303a2270726564696361746573223b613a313a7b693a303b733a31363a2273696f633a6861735f63726561746f72223b7d733a343a2274797065223b733a333a2272656c223b7d733a343a226e616d65223b613a313a7b733a31303a2270726564696361746573223b613a313a7b693a303b733a393a22666f61663a6e616d65223b7d7d733a31333a22636f6d6d656e745f636f756e74223b613a323a7b733a31303a2270726564696361746573223b613a313a7b693a303b733a31363a2273696f633a6e756d5f7265706c696573223b7d733a383a226461746174797065223b733a31313a227873643a696e7465676572223b7d733a31333a226c6173745f6163746976697479223b613a333a7b733a31303a2270726564696361746573223b613a313a7b693a303b733a32333a2273696f633a6c6173745f61637469766974795f64617465223b7d733a383a226461746174797065223b733a31323a227873643a6461746554696d65223b733a383a2263616c6c6261636b223b733a31323a22646174655f69736f38363031223b7d7d);

DROP TABLE IF EXISTS `prefixpinboard_registry`;
CREATE TABLE `prefixpinboard_registry` (
  `name` varchar(255) NOT NULL DEFAULT '' COMMENT 'The name of the function, class, or interface.',
  `type` varchar(9) NOT NULL DEFAULT '' COMMENT 'Either function or class or interface.',
  `filename` varchar(255) NOT NULL COMMENT 'Name of the file.',
  `module` varchar(255) NOT NULL DEFAULT '' COMMENT 'Name of the module the file belongs to.',
  `weight` int(11) NOT NULL DEFAULT '0' COMMENT 'The order in which this module’s hooks should be invoked relative to other modules. Equal-weighted modules are ordered by name.',
  PRIMARY KEY (`name`,`type`),
  KEY `hook` (`type`,`weight`,`module`)
) ENGINE=InnoDB DEFAULT CHARSET=utf8 COMMENT='Each record is a function, class, or interface name and...';

INSERT INTO `prefixpinboard_registry` (`name`, `type`, `filename`, `module`, `weight`) VALUES
('AccessDeniedTestCase', 'class', 'modules/system/system.test', 'system', 0),
('AdminMetaTagTestCase', 'class', 'modules/system/system.test', 'system', 0),
('ArchiverInterface', 'interface', 'includes/archiver.inc', '', 0),
('ArchiverTar', 'class', 'modules/system/system.archiver.inc', 'system', 0),
('ArchiverZip', 'class', 'modules/system/system.archiver.inc', 'system', 0),
('Archive_Tar', 'class', 'modules/system/system.tar.inc', 'system', 0),
('BatchMemoryQueue', 'class', 'includes/batch.queue.inc', '', 0),
('BatchQueue', 'class', 'includes/batch.queue.inc', '', 0),
('BlockAdminThemeTestCase', 'class', 'modules/block/block.test', 'block', -5),
('BlockCacheTestCase', 'class', 'modules/block/block.test', 'block', -5),
('BlockHiddenRegionTestCase', 'class', 'modules/block/block.test', 'block', -5),
('BlockHTMLIdTestCase', 'class', 'modules/block/block.test', 'block', -5),
('BlockInvalidRegionTestCase', 'class', 'modules/block/block.test', 'block', -5),
('BlockTemplateSuggestionsUnitTest', 'class', 'modules/block/block.test', 'block', -5),
('BlockTestCase', 'class', 'modules/block/block.test', 'block', -5),
('BlogTestCase', 'class', 'modules/blog/blog.test', 'blog', 0),
('ColorTestCase', 'class', 'modules/color/color.test', 'color', 0),
('CommentActionsTestCase', 'class', 'modules/comment/comment.test', 'comment', 0),
('CommentAnonymous', 'class', 'modules/comment/comment.test', 'comment', 0),
('CommentApprovalTest', 'class', 'modules/comment/comment.test', 'comment', 0),
('CommentBlockFunctionalTest', 'class', 'modules/comment/comment.test', 'comment', 0),
('CommentContentRebuild', 'class', 'modules/comment/comment.test', 'comment', 0),
('CommentController', 'class', 'modules/comment/comment.module', 'comment', 0),
('CommentFieldsTest', 'class', 'modules/comment/comment.test', 'comment', 0),
('CommentHelperCase', 'class', 'modules/comment/comment.test', 'comment', 0),
('CommentInterfaceTest', 'class', 'modules/comment/comment.test', 'comment', 0),
('CommentNodeAccessTest', 'class', 'modules/comment/comment.test', 'comment', 0),
('CommentPagerTest', 'class', 'modules/comment/comment.test', 'comment', 0),
('CommentPreviewTest', 'class', 'modules/comment/comment.test', 'comment', 0),
('CommentRSSUnitTest', 'class', 'modules/comment/comment.test', 'comment', 0),
('CommentThreadingTestCase', 'class', 'modules/comment/comment.test', 'comment', 0),
('CommentTokenReplaceTestCase', 'class', 'modules/comment/comment.test', 'comment', 0),
('ContactPersonalTestCase', 'class', 'modules/contact/contact.test', 'contact', 0),
('ContactSitewideTestCase', 'class', 'modules/contact/contact.test', 'contact', 0),
('ContextualDynamicContextTestCase', 'class', 'modules/contextual/contextual.test', 'contextual', 0),
('CronRunTestCase', 'class', 'modules/system/system.test', 'system', 0),
('ctools_context', 'class', 'sites/all/modules/ctools/includes/context.inc', 'ctools', 0),
('ctools_context_optional', 'class', 'sites/all/modules/ctools/includes/context.inc', 'ctools', 0),
('ctools_context_required', 'class', 'sites/all/modules/ctools/includes/context.inc', 'ctools', 0),
('ctools_export_ui', 'class', 'sites/all/modules/ctools/plugins/export_ui/ctools_export_ui.class.php', 'ctools', 0),
('ctools_math_expr', 'class', 'sites/all/modules/ctools/includes/math-expr.inc', 'ctools', 0),
('ctools_math_expr_stack', 'class', 'sites/all/modules/ctools/includes/math-expr.inc', 'ctools', 0),
('ctools_stylizer_image_processor', 'class', 'sites/all/modules/ctools/includes/stylizer.inc', 'ctools', 0),
('DashboardBlocksTestCase', 'class', 'modules/dashboard/dashboard.test', 'dashboard', 0),
('Database', 'class', 'includes/database/database.inc', '', 0),
('DatabaseCondition', 'class', 'includes/database/query.inc', '', 0),
('DatabaseConnection', 'class', 'includes/database/database.inc', '', 0),
('DatabaseConnectionNotDefinedException', 'class', 'includes/database/database.inc', '', 0),
('DatabaseConnection_mysql', 'class', 'includes/database/mysql/database.inc', '', 0),
('DatabaseConnection_pgsql', 'class', 'includes/database/pgsql/database.inc', '', 0),
('DatabaseConnection_sqlite', 'class', 'includes/database/sqlite/database.inc', '', 0),
('DatabaseDriverNotSpecifiedException', 'class', 'includes/database/database.inc', '', 0),
('DatabaseLog', 'class', 'includes/database/log.inc', '', 0),
('DatabaseSchema', 'class', 'includes/database/schema.inc', '', 0),
('DatabaseSchemaObjectDoesNotExistException', 'class', 'includes/database/schema.inc', '', 0),
('DatabaseSchemaObjectExistsException', 'class', 'includes/database/schema.inc', '', 0),
('DatabaseSchema_mysql', 'class', 'includes/database/mysql/schema.inc', '', 0),
('DatabaseSchema_pgsql', 'class', 'includes/database/pgsql/schema.inc', '', 0),
('DatabaseSchema_sqlite', 'class', 'includes/database/sqlite/schema.inc', '', 0),
('DatabaseStatementBase', 'class', 'includes/database/database.inc', '', 0),
('DatabaseStatementEmpty', 'class', 'includes/database/database.inc', '', 0),
('DatabaseStatementInterface', 'interface', 'includes/database/database.inc', '', 0),
('DatabaseStatementPrefetch', 'class', 'includes/database/prefetch.inc', '', 0),
('DatabaseStatement_sqlite', 'class', 'includes/database/sqlite/database.inc', '', 0),
('DatabaseTaskException', 'class', 'includes/install.inc', '', 0),
('DatabaseTasks', 'class', 'includes/install.inc', '', 0),
('DatabaseTasks_mysql', 'class', 'includes/database/mysql/install.inc', '', 0),
('DatabaseTasks_pgsql', 'class', 'includes/database/pgsql/install.inc', '', 0),
('DatabaseTasks_sqlite', 'class', 'includes/database/sqlite/install.inc', '', 0),
('DatabaseTransaction', 'class', 'includes/database/database.inc', '', 0),
('DatabaseTransactionCommitFailedException', 'class', 'includes/database/database.inc', '', 0),
('DatabaseTransactionExplicitCommitNotAllowedException', 'class', 'includes/database/database.inc', '', 0),
('DatabaseTransactionNameNonUniqueException', 'class', 'includes/database/database.inc', '', 0),
('DatabaseTransactionNoActiveException', 'class', 'includes/database/database.inc', '', 0),
('DatabaseTransactionOutOfOrderException', 'class', 'includes/database/database.inc', '', 0),
('DateTimeFunctionalTest', 'class', 'modules/system/system.test', 'system', 0),
('DBLogTestCase', 'class', 'modules/dblog/dblog.test', 'dblog', 0),
('DefaultMailSystem', 'class', 'modules/system/system.mail.inc', 'system', 0),
('DeleteQuery', 'class', 'includes/database/query.inc', '', 0),
('DeleteQuery_sqlite', 'class', 'includes/database/sqlite/query.inc', '', 0),
('DrupalCacheArray', 'class', 'includes/bootstrap.inc', '', 0),
('DrupalCacheInterface', 'interface', 'includes/cache.inc', '', 0),
('DrupalDatabaseCache', 'class', 'includes/cache.inc', '', 0),
('DrupalDefaultEntityController', 'class', 'includes/entity.inc', '', 0),
('DrupalEntityControllerInterface', 'interface', 'includes/entity.inc', '', 0),
('DrupalFakeCache', 'class', 'includes/cache-install.inc', '', 0),
('DrupalLocalStreamWrapper', 'class', 'includes/stream_wrappers.inc', '', 0),
('DrupalPrivateStreamWrapper', 'class', 'includes/stream_wrappers.inc', '', 0),
('DrupalPublicStreamWrapper', 'class', 'includes/stream_wrappers.inc', '', 0),
('DrupalQueue', 'class', 'modules/system/system.queue.inc', 'system', 0),
('DrupalQueueInterface', 'interface', 'modules/system/system.queue.inc', 'system', 0),
('DrupalReliableQueueInterface', 'interface', 'modules/system/system.queue.inc', 'system', 0),
('DrupalStreamWrapperInterface', 'interface', 'includes/stream_wrappers.inc', '', 0),
('DrupalTemporaryStreamWrapper', 'class', 'includes/stream_wrappers.inc', '', 0),
('DrupalUpdateException', 'class', 'includes/update.inc', '', 0),
('DrupalUpdaterInterface', 'interface', 'includes/updater.inc', '', 0),
('EnableDisableTestCase', 'class', 'modules/system/system.test', 'system', 0),
('EntityFieldQuery', 'class', 'includes/entity.inc', '', 0),
('EntityFieldQueryException', 'class', 'includes/entity.inc', '', 0),
('EntityMalformedException', 'class', 'includes/entity.inc', '', 0),
('EntityPropertiesTestCase', 'class', 'modules/field/tests/field.test', 'field', 0),
('FieldAttachOtherTestCase', 'class', 'modules/field/tests/field.test', 'field', 0),
('FieldAttachStorageTestCase', 'class', 'modules/field/tests/field.test', 'field', 0),
('FieldAttachTestCase', 'class', 'modules/field/tests/field.test', 'field', 0),
('FieldBulkDeleteTestCase', 'class', 'modules/field/tests/field.test', 'field', 0),
('FieldCrudTestCase', 'class', 'modules/field/tests/field.test', 'field', 0),
('FieldDisplayAPITestCase', 'class', 'modules/field/tests/field.test', 'field', 0),
('FieldException', 'class', 'modules/field/field.module', 'field', 0),
('FieldFormTestCase', 'class', 'modules/field/tests/field.test', 'field', 0),
('FieldInfoTestCase', 'class', 'modules/field/tests/field.test', 'field', 0),
('FieldInstanceCrudTestCase', 'class', 'modules/field/tests/field.test', 'field', 0),
('FieldsOverlapException', 'class', 'includes/database/database.inc', '', 0),
('FieldSqlStorageTestCase', 'class', 'modules/field/modules/field_sql_storage/field_sql_storage.test', 'field_sql_storage', 0),
('FieldTestCase', 'class', 'modules/field/tests/field.test', 'field', 0),
('FieldTranslationsTestCase', 'class', 'modules/field/tests/field.test', 'field', 0),
('FieldUIAlterTestCase', 'class', 'modules/field_ui/field_ui.test', 'field_ui', 0),
('FieldUIManageDisplayTestCase', 'class', 'modules/field_ui/field_ui.test', 'field_ui', 0),
('FieldUIManageFieldsTestCase', 'class', 'modules/field_ui/field_ui.test', 'field_ui', 0),
('FieldUITestCase', 'class', 'modules/field_ui/field_ui.test', 'field_ui', 0),
('FieldUpdateForbiddenException', 'class', 'modules/field/field.module', 'field', 0),
('FieldValidationException', 'class', 'modules/field/field.attach.inc', 'field', 0),
('FileFieldDisplayTestCase', 'class', 'modules/file/tests/file.test', 'file', 0),
('FileFieldPathTestCase', 'class', 'modules/file/tests/file.test', 'file', 0),
('FileFieldRevisionTestCase', 'class', 'modules/file/tests/file.test', 'file', 0),
('FileFieldTestCase', 'class', 'modules/file/tests/file.test', 'file', 0),
('FileFieldValidateTestCase', 'class', 'modules/file/tests/file.test', 'file', 0),
('FileFieldWidgetTestCase', 'class', 'modules/file/tests/file.test', 'file', 0),
('FileManagedFileElementTestCase', 'class', 'modules/file/tests/file.test', 'file', 0),
('FilePrivateTestCase', 'class', 'modules/file/tests/file.test', 'file', 0),
('FileTokenReplaceTestCase', 'class', 'modules/file/tests/file.test', 'file', 0),
('FileTransfer', 'class', 'includes/filetransfer/filetransfer.inc', '', 0),
('FileTransferChmodInterface', 'interface', 'includes/filetransfer/filetransfer.inc', '', 0),
('FileTransferException', 'class', 'includes/filetransfer/filetransfer.inc', '', 0),
('FileTransferFTP', 'class', 'includes/filetransfer/ftp.inc', '', 0),
('FileTransferFTPExtension', 'class', 'includes/filetransfer/ftp.inc', '', 0),
('FileTransferLocal', 'class', 'includes/filetransfer/local.inc', '', 0),
('FileTransferSSH', 'class', 'includes/filetransfer/ssh.inc', '', 0),
('FilterAdminTestCase', 'class', 'modules/filter/filter.test', 'filter', 0),
('FilterCRUDTestCase', 'class', 'modules/filter/filter.test', 'filter', 0),
('FilterDefaultFormatTestCase', 'class', 'modules/filter/filter.test', 'filter', 0),
('FilterFormatAccessTestCase', 'class', 'modules/filter/filter.test', 'filter', 0),
('FilterHooksTestCase', 'class', 'modules/filter/filter.test', 'filter', 0),
('FilterNoFormatTestCase', 'class', 'modules/filter/filter.test', 'filter', 0),
('FilterSecurityTestCase', 'class', 'modules/filter/filter.test', 'filter', 0),
('FilterSettingsTestCase', 'class', 'modules/filter/filter.test', 'filter', 0),
('FilterUnitTestCase', 'class', 'modules/filter/filter.test', 'filter', 0),
('FloodFunctionalTest', 'class', 'modules/system/system.test', 'system', 0),
('FrontPageTestCase', 'class', 'modules/system/system.test', 'system', 0),
('HelpTestCase', 'class', 'modules/help/help.test', 'help', 0),
('HookRequirementsTestCase', 'class', 'modules/system/system.test', 'system', 0),
('ImageAdminStylesUnitTest', 'class', 'modules/image/image.test', 'image', 0),
('ImageDimensionsScaleTestCase', 'class', 'modules/image/image.test', 'image', 0),
('ImageDimensionsTestCase', 'class', 'modules/image/image.test', 'image', 0),
('ImageEffectsUnitTest', 'class', 'modules/image/image.test', 'image', 0),
('ImageFieldDefaultImagesTestCase', 'class', 'modules/image/image.test', 'image', 0),
('ImageFieldDisplayTestCase', 'class', 'modules/image/image.test', 'image', 0),
('ImageFieldTestCase', 'class', 'modules/image/image.test', 'image', 0),
('ImageFieldValidateTestCase', 'class', 'modules/image/image.test', 'image', 0),
('ImageStylesPathAndUrlTestCase', 'class', 'modules/image/image.test', 'image', 0),
('InfoFileParserTestCase', 'class', 'modules/system/system.test', 'system', 0),
('InsertQuery', 'class', 'includes/database/query.inc', '', 0),
('InsertQuery_mysql', 'class', 'includes/database/mysql/query.inc', '', 0),
('InsertQuery_pgsql', 'class', 'includes/database/pgsql/query.inc', '', 0),
('InsertQuery_sqlite', 'class', 'includes/database/sqlite/query.inc', '', 0),
('InvalidMergeQueryException', 'class', 'includes/database/database.inc', '', 0),
('IPAddressBlockingTestCase', 'class', 'modules/system/system.test', 'system', 0),
('ListDynamicValuesTestCase', 'class', 'modules/field/modules/list/tests/list.test', 'list', 0),
('ListDynamicValuesValidationTestCase', 'class', 'modules/field/modules/list/tests/list.test', 'list', 0),
('ListFieldTestCase', 'class', 'modules/field/modules/list/tests/list.test', 'list', 0),
('ListFieldUITestCase', 'class', 'modules/field/modules/list/tests/list.test', 'list', 0),
('LocaleBrowserDetectionTest', 'class', 'modules/locale/locale.test', 'locale', 0),
('LocaleCommentLanguageFunctionalTest', 'class', 'modules/locale/locale.test', 'locale', 0),
('LocaleConfigurationTest', 'class', 'modules/locale/locale.test', 'locale', 0),
('LocaleContentFunctionalTest', 'class', 'modules/locale/locale.test', 'locale', 0),
('LocaleDateFormatsFunctionalTest', 'class', 'modules/locale/locale.test', 'locale', 0),
('LocaleExportFunctionalTest', 'class', 'modules/locale/locale.test', 'locale', 0),
('LocaleImportFunctionalTest', 'class', 'modules/locale/locale.test', 'locale', 0),
('LocaleInstallTest', 'class', 'modules/locale/locale.test', 'locale', 0),
('LocaleJavascriptTranslationTest', 'class', 'modules/locale/locale.test', 'locale', 0),
('LocaleLanguageNegotiationInfoFunctionalTest', 'class', 'modules/locale/locale.test', 'locale', 0),
('LocaleLanguageSwitchingFunctionalTest', 'class', 'modules/locale/locale.test', 'locale', 0),
('LocaleMultilingualFieldsFunctionalTest', 'class', 'modules/locale/locale.test', 'locale', 0),
('LocalePathFunctionalTest', 'class', 'modules/locale/locale.test', 'locale', 0),
('LocalePluralFormatTest', 'class', 'modules/locale/locale.test', 'locale', 0),
('LocaleTranslationFunctionalTest', 'class', 'modules/locale/locale.test', 'locale', 0),
('LocaleUILanguageNegotiationTest', 'class', 'modules/locale/locale.test', 'locale', 0),
('LocaleUninstallFrenchFunctionalTest', 'class', 'modules/locale/locale.test', 'locale', 0),
('LocaleUninstallFunctionalTest', 'class', 'modules/locale/locale.test', 'locale', 0),
('LocaleUrlRewritingTest', 'class', 'modules/locale/locale.test', 'locale', 0),
('LocaleUserCreationTest', 'class', 'modules/locale/locale.test', 'locale', 0),
('LocaleUserLanguageFunctionalTest', 'class', 'modules/locale/locale.test', 'locale', 0),
('MailSystemInterface', 'interface', 'includes/mail.inc', '', 0),
('MemoryQueue', 'class', 'modules/system/system.queue.inc', 'system', 0),
('MenuNodeTestCase', 'class', 'modules/menu/menu.test', 'menu', 0),
('MenuTestCase', 'class', 'modules/menu/menu.test', 'menu', 0),
('MergeQuery', 'class', 'includes/database/query.inc', '', 0),
('ModuleDependencyTestCase', 'class', 'modules/system/system.test', 'system', 0),
('ModuleRequiredTestCase', 'class', 'modules/system/system.test', 'system', 0),
('ModuleTestCase', 'class', 'modules/system/system.test', 'system', 0),
('ModuleUpdater', 'class', 'modules/system/system.updater.inc', 'system', 0),
('ModuleVersionTestCase', 'class', 'modules/system/system.test', 'system', 0),
('MultiStepNodeFormBasicOptionsTest', 'class', 'modules/node/node.test', 'node', 0),
('NewDefaultThemeBlocks', 'class', 'modules/block/block.test', 'block', -5),
('NodeAccessBaseTableTestCase', 'class', 'modules/node/node.test', 'node', 0),
('NodeAccessPagerTestCase', 'class', 'modules/node/node.test', 'node', 0),
('NodeAccessRebuildTestCase', 'class', 'modules/node/node.test', 'node', 0),
('NodeAccessRecordsTestCase', 'class', 'modules/node/node.test', 'node', 0),
('NodeAccessTestCase', 'class', 'modules/node/node.test', 'node', 0),
('NodeAdminTestCase', 'class', 'modules/node/node.test', 'node', 0),
('NodeBlockFunctionalTest', 'class', 'modules/node/node.test', 'node', 0),
('NodeBlockTestCase', 'class', 'modules/node/node.test', 'node', 0),
('NodeBuildContent', 'class', 'modules/node/node.test', 'node', 0),
('NodeController', 'class', 'modules/node/node.module', 'node', 0),
('NodeCreationTestCase', 'class', 'modules/node/node.test', 'node', 0),
('NodeEntityFieldQueryAlter', 'class', 'modules/node/node.test', 'node', 0),
('NodeFeedTestCase', 'class', 'modules/node/node.test', 'node', 0),
('NodeLoadHooksTestCase', 'class', 'modules/node/node.test', 'node', 0),
('NodeLoadMultipleTestCase', 'class', 'modules/node/node.test', 'node', 0),
('NodePostSettingsTestCase', 'class', 'modules/node/node.test', 'node', 0),
('NodeQueryAlter', 'class', 'modules/node/node.test', 'node', 0),
('NodeRevisionPermissionsTestCase', 'class', 'modules/node/node.test', 'node', 0),
('NodeRevisionsTestCase', 'class', 'modules/node/node.test', 'node', 0),
('NodeRSSContentTestCase', 'class', 'modules/node/node.test', 'node', 0),
('NodeSaveTestCase', 'class', 'modules/node/node.test', 'node', 0),
('NodeTitleTestCase', 'class', 'modules/node/node.test', 'node', 0),
('NodeTitleXSSTestCase', 'class', 'modules/node/node.test', 'node', 0),
('NodeTokenReplaceTestCase', 'class', 'modules/node/node.test', 'node', 0),
('NodeTypePersistenceTestCase', 'class', 'modules/node/node.test', 'node', 0),
('NodeTypeTestCase', 'class', 'modules/node/node.test', 'node', 0),
('NoFieldsException', 'class', 'includes/database/database.inc', '', 0),
('NoHelpTestCase', 'class', 'modules/help/help.test', 'help', 0),
('NonDefaultBlockAdmin', 'class', 'modules/block/block.test', 'block', -5),
('NumberFieldTestCase', 'class', 'modules/field/modules/number/number.test', 'number', 0),
('OptionsSelectDynamicValuesTestCase', 'class', 'modules/field/modules/options/options.test', 'options', 0),
('OptionsWidgetsTestCase', 'class', 'modules/field/modules/options/options.test', 'options', 0),
('PageEditTestCase', 'class', 'modules/node/node.test', 'node', 0),
('PageNotFoundTestCase', 'class', 'modules/system/system.test', 'system', 0),
('PagePreviewTestCase', 'class', 'modules/node/node.test', 'node', 0),
('PagerDefault', 'class', 'includes/pager.inc', '', 0),
('PageTitleFiltering', 'class', 'modules/system/system.test', 'system', 0),
('PageViewTestCase', 'class', 'modules/node/node.test', 'node', 0),
('PathLanguageTestCase', 'class', 'modules/path/path.test', 'path', 0),
('PathLanguageUITestCase', 'class', 'modules/path/path.test', 'path', 0),
('PathMonolingualTestCase', 'class', 'modules/path/path.test', 'path', 0),
('PathTaxonomyTermTestCase', 'class', 'modules/path/path.test', 'path', 0),
('PathTestCase', 'class', 'modules/path/path.test', 'path', 0),
('PHPAccessTestCase', 'class', 'modules/php/php.test', 'php', 0),
('PHPFilterTestCase', 'class', 'modules/php/php.test', 'php', 0),
('PHPTestCase', 'class', 'modules/php/php.test', 'php', 0),
('Query', 'class', 'includes/database/query.inc', '', 0),
('QueryAlterableInterface', 'interface', 'includes/database/query.inc', '', 0),
('QueryConditionInterface', 'interface', 'includes/database/query.inc', '', 0),
('QueryExtendableInterface', 'interface', 'includes/database/select.inc', '', 0),
('QueryPlaceholderInterface', 'interface', 'includes/database/query.inc', '', 0),
('QueueTestCase', 'class', 'modules/system/system.test', 'system', 0),
('RdfCommentAttributesTestCase', 'class', 'modules/rdf/rdf.test', 'rdf', 0),
('RdfCrudTestCase', 'class', 'modules/rdf/rdf.test', 'rdf', 0),
('RdfGetRdfNamespacesTestCase', 'class', 'modules/rdf/rdf.test', 'rdf', 0),
('RdfMappingDefinitionTestCase', 'class', 'modules/rdf/rdf.test', 'rdf', 0),
('RdfMappingHookTestCase', 'class', 'modules/rdf/rdf.test', 'rdf', 0),
('RdfRdfaMarkupTestCase', 'class', 'modules/rdf/rdf.test', 'rdf', 0),
('RdfTrackerAttributesTestCase', 'class', 'modules/rdf/rdf.test', 'rdf', 0),
('RetrieveFileTestCase', 'class', 'modules/system/system.test', 'system', 0),
('SchemaCache', 'class', 'includes/bootstrap.inc', '', 0),
('SearchAdvancedSearchForm', 'class', 'modules/search/search.test', 'search', 0),
('SearchBlockTestCase', 'class', 'modules/search/search.test', 'search', 0),
('SearchCommentCountToggleTestCase', 'class', 'modules/search/search.test', 'search', 0),
('SearchCommentTestCase', 'class', 'modules/search/search.test', 'search', 0),
('SearchConfigSettingsForm', 'class', 'modules/search/search.test', 'search', 0),
('SearchEmbedForm', 'class', 'modules/search/search.test', 'search', 0),
('SearchExactTestCase', 'class', 'modules/search/search.test', 'search', 0),
('SearchExcerptTestCase', 'class', 'modules/search/search.test', 'search', 0),
('SearchExpressionInsertExtractTestCase', 'class', 'modules/search/search.test', 'search', 0),
('SearchKeywordsConditions', 'class', 'modules/search/search.test', 'search', 0),
('SearchLanguageTestCase', 'class', 'modules/search/search.test', 'search', 0),
('SearchMatchTestCase', 'class', 'modules/search/search.test', 'search', 0),
('SearchNodeAccessTest', 'class', 'modules/search/search.test', 'search', 0),
('SearchNumberMatchingTestCase', 'class', 'modules/search/search.test', 'search', 0),
('SearchNumbersTestCase', 'class', 'modules/search/search.test', 'search', 0),
('SearchPageOverride', 'class', 'modules/search/search.test', 'search', 0),
('SearchPageText', 'class', 'modules/search/search.test', 'search', 0),
('SearchQuery', 'class', 'modules/search/search.extender.inc', 'search', 0),
('SearchRankingTestCase', 'class', 'modules/search/search.test', 'search', 0),
('SearchSimplifyTestCase', 'class', 'modules/search/search.test', 'search', 0),
('SearchTokenizerTestCase', 'class', 'modules/search/search.test', 'search', 0),
('SelectQuery', 'class', 'includes/database/select.inc', '', 0),
('SelectQueryExtender', 'class', 'includes/database/select.inc', '', 0),
('SelectQueryInterface', 'interface', 'includes/database/select.inc', '', 0),
('SelectQuery_pgsql', 'class', 'includes/database/pgsql/select.inc', '', 0),
('SelectQuery_sqlite', 'class', 'includes/database/sqlite/select.inc', '', 0),
('sharethis_handler_field_link', 'class', 'sites/all/modules/sharethis/views/sharethis_handler_field_link.inc', 'sharethis', 0),
('ShortcutLinksTestCase', 'class', 'modules/shortcut/shortcut.test', 'shortcut', 0),
('ShortcutSetsTestCase', 'class', 'modules/shortcut/shortcut.test', 'shortcut', 0),
('ShortcutTestCase', 'class', 'modules/shortcut/shortcut.test', 'shortcut', 0),
('ShutdownFunctionsTest', 'class', 'modules/system/system.test', 'system', 0),
('SiteMaintenanceTestCase', 'class', 'modules/system/system.test', 'system', 0),
('SkipDotsRecursiveDirectoryIterator', 'class', 'includes/filetransfer/filetransfer.inc', '', 0),
('StatisticsAdminTestCase', 'class', 'modules/statistics/statistics.test', 'statistics', 0),
('StatisticsBlockVisitorsTestCase', 'class', 'modules/statistics/statistics.test', 'statistics', 0),
('StatisticsLoggingTestCase', 'class', 'modules/statistics/statistics.test', 'statistics', 0),
('StatisticsReportsTestCase', 'class', 'modules/statistics/statistics.test', 'statistics', 0),
('StatisticsTestCase', 'class', 'modules/statistics/statistics.test', 'statistics', 0),
('StatisticsTokenReplaceTestCase', 'class', 'modules/statistics/statistics.test', 'statistics', 0),
('StreamWrapperInterface', 'interface', 'includes/stream_wrappers.inc', '', 0),
('SummaryLengthTestCase', 'class', 'modules/node/node.test', 'node', 0),
('SystemAdminTestCase', 'class', 'modules/system/system.test', 'system', 0),
('SystemAuthorizeCase', 'class', 'modules/system/system.test', 'system', 0),
('SystemBlockTestCase', 'class', 'modules/system/system.test', 'system', 0),
('SystemIndexPhpTest', 'class', 'modules/system/system.test', 'system', 0),
('SystemInfoAlterTestCase', 'class', 'modules/system/system.test', 'system', 0),
('SystemMainContentFallback', 'class', 'modules/system/system.test', 'system', 0),
('SystemQueue', 'class', 'modules/system/system.queue.inc', 'system', 0),
('SystemThemeFunctionalTest', 'class', 'modules/system/system.test', 'system', 0),
('TableSort', 'class', 'includes/tablesort.inc', '', 0),
('TaxonomyHooksTestCase', 'class', 'modules/taxonomy/taxonomy.test', 'taxonomy', 0),
('TaxonomyLegacyTestCase', 'class', 'modules/taxonomy/taxonomy.test', 'taxonomy', 0),
('TaxonomyLoadMultipleTestCase', 'class', 'modules/taxonomy/taxonomy.test', 'taxonomy', 0),
('TaxonomyRSSTestCase', 'class', 'modules/taxonomy/taxonomy.test', 'taxonomy', 0),
('TaxonomyTermController', 'class', 'modules/taxonomy/taxonomy.module', 'taxonomy', 0),
('TaxonomyTermFieldMultipleVocabularyTestCase', 'class', 'modules/taxonomy/taxonomy.test', 'taxonomy', 0),
('TaxonomyTermFieldTestCase', 'class', 'modules/taxonomy/taxonomy.test', 'taxonomy', 0),
('TaxonomyTermFunctionTestCase', 'class', 'modules/taxonomy/taxonomy.test', 'taxonomy', 0),
('TaxonomyTermIndexTestCase', 'class', 'modules/taxonomy/taxonomy.test', 'taxonomy', 0),
('TaxonomyTermTestCase', 'class', 'modules/taxonomy/taxonomy.test', 'taxonomy', 0),
('TaxonomyThemeTestCase', 'class', 'modules/taxonomy/taxonomy.test', 'taxonomy', 0),
('TaxonomyTokenReplaceTestCase', 'class', 'modules/taxonomy/taxonomy.test', 'taxonomy', 0),
('TaxonomyVocabularyController', 'class', 'modules/taxonomy/taxonomy.module', 'taxonomy', 0),
('TaxonomyVocabularyFunctionalTest', 'class', 'modules/taxonomy/taxonomy.test', 'taxonomy', 0),
('TaxonomyVocabularyTestCase', 'class', 'modules/taxonomy/taxonomy.test', 'taxonomy', 0),
('TaxonomyWebTestCase', 'class', 'modules/taxonomy/taxonomy.test', 'taxonomy', 0),
('TestingMailSystem', 'class', 'modules/system/system.mail.inc', 'system', 0),
('TextFieldTestCase', 'class', 'modules/field/modules/text/text.test', 'text', 0),
('TextSummaryTestCase', 'class', 'modules/field/modules/text/text.test', 'text', 0),
('TextTranslationTestCase', 'class', 'modules/field/modules/text/text.test', 'text', 0),
('ThemeRegistry', 'class', 'includes/theme.inc', '', 0),
('ThemeUpdater', 'class', 'modules/system/system.updater.inc', 'system', 0),
('TokenArrayTestCase', 'class', 'sites/all/modules/token/token.test', 'token', 0),
('TokenBlockTestCase', 'class', 'sites/all/modules/token/token.test', 'token', 0),
('TokenCommentTestCase', 'class', 'sites/all/modules/token/token.test', 'token', 0),
('TokenCurrentPageTestCase', 'class', 'sites/all/modules/token/token.test', 'token', 0),
('TokenDateTestCase', 'class', 'sites/all/modules/token/token.test', 'token', 0),
('TokenEntityTestCase', 'class', 'sites/all/modules/token/token.test', 'token', 0),
('TokenFileTestCase', 'class', 'sites/all/modules/token/token.test', 'token', 0),
('TokenMenuTestCase', 'class', 'sites/all/modules/token/token.test', 'token', 0),
('TokenNodeTestCase', 'class', 'sites/all/modules/token/token.test', 'token', 0),
('TokenProfileTestCase', 'class', 'sites/all/modules/token/token.test', 'token', 0),
('TokenRandomTestCase', 'class', 'sites/all/modules/token/token.test', 'token', 0),
('TokenReplaceTestCase', 'class', 'modules/system/system.test', 'system', 0),
('TokenTaxonomyTestCase', 'class', 'sites/all/modules/token/token.test', 'token', 0),
('TokenTestHelper', 'class', 'sites/all/modules/token/token.test', 'token', 0),
('TokenUnitTestCase', 'class', 'sites/all/modules/token/token.test', 'token', 0),
('TokenURLTestCase', 'class', 'sites/all/modules/token/token.test', 'token', 0),
('TokenUserTestCase', 'class', 'sites/all/modules/token/token.test', 'token', 0),
('TruncateQuery', 'class', 'includes/database/query.inc', '', 0),
('TruncateQuery_mysql', 'class', 'includes/database/mysql/query.inc', '', 0),
('TruncateQuery_sqlite', 'class', 'includes/database/sqlite/query.inc', '', 0),
('UpdateCoreTestCase', 'class', 'modules/update/update.test', 'update', 0),
('UpdateCoreUnitTestCase', 'class', 'modules/update/update.test', 'update', 0),
('UpdateQuery', 'class', 'includes/database/query.inc', '', 0),
('UpdateQuery_pgsql', 'class', 'includes/database/pgsql/query.inc', '', 0),
('UpdateQuery_sqlite', 'class', 'includes/database/sqlite/query.inc', '', 0),
('Updater', 'class', 'includes/updater.inc', '', 0),
('UpdaterException', 'class', 'includes/updater.inc', '', 0),
('UpdaterFileTransferException', 'class', 'includes/updater.inc', '', 0),
('UpdateScriptFunctionalTest', 'class', 'modules/system/system.test', 'system', 0),
('UpdateTestContribCase', 'class', 'modules/update/update.test', 'update', 0),
('UpdateTestHelper', 'class', 'modules/update/update.test', 'update', 0),
('UpdateTestUploadCase', 'class', 'modules/update/update.test', 'update', 0),
('UserAccountLinksUnitTests', 'class', 'modules/user/user.test', 'user', 0),
('UserAdminTestCase', 'class', 'modules/user/user.test', 'user', 0),
('UserAuthmapAssignmentTestCase', 'class', 'modules/user/user.test', 'user', 0),
('UserAutocompleteTestCase', 'class', 'modules/user/user.test', 'user', 0),
('UserBlocksUnitTests', 'class', 'modules/user/user.test', 'user', 0),
('UserCancelTestCase', 'class', 'modules/user/user.test', 'user', 0),
('UserController', 'class', 'modules/user/user.module', 'user', 0),
('UserCreateTestCase', 'class', 'modules/user/user.test', 'user', 0),
('UserEditedOwnAccountTestCase', 'class', 'modules/user/user.test', 'user', 0),
('UserEditTestCase', 'class', 'modules/user/user.test', 'user', 0),
('UserLoginTestCase', 'class', 'modules/user/user.test', 'user', 0),
('UserPermissionsTestCase', 'class', 'modules/user/user.test', 'user', 0),
('UserPictureTestCase', 'class', 'modules/user/user.test', 'user', 0),
('UserRegistrationTestCase', 'class', 'modules/user/user.test', 'user', 0),
('UserRoleAdminTestCase', 'class', 'modules/user/user.test', 'user', 0),
('UserRolesAssignmentTestCase', 'class', 'modules/user/user.test', 'user', 0),
('UserSaveTestCase', 'class', 'modules/user/user.test', 'user', 0),
('UserSignatureTestCase', 'class', 'modules/user/user.test', 'user', 0),
('UserTimeZoneFunctionalTest', 'class', 'modules/user/user.test', 'user', 0),
('UserTokenReplaceTestCase', 'class', 'modules/user/user.test', 'user', 0),
('UserUserSearchTestCase', 'class', 'modules/user/user.test', 'user', 0),
('UserValidateCurrentPassCustomForm', 'class', 'modules/user/user.test', 'user', 0),
('UserValidationTestCase', 'class', 'modules/user/user.test', 'user', 0),
('view', 'class', 'sites/all/modules/views/includes/view.inc', 'views', 0),
('ViewsAccessTest', 'class', 'sites/all/modules/views/tests/views_access.test', 'views', 0),
('ViewsAnalyzeTest', 'class', 'sites/all/modules/views/tests/views_analyze.test', 'views', 0),
('ViewsArgumentDefaultTest', 'class', 'sites/all/modules/views/tests/views_argument_default.test', 'views', 0),
('ViewsArgumentValidatorTest', 'class', 'sites/all/modules/views/tests/views_argument_validator.test', 'views', 0),
('ViewsBasicTest', 'class', 'sites/all/modules/views/tests/views_basic.test', 'views', 0),
('ViewsCacheTest', 'class', 'sites/all/modules/views/tests/views_cache.test', 'views', 0),
('ViewsExposedFormTest', 'class', 'sites/all/modules/views/tests/views_exposed_form.test', 'views', 0),
('ViewsGlossaryTestCase', 'class', 'sites/all/modules/views/tests/views_glossary.test', 'views', 0),
('ViewsHandlerAreaTextTest', 'class', 'sites/all/modules/views/tests/handlers/views_handler_area_text.test', 'views', 0),
('viewsHandlerArgumentCommentUserUidTest', 'class', 'sites/all/modules/views/tests/comment/views_handler_argument_comment_user_uid.test', 'views', 0),
('ViewsHandlerArgumentNullTest', 'class', 'sites/all/modules/views/tests/handlers/views_handler_argument_null.test', 'views', 0),
('ViewsHandlerFieldBooleanTest', 'class', 'sites/all/modules/views/tests/handlers/views_handler_field_boolean.test', 'views', 0),
('ViewsHandlerFieldCustomTest', 'class', 'sites/all/modules/views/tests/handlers/views_handler_field_custom.test', 'views', 0),
('ViewsHandlerFieldDateTest', 'class', 'sites/all/modules/views/tests/handlers/views_handler_field_date.test', 'views', 0),
('ViewsHandlerFieldMath', 'class', 'sites/all/modules/views/tests/handlers/views_handler_field_math.test', 'views', 0),
('ViewsHandlerFieldTest', 'class', 'sites/all/modules/views/tests/handlers/views_handler_field.test', 'views', 0),
('ViewsHandlerFieldUrlTest', 'class', 'sites/all/modules/views/tests/handlers/views_handler_field_url.test', 'views', 0),
('viewsHandlerFieldUserNameTest', 'class', 'sites/all/modules/views/tests/user/views_handler_field_user_name.test', 'views', 0),
('viewsHandlerFilterCommentUserUidTest', 'class', 'sites/all/modules/views/tests/comment/views_handler_filter_comment_user_uid.test', 'views', 0),
('ViewsHandlerFilterCounterTest', 'class', 'sites/all/modules/views/tests/handlers/views_handler_field_counter.test', 'views', 0),
('ViewsHandlerFilterDateTest', 'class', 'sites/all/modules/views/tests/handlers/views_handler_filter_date.test', 'views', 0),
('ViewsHandlerFilterEqualityTest', 'class', 'sites/all/modules/views/tests/handlers/views_handler_filter_equality.test', 'views', 0),
('ViewsHandlerFilterInOperator', 'class', 'sites/all/modules/views/tests/handlers/views_handler_filter_in_operator.test', 'views', 0),
('ViewsHandlerFilterNumericTest', 'class', 'sites/all/modules/views/tests/handlers/views_handler_filter_numeric.test', 'views', 0),
('ViewsHandlerFilterStringTest', 'class', 'sites/all/modules/views/tests/handlers/views_handler_filter_string.test', 'views', 0),
('ViewsHandlerSortDateTest', 'class', 'sites/all/modules/views/tests/handlers/views_handler_sort_date.test', 'views', 0),
('ViewsHandlerSortRandomTest', 'class', 'sites/all/modules/views/tests/handlers/views_handler_sort_random.test', 'views', 0),
('ViewsHandlerSortTest', 'class', 'sites/all/modules/views/tests/handlers/views_handler_sort.test', 'views', 0),
('ViewsHandlersTest', 'class', 'sites/all/modules/views/tests/views_handlers.test', 'views', 0),
('ViewsHandlerTestFileSize', 'class', 'sites/all/modules/views/tests/handlers/views_handler_field_file_size.test', 'views', 0),
('ViewsHandlerTestXss', 'class', 'sites/all/modules/views/tests/handlers/views_handler_field_xss.test', 'views', 0),
('ViewsModuleTest', 'class', 'sites/all/modules/views/tests/views_module.test', 'views', 0),
('ViewsPagerTest', 'class', 'sites/all/modules/views/tests/views_pager.test', 'views', 0),
('viewsPluginStyleJumpMenuTest', 'class', 'sites/all/modules/views/tests/styles/views_plugin_style_jump_menu.test', 'views', 0),
('ViewsPluginStyleTestCase', 'class', 'sites/all/modules/views/tests/styles/views_plugin_style.test', 'views', 0),
('ViewsQueryGroupByTest', 'class', 'sites/all/modules/views/tests/views_groupby.test', 'views', 0),
('viewsSearchQuery', 'class', 'sites/all/modules/views/modules/search/views_handler_filter_search.inc', 'views', 0),
('ViewsSqlTest', 'class', 'sites/all/modules/views/tests/views_query.test', 'views', 0),
('ViewsTestCase', 'class', 'sites/all/modules/views/tests/views_query.test', 'views', 0),
('ViewsTranslatableTest', 'class', 'sites/all/modules/views/tests/views_translatable.test', 'views', 0),
('ViewsUiBaseViewsWizard', 'class', 'sites/all/modules/views/plugins/views_wizard/views_ui_base_views_wizard.class.php', 'views_ui', 0),
('ViewsUiCommentViewsWizard', 'class', 'sites/all/modules/views/plugins/views_wizard/views_ui_comment_views_wizard.class.php', 'views_ui', 0),
('ViewsUiFileManagedViewsWizard', 'class', 'sites/all/modules/views/plugins/views_wizard/views_ui_file_managed_views_wizard.class.php', 'views_ui', 0),
('viewsUiGroupbyTestCase', 'class', 'sites/all/modules/views/tests/views_groupby.test', 'views', 0),
('ViewsUiNodeRevisionViewsWizard', 'class', 'sites/all/modules/views/plugins/views_wizard/views_ui_node_revision_views_wizard.class.php', 'views_ui', 0),
('ViewsUiNodeViewsWizard', 'class', 'sites/all/modules/views/plugins/views_wizard/views_ui_node_views_wizard.class.php', 'views_ui', 0),
('ViewsUiTaxonomyTermViewsWizard', 'class', 'sites/all/modules/views/plugins/views_wizard/views_ui_taxonomy_term_views_wizard.class.php', 'views_ui', 0),
('ViewsUiUsersViewsWizard', 'class', 'sites/all/modules/views/plugins/views_wizard/views_ui_users_views_wizard.class.php', 'views_ui', 0),
('ViewsUIWizardBasicTestCase', 'class', 'sites/all/modules/views/tests/views_ui.test', 'views', 0),
('ViewsUIWizardDefaultViewsTestCase', 'class', 'sites/all/modules/views/tests/views_ui.test', 'views', 0),
('ViewsUIWizardHelper', 'class', 'sites/all/modules/views/tests/views_ui.test', 'views', 0),
('ViewsUIWizardItemsPerPageTestCase', 'class', 'sites/all/modules/views/tests/views_ui.test', 'views', 0),
('ViewsUIWizardJumpMenuTestCase', 'class', 'sites/all/modules/views/tests/views_ui.test', 'views', 0),
('ViewsUIWizardMenuTestCase', 'class', 'sites/all/modules/views/tests/views_ui.test', 'views', 0),
('ViewsUIWizardOverrideDisplaysTestCase', 'class', 'sites/all/modules/views/tests/views_ui.test', 'views', 0),
('ViewsUIWizardSortingTestCase', 'class', 'sites/all/modules/views/tests/views_ui.test', 'views', 0),
('ViewsUIWizardTaggedWithTestCase', 'class', 'sites/all/modules/views/tests/views_ui.test', 'views', 0),
('ViewsUpgradeTestCase', 'class', 'sites/all/modules/views/tests/views_upgrade.test', 'views', 0),
('ViewsUserArgumentDefault', 'class', 'sites/all/modules/views/tests/user/views_user_argument_default.test', 'views', 0),
('ViewsUserArgumentValidate', 'class', 'sites/all/modules/views/tests/user/views_user_argument_validate.test', 'views', 0),
('ViewsUserTestCase', 'class', 'sites/all/modules/views/tests/user/views_user.test', 'views', 0),
('ViewsViewTest', 'class', 'sites/all/modules/views/tests/views_view.test', 'views', 0),
('ViewsWizardException', 'class', 'sites/all/modules/views/plugins/views_wizard/views_ui_base_views_wizard.class.php', 'views_ui', 0),
('ViewsWizardInterface', 'interface', 'sites/all/modules/views/plugins/views_wizard/views_ui_base_views_wizard.class.php', 'views_ui', 0),
('views_db_object', 'class', 'sites/all/modules/views/includes/view.inc', 'views', 0),
('views_display', 'class', 'sites/all/modules/views/includes/view.inc', 'views', 0),
('views_handler', 'class', 'sites/all/modules/views/includes/handlers.inc', 'views', 0),
('views_handler_area', 'class', 'sites/all/modules/views/handlers/views_handler_area.inc', 'views', 0),
('views_handler_area_broken', 'class', 'sites/all/modules/views/handlers/views_handler_area.inc', 'views', 0),
('views_handler_area_result', 'class', 'sites/all/modules/views/handlers/views_handler_area_result.inc', 'views', 0),
('views_handler_area_text', 'class', 'sites/all/modules/views/handlers/views_handler_area_text.inc', 'views', 0),
('views_handler_area_view', 'class', 'sites/all/modules/views/handlers/views_handler_area_view.inc', 'views', 0),
('views_handler_argument', 'class', 'sites/all/modules/views/handlers/views_handler_argument.inc', 'views', 0),
('views_handler_argument_aggregator_category_cid', 'class', 'sites/all/modules/views/modules/aggregator/views_handler_argument_aggregator_category_cid.inc', 'views', 0),
('views_handler_argument_aggregator_fid', 'class', 'sites/all/modules/views/modules/aggregator/views_handler_argument_aggregator_fid.inc', 'views', 0),
('views_handler_argument_aggregator_iid', 'class', 'sites/all/modules/views/modules/aggregator/views_handler_argument_aggregator_iid.inc', 'views', 0),
('views_handler_argument_broken', 'class', 'sites/all/modules/views/handlers/views_handler_argument.inc', 'views', 0),
('views_handler_argument_comment_user_uid', 'class', 'sites/all/modules/views/modules/comment/views_handler_argument_comment_user_uid.inc', 'views', 0),
('views_handler_argument_date', 'class', 'sites/all/modules/views/handlers/views_handler_argument_date.inc', 'views', 0),
('views_handler_argument_field_list', 'class', 'sites/all/modules/views/modules/field/views_handler_argument_field_list.inc', 'views', 0),
('views_handler_argument_file_fid', 'class', 'sites/all/modules/views/modules/system/views_handler_argument_file_fid.inc', 'views', 0),
('views_handler_argument_formula', 'class', 'sites/all/modules/views/handlers/views_handler_argument_formula.inc', 'views', 0),
('views_handler_argument_group_by_numeric', 'class', 'sites/all/modules/views/handlers/views_handler_argument_group_by_numeric.inc', 'views', 0),
('views_handler_argument_locale_group', 'class', 'sites/all/modules/views/modules/locale/views_handler_argument_locale_group.inc', 'views', 0),
('views_handler_argument_locale_language', 'class', 'sites/all/modules/views/modules/locale/views_handler_argument_locale_language.inc', 'views', 0),
('views_handler_argument_many_to_one', 'class', 'sites/all/modules/views/handlers/views_handler_argument_many_to_one.inc', 'views', 0),
('views_handler_argument_node_created_day', 'class', 'sites/all/modules/views/modules/node/views_handler_argument_dates_various.inc', 'views', 0),
('views_handler_argument_node_created_fulldate', 'class', 'sites/all/modules/views/modules/node/views_handler_argument_dates_various.inc', 'views', 0),
('views_handler_argument_node_created_month', 'class', 'sites/all/modules/views/modules/node/views_handler_argument_dates_various.inc', 'views', 0),
('views_handler_argument_node_created_week', 'class', 'sites/all/modules/views/modules/node/views_handler_argument_dates_various.inc', 'views', 0),
('views_handler_argument_node_created_year', 'class', 'sites/all/modules/views/modules/node/views_handler_argument_dates_various.inc', 'views', 0),
('views_handler_argument_node_created_year_month', 'class', 'sites/all/modules/views/modules/node/views_handler_argument_dates_various.inc', 'views', 0),
('views_handler_argument_node_language', 'class', 'sites/all/modules/views/modules/node/views_handler_argument_node_language.inc', 'views', 0),
('views_handler_argument_node_nid', 'class', 'sites/all/modules/views/modules/node/views_handler_argument_node_nid.inc', 'views', 0),
('views_handler_argument_node_tnid', 'class', 'sites/all/modules/views/modules/translation/views_handler_argument_node_tnid.inc', 'views', 0),
('views_handler_argument_node_type', 'class', 'sites/all/modules/views/modules/node/views_handler_argument_node_type.inc', 'views', 0),
('views_handler_argument_node_uid_revision', 'class', 'sites/all/modules/views/modules/node/views_handler_argument_node_uid_revision.inc', 'views', 0),
('views_handler_argument_node_vid', 'class', 'sites/all/modules/views/modules/node/views_handler_argument_node_vid.inc', 'views', 0),
('views_handler_argument_null', 'class', 'sites/all/modules/views/handlers/views_handler_argument_null.inc', 'views', 0),
('views_handler_argument_numeric', 'class', 'sites/all/modules/views/handlers/views_handler_argument_numeric.inc', 'views', 0),
('views_handler_argument_search', 'class', 'sites/all/modules/views/modules/search/views_handler_argument_search.inc', 'views', 0),
('views_handler_argument_string', 'class', 'sites/all/modules/views/handlers/views_handler_argument_string.inc', 'views', 0),
('views_handler_argument_taxonomy', 'class', 'sites/all/modules/views/modules/taxonomy/views_handler_argument_taxonomy.inc', 'views', 0),
('views_handler_argument_term_node_tid', 'class', 'sites/all/modules/views/modules/taxonomy/views_handler_argument_term_node_tid.inc', 'views', 0),
('views_handler_argument_term_node_tid_depth', 'class', 'sites/all/modules/views/modules/taxonomy/views_handler_argument_term_node_tid_depth.inc', 'views', 0),
('views_handler_argument_term_node_tid_depth_modifier', 'class', 'sites/all/modules/views/modules/taxonomy/views_handler_argument_term_node_tid_depth_modifier.inc', 'views', 0),
('views_handler_argument_users_roles_rid', 'class', 'sites/all/modules/views/modules/user/views_handler_argument_users_roles_rid.inc', 'views', 0),
('views_handler_argument_user_uid', 'class', 'sites/all/modules/views/modules/user/views_handler_argument_user_uid.inc', 'views', 0),
('views_handler_argument_vocabulary_machine_name', 'class', 'sites/all/modules/views/modules/taxonomy/views_handler_argument_vocabulary_machine_name.inc', 'views', 0),
('views_handler_argument_vocabulary_vid', 'class', 'sites/all/modules/views/modules/taxonomy/views_handler_argument_vocabulary_vid.inc', 'views', 0),
('views_handler_field', 'class', 'sites/all/modules/views/handlers/views_handler_field.inc', 'views', 0),
('views_handler_field_accesslog_path', 'class', 'sites/all/modules/views/modules/statistics/views_handler_field_accesslog_path.inc', 'views', 0),
('views_handler_field_aggregator_category', 'class', 'sites/all/modules/views/modules/aggregator/views_handler_field_aggregator_category.inc', 'views', 0),
('views_handler_field_aggregator_title_link', 'class', 'sites/all/modules/views/modules/aggregator/views_handler_field_aggregator_title_link.inc', 'views', 0),
('views_handler_field_aggregator_xss', 'class', 'sites/all/modules/views/modules/aggregator/views_handler_field_aggregator_xss.inc', 'views', 0),
('views_handler_field_boolean', 'class', 'sites/all/modules/views/handlers/views_handler_field_boolean.inc', 'views', 0),
('views_handler_field_broken', 'class', 'sites/all/modules/views/handlers/views_handler_field.inc', 'views', 0),
('views_handler_field_comment', 'class', 'sites/all/modules/views/modules/comment/views_handler_field_comment.inc', 'views', 0),
('views_handler_field_comment_depth', 'class', 'sites/all/modules/views/modules/comment/views_handler_field_comment_depth.inc', 'views', 0),
('views_handler_field_comment_link', 'class', 'sites/all/modules/views/modules/comment/views_handler_field_comment_link.inc', 'views', 0),
('views_handler_field_comment_link_approve', 'class', 'sites/all/modules/views/modules/comment/views_handler_field_comment_link_approve.inc', 'views', 0),
('views_handler_field_comment_link_delete', 'class', 'sites/all/modules/views/modules/comment/views_handler_field_comment_link_delete.inc', 'views', 0),
('views_handler_field_comment_link_edit', 'class', 'sites/all/modules/views/modules/comment/views_handler_field_comment_link_edit.inc', 'views', 0),
('views_handler_field_comment_link_reply', 'class', 'sites/all/modules/views/modules/comment/views_handler_field_comment_link_reply.inc', 'views', 0),
('views_handler_field_comment_node_link', 'class', 'sites/all/modules/views/modules/comment/views_handler_field_comment_node_link.inc', 'views', 0),
('views_handler_field_comment_username', 'class', 'sites/all/modules/views/modules/comment/views_handler_field_comment_username.inc', 'views', 0),
('views_handler_field_contact_link', 'class', 'sites/all/modules/views/modules/contact/views_handler_field_contact_link.inc', 'views', 0),
('views_handler_field_contextual_links', 'class', 'sites/all/modules/views/handlers/views_handler_field_contextual_links.inc', 'views', 0),
('views_handler_field_counter', 'class', 'sites/all/modules/views/handlers/views_handler_field_counter.inc', 'views', 0),
('views_handler_field_custom', 'class', 'sites/all/modules/views/handlers/views_handler_field_custom.inc', 'views', 0),
('views_handler_field_date', 'class', 'sites/all/modules/views/handlers/views_handler_field_date.inc', 'views', 0),
('views_handler_field_entity', 'class', 'sites/all/modules/views/handlers/views_handler_field_entity.inc', 'views', 0),
('views_handler_field_field', 'class', 'sites/all/modules/views/modules/field/views_handler_field_field.inc', 'views', 0),
('views_handler_field_file', 'class', 'sites/all/modules/views/modules/system/views_handler_field_file.inc', 'views', 0),
('views_handler_field_file_extension', 'class', 'sites/all/modules/views/modules/system/views_handler_field_file_extension.inc', 'views', 0),
('views_handler_field_file_filemime', 'class', 'sites/all/modules/views/modules/system/views_handler_field_file_filemime.inc', 'views', 0),
('views_handler_field_file_size', 'class', 'sites/all/modules/views/handlers/views_handler_field.inc', 'views', 0),
('views_handler_field_file_status', 'class', 'sites/all/modules/views/modules/system/views_handler_field_file_status.inc', 'views', 0),
('views_handler_field_file_uri', 'class', 'sites/all/modules/views/modules/system/views_handler_field_file_uri.inc', 'views', 0),
('views_handler_field_filter_format_name', 'class', 'sites/all/modules/views/modules/filter/views_handler_field_filter_format_name.inc', 'views', 0),
('views_handler_field_history_user_timestamp', 'class', 'sites/all/modules/views/modules/node/views_handler_field_history_user_timestamp.inc', 'views', 0),
('views_handler_field_last_comment_timestamp', 'class', 'sites/all/modules/views/modules/comment/views_handler_field_last_comment_timestamp.inc', 'views', 0),
('views_handler_field_locale_group', 'class', 'sites/all/modules/views/modules/locale/views_handler_field_locale_group.inc', 'views', 0),
('views_handler_field_locale_language', 'class', 'sites/all/modules/views/modules/locale/views_handler_field_locale_language.inc', 'views', 0),
('views_handler_field_locale_link_edit', 'class', 'sites/all/modules/views/modules/locale/views_handler_field_locale_link_edit.inc', 'views', 0),
('views_handler_field_machine_name', 'class', 'sites/all/modules/views/handlers/views_handler_field_machine_name.inc', 'views', 0),
('views_handler_field_markup', 'class', 'sites/all/modules/views/handlers/views_handler_field_markup.inc', 'views', 0),
('views_handler_field_math', 'class', 'sites/all/modules/views/handlers/views_handler_field_math.inc', 'views', 0),
('views_handler_field_ncs_last_comment_name', 'class', 'sites/all/modules/views/modules/comment/views_handler_field_ncs_last_comment_name.inc', 'views', 0),
('views_handler_field_ncs_last_updated', 'class', 'sites/all/modules/views/modules/comment/views_handler_field_ncs_last_updated.inc', 'views', 0),
('views_handler_field_node', 'class', 'sites/all/modules/views/modules/node/views_handler_field_node.inc', 'views', 0),
('views_handler_field_node_comment', 'class', 'sites/all/modules/views/modules/comment/views_handler_field_node_comment.inc', 'views', 0),
('views_handler_field_node_language', 'class', 'sites/all/modules/views/modules/translation/views_handler_field_node_language.inc', 'views', 0);
INSERT INTO `prefixpinboard_registry` (`name`, `type`, `filename`, `module`, `weight`) VALUES
('views_handler_field_node_link', 'class', 'sites/all/modules/views/modules/node/views_handler_field_node_link.inc', 'views', 0),
('views_handler_field_node_link_delete', 'class', 'sites/all/modules/views/modules/node/views_handler_field_node_link_delete.inc', 'views', 0),
('views_handler_field_node_link_edit', 'class', 'sites/all/modules/views/modules/node/views_handler_field_node_link_edit.inc', 'views', 0),
('views_handler_field_node_link_translate', 'class', 'sites/all/modules/views/modules/translation/views_handler_field_node_link_translate.inc', 'views', 0),
('views_handler_field_node_new_comments', 'class', 'sites/all/modules/views/modules/comment/views_handler_field_node_new_comments.inc', 'views', 0),
('views_handler_field_node_path', 'class', 'sites/all/modules/views/modules/node/views_handler_field_node_path.inc', 'views', 0),
('views_handler_field_node_revision', 'class', 'sites/all/modules/views/modules/node/views_handler_field_node_revision.inc', 'views', 0),
('views_handler_field_node_revision_link_delete', 'class', 'sites/all/modules/views/modules/node/views_handler_field_node_revision_link_delete.inc', 'views', 0),
('views_handler_field_node_revision_link_revert', 'class', 'sites/all/modules/views/modules/node/views_handler_field_node_revision_link_revert.inc', 'views', 0),
('views_handler_field_node_translation_link', 'class', 'sites/all/modules/views/modules/translation/views_handler_field_node_translation_link.inc', 'views', 0),
('views_handler_field_node_type', 'class', 'sites/all/modules/views/modules/node/views_handler_field_node_type.inc', 'views', 0),
('views_handler_field_numeric', 'class', 'sites/all/modules/views/handlers/views_handler_field_numeric.inc', 'views', 0),
('views_handler_field_prerender_list', 'class', 'sites/all/modules/views/handlers/views_handler_field_prerender_list.inc', 'views', 0),
('views_handler_field_profile_date', 'class', 'sites/all/modules/views/modules/profile/views_handler_field_profile_date.inc', 'views', 0),
('views_handler_field_profile_list', 'class', 'sites/all/modules/views/modules/profile/views_handler_field_profile_list.inc', 'views', 0),
('views_handler_field_search_score', 'class', 'sites/all/modules/views/modules/search/views_handler_field_search_score.inc', 'views', 0),
('views_handler_field_serialized', 'class', 'sites/all/modules/views/handlers/views_handler_field_serialized.inc', 'views', 0),
('views_handler_field_taxonomy', 'class', 'sites/all/modules/views/modules/taxonomy/views_handler_field_taxonomy.inc', 'views', 0),
('views_handler_field_term_link_edit', 'class', 'sites/all/modules/views/modules/taxonomy/views_handler_field_term_link_edit.inc', 'views', 0),
('views_handler_field_term_node_tid', 'class', 'sites/all/modules/views/modules/taxonomy/views_handler_field_term_node_tid.inc', 'views', 0),
('views_handler_field_time_interval', 'class', 'sites/all/modules/views/handlers/views_handler_field_time_interval.inc', 'views', 0),
('views_handler_field_url', 'class', 'sites/all/modules/views/handlers/views_handler_field_url.inc', 'views', 0),
('views_handler_field_user', 'class', 'sites/all/modules/views/modules/user/views_handler_field_user.inc', 'views', 0),
('views_handler_field_user_language', 'class', 'sites/all/modules/views/modules/user/views_handler_field_user_language.inc', 'views', 0),
('views_handler_field_user_link', 'class', 'sites/all/modules/views/modules/user/views_handler_field_user_link.inc', 'views', 0),
('views_handler_field_user_link_cancel', 'class', 'sites/all/modules/views/modules/user/views_handler_field_user_link_cancel.inc', 'views', 0),
('views_handler_field_user_link_edit', 'class', 'sites/all/modules/views/modules/user/views_handler_field_user_link_edit.inc', 'views', 0),
('views_handler_field_user_mail', 'class', 'sites/all/modules/views/modules/user/views_handler_field_user_mail.inc', 'views', 0),
('views_handler_field_user_name', 'class', 'sites/all/modules/views/modules/user/views_handler_field_user_name.inc', 'views', 0),
('views_handler_field_user_permissions', 'class', 'sites/all/modules/views/modules/user/views_handler_field_user_permissions.inc', 'views', 0),
('views_handler_field_user_picture', 'class', 'sites/all/modules/views/modules/user/views_handler_field_user_picture.inc', 'views', 0),
('views_handler_field_user_roles', 'class', 'sites/all/modules/views/modules/user/views_handler_field_user_roles.inc', 'views', 0),
('views_handler_field_xss', 'class', 'sites/all/modules/views/handlers/views_handler_field.inc', 'views', 0),
('views_handler_filter', 'class', 'sites/all/modules/views/handlers/views_handler_filter.inc', 'views', 0),
('views_handler_filter_aggregator_category_cid', 'class', 'sites/all/modules/views/modules/aggregator/views_handler_filter_aggregator_category_cid.inc', 'views', 0),
('views_handler_filter_boolean_operator', 'class', 'sites/all/modules/views/handlers/views_handler_filter_boolean_operator.inc', 'views', 0),
('views_handler_filter_boolean_operator_string', 'class', 'sites/all/modules/views/handlers/views_handler_filter_boolean_operator_string.inc', 'views', 0),
('views_handler_filter_broken', 'class', 'sites/all/modules/views/handlers/views_handler_filter.inc', 'views', 0),
('views_handler_filter_comment_user_uid', 'class', 'sites/all/modules/views/modules/comment/views_handler_filter_comment_user_uid.inc', 'views', 0),
('views_handler_filter_date', 'class', 'sites/all/modules/views/handlers/views_handler_filter_date.inc', 'views', 0),
('views_handler_filter_equality', 'class', 'sites/all/modules/views/handlers/views_handler_filter_equality.inc', 'views', 0),
('views_handler_filter_field_list', 'class', 'sites/all/modules/views/modules/field/views_handler_filter_field_list.inc', 'views', 0),
('views_handler_filter_file_status', 'class', 'sites/all/modules/views/modules/system/views_handler_filter_file_status.inc', 'views', 0),
('views_handler_filter_group_by_numeric', 'class', 'sites/all/modules/views/handlers/views_handler_filter_group_by_numeric.inc', 'views', 0),
('views_handler_filter_history_user_timestamp', 'class', 'sites/all/modules/views/modules/node/views_handler_filter_history_user_timestamp.inc', 'views', 0),
('views_handler_filter_in_operator', 'class', 'sites/all/modules/views/handlers/views_handler_filter_in_operator.inc', 'views', 0),
('views_handler_filter_locale_group', 'class', 'sites/all/modules/views/modules/locale/views_handler_filter_locale_group.inc', 'views', 0),
('views_handler_filter_locale_language', 'class', 'sites/all/modules/views/modules/locale/views_handler_filter_locale_language.inc', 'views', 0),
('views_handler_filter_locale_version', 'class', 'sites/all/modules/views/modules/locale/views_handler_filter_locale_version.inc', 'views', 0),
('views_handler_filter_many_to_one', 'class', 'sites/all/modules/views/handlers/views_handler_filter_many_to_one.inc', 'views', 0),
('views_handler_filter_ncs_last_updated', 'class', 'sites/all/modules/views/modules/comment/views_handler_filter_ncs_last_updated.inc', 'views', 0),
('views_handler_filter_node_access', 'class', 'sites/all/modules/views/modules/node/views_handler_filter_node_access.inc', 'views', 0),
('views_handler_filter_node_comment', 'class', 'sites/all/modules/views/modules/comment/views_handler_filter_node_comment.inc', 'views', 0),
('views_handler_filter_node_language', 'class', 'sites/all/modules/views/modules/translation/views_handler_filter_node_language.inc', 'views', 0),
('views_handler_filter_node_status', 'class', 'sites/all/modules/views/modules/node/views_handler_filter_node_status.inc', 'views', 0),
('views_handler_filter_node_tnid', 'class', 'sites/all/modules/views/modules/translation/views_handler_filter_node_tnid.inc', 'views', 0),
('views_handler_filter_node_tnid_child', 'class', 'sites/all/modules/views/modules/translation/views_handler_filter_node_tnid_child.inc', 'views', 0),
('views_handler_filter_node_type', 'class', 'sites/all/modules/views/modules/node/views_handler_filter_node_type.inc', 'views', 0),
('views_handler_filter_node_uid_revision', 'class', 'sites/all/modules/views/modules/node/views_handler_filter_node_uid_revision.inc', 'views', 0),
('views_handler_filter_numeric', 'class', 'sites/all/modules/views/handlers/views_handler_filter_numeric.inc', 'views', 0),
('views_handler_filter_profile_selection', 'class', 'sites/all/modules/views/modules/profile/views_handler_filter_profile_selection.inc', 'views', 0),
('views_handler_filter_search', 'class', 'sites/all/modules/views/modules/search/views_handler_filter_search.inc', 'views', 0),
('views_handler_filter_string', 'class', 'sites/all/modules/views/handlers/views_handler_filter_string.inc', 'views', 0),
('views_handler_filter_system_type', 'class', 'sites/all/modules/views/modules/system/views_handler_filter_system_type.inc', 'views', 0),
('views_handler_filter_term_node_tid', 'class', 'sites/all/modules/views/modules/taxonomy/views_handler_filter_term_node_tid.inc', 'views', 0),
('views_handler_filter_term_node_tid_depth', 'class', 'sites/all/modules/views/modules/taxonomy/views_handler_filter_term_node_tid_depth.inc', 'views', 0),
('views_handler_filter_user_current', 'class', 'sites/all/modules/views/modules/user/views_handler_filter_user_current.inc', 'views', 0),
('views_handler_filter_user_name', 'class', 'sites/all/modules/views/modules/user/views_handler_filter_user_name.inc', 'views', 0),
('views_handler_filter_user_permissions', 'class', 'sites/all/modules/views/modules/user/views_handler_filter_user_permissions.inc', 'views', 0),
('views_handler_filter_user_roles', 'class', 'sites/all/modules/views/modules/user/views_handler_filter_user_roles.inc', 'views', 0),
('views_handler_filter_vocabulary_machine_name', 'class', 'sites/all/modules/views/modules/taxonomy/views_handler_filter_vocabulary_machine_name.inc', 'views', 0),
('views_handler_filter_vocabulary_vid', 'class', 'sites/all/modules/views/modules/taxonomy/views_handler_filter_vocabulary_vid.inc', 'views', 0),
('views_handler_relationship', 'class', 'sites/all/modules/views/handlers/views_handler_relationship.inc', 'views', 0),
('views_handler_relationship_broken', 'class', 'sites/all/modules/views/handlers/views_handler_relationship.inc', 'views', 0),
('views_handler_relationship_entity_reverse', 'class', 'sites/all/modules/views/modules/field/views_handler_relationship_entity_reverse.inc', 'views', 0),
('views_handler_relationship_groupwise_max', 'class', 'sites/all/modules/views/handlers/views_handler_relationship_groupwise_max.inc', 'views', 0),
('views_handler_relationship_node_term_data', 'class', 'sites/all/modules/views/modules/taxonomy/views_handler_relationship_node_term_data.inc', 'views', 0),
('views_handler_relationship_translation', 'class', 'sites/all/modules/views/modules/translation/views_handler_relationship_translation.inc', 'views', 0),
('views_handler_sort', 'class', 'sites/all/modules/views/handlers/views_handler_sort.inc', 'views', 0),
('views_handler_sort_broken', 'class', 'sites/all/modules/views/handlers/views_handler_sort.inc', 'views', 0),
('views_handler_sort_comment_thread', 'class', 'sites/all/modules/views/modules/comment/views_handler_sort_comment_thread.inc', 'views', 0),
('views_handler_sort_date', 'class', 'sites/all/modules/views/handlers/views_handler_sort_date.inc', 'views', 0),
('views_handler_sort_group_by_numeric', 'class', 'sites/all/modules/views/handlers/views_handler_sort_group_by_numeric.inc', 'views', 0),
('views_handler_sort_menu_hierarchy', 'class', 'sites/all/modules/views/handlers/views_handler_sort_menu_hierarchy.inc', 'views', 0),
('views_handler_sort_ncs_last_comment_name', 'class', 'sites/all/modules/views/modules/comment/views_handler_sort_ncs_last_comment_name.inc', 'views', 0),
('views_handler_sort_ncs_last_updated', 'class', 'sites/all/modules/views/modules/comment/views_handler_sort_ncs_last_updated.inc', 'views', 0),
('views_handler_sort_random', 'class', 'sites/all/modules/views/handlers/views_handler_sort_random.inc', 'views', 0),
('views_handler_sort_search_score', 'class', 'sites/all/modules/views/modules/search/views_handler_sort_search_score.inc', 'views', 0),
('views_join', 'class', 'sites/all/modules/views/includes/handlers.inc', 'views', 0),
('views_join_subquery', 'class', 'sites/all/modules/views/includes/handlers.inc', 'views', 0),
('views_many_to_one_helper', 'class', 'sites/all/modules/views/includes/handlers.inc', 'views', 0),
('views_object', 'class', 'sites/all/modules/views/includes/base.inc', 'views', 0),
('views_plugin', 'class', 'sites/all/modules/views/includes/plugins.inc', 'views', 0),
('views_plugin_access', 'class', 'sites/all/modules/views/plugins/views_plugin_access.inc', 'views', 0),
('views_plugin_access_none', 'class', 'sites/all/modules/views/plugins/views_plugin_access_none.inc', 'views', 0),
('views_plugin_access_perm', 'class', 'sites/all/modules/views/plugins/views_plugin_access_perm.inc', 'views', 0),
('views_plugin_access_role', 'class', 'sites/all/modules/views/plugins/views_plugin_access_role.inc', 'views', 0),
('views_plugin_argument_default', 'class', 'sites/all/modules/views/plugins/views_plugin_argument_default.inc', 'views', 0),
('views_plugin_argument_default_current_user', 'class', 'sites/all/modules/views/modules/user/views_plugin_argument_default_current_user.inc', 'views', 0),
('views_plugin_argument_default_fixed', 'class', 'sites/all/modules/views/plugins/views_plugin_argument_default_fixed.inc', 'views', 0),
('views_plugin_argument_default_node', 'class', 'sites/all/modules/views/modules/node/views_plugin_argument_default_node.inc', 'views', 0),
('views_plugin_argument_default_php', 'class', 'sites/all/modules/views/plugins/views_plugin_argument_default_php.inc', 'views', 0),
('views_plugin_argument_default_raw', 'class', 'sites/all/modules/views/plugins/views_plugin_argument_default_raw.inc', 'views', 0),
('views_plugin_argument_default_taxonomy_tid', 'class', 'sites/all/modules/views/modules/taxonomy/views_plugin_argument_default_taxonomy_tid.inc', 'views', 0),
('views_plugin_argument_default_user', 'class', 'sites/all/modules/views/modules/user/views_plugin_argument_default_user.inc', 'views', 0),
('views_plugin_argument_validate', 'class', 'sites/all/modules/views/plugins/views_plugin_argument_validate.inc', 'views', 0),
('views_plugin_argument_validate_node', 'class', 'sites/all/modules/views/modules/node/views_plugin_argument_validate_node.inc', 'views', 0),
('views_plugin_argument_validate_numeric', 'class', 'sites/all/modules/views/plugins/views_plugin_argument_validate_numeric.inc', 'views', 0),
('views_plugin_argument_validate_php', 'class', 'sites/all/modules/views/plugins/views_plugin_argument_validate_php.inc', 'views', 0),
('views_plugin_argument_validate_taxonomy_term', 'class', 'sites/all/modules/views/modules/taxonomy/views_plugin_argument_validate_taxonomy_term.inc', 'views', 0),
('views_plugin_argument_validate_user', 'class', 'sites/all/modules/views/modules/user/views_plugin_argument_validate_user.inc', 'views', 0),
('views_plugin_cache', 'class', 'sites/all/modules/views/plugins/views_plugin_cache.inc', 'views', 0),
('views_plugin_cache_none', 'class', 'sites/all/modules/views/plugins/views_plugin_cache_none.inc', 'views', 0),
('views_plugin_cache_time', 'class', 'sites/all/modules/views/plugins/views_plugin_cache_time.inc', 'views', 0),
('views_plugin_display', 'class', 'sites/all/modules/views/plugins/views_plugin_display.inc', 'views', 0),
('views_plugin_display_attachment', 'class', 'sites/all/modules/views/plugins/views_plugin_display_attachment.inc', 'views', 0),
('views_plugin_display_block', 'class', 'sites/all/modules/views/plugins/views_plugin_display_block.inc', 'views', 0),
('views_plugin_display_default', 'class', 'sites/all/modules/views/plugins/views_plugin_display_default.inc', 'views', 0),
('views_plugin_display_extender', 'class', 'sites/all/modules/views/plugins/views_plugin_display_extender.inc', 'views', 0),
('views_plugin_display_feed', 'class', 'sites/all/modules/views/plugins/views_plugin_display_feed.inc', 'views', 0),
('views_plugin_display_page', 'class', 'sites/all/modules/views/plugins/views_plugin_display_page.inc', 'views', 0),
('views_plugin_exposed_form', 'class', 'sites/all/modules/views/plugins/views_plugin_exposed_form.inc', 'views', 0),
('views_plugin_exposed_form_basic', 'class', 'sites/all/modules/views/plugins/views_plugin_exposed_form_basic.inc', 'views', 0),
('views_plugin_exposed_form_input_required', 'class', 'sites/all/modules/views/plugins/views_plugin_exposed_form_input_required.inc', 'views', 0),
('views_plugin_localization', 'class', 'sites/all/modules/views/plugins/views_plugin_localization.inc', 'views', 0),
('views_plugin_localization_core', 'class', 'sites/all/modules/views/plugins/views_plugin_localization_core.inc', 'views', 0),
('views_plugin_localization_none', 'class', 'sites/all/modules/views/plugins/views_plugin_localization_none.inc', 'views', 0),
('views_plugin_localization_test', 'class', 'sites/all/modules/views/tests/views_plugin_localization_test.inc', 'views', 0),
('views_plugin_pager', 'class', 'sites/all/modules/views/plugins/views_plugin_pager.inc', 'views', 0),
('views_plugin_pager_full', 'class', 'sites/all/modules/views/plugins/views_plugin_pager_full.inc', 'views', 0),
('views_plugin_pager_mini', 'class', 'sites/all/modules/views/plugins/views_plugin_pager_mini.inc', 'views', 0),
('views_plugin_pager_none', 'class', 'sites/all/modules/views/plugins/views_plugin_pager_none.inc', 'views', 0),
('views_plugin_pager_some', 'class', 'sites/all/modules/views/plugins/views_plugin_pager_some.inc', 'views', 0),
('views_plugin_query', 'class', 'sites/all/modules/views/plugins/views_plugin_query.inc', 'views', 0),
('views_plugin_query_default', 'class', 'sites/all/modules/views/plugins/views_plugin_query_default.inc', 'views', 0),
('views_plugin_row', 'class', 'sites/all/modules/views/plugins/views_plugin_row.inc', 'views', 0),
('views_plugin_row_aggregator_rss', 'class', 'sites/all/modules/views/modules/aggregator/views_plugin_row_aggregator_rss.inc', 'views', 0),
('views_plugin_row_comment_rss', 'class', 'sites/all/modules/views/modules/comment/views_plugin_row_comment_rss.inc', 'views', 0),
('views_plugin_row_comment_view', 'class', 'sites/all/modules/views/modules/comment/views_plugin_row_comment_view.inc', 'views', 0),
('views_plugin_row_fields', 'class', 'sites/all/modules/views/plugins/views_plugin_row_fields.inc', 'views', 0),
('views_plugin_row_node_rss', 'class', 'sites/all/modules/views/modules/node/views_plugin_row_node_rss.inc', 'views', 0),
('views_plugin_row_node_view', 'class', 'sites/all/modules/views/modules/node/views_plugin_row_node_view.inc', 'views', 0),
('views_plugin_row_search_view', 'class', 'sites/all/modules/views/modules/search/views_plugin_row_search_view.inc', 'views', 0),
('views_plugin_row_user_view', 'class', 'sites/all/modules/views/modules/user/views_plugin_row_user_view.inc', 'views', 0),
('views_plugin_style', 'class', 'sites/all/modules/views/plugins/views_plugin_style.inc', 'views', 0),
('views_plugin_style_default', 'class', 'sites/all/modules/views/plugins/views_plugin_style_default.inc', 'views', 0),
('views_plugin_style_grid', 'class', 'sites/all/modules/views/plugins/views_plugin_style_grid.inc', 'views', 0),
('views_plugin_style_jump_menu', 'class', 'sites/all/modules/views/plugins/views_plugin_style_jump_menu.inc', 'views', 0),
('views_plugin_style_list', 'class', 'sites/all/modules/views/plugins/views_plugin_style_list.inc', 'views', 0),
('views_plugin_style_rss', 'class', 'sites/all/modules/views/plugins/views_plugin_style_rss.inc', 'views', 0),
('views_plugin_style_summary', 'class', 'sites/all/modules/views/plugins/views_plugin_style_summary.inc', 'views', 0),
('views_plugin_style_summary_jump_menu', 'class', 'sites/all/modules/views/plugins/views_plugin_style_summary_jump_menu.inc', 'views', 0),
('views_plugin_style_summary_unformatted', 'class', 'sites/all/modules/views/plugins/views_plugin_style_summary_unformatted.inc', 'views', 0),
('views_plugin_style_table', 'class', 'sites/all/modules/views/plugins/views_plugin_style_table.inc', 'views', 0),
('views_test_plugin_access_test_dynamic', 'class', 'sites/all/modules/views/tests/test_plugins/views_test_plugin_access_test_dynamic.inc', 'views', 0),
('views_test_plugin_access_test_static', 'class', 'sites/all/modules/views/tests/test_plugins/views_test_plugin_access_test_static.inc', 'views', 0),
('views_ui', 'class', 'sites/all/modules/views/plugins/export_ui/views_ui.class.php', 'views_ui', 0),
('VotingAPITestCase', 'class', 'sites/all/modules/votingapi/tests/votingapi.test', 'votingapi', 0),
('votingapi_views_handler_field_value', 'class', 'sites/all/modules/votingapi/views/votingapi_views_handler_field_value.inc', 'votingapi', 0),
('votingapi_views_handler_relationship', 'class', 'sites/all/modules/votingapi/views/votingapi_views_handler_relationship.inc', 'votingapi', 0),
('votingapi_views_handler_sort_nullable', 'class', 'sites/all/modules/votingapi/views/votingapi_views_handler_sort_nullable.inc', 'votingapi', 0);

DROP TABLE IF EXISTS `prefixpinboard_registry_file`;
CREATE TABLE `prefixpinboard_registry_file` (
  `filename` varchar(255) NOT NULL COMMENT 'Path to the file.',
  `hash` varchar(64) NOT NULL COMMENT 'sha-256 hash of the file’s contents when last parsed.',
  PRIMARY KEY (`filename`)
) ENGINE=InnoDB DEFAULT CHARSET=utf8 COMMENT='Files parsed to build the registry.';

INSERT INTO `prefixpinboard_registry_file` (`filename`, `hash`) VALUES
('includes/actions.inc', 'f36b066681463c7dfe189e0430cb1a89bf66f7e228cbb53cdfcd93987193f759'),
('includes/ajax.inc', 'e9c0653a0df32a81577d64980d74ef4f2423573b15fc86e9d7aa65227b52f470'),
('includes/archiver.inc', 'bdbb21b712a62f6b913590b609fd17cd9f3c3b77c0d21f68e71a78427ed2e3e9'),
('includes/authorize.inc', 'a8f26e722ddba490cdc0fcf80238af45f0f88e977b2e0c90c0c21d9df3380748'),
('includes/batch.inc', '059da9e36e1f3717f27840aae73f10dea7d6c8daf16f6520401cc1ca3b4c0388'),
('includes/batch.queue.inc', '554b2e92e1dad0f7fd5a19cb8dff7e109f10fbe2441a5692d076338ec908de0f'),
('includes/bootstrap.inc', '1ad376074bf816f88251357fd55be2df573177f43460587f87b6ec13d4414083'),
('includes/cache-install.inc', 'e7ed123c5805703c84ad2cce9c1ca46b3ce8caeeea0d8ef39a3024a4ab95fa0e'),
('includes/cache.inc', '0a70a291f7ce423d1aab4816ef06a6eaf58b454a03a1f419ff309c1147c4765b'),
('includes/common.inc', '406419b0744dcfd092fe4ef8eb0df4dccb282c2c61e7eb43f4dd210abb8cffaa'),
('includes/database/database.inc', 'a9ae2e56f476a49e643b54fb20565de67d9408e025da1def7213407d2f02fc3c'),
('includes/database/log.inc', '4ecbdf9022d8c612310b41af575f10b0d4c041c0fbc41c6dc7e1f2ab6eacce6b'),
('includes/database/mysql/database.inc', 'dee977eebac5a6e933a6bdfd50d30563d442ae225eef506c21c73051ee880b64'),
('includes/database/mysql/install.inc', '6ae316941f771732fbbabed7e1d6b4cbb41b1f429dd097d04b3345aa15e461a0'),
('includes/database/mysql/query.inc', 'e2a5457ec40a8f88f6a822bdc77f74865e4c02206fc733c2945c8897f46093de'),
('includes/database/mysql/schema.inc', '53fdbfa7edb9722eaf1cfe2862652c4d1c9d8f97a9d558af525cfba35dd1c945'),
('includes/database/pgsql/database.inc', 'c2e61154b2307e8c4e9b60ace82c7e09ab8182aa8910a34cd8f2a7c66e1d5864'),
('includes/database/pgsql/install.inc', '585b80c5bbd6f134bff60d06397f15154657a577d4da8d1b181858905f09dea5'),
('includes/database/pgsql/query.inc', 'cb4c84f8f1ffc73098ed71137248dcd078a505a7530e60d979d74b3a3cdaa658'),
('includes/database/pgsql/schema.inc', '8fd647e4557522283caef63e528c6e403fc0751a46e94aac867a281af85eac27'),
('includes/database/pgsql/select.inc', 'ce06c4353d4322e519e1c90ca863e6666edc370fb3c12568fedf466334b2e2be'),
('includes/database/prefetch.inc', 'd32c8be47de08641f48327260d0df0dfa97543a2cd8902979bbe1586e273fee4'),
('includes/database/query.inc', 'cf7063348d0fed4366265347a274a1f5bbf1448531205cf3bd68055f20c0c992'),
('includes/database/schema.inc', '7eb7251f331109757173353263d1031493c1198ae17a165a6f5a03d3f14f93e7'),
('includes/database/select.inc', '80f33c7685b08a2f89178d82143225ade9bd464a8a5dac8bdff3b89f48270386'),
('includes/database/sqlite/database.inc', '5e27f620705c731fa4d301894e82e30637a0742de0c0309be50ad30244b31e52'),
('includes/database/sqlite/install.inc', '381f3db8c59837d961978ba3097bb6443534ed1659fd713aa563963fa0c42cc5'),
('includes/database/sqlite/query.inc', '61e0459c0c9252ca465b86c475d88e09ea34c8cdb28220eb37a7d44357f5474f'),
('includes/database/sqlite/schema.inc', '238414785aa96dd27f10f48c961783f4d1091392beee8d0e7ca8ae774e917da2'),
('includes/database/sqlite/select.inc', '4ecb9d21d2f07237f7603e925519886dde0b8da82f96999b865ff0803438744e'),
('includes/date.inc', '18c047be64f201e16d189f1cc47ed9dcf0a145151b1ee187e90511b24e5d2b36'),
('includes/entity.inc', '26686167f5d515d17f607daef9eb1ab8858dc257cd0c807ec625681b3e3bf479'),
('includes/errors.inc', 'b4adafbd9ccbc578bc42af78d14d7d3fa508fa10981555aacc9ff5e00a1fa1d8'),
('includes/file.inc', '042fed00746880123a3e4d95f138a3d8bc169a77b9cbae98cd05c1840375297d'),
('includes/file.mimetypes.inc', 'f88c967550576694b7a1ce2afd0f2f1bbc1a91d21cc2c20f86c44d39ff353867'),
('includes/filetransfer/filetransfer.inc', '4391b7228bd952fb351c9431a7c226b4e8a23d9a7307b9ffa63e097c17b25467'),
('includes/filetransfer/ftp.inc', '589ebf4b8bd4a2973aa56a156ac1fa83b6c73e703391361fb573167670e0d832'),
('includes/filetransfer/local.inc', '7cbfdb46abbdf539640db27e66fb30e5265128f31002bd0dfc3af16ae01a9492'),
('includes/filetransfer/ssh.inc', '002e24a24cac133d12728bd3843868ce378681237d7fad420761af84e6efe5ad'),
('includes/form.inc', 'dff72a18902a749492117ab349e35de34ea239543e7cd47df0d41ebc4e88fd97'),
('includes/graph.inc', 'd9ab806d219478d71f8cdc3861c0d44d5defc62872bf829e2194aba552da7f3e'),
('includes/image.inc', '22c8ff48d46276b9bea1ad2cf4af9b65abcf69fb5ebca441259e774190fa5863'),
('includes/install.core.inc', 'a56ff7412d5fb68221a9f3bdd9f710d9f331f2d2c4bbb62ed98cb3c79c6882d5'),
('includes/install.inc', '23455f095ebd75c49ef8bf2a18145f77b6633670a5eb9eab860d907b0ba25f35'),
('includes/iso.inc', 'f53653843c75e12aa0b05e7197c5aebdf794e2517b9902fc07994fb7cb8f3ed6'),
('includes/json-encode.inc', '02a822a652d00151f79db9aa9e171c310b69b93a12f549bc2ce00533a8efa14e'),
('includes/language.inc', '2660a308eefd99f1aec300d1f8e51365a4331ca8af2b9056e5df528cd5b03a89'),
('includes/locale.inc', '2ec00f6167fda3eca53a031344070b1d16398951acba735c55fedd1a2f178321'),
('includes/lock.inc', 'daa62e95528f6b986b85680b600a896452bf2ce6f38921242857dcc5a3460a1b'),
('includes/mail.inc', 'bb50727f20717ffa17cbe11ddb27bd004bd814fc26115c3fca4b06f4cec179fa'),
('includes/menu.inc', '1fa6f6b0ffc711e352b48ef7f78e399536ed91ba56ad7ed333e34ed7a93228c1'),
('includes/module.inc', 'c12df1e05bb0c546722fe9c5221e3a1a91de504a66b5aeb6fe8ef8348a048d35'),
('includes/pager.inc', '6f9494b85c07a2cc3be4e54aff2d2757485238c476a7da084d25bde1d88be6d8'),
('includes/password.inc', 'aba5df25a237c14cc69335c4cf72d57da130144410ab04d10917d9da21cd606c'),
('includes/path.inc', '1d939d6b59b07ef41e71c9d616c2e9a34712dd81f6110e1a1f280613b3228738'),
('includes/registry.inc', '4ffb8c9c8c179c1417ff01790f339edf50b5f7cc0c8bb976eef6858cc71e9bc8'),
('includes/session.inc', '8293e6cc9f081ecdc4e8cfcdec885a79df01b9007030fe6b467a85c87ebb5d82'),
('includes/stream_wrappers.inc', '323e418fda2fdd29a44d8618f8855a92172c377eb745412d58ca55fdcaa8f2d1'),
('includes/tablesort.inc', '3f3cb2820920f7edc0c3d046ffba4fc4e3b73a699a2492780371141cf501aa50'),
('includes/theme.inc', '2d32fc405e7bbede8d0b5baf1f83aed679179cd0e679a8c4630916a0899954b5'),
('includes/theme.maintenance.inc', 'd110314b4d943c3e965fcefe452f6873b53cd6a8844154467dfcbb2b6142dc82'),
('includes/token.inc', 'a975300558711bb49406a5c7f78294648baa2e5c912cb66f0c78bb2991c0f3c3'),
('includes/unicode.entities.inc', '2b858138596d961fbaa4c6e3986e409921df7f76b6ee1b109c4af5970f1e0f54'),
('includes/unicode.inc', '3d5a4756f7af1f9de84f7614b6cd87449af43f4bb1e2a77bb2c73589f5826f61'),
('includes/update.inc', 'fff87274155c7c8243baf14440b21034dfde792bc3482839eb530764bd2ee349'),
('includes/updater.inc', 'd2da0e74ed86e93c209f16069f3d32e1a134ceb6c06a0044f78e841a1b54e380'),
('includes/utility.inc', '9b834814fd3f5ef10ce1946be30ef1ddf3f283c749f1ef1a4ebf845ecd524d59'),
('includes/xmlrpc.inc', 'c5b6ea78adeb135373d11aeaaea057d9fa8995faa4e8c0fec9b7c647f15cc4e0'),
('includes/xmlrpcs.inc', '79dc6e9882f4c506123d7dd8e228a61e22c46979c3aab21a5b1afa315ef6639c'),
('modules/block/block.test', 'efba42e5afd01ccd3233a48ec3260e405d75f215faa320ed90fdb8adf59f2911'),
('modules/blog/blog.test', '12dc3105782db5fb0df00ff4872561dd049f242eeeb65c979cf349aa75aa1a51'),
('modules/color/color.test', '013806279bd47ceb2f82ca854b57f880ba21058f7a2592c422afae881a7f5d15'),
('modules/comment/comment.module', 'cb7a5a94771d190895b13972e3914f567df5665b521fe082a89c3c3fb7f1634a'),
('modules/comment/comment.test', 'adcb988378b1eaea5b906a25322475b2cef4fb7688bdbad5e06bf9e58cf5edbc'),
('modules/contact/contact.test', '6ad6e1585fef729036e64b58db83be22d09e2df41117036f3969e698533a4a7e'),
('modules/contextual/contextual.test', '023dafa199bd325ecc55a17b2a3db46ac0a31e23059f701f789f3bc42427ba0b'),
('modules/dashboard/dashboard.test', '270378b5c8ed0e7d0e00fbc62e617813c6dec1d79396229786942bf9fb738e16'),
('modules/dblog/dblog.test', '702c6a6207a73d8a29c857d8ca298e9740a02f09072da2f5624e7090e8a92acf'),
('modules/field/field.attach.inc', 'f576b1b8d3d6bf7bb6c8684bc6e7e9e752002c3a4735a5b93e44cef35ffbd024'),
('modules/field/field.module', 'dc83d93ab1f2ad80e8ae419eaf0a5e67250000cd787f8e873f810ce9c7ccf538'),
('modules/field/modules/field_sql_storage/field_sql_storage.test', '8ede9843d771e307dfd3d7e7562976b07e0e0a9310a5cf409413581f199c897f'),
('modules/field/modules/list/tests/list.test', '9f366469763beb3fe0571d66318bac6df293fd15f4eb5cfe4850b9fb9a509f38'),
('modules/field/modules/number/number.test', 'cb55fbc3a1ceed154af673af727b4c5ee6ac2e7dc9d4e1cbc33f3f8e2269146c'),
('modules/field/modules/options/options.test', '8c6dd464fdb5cca90b0260bcfa5f56941b4b28edd879b23a795f0442f5368d4c'),
('modules/field/modules/text/text.test', '9d74c6d039f55dd7d6447a59186da8d48bf20617bfe58424612798f649797586'),
('modules/field/tests/field.test', 'fc642546736b585471d76d6e6bc35c7709381026b0e147a095e4037c64d9cdba'),
('modules/field_ui/field_ui.test', 'c40ecf17d601036f92b419938617a51d64a92821cdb2171793b76f7abdd2c9ff'),
('modules/file/tests/file.test', 'bb776eb42762d3b429600d591fb0781982951f5cc74e09f860eb89dc4d0fb8f6'),
('modules/filter/filter.test', '7fc6863df7cd7f2b3ba9e8fcdb92675f97d8c39ec8dad4fb93db48dca679c236'),
('modules/help/help.test', 'c6f03ece30548a6a345afcfac920d85afc418596a19dc4cf43f994391c5050d9'),
('modules/image/image.test', '4ff412f8946d1354971c950b0bff12179b8f95fe1585da0d46267ecb42109da6'),
('modules/locale/locale.test', '337dc91fee2a2c4f761af943aa6a6155a58c223426264124058cb037e3d4b0d6'),
('modules/menu/menu.test', 'b8ee602184584fab464900a946090dc1f3d81c15b8176004ee62022814632430'),
('modules/node/node.module', '179ea020a2832645a41f9241a7b7abf1626c954e9c2bbd36d781e27b48471557'),
('modules/node/node.test', 'a9e2c0e334ac50916e8b7b99c25e3470fe0900f82716770655ad00e8d9c1967b'),
('modules/path/path.test', 'c05b26db575e93a73f2e4c8eaa6091b4fe8fc805f59620c2f7e1276cc206ba9d'),
('modules/php/php.test', '870df8146f7a7c8fec0b051c4c8adfe1573da51c5faa4dc4a2e8439df2a84ccf'),
('modules/rdf/rdf.test', '358e2ae2069a15c6ba828f3428ab979632ece7aa0ba33a6a5bdbc1d065961373'),
('modules/search/search.extender.inc', 'fea036745113dca3fea52ba956af605c4789f4acfa2ab1650a5843c6e173d7fe'),
('modules/search/search.test', '1fe9dfc982953f42f67d7eee9a855e7248373067ba55cfff001d8a750b83e695'),
('modules/shortcut/shortcut.test', 'b506a253353066e1f995e7f0e3541dadb8ef3c3ff9cf795db96e26599a0b6b7a'),
('modules/statistics/statistics.test', 'ec5789573a9a41885718d110221725bfa186852120a8db44092301c2a690610e'),
('modules/system/system.archiver.inc', 'faa849f3e646a910ab82fd6c8bbf0a4e6b8c60725d7ba81ec0556bd716616cd1'),
('modules/system/system.mail.inc', '3c2c06b55bded609e72add89db41af3bb405d42b9553793acba5fe51be8861d8'),
('modules/system/system.queue.inc', 'caf4feda51bdf7ad62cf782bc23274d367154e51897f2732f07bd06982d85ab1'),
('modules/system/system.tar.inc', '8a31d91f7b3cd7eac25b3fa46e1ed9a8527c39718ba76c3f8c0bbbeaa3aa4086'),
('modules/system/system.test', 'ca539539bea3d2c070552f79dbae279e2872ba9d48af386c89ab6c1fc95488da'),
('modules/system/system.updater.inc', 'e2eeed65b833a6215f807b113f6fb4cc3cc487e93efcb1402ed87c536d2c9ea6'),
('modules/taxonomy/taxonomy.module', '68f8fb4ec2f8e212b2c639dc07175a43682a34e19413dffcf940d43b2eba9413'),
('modules/taxonomy/taxonomy.test', '382c35ed6dfaf5b046a481dae4f16da4ed89bdc12c17d91efa50a9deaa1775ec'),
('modules/update/update.test', '6775fc28b2a9f9f9b6536c5abecf3f4007fbe4c8ea29a08705be9d0579844137'),
('modules/user/user.module', 'e85b89e1dd716dbd77c2f7152a0d9e3fe622ae73ac9ced242beba15999e2d280'),
('modules/user/user.test', '9ea5caaa81214da80156b5282baf88f35cd810f86d7ec12a81495b28aecc8715'),
('sites/all/modules/auto_nodetitle/auto_nodetitle.install', 'b05eedef412d8f1c7aa47e67c54e41d2ae6f467a86481609962bb87b980d0a67'),
('sites/all/modules/auto_nodetitle/auto_nodetitle.js', 'f693b458d8e6f58981fd7c63d58f89045a8b6fb7e6f270facda53b104d62b3bd'),
('sites/all/modules/auto_nodetitle/auto_nodetitle.module', '849e99002557516657e61569c41e3f9c46095dacdd4ee854acc3cde206b17ea6'),
('sites/all/modules/contact_importer/contact_importer.admin.inc', 'e3767c2933c72dda6b8445b1f9474ac35936c5d26b31da7e9e2902de3ddf4954'),
('sites/all/modules/contact_importer/contact_importer.install', 'f0506ced38667075247bf20bb0925740e356b88d794a1d88d1e4bdab25cc6fd2'),
('sites/all/modules/contact_importer/contact_importer.module', 'adc1f22a160bb5c077daff45589e95770776cb9242d4c1cfcc100cd481288ed8'),
('sites/all/modules/contact_importer/contact_importer_forms.install', '8c00d1440bbd76ce3d25952cc8a0d736ca33f4dd24d4c1bdefed38cbceaf1172'),
('sites/all/modules/contact_importer/contact_importer_forms.module', '5a249b46f344ac6b5602a09138eec9c3ab1aa9e8bc6242fe5f5896986541703f'),
('sites/all/modules/contact_importer/openinviter_engine/openinviter_engine.install', '7a84da8cf970f39cadfca9533ba64239403c753c36d2a8e0cdf663f572a5a645'),
('sites/all/modules/contact_importer/openinviter_engine/openinviter_engine.module', '2538d0de88f5e11c5c1bd1be6430ad93b9c784810cc2390d868ecb2a90534204'),
('sites/all/modules/ctools/includes/context.inc', '0c155dc983c1b739ac9c4562684bd6d7d69e4035a7c49b3be32eb813c8f7acc7'),
('sites/all/modules/ctools/includes/math-expr.inc', '3386323b01da62e02c9f3607cd7f0a0d46f1af90a107a07aed726b1fa8c28235'),
('sites/all/modules/ctools/includes/stylizer.inc', 'd04102c9076971a712e422ccf4011b7d428f14385501044361fe5b4b6f9f1c6d'),
('sites/all/modules/ctools/plugins/export_ui/ctools_export_ui.class.php', 'e4a74565ebb5c9cd9c98246790ea36c7b9cd3febd347a5b764736d8460c32d89'),
('sites/all/modules/gravatar/gravatar.admin.inc', '694bc6da7fecac6d418d04f17ebbfacef2b4df0bdc6e505384404a7fdb93e774'),
('sites/all/modules/gravatar/gravatar.install', '26efb9b3943f115e7cda4480fa1ce8032933988389d22b9886612bd93b16a6eb'),
('sites/all/modules/gravatar/gravatar.module', '921fcfece150b78880441ec592ffc9c838870f6e7ff63d7537e57b4ef1b225de'),
('sites/all/modules/invite/invite.admin.inc', '7733d8915eecb97e8b4c682ec6db8663112e07a772859f72fb6987b6013b4187'),
('sites/all/modules/invite/invite.install', '2c93e6895a96a660e3fd2ec08385ac0467b8779daf02be5f53a2f4084d48f615'),
('sites/all/modules/invite/invite.module', '2b3c565a2c3b1b14b202a6ae2431541fa255163bd2f52faf07b0ebbbdbe87f66'),
('sites/all/modules/invite/invite.pages.inc', 'd9809afa3659882610d0d953a89de36310ca09f6aa47c1d17249fa9c770e3dd8'),
('sites/all/modules/invite/invite.tokens.inc', '659babfb55f0c9377911021116ebad6ec630f781ed29c739b8ffd51eea862d14'),
('sites/all/modules/rate/rate.admin.inc', 'e2a8a6f3fd77eb1b013a0fa0ed49af534de328b4c6e0dd346cf926fdca2fbd71'),
('sites/all/modules/rate/rate.hooks.inc', 'f6dc2e436c080ab4d5165139e4df3dbdb51d405769a98ece537528d1b5a67e9a'),
('sites/all/modules/rate/rate.install', '017155d2a8f310a645b8a7a948ea89c188f178d3ea8a959900df07c9e1076062'),
('sites/all/modules/rate/rate.module', 'd062977c46583ebbeee537730732a83a2bfbd70a925598cf9d3ef1b6e033ee2f'),
('sites/all/modules/rate/rate.results.inc', '0a72a3e9a166b3b36dc727f76b939130d5ac66d74b6fc9df8013748be8090ae8'),
('sites/all/modules/sharethis/views/sharethis_handler_field_link.inc', 'ffd07d13b16d9f849bd0030cd07ec2b1dd2fbc7bdb0219c979d70d9203c6988b'),
('sites/all/modules/token/token.install', '4dda5878d48025dfc72faeda487f5f28c19318517b37a3da16aacd6e2c08fc2c'),
('sites/all/modules/token/token.module', 'd52e0d5db79a75bd1b9ea3128685576dcfc9ad1e9acb49e4ad97c4fcf515aaad'),
('sites/all/modules/token/token.pages.inc', '2c0cc307da295d931771faecfc634a178ead2800c6a8f20732a1473cee13f6de'),
('sites/all/modules/token/token.test', '08bc815e9ae6009ba4e0f7b0211b917622260a6c09c794f8db397acd5b975149'),
('sites/all/modules/token/token.tokens.inc', '682855670af62eae795b1bbded834432386373fae2f709431adb8dff0ebc785d'),
('sites/all/modules/views/handlers/views_handler_area.inc', '38724826fb6634f4d2c430eb8a4ee5e6b1d41f0591c502e23927a69bbfd5ce43'),
('sites/all/modules/views/handlers/views_handler_area_result.inc', 'ea8067c651c4bcc7c275529153b17d5f98aae2aaa727f0b323e22cccecd56c23'),
('sites/all/modules/views/handlers/views_handler_area_text.inc', 'c7e1bdcd91a1d5db3ff93f854fdf156021976bbd475039ffe16fb9d9443ec455'),
('sites/all/modules/views/handlers/views_handler_area_view.inc', 'edbdd64949db641f010955691e338f88dc6c8d5f05ec15c14cc5f7b4461ec0bc'),
('sites/all/modules/views/handlers/views_handler_argument.inc', 'd8d8a25b7df43c83ac38daef9264a6f85eaa7bd3e9556e79d1e88bdf03ab48be'),
('sites/all/modules/views/handlers/views_handler_argument_date.inc', '5823b8b88795618ecb48dd3e3831afc7f329af3169a535449fa8a9696e8c6431'),
('sites/all/modules/views/handlers/views_handler_argument_formula.inc', '1c6c0302525148d7124ee5c8afde9105f06255ff4d2a645b2dfca59336ea2939'),
('sites/all/modules/views/handlers/views_handler_argument_group_by_numeric.inc', '6c008a379e84c2b68f0e43f4c150150f819a816f1d6ea4a6117dd4738757b15d'),
('sites/all/modules/views/handlers/views_handler_argument_many_to_one.inc', 'abe661b795db33fc60cafc394fc17b88fd4a0d8326a29255acbdb75a3bf3fd43'),
('sites/all/modules/views/handlers/views_handler_argument_null.inc', '73a022e90c7a933b5d857680c54f8ab298ad972073780c279f222b75f4d4cd2c'),
('sites/all/modules/views/handlers/views_handler_argument_numeric.inc', 'a96f4b26dfceb3236a833d2869a518914c6237c9af45b19d0d02b01018b02d36'),
('sites/all/modules/views/handlers/views_handler_argument_string.inc', '052b0adbb7aafd922c3c0ba7cd8f920a3cd3e7733aeb11ccd0e7a39ed5ee6ec0'),
('sites/all/modules/views/handlers/views_handler_field.inc', 'd73a4a5c3df4aedb767590e6f63a999626ee102f4cb3462ba87db723c85d6b46'),
('sites/all/modules/views/handlers/views_handler_field_boolean.inc', '21e7f54c094fb28f8b93236cb40905df3e52920f9f574bec80a3e92e0ee36cd6'),
('sites/all/modules/views/handlers/views_handler_field_contextual_links.inc', '70f1d244b90a904826886b625964a5994a3e15cf7555cd80e925bd80002b507a'),
('sites/all/modules/views/handlers/views_handler_field_counter.inc', '2a846f52aae3c017c6f445040ab680de60953382d575412b213ce5b1eaac6cc2'),
('sites/all/modules/views/handlers/views_handler_field_custom.inc', '264375d30cf7c91ced040fd37d337bd43248cdcf96ca7315548403fa3880b4a8'),
('sites/all/modules/views/handlers/views_handler_field_date.inc', '5ccbdbfd86799558973219c8c4763284934ed2449f3d00f6353a0b69abcac81f'),
('sites/all/modules/views/handlers/views_handler_field_entity.inc', 'cdc3240e54bb149b95dab8fc3903570f7dbd5f367b30cc95fb8611d706e6da5d'),
('sites/all/modules/views/handlers/views_handler_field_machine_name.inc', 'b64013c85b02c107d2c15c26b1c3320fc3ef1f6909730bebe7eb063c8a663cc7'),
('sites/all/modules/views/handlers/views_handler_field_markup.inc', '3088014e96bf72c591550f4a66719372a92e006b2f370c098c8eaada5b83e51e'),
('sites/all/modules/views/handlers/views_handler_field_math.inc', '8a9fad407cbf5b172756ae2e6198cb6b73605fb97919e1cce7e05392bab5a15d'),
('sites/all/modules/views/handlers/views_handler_field_numeric.inc', 'f271285273c27a3064b6af976e7276955caaccadef66c3619dbb03d366b12043'),
('sites/all/modules/views/handlers/views_handler_field_prerender_list.inc', '9c4e02e69d86c761e3daf42e3cad1b98ef6e673ac32d37a06ec3ac6cbd87c8d7'),
('sites/all/modules/views/handlers/views_handler_field_serialized.inc', 'e0df3ba002de38f6c9d84faa88123fd3475a0db65280359c247d6660e9504b94'),
('sites/all/modules/views/handlers/views_handler_field_time_interval.inc', '7ed2d4a5aad1492ceed5a008c23564698bfffef5f7b55371fa413554d457fa17'),
('sites/all/modules/views/handlers/views_handler_field_url.inc', '62cf62165b8b4647981decd5e552eedb021eba3639e298c5f2405eece53780df'),
('sites/all/modules/views/handlers/views_handler_filter.inc', 'aa810aa0bd2efaf2b8eaf6c190041eee19bd4cadd7df268dffa271a79bb64b19'),
('sites/all/modules/views/handlers/views_handler_filter_boolean_operator.inc', 'f8cb5fb8ddc7ce3be39b6f75e9ed8788d6d37a146de7f96d7b04c894b6bd6890'),
('sites/all/modules/views/handlers/views_handler_filter_boolean_operator_string.inc', 'be9e033d829cf682b3f8815676d34522c605b6d4690ada7aa7ac38fe738994d9'),
('sites/all/modules/views/handlers/views_handler_filter_date.inc', 'decd76c0d5b728c23ba5a41a19fb0d691f43f77c89b9ec3f851af27c3fef1cc8'),
('sites/all/modules/views/handlers/views_handler_filter_equality.inc', '0a7c92884ef84877b98410589a3251d8d3f98e934bb352a3c72a311bcae4e4ec'),
('sites/all/modules/views/handlers/views_handler_filter_group_by_numeric.inc', 'f0569c4137f71c0772b6b1a6b8871c5b7459c9fd863ab3346ae183d183deda45'),
('sites/all/modules/views/handlers/views_handler_filter_in_operator.inc', 'c6bb59aa0b24cd2fa48bc7ae320de8725aac223b129032a59eb5afd7ff39ddd7'),
('sites/all/modules/views/handlers/views_handler_filter_many_to_one.inc', 'e9f03d99cb402e73dff587eb1396c8c526819fc17c17b3281ba80d2fa6bb5fad'),
('sites/all/modules/views/handlers/views_handler_filter_numeric.inc', 'f709fe4410e9450fbccb3efdb0e128d0ae3ed60616d31d05f0b923bb983fe51f'),
('sites/all/modules/views/handlers/views_handler_filter_string.inc', '876595d4777cdec699154faf110e45fb54019c7017ee58ba775700cef3047e91'),
('sites/all/modules/views/handlers/views_handler_relationship.inc', '88cff2941680ea83144e3a27aa9e239fa877901abeb490138de36b79fc7899fc'),
('sites/all/modules/views/handlers/views_handler_relationship_groupwise_max.inc', '89a1bed9b7d47d7566b3dee90215bdbf16ebe5a23497c26ba767fd8a5406d41a'),
('sites/all/modules/views/handlers/views_handler_sort.inc', '90203164f507d75a689787cc0af200085d88537c66046197cc5a790c99143e62'),
('sites/all/modules/views/handlers/views_handler_sort_date.inc', '45e7e1a10e8bd3200ad5a8e3acb44c69886988f90f3ac03acf15651505f29ba5'),
('sites/all/modules/views/handlers/views_handler_sort_group_by_numeric.inc', '07edd49f58658f281b42fd4efdaf066037d61b1447c2be97ea948eb40469de86'),
('sites/all/modules/views/handlers/views_handler_sort_menu_hierarchy.inc', '6c99b64431cbf92e51488d977060c6a37825019621ce7251ef0a2ebd4faf7863'),
('sites/all/modules/views/handlers/views_handler_sort_random.inc', 'de222b78b5422dac43677728864f8308a1a9b29f89354467d702db8ff5fdefb6'),
('sites/all/modules/views/includes/base.inc', '85ece4b3f27da18a7ba6a8814683e1a4e044ee1cc9a468f8fceb4297d2e39aba'),
('sites/all/modules/views/includes/handlers.inc', '3d2f9b061da848c8f729808e9202be1c4c69e408b570f0b9d676b67e2246fb13'),
('sites/all/modules/views/includes/plugins.inc', 'fb79c75f6940617f6cc76c85ebd7a7fde75f8eb8de7bdeabafdfd7b6012d8017'),
('sites/all/modules/views/includes/view.inc', '9b618f93d36c9602a086697560d843dcfa3cee65ca829e0f539506a995566636'),
('sites/all/modules/views/modules/aggregator/views_handler_argument_aggregator_category_cid.inc', '1e2c6da1659296994b59af832fb41f2f5670030c6cc2b5cd809eebfd0813771b'),
('sites/all/modules/views/modules/aggregator/views_handler_argument_aggregator_fid.inc', '07b65d57942ae1e88f2f80a399e580f47c8be693abbe212d46081d577ec369b2'),
('sites/all/modules/views/modules/aggregator/views_handler_argument_aggregator_iid.inc', '15662feb4007640011741ab46ffa65c68d67244300e9c0809a989bc4fefa8082'),
('sites/all/modules/views/modules/aggregator/views_handler_field_aggregator_category.inc', '956e8419c3c01ada5f7a7c402a1d28819cfbc3f51287ea1edf4ac8d7557c0ced'),
('sites/all/modules/views/modules/aggregator/views_handler_field_aggregator_title_link.inc', '6fef41eec6979478fe9a29a964ae2683dd8481b0d0c14b1f4a0f6f05d0211627'),
('sites/all/modules/views/modules/aggregator/views_handler_field_aggregator_xss.inc', 'd2c3c6ab6c8f40d5b8a0de60031701329bc776dea9f4c8354fa05819eaeb811c'),
('sites/all/modules/views/modules/aggregator/views_handler_filter_aggregator_category_cid.inc', '3e1a3dfca668c1d59b280f10b97d2ca70e8b554efb954c847fba3bba147da518'),
('sites/all/modules/views/modules/aggregator/views_plugin_row_aggregator_rss.inc', '2b3803d135f43fd0d8ffca491a392ab61c37c3e51913bfa26d93a6db8cf689ca'),
('sites/all/modules/views/modules/comment/views_handler_argument_comment_user_uid.inc', 'c88a7d7e6baf355f08b991fbc65339ac8ac6153d7960198a4da6a77182b22e1f'),
('sites/all/modules/views/modules/comment/views_handler_field_comment.inc', '0f4f0bb95c4ffc4612ce12263ee47bd08427c0d5c6fabd6397e8de54366a8a86'),
('sites/all/modules/views/modules/comment/views_handler_field_comment_depth.inc', '923509b84de82c6946cd2b10e37cfe947bc4ac75b0a378ad8baca1c58bb2a45a'),
('sites/all/modules/views/modules/comment/views_handler_field_comment_link.inc', 'db3d3e6cb886e3fd54469a8b6fef197552c9e6ef2c053c7b3a5413c25b135807'),
('sites/all/modules/views/modules/comment/views_handler_field_comment_link_approve.inc', '388736cc5e76f94c9d2199f58363579bda625551b7cc1a41ca3bf53e7aec8644'),
('sites/all/modules/views/modules/comment/views_handler_field_comment_link_delete.inc', '7fcec33f27c380c8732e07d9e10ace50e315451fd8d277cee13b47ba512eac75'),
('sites/all/modules/views/modules/comment/views_handler_field_comment_link_edit.inc', '78f42deba35fd6ba2998780b48472d01e42c406c2aaf72e5f9f842034d49dcb4'),
('sites/all/modules/views/modules/comment/views_handler_field_comment_link_reply.inc', 'f35a25e525abb0806e35760c5ac624db36e51368639da5b0472269fe23bda4a1'),
('sites/all/modules/views/modules/comment/views_handler_field_comment_node_link.inc', '144a598cce30cf9c8dfef118c83a18a9109a4a859121d09d011a4486cb844c80'),
('sites/all/modules/views/modules/comment/views_handler_field_comment_username.inc', 'dbc47798f26f2228600938a854c219347928a183bece331eeddf1514c618967e'),
('sites/all/modules/views/modules/comment/views_handler_field_last_comment_timestamp.inc', '3b05bfd2fed0442d9cdc64605611ed5eeee996558723724de5f9274814370c8a'),
('sites/all/modules/views/modules/comment/views_handler_field_ncs_last_comment_name.inc', '678812ab9ffc81db2b7b872212743956eb6f1f1435e81f829862c56f7b379e8b'),
('sites/all/modules/views/modules/comment/views_handler_field_ncs_last_updated.inc', '4bca3e5b8bf968d282dfe80d47c137f8ba201e7e5badfd0506f43fa3d607443f'),
('sites/all/modules/views/modules/comment/views_handler_field_node_comment.inc', 'afedd3e03f195efdb5bd289c805a78dd9efffc118a4708d02aa70afbf234dd31'),
('sites/all/modules/views/modules/comment/views_handler_field_node_new_comments.inc', '46453ca74895c7a8a4275126e05e3b292bfb202faa1a48573624e8e51250317a'),
('sites/all/modules/views/modules/comment/views_handler_filter_comment_user_uid.inc', 'dc6b29748e836ece3f019dbd5ce5dd044b6eae4076ced7d80456565f2f5e8bd8'),
('sites/all/modules/views/modules/comment/views_handler_filter_ncs_last_updated.inc', '5a32c92f5c3b531b0c0ab79c99b8a7ea40326f346a10369dabe1f34068ad60d0'),
('sites/all/modules/views/modules/comment/views_handler_filter_node_comment.inc', '9ca56f66a8539043a83aa036f3b906ce2bc48357e6efd1c47ada987948c918f6'),
('sites/all/modules/views/modules/comment/views_handler_sort_comment_thread.inc', '6bc31427734ecc09428862ff5dc0a45db8618ab9df0adfd030ab5fcca4b5dfb7'),
('sites/all/modules/views/modules/comment/views_handler_sort_ncs_last_comment_name.inc', '5d5e7ec9a91963a0c4d63827e938baec19980673512268eea359b26fe9f27452'),
('sites/all/modules/views/modules/comment/views_handler_sort_ncs_last_updated.inc', '6a9b1cdf749c56eb7a679d4543dfa05b0f95f4233cb369541041e6f7f866b86e'),
('sites/all/modules/views/modules/comment/views_plugin_row_comment_rss.inc', 'e8e8068587b2f9b341b2755c3e611197ebfe0267392218bbde52d57a560d6aed'),
('sites/all/modules/views/modules/comment/views_plugin_row_comment_view.inc', '74bbb78c11e57a5025e4e319d379a583b53ba9c60848c44263cc76fa24355263'),
('sites/all/modules/views/modules/contact/views_handler_field_contact_link.inc', '14eb20cae2c8954d9698f925f6b3726276f31f0f889d96e6fdcd98f4adcf1879'),
('sites/all/modules/views/modules/field/views_handler_argument_field_list.inc', '21a945ddabf0d8327b7ac58cc6f24ab8ec01a8e3ac8fd14f529c1ccd30101695'),
('sites/all/modules/views/modules/field/views_handler_field_field.inc', '0ddbd2e976e13ef5ab56616380f3c621a4f93e6f43c7cbe59d5521286c367694'),
('sites/all/modules/views/modules/field/views_handler_filter_field_list.inc', 'd16dcda175489fce0dee494800c1cd7a2da138ffe01dc23fec5aae8f8e312020'),
('sites/all/modules/views/modules/field/views_handler_relationship_entity_reverse.inc', '7ca0265a0c6aa5a8869acd3dd3d1a429e5c00a1f431c80866cbad9424f8c87d1'),
('sites/all/modules/views/modules/filter/views_handler_field_filter_format_name.inc', 'a8dcb05b4a4c160e236596aa620d0bb9c00f6759dc68b1fd218a000f575e1e7b'),
('sites/all/modules/views/modules/locale/views_handler_argument_locale_group.inc', 'f3728c0a23a97442577203411f1c8d07c0671711de268fc75a96fb8967553076'),
('sites/all/modules/views/modules/locale/views_handler_argument_locale_language.inc', 'ec542c661cd144f93267359be52e75d5e924b5e60dc6bed5ff06394471351251'),
('sites/all/modules/views/modules/locale/views_handler_field_locale_group.inc', '760fa4700e9dab23769cabb756d48ddb031dff12c4d6dea8be4f0bab053bd3e4'),
('sites/all/modules/views/modules/locale/views_handler_field_locale_language.inc', 'ae0981be36bf46db4b975e137f09c7c573e860ebf4f36369c25a72803c17a837'),
('sites/all/modules/views/modules/locale/views_handler_field_locale_link_edit.inc', '0077bd6d5322b3de3b7270d9d3e230f9caa2cf1938fe665fff6e9c8cbbdadb77'),
('sites/all/modules/views/modules/locale/views_handler_filter_locale_group.inc', '7182f4d0fcbfa2ac1f0adcfc16cf2cfbf645789b4a1611e9854520281953266c'),
('sites/all/modules/views/modules/locale/views_handler_filter_locale_language.inc', '46598e399775dceb845baa8763c3ad4ce86009684addcb85f728888b26de394d'),
('sites/all/modules/views/modules/locale/views_handler_filter_locale_version.inc', 'c486456fbab4a7f369734b7c4f78c66ebc8fc7efd116761bd06d93a3c5bec2ec'),
('sites/all/modules/views/modules/node/views_handler_argument_dates_various.inc', '7a5765b8014079f7d94e653697129f61bdf4cf1181a0ee7401b6e29e8f3daa91'),
('sites/all/modules/views/modules/node/views_handler_argument_node_language.inc', 'd8e60b1e20b1d2245267aee9a4510e2d77af59a4ed126f2ca2eb167809a75258'),
('sites/all/modules/views/modules/node/views_handler_argument_node_nid.inc', '6cc1552d75e7294acfd5fdbf28b2f390b9df7fdb1658b8667d17a11cd59ab9ea'),
('sites/all/modules/views/modules/node/views_handler_argument_node_type.inc', '2eb283cad11d49bef3a05cedf7606dc46aca5831a663235b26d1c6b77f059689'),
('sites/all/modules/views/modules/node/views_handler_argument_node_uid_revision.inc', 'a3cdd9b72d353aa7dcc9433700f18933cb46c684a379d90ef7fa719a1f0414d4'),
('sites/all/modules/views/modules/node/views_handler_argument_node_vid.inc', '786c911f85782bb86a84060b4e14963bd1ac06095c36e3a5cdd48065fac27acb'),
('sites/all/modules/views/modules/node/views_handler_field_history_user_timestamp.inc', 'a1306d8d088076499629c7b99fb86f00d26c6eacefff7fcc46cecd08dd54acdb'),
('sites/all/modules/views/modules/node/views_handler_field_node.inc', '6255479f680c89affa7210161be4416f312c2eb6a8f63af7c57678cff0250dbd'),
('sites/all/modules/views/modules/node/views_handler_field_node_link.inc', '6408c83bb785a45ca14d6f28301edf0f78657533dd12ae3697a5a5ab59a97d5d'),
('sites/all/modules/views/modules/node/views_handler_field_node_link_delete.inc', '48a9c7a9a6a895e600957156dad28b72baa52da9c0d1af3284e6e436781e9f98'),
('sites/all/modules/views/modules/node/views_handler_field_node_link_edit.inc', '747ac11e5a3c1bb61559e147ff1eea0205dab136b982ab7196869a1ed16468ba'),
('sites/all/modules/views/modules/node/views_handler_field_node_path.inc', 'b9b7440bc1ed05e3cc83e122f5eb00b34de738d29e7b10868232d185150aafff'),
('sites/all/modules/views/modules/node/views_handler_field_node_revision.inc', 'db42464cadaae4eb8deb4bebbd500b2d377dfb2cf5d9399fe87c9e01f0dfa247'),
('sites/all/modules/views/modules/node/views_handler_field_node_revision_link_delete.inc', '84e03d57fb01c8e839ae6e89edcdd1c2491888c7d062ac93036d132570f694bb'),
('sites/all/modules/views/modules/node/views_handler_field_node_revision_link_revert.inc', '1145d1b8e014950fc6af969072268a57c956e6626a948f01c8d3319e9ef8081c'),
('sites/all/modules/views/modules/node/views_handler_field_node_type.inc', '2e4a86f8f3110776191d18580e5a6293ebc2b6f0610362417aeff85a3ba0a4d1'),
('sites/all/modules/views/modules/node/views_handler_filter_history_user_timestamp.inc', '4ff02b60652e7dc627e5baa91fa61c032f2857af4c58b58fccd4865d1d6cf48f'),
('sites/all/modules/views/modules/node/views_handler_filter_node_access.inc', 'c751edd9527477ee0f95389c545220371f7761e10aa25c70d6eecfa908fbd157'),
('sites/all/modules/views/modules/node/views_handler_filter_node_status.inc', 'f2478237dc9ca71035435f11592e0d075cc4ef96b9c42cb0eda5cffc2f494319'),
('sites/all/modules/views/modules/node/views_handler_filter_node_type.inc', 'd36304617b444d1d12ae8ebca4700840944bd8e66598537ca27a962070789fb6'),
('sites/all/modules/views/modules/node/views_handler_filter_node_uid_revision.inc', 'fdd24e4c103d9ef8f9df5ddadd08b15c8095371720f25729b5f416abd41eeb4b'),
('sites/all/modules/views/modules/node/views_plugin_argument_default_node.inc', '653376a572ae15a748b9cb3e0e06590de53bd2a3afc50d77da89350ec337cfaf'),
('sites/all/modules/views/modules/node/views_plugin_argument_validate_node.inc', 'd069d549f59a60c54d923d70c4580794180a8454d5531bde70a5baaa6f0ea748'),
('sites/all/modules/views/modules/node/views_plugin_row_node_rss.inc', '5be3f41fac85a68c4d4cebca1094bff1d1d9e4b7a6e85444e33fcdd3335b36b9'),
('sites/all/modules/views/modules/node/views_plugin_row_node_view.inc', '5b0bbc28f19ad80a2d0e3b1dfca77da51d0bdf9c50415cb681a55ca28d660ad7'),
('sites/all/modules/views/modules/profile/views_handler_field_profile_date.inc', '8e491636473dba467ec5d8bfd57c3b42ff3338169dbf64054a0732195d634fb0'),
('sites/all/modules/views/modules/profile/views_handler_field_profile_list.inc', 'c9a2d1f8b29423da6099c2040704ce35f893ab743fa5fed7467008474c342fa2'),
('sites/all/modules/views/modules/profile/views_handler_filter_profile_selection.inc', '74c85ece8f3dae715da2498cbfd6aad68da54b990dbe709ca9739ad1c0db1888'),
('sites/all/modules/views/modules/search/views_handler_argument_search.inc', 'b04a505f4091a094ae87d5dd517827e1029c6feb6dda3ca44e28696610deb311'),
('sites/all/modules/views/modules/search/views_handler_field_search_score.inc', '9e3c790efb6e371a957be5f6fbd12007de172d5238c4dee632f7fedcecceaa02'),
('sites/all/modules/views/modules/search/views_handler_filter_search.inc', '2594387903c9f2c7dca48cee33ec28c7f4e3c797209aadc4367df048025166d4'),
('sites/all/modules/views/modules/search/views_handler_sort_search_score.inc', '1464cc315fea14158e71ee03a58a16f75034b7aba698ee25accef06e66afe15a'),
('sites/all/modules/views/modules/search/views_plugin_row_search_view.inc', '8b389f6e66dcf18e1a0c6455ba2375450c45cb7a58c4bf7004823fb670906e43'),
('sites/all/modules/views/modules/statistics/views_handler_field_accesslog_path.inc', 'a6bf9be0857a44843a69533b306165793e61af07d00a1f02283271c69c128afa'),
('sites/all/modules/views/modules/system/views_handler_argument_file_fid.inc', '0ddd0bcc73f1410601977eaf5953f306f13ee704ef70a6c70b99d838283685f3'),
('sites/all/modules/views/modules/system/views_handler_field_file.inc', '9004e4e2441e828ead43612b9e6b774ffcb57daa46916d4b10cdd13a952c435b'),
('sites/all/modules/views/modules/system/views_handler_field_file_extension.inc', 'a8ec5dd4ccc5288383af32375b4d24e94ea4df6ee3fd1ff42214ea3490894306'),
('sites/all/modules/views/modules/system/views_handler_field_file_filemime.inc', '6bf472e71b3a73d146f2e391029930c4f12aa16a6ca92be813f309fcc895bdc7'),
('sites/all/modules/views/modules/system/views_handler_field_file_status.inc', 'a61bd1a03540f0955c30b2f1e59c953b136aa253060c8d654b8722b51421967d'),
('sites/all/modules/views/modules/system/views_handler_field_file_uri.inc', '6b8102905053558df0d322c6e60c7c3d9015cc2868eee19fe84a360c13aee2cb'),
('sites/all/modules/views/modules/system/views_handler_filter_file_status.inc', '7f025243d3e865dadebc97d106ddde1e9fcde2beaa2b280bc4b59d911d669f9a'),
('sites/all/modules/views/modules/system/views_handler_filter_system_type.inc', '6eb07619b086adb64568b476a88e7b4ccea01c00dc02e442c658a65a149470cf'),
('sites/all/modules/views/modules/taxonomy/views_handler_argument_taxonomy.inc', '982245ed833ef0c74eb740c9ec1f02a81f50501d77ddf1ff2b3f0b284b355dab'),
('sites/all/modules/views/modules/taxonomy/views_handler_argument_term_node_tid.inc', '0554538be9c048b03b305d3954a25a5cf06fef580847cd4494dbe219b8a6f071'),
('sites/all/modules/views/modules/taxonomy/views_handler_argument_term_node_tid_depth.inc', '83a36b755487997701def69c3b52b8dba0b34a282faed3b41806cc078d311f66'),
('sites/all/modules/views/modules/taxonomy/views_handler_argument_term_node_tid_depth_modifier.inc', '237efb86ad9d280a45f6954867cc1acf5792f6022572df3b95df41a6171f5d0f'),
('sites/all/modules/views/modules/taxonomy/views_handler_argument_vocabulary_machine_name.inc', '1feb84984ead065fd27e3ff545664d9991103196e43ddc7c2dbcbe79add4267f'),
('sites/all/modules/views/modules/taxonomy/views_handler_argument_vocabulary_vid.inc', '26c035fecea66e6a52f17032e3208e4756f3727ed46c4203db8645eb7146efa4'),
('sites/all/modules/views/modules/taxonomy/views_handler_field_taxonomy.inc', '72b2837b56bdf85ebb1ba1890f14762fafb5441502bec65074cbe63c5ae64265'),
('sites/all/modules/views/modules/taxonomy/views_handler_field_term_link_edit.inc', '1fa914a8b3c632f715a5be91706c3dbcc0bb41745aa93a0ab32e901a85b186c8'),
('sites/all/modules/views/modules/taxonomy/views_handler_field_term_node_tid.inc', 'eb1f471696dc96a14b8c0ac05e4fc9e6cdb9d2afc62d39db7f653b0156e32754'),
('sites/all/modules/views/modules/taxonomy/views_handler_filter_term_node_tid.inc', '3f4a651b2ae6170e7695208163f2446aae2e55dd7dd63f45973f4cec0e9fc04a'),
('sites/all/modules/views/modules/taxonomy/views_handler_filter_term_node_tid_depth.inc', '327359e06a4da4710c07ff00e3968ccd2ca54056992c63c12bb4184b3b552c6a'),
('sites/all/modules/views/modules/taxonomy/views_handler_filter_vocabulary_machine_name.inc', 'a413ad0653d65c3201136ec04d63404590a298fea527c4145053da5b901b5475'),
('sites/all/modules/views/modules/taxonomy/views_handler_filter_vocabulary_vid.inc', 'b359396f18c6ab89b32670b364561675ad6f0611a10af4a660ff7eb0d01b9f56'),
('sites/all/modules/views/modules/taxonomy/views_handler_relationship_node_term_data.inc', '37f14c45d53facc984c62bb3690997701e8235f2ab30ded8ba8b47d73bb7ba80'),
('sites/all/modules/views/modules/taxonomy/views_plugin_argument_default_taxonomy_tid.inc', '93b0c8e652d02a8a8b3dc0d5a7528e2c720a6bc9f1cc39b641f619afad12e2c0'),
('sites/all/modules/views/modules/taxonomy/views_plugin_argument_validate_taxonomy_term.inc', '3ae2e2c44e6b7c20ed8f78977f35aed1d1e02716d358aded9b89352046c26adc'),
('sites/all/modules/views/modules/translation/views_handler_argument_node_tnid.inc', 'cbc266e896ab4e65a2ee79d84053fe2f5e8959f4931c2b36bc87b9a19d9abca9'),
('sites/all/modules/views/modules/translation/views_handler_field_node_language.inc', 'a782af2839da625159b37f64472036b1145bfd13000624326d24f0bde8548b25'),
('sites/all/modules/views/modules/translation/views_handler_field_node_link_translate.inc', '01a32c694991618743c1ab4e5ce97acebecee7db3c7aa689c0cfb5d8ff1e621c'),
('sites/all/modules/views/modules/translation/views_handler_field_node_translation_link.inc', 'c3b1b7b9494bb355461c837866563732ce205c1ae8507ac221feb69332320ec4'),
('sites/all/modules/views/modules/translation/views_handler_filter_node_language.inc', '7b8e54048ee13edef311aad84cd88becc761a60829f93d236d4585ec4f8e63e4'),
('sites/all/modules/views/modules/translation/views_handler_filter_node_tnid.inc', 'b016ab25b1bfdf843815317b3a371fef0f7366606fe3823f581d4c4ca4730018'),
('sites/all/modules/views/modules/translation/views_handler_filter_node_tnid_child.inc', '28c5d7e2e484d678046fb6cdb6ccddcfe92bae4695f54088af08afe232a877dd'),
('sites/all/modules/views/modules/translation/views_handler_relationship_translation.inc', '6c3f069393fd4b84440f55c27fa83575187aa1025705a6eb580100065cfddce8'),
('sites/all/modules/views/modules/user/views_handler_argument_users_roles_rid.inc', '353e61cd0770705da9dc5e3c2c78cc07b1b2a6e353b62343765bf17823416433'),
('sites/all/modules/views/modules/user/views_handler_argument_user_uid.inc', '40bbcd91951233383789c3e78123214796e346a096db73f4293ed54640b9eeb8'),
('sites/all/modules/views/modules/user/views_handler_field_user.inc', '2440bc297a011323da6755cf722bb7b0c52c4d233f4a161f6b44824721c86384'),
('sites/all/modules/views/modules/user/views_handler_field_user_language.inc', 'b94a5cb52f3ac61c0ba9c3235d29308814ec3e6540372de9975eb87108135573'),
('sites/all/modules/views/modules/user/views_handler_field_user_link.inc', '132a1e5ff54b93bd292a78ac36c04e909950d303ee3201a98320f91e7de508db'),
('sites/all/modules/views/modules/user/views_handler_field_user_link_cancel.inc', 'ea5ba61ac096a13c454e5fe189b92cf97a38fd258722a53d6823b4c163876b9d'),
('sites/all/modules/views/modules/user/views_handler_field_user_link_edit.inc', '34f87f9f9e5cd8252eafa05c0d40365597b5baa03566235cc45b8a32f3fd978c'),
('sites/all/modules/views/modules/user/views_handler_field_user_mail.inc', '456866c64c3502df30ddd20edb15d1f55acf7494187a8c4eb27b91c8beed321c'),
('sites/all/modules/views/modules/user/views_handler_field_user_name.inc', 'e97cfaee3c6b196d6f5572ecf10f95fe53c79c6366c345a17f9c4bd881dff60e'),
('sites/all/modules/views/modules/user/views_handler_field_user_permissions.inc', '6104522cbf31c17a6ae5e9bdde46a6079f3ce1e377aadf1484d298479078bdb0'),
('sites/all/modules/views/modules/user/views_handler_field_user_picture.inc', '7ab2ee03074dd8cd4adebd527a76f68869b50a1b445e80a16d6b40e85922ec70'),
('sites/all/modules/views/modules/user/views_handler_field_user_roles.inc', '7d905ee7c28dae9f48543943575d56d994b578a0bba6bd32e302cf554586022c'),
('sites/all/modules/views/modules/user/views_handler_filter_user_current.inc', 'd9e4b21e438e3eb3fc57179fe07fb114316df05c83c53d12409e20f3071e8fb7'),
('sites/all/modules/views/modules/user/views_handler_filter_user_name.inc', 'da29a3355844a57f5f44a28f0c195d8eaa0ed7044b496eb3d0388dfcc6df6aa0'),
('sites/all/modules/views/modules/user/views_handler_filter_user_permissions.inc', '50f4974d13b234c18b61b9d8b90b76e8063af652f661a73ad75f3f5dfec45bfe'),
('sites/all/modules/views/modules/user/views_handler_filter_user_roles.inc', 'd5169b1bf4466386a955226552bedbb73e637e9e27555a21f7c47f88393a1acf'),
('sites/all/modules/views/modules/user/views_plugin_argument_default_current_user.inc', '79200cf6647c1064bd7474bfe948d777a929f3d2c3709353f6c789468234e364'),
('sites/all/modules/views/modules/user/views_plugin_argument_default_user.inc', 'fd13f620bcbcd99371747d23c38522f814a64a93849d501990bf5d8e3fa6adfc'),
('sites/all/modules/views/modules/user/views_plugin_argument_validate_user.inc', '228b698b681bde74e565dd2c66bf4a2feafe3dde5b4b228d6e327d6eb3b57591'),
('sites/all/modules/views/modules/user/views_plugin_row_user_view.inc', '52548cca3f18d25b06cfce15ee00acea530b85bd22a10944d984b5a798c5969f'),
('sites/all/modules/views/plugins/export_ui/views_ui.class.php', '6e90fbc82e631c61dbf2c3ac807ae0f2df4c12ab636b8a30d320b44c75bd0b7e'),
('sites/all/modules/views/plugins/views_plugin_access.inc', 'eb853525c8483b57ce5ed868660359f2ddfcbbf734f20e930620825bda8a16b2'),
('sites/all/modules/views/plugins/views_plugin_access_none.inc', '76fcb2ee85d8e14ef889082b099a75dd84bb63559162e646353772c7bd954a38'),
('sites/all/modules/views/plugins/views_plugin_access_perm.inc', 'a645f8ebead301ffa59d0ccae01680eadebbed6b712ec1676bee5909dc64a265'),
('sites/all/modules/views/plugins/views_plugin_access_role.inc', '23306bd8161a3bb45d86f81db058e729d614f6387ad1eb5e84bf6ec161092ff6'),
('sites/all/modules/views/plugins/views_plugin_argument_default.inc', '6895e571d11d022db523cc5348524df66a7b0866bd8ccb1175dc72e0f75da979'),
('sites/all/modules/views/plugins/views_plugin_argument_default_fixed.inc', '1351b921dbfb880cac961c32322c6662a6a8b3bf27f235d8235696b849ef730e'),
('sites/all/modules/views/plugins/views_plugin_argument_default_php.inc', '9a2b0af3f59d720afb51138f3473ae6880cc51b65101fd1e2be5181ea70d9221'),
('sites/all/modules/views/plugins/views_plugin_argument_default_raw.inc', '5e4aa88cc6849af5d86074bb7db0892d0cc5211a5fdadb4143d6f60df8088e26'),
('sites/all/modules/views/plugins/views_plugin_argument_validate.inc', '954b0f0e516f7890ebc3b1b08d2d776a7e1a95b3dee3db5241cfbfeb574c69f0'),
('sites/all/modules/views/plugins/views_plugin_argument_validate_numeric.inc', '7f95c57de9d1df74ff65ba01ef6c481797d3271382dc6aeadcfb50ebe545345e'),
('sites/all/modules/views/plugins/views_plugin_argument_validate_php.inc', '7151ff7597cdce3aedbf4863d23d698bc0195bcb796c731268fbbd14f92f9b70'),
('sites/all/modules/views/plugins/views_plugin_cache.inc', '2b1b7dd4507dde4fb6601a25cff9ef42400d7bdf95c0f4e0a98887bb2f04bce6'),
('sites/all/modules/views/plugins/views_plugin_cache_none.inc', '0a175ca3f6597a075d5e7a13a2a6d1a7bf87726995687d19d03126f135b77364'),
('sites/all/modules/views/plugins/views_plugin_cache_time.inc', 'ebeb4e288ccb5a0f1d7e7bb75c5d8a96899634a617326b6c8d01cc2f843da7df'),
('sites/all/modules/views/plugins/views_plugin_display.inc', 'dcc06aab07e2290b4bb6f51d91cc33a08c98fc18647aed4cb5b58c84f091c6f2'),
('sites/all/modules/views/plugins/views_plugin_display_attachment.inc', 'da6d1d8c40b14b898896c5d917f009d6666736ea438e1b6137138f0d5ca96068'),
('sites/all/modules/views/plugins/views_plugin_display_block.inc', 'e95f3cdf809e071fa24c914573252fc9ae77b665b791ee07e584a80feece935c'),
('sites/all/modules/views/plugins/views_plugin_display_default.inc', '8542aaa29d8be6dd424d7579d6931f2aeb71a21286036bcca7e7966e2e5f7cff'),
('sites/all/modules/views/plugins/views_plugin_display_extender.inc', 'c07fd5685f633e4bd5a7a46a9d102bba97fc012074f46b0c8f083dbcc98e0b96'),
('sites/all/modules/views/plugins/views_plugin_display_feed.inc', '4c6539e96cd21b076b34ec18675ffeafe26a178c21184f31a59ce292736171c6'),
('sites/all/modules/views/plugins/views_plugin_display_page.inc', '67dee83b8845b651dac69650ebfc60340aa19971fb4a7c82aaf56afe82e676ee'),
('sites/all/modules/views/plugins/views_plugin_exposed_form.inc', 'd56e5ec778224101b3ca8456f72e144d6feadbe5dcfede224271532e81130d18'),
('sites/all/modules/views/plugins/views_plugin_exposed_form_basic.inc', '0cd6f0c4703fcf075b98e50a5b17f6bd2ad9b83d703416a767c3b47477f77501'),
('sites/all/modules/views/plugins/views_plugin_exposed_form_input_required.inc', 'a679accb9162d548704f68d253249dbfbdbedabcb8bbbacf731fe92aad814db1'),
('sites/all/modules/views/plugins/views_plugin_localization.inc', 'd5ab0ef8b15d49c939f6491258430b5e9257ec37419ddcfe3b99fea6f667f21a'),
('sites/all/modules/views/plugins/views_plugin_localization_core.inc', 'f0900c0640e7c779e9b876223ea395f613c8fe8449f6c8eb5d060e2d54a6afcc'),
('sites/all/modules/views/plugins/views_plugin_localization_none.inc', '4930c3a13ddc0df3065f4920a836ffdc933b037e1337764e6687d7311f49dd8a'),
('sites/all/modules/views/plugins/views_plugin_pager.inc', '0eedcbdd9cafc8188adc41165cad5f3d1ddbf9315db8a91e920f6bf8003be973'),
('sites/all/modules/views/plugins/views_plugin_pager_full.inc', 'af6e6c82bae0ec33c53863b34ce002d139d2a918e1684a4408bf8f1148e0d3a5'),
('sites/all/modules/views/plugins/views_plugin_pager_mini.inc', '627733f65b1d08d20ae03a531c99daacda97df37af9792cf6f3357d9379546ec'),
('sites/all/modules/views/plugins/views_plugin_pager_none.inc', '30d08bb09cf63ca24e1cab5576e0262702672c193e429252918bb31e39de11b7'),
('sites/all/modules/views/plugins/views_plugin_pager_some.inc', 'ca7f99097c907fbd7c110cdee084993accde000f12d59e661b7a9753a808fd00'),
('sites/all/modules/views/plugins/views_plugin_query.inc', '8efc4d7b27771a4e60177a53ff0381dc762b4d47d8cc58bbe3da98714597d694'),
('sites/all/modules/views/plugins/views_plugin_query_default.inc', 'bfca2ab0195f1fb250464c3b31ff5b49b6964931633eeb224482454297fdeba9'),
('sites/all/modules/views/plugins/views_plugin_row.inc', '50b10dd4150cfc75a04e431048a65ed05e59250cd587c1e482beaada98ee20cc'),
('sites/all/modules/views/plugins/views_plugin_row_fields.inc', '8977e0973e786dd09c2200c6b294f9306ce480482a546866ebba6c17f823f486'),
('sites/all/modules/views/plugins/views_plugin_style.inc', 'a30ab426f90638388be422e40071b81bdfa7f9e946cfa3f28f856d75d38570ef'),
('sites/all/modules/views/plugins/views_plugin_style_default.inc', '37d4711f237efb201e96e74fe1f1f9d3a32a8adb65fa789bb09b81b8f439b039'),
('sites/all/modules/views/plugins/views_plugin_style_grid.inc', 'ab5e59a3287c4eff4ffaaedf91bcbd7b1ac091ee1204b5767b8184aff2743788'),
('sites/all/modules/views/plugins/views_plugin_style_jump_menu.inc', 'ee718836eab271af2b2f42dc75f5bc1fad698632f2a26ff4f2ecc0cd77368b90'),
('sites/all/modules/views/plugins/views_plugin_style_list.inc', '2d4831c6c55ee9bc415922d6ecb32deff93ff63e5962b6b67e3497fa6965ccc1'),
('sites/all/modules/views/plugins/views_plugin_style_rss.inc', 'fa1b3b9619c1e2eeb3e0253575a95102ec6595a2ae3d6f5237f2d8e6853a9186'),
('sites/all/modules/views/plugins/views_plugin_style_summary.inc', '17d143c20fd9f9efea0fe4d70c0e04ee1b4acd18b4fcabae00470d1d70aac0c4'),
('sites/all/modules/views/plugins/views_plugin_style_summary_jump_menu.inc', 'c67efb6088bf737f4d79c80bdd07a0ef5613be95a80c7cd2c4c1f4e9d140e6f4'),
('sites/all/modules/views/plugins/views_plugin_style_summary_unformatted.inc', '6e07b64ec8758e309e28303a232932bef4f3843d992de95f1421376677f054a2'),
('sites/all/modules/views/plugins/views_plugin_style_table.inc', '9c19b95f6df036d100af73ed9a7bacf87770d06a6880b0e7d8906369ac242cb1'),
('sites/all/modules/views/plugins/views_wizard/views_ui_base_views_wizard.class.php', '0f95fa318e7b472003b93aa7225478948a8995719fbca70b2d8e3db986464758'),
('sites/all/modules/views/plugins/views_wizard/views_ui_comment_views_wizard.class.php', 'e6b9dda4730e1dc3598a57bd40f365cb18ac7fa31204582c5a00e59f8d2d50d5'),
('sites/all/modules/views/plugins/views_wizard/views_ui_file_managed_views_wizard.class.php', 'b0c72a676dff32fa25b2f7a22df3a0d2dee84a7d004dc44be0265fe9e809c3bc'),
('sites/all/modules/views/plugins/views_wizard/views_ui_node_revision_views_wizard.class.php', '398d35874dd2d48b491c87319716d276f647c40e7d87c318086776b8f5643d69'),
('sites/all/modules/views/plugins/views_wizard/views_ui_node_views_wizard.class.php', '6406a99a4c04a651433b46a282aae9bf97fd72f3deaf99fab40fdde3984e5cb9'),
('sites/all/modules/views/plugins/views_wizard/views_ui_taxonomy_term_views_wizard.class.php', '92b641b8d13d883993150f8d74b43fcb382a520f26c2ef83c1b2c8a86c23e5b1'),
('sites/all/modules/views/plugins/views_wizard/views_ui_users_views_wizard.class.php', '6419a9e125aefbef0bd13879b4e57ee158f4e0b7d1f05832879054cdbb03833d'),
('sites/all/modules/views/tests/comment/views_handler_argument_comment_user_uid.test', '83a5528be29cac578cae139e6afb741b5de555a0e42332716555effe61ddd548'),
('sites/all/modules/views/tests/comment/views_handler_filter_comment_user_uid.test', 'bdb7e9f7a31c17b025363ef7fc1a2f95bad6281990c6ac8759436080727c6bcc'),
('sites/all/modules/views/tests/handlers/views_handler_area_text.test', '944b1211d872e0342f7e6cda8a8d66cb85adf73c5e0ee6396a22ae3f260b3c0e'),
('sites/all/modules/views/tests/handlers/views_handler_argument_null.test', 'b12e2b0cc9b7a14424920912c5908ea0aae9fc5be1ae5e892880225d01624292'),
('sites/all/modules/views/tests/handlers/views_handler_field.test', '508ec461e1d7c6eae45fbb83cde0446043d8a87a366c6e5dacb4d0e949c104aa'),
('sites/all/modules/views/tests/handlers/views_handler_field_boolean.test', '84e6fe1b125d2fb9429175bbb7b76d07dd05afeb94e31287680e240b9d88d676'),
('sites/all/modules/views/tests/handlers/views_handler_field_counter.test', 'bec20808b9c22057de453341809fe01d6b6fffde27c32a803e2d1f345ddfcc02'),
('sites/all/modules/views/tests/handlers/views_handler_field_custom.test', 'a13349d6429b35a01e105b25186b7f55469e4b813c5ed8be4a79c58e5dc3a67c');
INSERT INTO `prefixpinboard_registry_file` (`filename`, `hash`) VALUES
('sites/all/modules/views/tests/handlers/views_handler_field_date.test', 'a14e4f07ee03e49082d111832c21b86cba83c7abfb7de1859e461e90330bdc40'),
('sites/all/modules/views/tests/handlers/views_handler_field_file_size.test', 'a28ede0e98211f2204e3a2ca2c6bfd253c67bd04e22d8474b5b058843fa97340'),
('sites/all/modules/views/tests/handlers/views_handler_field_math.test', '0916b7b53ebef9e16a9a45e22123a4a2b1ad8fdd06c0d670db5e2396df86c5c7'),
('sites/all/modules/views/tests/handlers/views_handler_field_url.test', '922f7dba511ff4e9d2a24bb4d445265b86a1560b76d097e8d6e0a41cc59a6b29'),
('sites/all/modules/views/tests/handlers/views_handler_field_xss.test', 'df777917cb8568938ced57578936d92bf4c9e00734868676b94b13bf251c963a'),
('sites/all/modules/views/tests/handlers/views_handler_filter_date.test', 'a5c510b72d4559878183081622ce268dcf71f42c70a5480a51a214afc6c0ebca'),
('sites/all/modules/views/tests/handlers/views_handler_filter_equality.test', '05006487eb97c7214aab1e1e8f4d58a8661f678bcd3b691ce9a84c7955bf76fd'),
('sites/all/modules/views/tests/handlers/views_handler_filter_in_operator.test', '0d5252ce92c4a51182644b5d229e3d6b639526466298a8fcec02a045078530e4'),
('sites/all/modules/views/tests/handlers/views_handler_filter_numeric.test', '65c67e9c0de483511280742a2bb73ba61fd447a8d8e52bb071d84910760ca672'),
('sites/all/modules/views/tests/handlers/views_handler_filter_string.test', '93a349a671004b75b41a939623f198974a891bf251f990f1711d07f13ed749e4'),
('sites/all/modules/views/tests/handlers/views_handler_sort.test', 'f79dbd877823ac5bda4060ef1b308303c59d4a6b5b58447db7d4c2ad142f0f5d'),
('sites/all/modules/views/tests/handlers/views_handler_sort_date.test', '3fdad803c29ce009b2e129c4b1b19d8043a62ef15611be5d116f28e185edd8a4'),
('sites/all/modules/views/tests/handlers/views_handler_sort_random.test', '65f455f2a770efde4e91e01885a1b50fc783499b68477ab7214c5dd868fac6c4'),
('sites/all/modules/views/tests/styles/views_plugin_style.test', 'd77b4d488c4f8929c053cded6e26433c142d6a8d7200de7c373a8b62d91c0a3e'),
('sites/all/modules/views/tests/styles/views_plugin_style_jump_menu.test', '522296bcfaa74f77787b9b99dcd453a008f029a85c512ce93fa5ab1b183e6d7d'),
('sites/all/modules/views/tests/test_plugins/views_test_plugin_access_test_dynamic.inc', 'c524281180d91ef1cd256beb615e14a34ec6f44cd7a733a9c7e8e521779bfa21'),
('sites/all/modules/views/tests/test_plugins/views_test_plugin_access_test_static.inc', 'a1d341165b48dacb4149b4837687e371e81b742c34afa3522168b84e29f2cc50'),
('sites/all/modules/views/tests/user/views_handler_field_user_name.test', 'a131beaa03883575f68efef7aa5789caa05798e78cf2051a770493d095bf05ae'),
('sites/all/modules/views/tests/user/views_user.test', '2e9e6cad540ab20e47c4532c047164e9186ed90db5bfa96da73ff997096bc56f'),
('sites/all/modules/views/tests/user/views_user_argument_default.test', '2a1c7f4bc3c8a3cbdfd7ea2eab1811345cd5053bafe5793f7ace71b28839640f'),
('sites/all/modules/views/tests/user/views_user_argument_validate.test', '98ce7c348f1e579983ebeb2e1ddc60643e3b262e3a3dcbee1c2da45f7b1ee2dc'),
('sites/all/modules/views/tests/views_access.test', '1324b42772e38b5cdc079837b33abc25a27ccc9fe26a2bee68c150f035bf8ad1'),
('sites/all/modules/views/tests/views_analyze.test', '501464be8a5a3800f07d4f03b9244f7174c7a550b10db268a27646701eaea6e7'),
('sites/all/modules/views/tests/views_argument_default.test', '05372c66b95ce941c2ae2cf763646602ad8075c9f239e43dc7095faf2181f507'),
('sites/all/modules/views/tests/views_argument_validator.test', 'fb35d39bfea4fc83b14bcaf33b6ed388e618ffa638fbe0c5ea363a40971fdf78'),
('sites/all/modules/views/tests/views_basic.test', '8237d5e8a554dcbb35ac54db739bf2088bce077e63e9c774a2b7501665bd529a'),
('sites/all/modules/views/tests/views_cache.test', '10a4ed1f5027d765d1a795d15ab2fe03cc7267cc8569fff77a0bdae72adc93ff'),
('sites/all/modules/views/tests/views_exposed_form.test', '77e5472b5428594835cc1aa8dd4fc2985a793a3d08b951f2f49e41b9945c7174'),
('sites/all/modules/views/tests/views_glossary.test', '184432181da26bfbc17c50c1bdfc7c34f5b5a00f4001550895ad826382cf8cd3'),
('sites/all/modules/views/tests/views_groupby.test', '3009f7519b90410277792a9404d83cdb61942dfa0d958f310862031420ca0c1b'),
('sites/all/modules/views/tests/views_handlers.test', 'ca465bc554474576e5d0600ca5791c66e240776f8af87490b417b60b069f38e0'),
('sites/all/modules/views/tests/views_module.test', 'e4ff61004332c0682a001ffd8e197b5a5413160b82f101da3d606f0b0bb9d525'),
('sites/all/modules/views/tests/views_pager.test', '878e698e4c70e2cad839834bfc9f9e95014e2a46ba4d8ed1425a6c21033e3240'),
('sites/all/modules/views/tests/views_plugin_localization_test.inc', '2443243936d5b2e560d5e49b371a6511c01a53eb82e6e04ac2032feec0033633'),
('sites/all/modules/views/tests/views_query.test', '1bba0df04ed8bbfcf8ba1c2ecf30c6bfe7095eb594521bed86871dac11837ce3'),
('sites/all/modules/views/tests/views_test.views_default.inc', '3fa0e17e35b4b49ad981156768d59e175a8edbca995b423ec78e35a55dc333db'),
('sites/all/modules/views/tests/views_translatable.test', '4738bcbe52a143bbea66234eb89f918dc29a47e8d7fc1af6f4b3cfc42e8685f0'),
('sites/all/modules/views/tests/views_ui.test', '2190cd05c1b69107bae060d6d55b7112082d0bdfcfee55b7773933a24ad47fad'),
('sites/all/modules/views/tests/views_upgrade.test', '152d28c537fb66dbfebf2b38393afc3c0d88b9995ad4ef0b5d39eb4febefd3c7'),
('sites/all/modules/views/tests/views_view.test', '34f5f0b515353db81ec44839fae85db792955185a33c906fa7918591485d9d15'),
('sites/all/modules/views/views_ui.module', '111cef03bed51ad0356a5437de2ae2fa05778e2c6945ca6aac07a28be993751f'),
('sites/all/modules/votingapi/tests/votingapi.test', 'dd54282d34cff2a3a01f9ffbde51b367e5136e4d97d67b7255fb2fbccfe9933a'),
('sites/all/modules/votingapi/views/votingapi.views.inc', 'b51c9efff120e1bd14bf0d286703ac14716fa1e320001809e41a0307ebc2c7c4'),
('sites/all/modules/votingapi/views/votingapi.views_default.inc', 'df7ef466efd3721154a4cbb2fe10e4fac67417ac2b747a1e29ec9c5081f4fed2'),
('sites/all/modules/votingapi/views/votingapi_views_handler_field_value.inc', 'e984acd4f1d1bf17047f5e3ba0b53c9a2436dcb54d4100168d2de9943867de18'),
('sites/all/modules/votingapi/views/votingapi_views_handler_relationship.inc', '6c042562b02b0b81b57a6f8329a4d1fff354d37772cf518bc4ffb08ebdec67fc'),
('sites/all/modules/votingapi/views/votingapi_views_handler_sort_nullable.inc', '892d69754cf1945b31c5429f9676efbcfc1dabbdadfef68dd7780339c505f565'),
('sites/all/modules/votingapi/votingapi.admin.inc', '5e98a71cd717774d3fba4b8e4585cfe3f56b76660d89485ab004fc304c8add0a'),
('sites/all/modules/votingapi/votingapi.drush.inc', '13ba3f6307462cbbb28f3dea8d68a64117e2505b8a48f1291c1f034b2e72bb51'),
('sites/all/modules/votingapi/votingapi.install', '90408b5c1770c55f92fe59010c5cf6a337014bcaf9a881424d6e1f0bc6bc83bc'),
('sites/all/modules/votingapi/votingapi.module', '54db5ea6e189a7709a1f3d05564659515e39bc9468bf01dd2622cea6b5f231ce');

DROP TABLE IF EXISTS `prefixpinboard_role`;
CREATE TABLE `prefixpinboard_role` (
  `rid` int(10) unsigned NOT NULL AUTO_INCREMENT COMMENT 'Primary Key: Unique role ID.',
  `name` varchar(64) NOT NULL DEFAULT '' COMMENT 'Unique role name.',
  `weight` int(11) NOT NULL DEFAULT '0' COMMENT 'The weight of this role in listings and the user interface.',
  PRIMARY KEY (`rid`),
  UNIQUE KEY `name` (`name`),
  KEY `name_weight` (`name`,`weight`)
) ENGINE=InnoDB  DEFAULT CHARSET=utf8 COMMENT='Stores user roles.' AUTO_INCREMENT=4 ;

INSERT INTO `prefixpinboard_role` (`rid`, `name`, `weight`) VALUES
(3, 'administrator', 2),
(1, 'anonymous user', 0),
(2, 'authenticated user', 1);

DROP TABLE IF EXISTS `prefixpinboard_role_permission`;
CREATE TABLE `prefixpinboard_role_permission` (
  `rid` int(10) unsigned NOT NULL COMMENT 'Foreign Key: prefixpinboard_role.rid.',
  `permission` varchar(128) NOT NULL DEFAULT '' COMMENT 'A single permission granted to the role identified by rid.',
  `module` varchar(255) NOT NULL DEFAULT '' COMMENT 'The module declaring the permission.',
  PRIMARY KEY (`rid`,`permission`),
  KEY `permission` (`permission`)
) ENGINE=InnoDB DEFAULT CHARSET=utf8 COMMENT='Stores the permissions assigned to user roles.';

INSERT INTO `prefixpinboard_role_permission` (`rid`, `permission`, `module`) VALUES
(1, 'access comments', 'comment'),
(1, 'access content', 'node'),
(1, 'access site-wide contact form', 'contact'),
(1, 'access user contact forms', 'contact'),
(1, 'access user profiles', 'user'),
(1, 'post comments', 'comment'),
(1, 'search content', 'search'),
(1, 'skip comment approval', 'comment'),
(1, 'use gravatar', 'gravatar'),
(1, 'use PHP for title patterns', 'auto_nodetitle'),
(1, 'use text format filtered_html', 'filter'),
(1, 'Visible Advanced Settings', 'pinboard_helper'),
(2, 'access comments', 'comment'),
(2, 'access contact importer', 'contact_importer'),
(2, 'access content', 'node'),
(2, 'access site-wide contact form', 'contact'),
(2, 'access user contact forms', 'contact'),
(2, 'access user profiles', 'user'),
(2, 'create pin content', 'node'),
(2, 'delete own pin content', 'node'),
(2, 'edit own comments', 'comment'),
(2, 'edit own pin content', 'node'),
(2, 'post comments', 'comment'),
(2, 'search content', 'search'),
(2, 'send invitations', 'invite'),
(2, 'send mass invitations', 'invite'),
(2, 'skip comment approval', 'comment'),
(2, 'use gravatar', 'gravatar'),
(2, 'use PHP for title patterns', 'auto_nodetitle'),
(2, 'use text format filtered_html', 'filter'),
(2, 'Visible Advanced Settings', 'pinboard_helper'),
(3, 'access administration pages', 'system'),
(3, 'access all views', 'views'),
(3, 'access comments', 'comment'),
(3, 'access contact importer', 'contact_importer'),
(3, 'access content', 'node'),
(3, 'access content overview', 'node'),
(3, 'access contextual links', 'contextual'),
(3, 'access dashboard', 'dashboard'),
(3, 'access overlay', 'overlay'),
(3, 'access site in maintenance mode', 'system'),
(3, 'access site reports', 'system'),
(3, 'access site-wide contact form', 'contact'),
(3, 'access statistics', 'statistics'),
(3, 'access toolbar', 'toolbar'),
(3, 'access user contact forms', 'contact'),
(3, 'access user profiles', 'user'),
(3, 'administer actions', 'system'),
(3, 'administer blocks', 'block'),
(3, 'administer comments', 'comment'),
(3, 'administer contact forms', 'contact'),
(3, 'administer contact importer', 'contact_importer'),
(3, 'administer content types', 'node'),
(3, 'administer filters', 'filter'),
(3, 'administer gravatar', 'gravatar'),
(3, 'administer image styles', 'image'),
(3, 'administer invitations', 'invite'),
(3, 'administer languages', 'locale'),
(3, 'administer menu', 'menu'),
(3, 'administer modules', 'system'),
(3, 'administer nodes', 'node'),
(3, 'administer permissions', 'user'),
(3, 'administer search', 'search'),
(3, 'administer sharethis', 'sharethis'),
(3, 'administer shortcuts', 'shortcut'),
(3, 'administer site configuration', 'system'),
(3, 'administer software updates', 'system'),
(3, 'administer statistics', 'statistics'),
(3, 'administer taxonomy', 'taxonomy'),
(3, 'administer themes', 'system'),
(3, 'administer url aliases', 'path'),
(3, 'administer users', 'user'),
(3, 'administer video styles', 'video_embed_field'),
(3, 'administer views', 'views'),
(3, 'administer voting api', 'votingapi'),
(3, 'block IP addresses', 'system'),
(3, 'bypass node access', 'node'),
(3, 'cancel account', 'user'),
(3, 'change own username', 'user'),
(3, 'create article content', 'node'),
(3, 'create page content', 'node'),
(3, 'create url aliases', 'path'),
(3, 'customize shortcut links', 'shortcut'),
(3, 'delete any article content', 'node'),
(3, 'delete any page content', 'node'),
(3, 'delete own article content', 'node'),
(3, 'delete own page content', 'node'),
(3, 'delete revisions', 'node'),
(3, 'delete terms in 1', 'taxonomy'),
(3, 'disable own gravatar', 'gravatar'),
(3, 'edit any article content', 'node'),
(3, 'edit any page content', 'node'),
(3, 'edit own article content', 'node'),
(3, 'edit own comments', 'comment'),
(3, 'edit own page content', 'node'),
(3, 'edit terms in 1', 'taxonomy'),
(3, 'post comments', 'comment'),
(3, 'revert revisions', 'node'),
(3, 'search content', 'search'),
(3, 'select account cancellation method', 'user'),
(3, 'send invitations', 'invite'),
(3, 'send mass invitations', 'invite'),
(3, 'skip comment approval', 'comment'),
(3, 'switch shortcut sets', 'shortcut'),
(3, 'track invitations', 'invite'),
(3, 'translate interface', 'locale'),
(3, 'use advanced search', 'search'),
(3, 'use gravatar', 'gravatar'),
(3, 'use PHP for settings', 'php'),
(3, 'use PHP for title patterns', 'auto_nodetitle'),
(3, 'use text format filtered_html', 'filter'),
(3, 'use text format full_html', 'filter'),
(3, 'view own unpublished content', 'node'),
(3, 'view post access counter', 'statistics'),
(3, 'view rate results page', 'rate'),
(3, 'view revisions', 'node'),
(3, 'view the administration theme', 'system'),
(3, 'Visible Advanced Settings', 'pinboard_helper'),
(3, 'withdraw own accepted invitations', 'invite'),
(3, 'withdraw own invitations', 'invite');

DROP TABLE IF EXISTS `prefixpinboard_search_dataset`;
CREATE TABLE `prefixpinboard_search_dataset` (
  `sid` int(10) unsigned NOT NULL DEFAULT '0' COMMENT 'Search item ID, e.g. node ID for nodes.',
  `type` varchar(16) NOT NULL COMMENT 'Type of item, e.g. node.',
  `data` longtext NOT NULL COMMENT 'List of space-separated words from the item.',
  `reindex` int(10) unsigned NOT NULL DEFAULT '0' COMMENT 'Set to force node reindexing.',
  PRIMARY KEY (`sid`,`type`)
) ENGINE=InnoDB DEFAULT CHARSET=utf8 COMMENT='Stores items that will be searched.';

INSERT INTO `prefixpinboard_search_dataset` (`sid`, `type`, `data`, `reindex`) VALUES
(1, 'node', ' about lorem ipsum dolor sit amet consectetur adipiscing elit cras eget nisi lacus sit amet aliquet urna nam nisl odio mattis eget auctor eget rutrum ut ante nunc et augue non lorem lobortis suscipit dictum quis nibh mauris est nisl gravida id porttitor consectetur blandit vel mauris donec condimentum leo quis dolor porttitor ac sagittis sapien rutrum duis et lobortis sapien suspendisse dictum felis vitae tellus sodales pretium integer nec porttitor metus pellentesque feugiat tempor pulvinar integer vel risus a tellus lobortis dictum nec vitae dolor fusce eleifend vestibulum congue sed auctor lacinia diam non tempus mauris dui metus sodales at lacinia at elementum ut risus integer sapien dolor blandit at consectetur non lobortis posuere mauris donec ultricies massa sit amet nisl lobortis eu pellentesque diam pretium pellentesque commodo ultricies ligula aliquet fermentum phasellus blandit fermentum dui eu hendrerit nulla molestie nec suspendisse potenti nullam sagittis est ac tortor vehicula fermentum at sed sapien nullam a ipsum eu nibh placerat blandit aliquam erat volutpat vestibulum nunc quam tempor eget varius sagittis gravida at enim ut tincidunt varius volutpat integer nec justo urna a tempus ligula suspendisse velit enim placerat id sollicitudin sit amet molestie non quam duis ac ante urna vitae fringilla sapien morbi eget ligula at justo suscipit pharetra in at mauris sed nisl dapibus consectetur at nec tortor maecenas varius neque eu tincidunt porttitor tortor nunc adipiscing nibh eu placerat lorem magna ullamcorper turpis curabitur ornare commodo sapien sit amet tristique nibh tempus et maecenas urna purus consectetur a pulvinar et placerat sit amet elit mauris sollicitudin varius metus sed malesuada pellentesque tincidunt leo non sollicitudin ultrices est dolor scelerisque tortor vel malesuada purus turpis ac neque integer ornare nunc non risus dignissim eget ultrices nisi blandit proin quis nunc vitae leo consectetur ultrices ut a neque cum sociis natoque penatibus et magnis dis parturient montes nascetur ridiculus mus nam dui dolor vehicula vel tristique id viverra nec lacus duis metus ligula posuere id facilisis et iaculis et turpis pellentesque et elit massa phasellus imperdiet feugiat mauris eget gravida morbi mattis aliquam lectus nec commodo nulla posuere molestie mi at ornare dui ultrices nec suspendisse eros diam vulputate ac molestie sit amet mollis ut enim nulla facilisi aliquam sem nisl tincidunt non iaculis nec tristique eget dui quisque rhoncus dolor quis mauris bibendum eu fringilla nisi dapibus nulla id arcu ac neque lobortis elementum a quis leo cras quis ligula neque ut dapibus enim cras vitae lacus ante id fermentum purus nunc quis eros id eros tristique hendrerit eu quis odio in hac habitasse platea dictumst nam fermentum metus a mi tincidunt euismod aenean id consequat ante integer ac velit ante id volutpat neque etiam sit amet ornare ipsum aenean vel nunc id ipsum pharetra venenatis aenean vulputate eleifend pulvinar etiam malesuada sollicitudin adipiscing curabitur non sapien orci vivamus eu tellus ut nunc facilisis dignissim vitae pulvinar libero ut elementum nisl non elit ultricies vestibulum pretium est tempor phasellus sit amet nisl nulla morbi vestibulum interdum justo ac scelerisque ipsum tincidunt eu quisque a urna ipsum nec rhoncus velit  ', 0),
(2, 'node', ' pin born in ireland living in england http themesnapcom art education gardening holidays kids people products ', 0),
(3, 'node', ' pin architecture diy crafts gardening holidays pets up 1 user has voted  like  ', 0),
(4, 'node', ' maecenas tempus tellus eget condimentum rhoncus sem quam semper libero sit amet adipiscing sem neque sed ipsum maecenas tempus tellus eget condimentum rhoncus sem quam semper libero sit amet adipiscing sem neque sed ipsum architecture art design fitness geek like 1 likes  ', 0),
(5, 'node', ' working fulltime in it but still manage to find the time to pin as much as possible tastes veer towards the more ornate and fancy side minimalist i ain t if i tell you i adore the baroque rococo as well as art nouveau you ll get some  working fulltime in it but still manage to find the time to pin as much as possible tastes veer towards the more ornate and fancy side minimalist i ain t if i tell you i adore the baroque rococo as well as art nouveau you ll get some idea http themesnapcom architecture decor film music books hair beauty admin  mar 9 2012 tastes veer towards the more ornate log in or register to post comments admin  mar 9 2012 rococo as well as art nouveau you ll get some log in or register to post comments  ', 0),
(6, 'node', ' lorem ipsum dolor sit amet consectetuer adipiscing elit lorem ipsum dolor sit amet consectetuer adipiscing elit http themesnapcom architecture cars motorcycles education food drink geek holidays ', 0),
(7, 'node', ' maecenas tempus tellus eget condimentum rhoncus sem quam maecenas tempus tellus eget condimentum rhoncus sem quam http themesnapcom architecture decor film music books hair beauty home men s apparel ', 0),
(8, 'node', ' etiam ultricies nisi vel augue curabitur ullamcorper ultricies nisi nam eget dui etiam rhoncus etiam ultricies nisi vel augue curabitur ullamcorper ultricies nisi nam eget dui etiam rhoncus http themesnapcom architecture cars motorcycles design film music books gardening hair beauty men s apparel up 1 user has voted fancy side minimalist i ain permalink submitted by admin on mon 3122012 2035 fancy side minimalist i ain t if i tell you i adore the baroque rococo as well as art nouveau you ll log in or register to post comments i ain t if i tell you i permalink submitted by admin on mon 3122012 2056 i ain t if i tell you i adore the log in or register to post comments  ', 0),
(9, 'node', ' etiam ultricies nisi vel augue curabitur ullamcorper ultricies nisi nam eget dui etiam rhoncus etiam ultricies nisi vel augue curabitur ullamcorper ultricies nisi nam eget dui etiam rhoncus http themesnapcom architecture decor film music books gardening history science nature ', 0),
(10, 'node', ' etiam ultricies nisi vel augue curabitur ullamcorper ultricies nisi nam eget dui etiam rhoncus etiam ultricies nisi vel augue curabitur ullamcorper ultricies nisi nam eget dui etiam rhoncus http themesnapcom architecture art cars motorcycles diy crafts film music books gardening men s apparel people like  likes  ', 0),
(11, 'node', ' pin http themesnapcom architecture art cars motorcycles decor design diy crafts ', 0),
(13, 'node', ' etiam ultricies nisi vel augue curabitur ullamcorper ultricies nisi nam eget dui etiam rhoncus etiam ultricies nisi vel augue curabitur ullamcorper ultricies nisi nam eget dui etiam rhoncus http themesnapcom architecture art cars motorcycles diy crafts film music books gardening men s apparel people like  likes  ', 0),
(14, 'node', ' etiam ultricies nisi vel augue curabitur ullamcorper ultricies nisi nam eget dui etiam rhoncus etiam ultricies nisi vel augue curabitur ullamcorper ultricies nisi nam eget dui etiam rhoncus 3000 architecture cars motorcycles design film music books gardening hair beauty men s apparel http themesnapcom like  likes  ', 0),
(15, 'node', ' etiam ultricies nisi vel augue curabitur ullamcorper ultricies nisi nam eget dui etiam rhoncus etiam ultricies nisi vel augue curabitur ullamcorper ultricies nisi nam eget dui etiam rhoncus http themesnapcom architecture cars motorcycles design film music books gardening hair beauty men s apparel like  likes  ', 0),
(16, 'node', ' curabitur ullamcorper ultricies nisi nam eget dui etiam rhoncus curabitur ullamcorper ultricies nisi nam eget dui etiam rhoncus http themesnapcom architecture decor film music books gardening history science nature like  likes  ', 0),
(17, 'node', ' condimentum rhoncus sem quam condimentum rhoncus sem quam http themesnapcom architecture decor film music books hair beauty home men s apparel like  likes  ', 0),
(20, 'node', ' pin architecture diy crafts gardening holidays pets like  likes  ', 0),
(21, 'node', ' enter a commaseparated list of words to describe your content enter a commaseparated list of words to describe your content architecture cars motorcycles decor like  likes  ', 0),
(22, 'node', ' pin http themesnapcom architecture art cars motorcycles decor design diy crafts like  likes  ', 0),
(23, 'node', ' pin architecture art decor like  likes  ', 0),
(24, 'node', ' curabitur ullamcorper ultricies nisi nam eget dui etiam rhoncus curabitur ullamcorper ultricies nisi nam eget dui etiam rhoncus http themesnapcom architecture decor film music books gardening history science nature like  likes  ', 0),
(25, 'node', ' pin architecture art cars motorcycles decor like  likes  ', 0),
(26, 'node', ' pin architecture art cars motorcycles decor like  likes  ', 0),
(29, 'node', ' lines and paragraphs break automatically lines and paragraphs break automatically architecture art cars motorcycles decor like  likes  ', 0),
(30, 'node', ' butternut squash ravioli with light creamy sauce butternut squash ravioli with light creamy sauce architecture decor education fitness http themesnapcom like  likes  ', 0),
(31, 'node', ' pin architecture art cars motorcycles decor like 3 likes  ', 0),
(34, 'node', ' ffffound  ffffound 30000 architecture cars motorcycles decor http ffffoundcom  up 2 users have voted  ', 0),
(35, 'node', ' ffffound  ffffound  architecture art cars motorcycles decor http ffffoundcom  like 1 likes  ', 0),
(37, 'node', ' google image result for http wwwimgbaseinfo images safewallpapers photography sky 15039skycloudsjpg google image result for http wwwimgbaseinfo images safewallpapers photography sky 15039sky  other like  likes  ', 0),
(38, 'node', ' wow wow other like  likes  ', 0),
(39, 'node', ' pin design like  likes  ', 0),
(40, 'node', ' scifiorama welcome to scifiorama a visual scrapbook for cataloging inspiring art graphics and illustration with a scifi and fantasy slant scifiorama welcome to scifiorama a visual scrapbook for cataloging inspiring art graphics and illustration with a scifi and fantasy slant http wwwscifioramacom  design like  likes  ', 0),
(41, 'node', ' lol lol 10000 cars motorcycles http wwwscifioramacom page 2  up 1 user has voted  ', 0),
(42, 'node', '  ? ? ? flickr photo sharing   ? ? ? flickr photo sharing http wwwflickrcom photos 36574021 n036811065646 in photostream other like  likes  ', 0),
(43, 'node', ' scifiorama scifiorama http wwwscifioramacom page 6  geek like  likes  ', 0),
(44, 'node', '  art design blog   art design blog http wwwlookatmeru mag artdesign artanddesign 156497rabocheemestokristinashteynbreherartdirektor design like  likes  ', 0),
(45, 'node', ' scifiorama scifiorama http wwwscifioramacom page 8  design like  likes  ', 0),
(46, 'node', ' scifiorama scifiorama http wwwscifioramacom page 9  design like  likes  ', 0),
(47, 'node', ' scifiorama scifiorama http wwwscifioramacom page 10  design like  likes  ', 0),
(48, 'node', ' scifiorama scifiorama http wwwscifioramacom page 11  design like  likes  ', 0),
(49, 'node', ' scifiorama scifiorama http wwwscifioramacom page 11  design like  likes  ', 0),
(50, 'node', ' page 13 page 13 http wwwscifioramacom page 13  design like  likes  ', 0),
(51, 'node', ' scifiorama scifiorama http wwwscifioramacom page 13  design like  likes  ', 0),
(52, 'node', ' scifiorama  scifiorama http wwwscifioramacom page 16  design like  likes  ', 0),
(53, 'node', ' scifiorama scifiorama http wwwscifioramacom page 16  design like  likes  ', 0),
(54, 'node', ' apple apple http wwwapplecom  design like  likes  ', 0),
(55, 'node', ' page 18 page 18 http wwwscifioramacom page 18  design like  likes  ', 0),
(56, 'node', ' apple ipod touch it s funfilled and featurepacked apple ipod touch it s funfilled and featurepacked http wwwapplecom ipodtouch features  design like  likes  ', 0),
(57, 'node', ' apple macbook pro the new macbook pro huge leaps in performance apple macbook pro the new macbook pro huge leaps in performance http wwwapplecom macbookpro  design like  likes  ', 0),
(58, 'node', ' apple macbook pro the new macbook pro huge leaps in performance apple macbook pro the new macbook pro huge leaps in performance http wwwapplecom macbookpro  design like  likes  ', 0),
(59, 'node', ' google image result for http usitercom uploads 20101011 sportkstrim7181jpg google image result for http usitercom uploads 20  sports like  likes  ', 0),
(60, 'node', ' sport9800jpg jpeg image 800 600 pixels  sport9800jpg jpeg image 800 600 pixels  sports like 1 likes  ', 0),
(61, 'node', ' media sports like  likes  ', 0),
(62, 'node', ' google image google image sports like 1 likes  ', 0),
(63, 'node', ' media sports like  likes  ', 0),
(66, 'node', ' pin http wwwscifioramacom page 2  design like  likes  ', 0),
(67, 'node', ' 2222 2222 design like  likes  ', 0),
(68, 'node', ' pin http wwwscifioramacom page 2  design like  likes  ', 0),
(71, 'node', ' pin architecture art cars motorcycles decor design like  likes  ', 0),
(73, 'node', ' glee full performance of somebody that i used to know airing tue 410 youtube glee full performance of somebody that i used to know airing tue 410 youtube 1500 architecture http wwwyoutubecom watch v 0cay2dnuhcs feature glogo context g2162cb5foaaaaaaabaa like  likes  ', 0),
(74, 'node', ' congi somnium triangle circle square on vimeo congi somnium triangle circle square on vimeo http vimeocom 198363 architecture art cars motorcycles decor up  users have voted  ', 0),
(75, 'node', ' blog 1 admin s blog donec pede justo fringilla vel aliquet nec vulputate eget arcu in enim justo rhoncus ut imperdiet a venenatis vitae justo nullam dictum felis eu pede mollis pretium integer tincidunt cras dapibus vivamus elementum semper nisi aenean vulputate eleifend tellus aenean leo ligula porttitor eu consequat vitae eleifend ac enim example image quisque rutrum aenean imperdiet etiam ultricies nisi vel augue curabitur ullamcorper ultricies nisi nam eget dui etiam rhoncus maecenas tempus tellus eget condimentum rhoncus sem quam semper libero sit amet adipiscing sem neque sed ipsum nam quam nunc blandit vel luctus pulvinar hendrerit id lorem maecenas nec odio et ante tincidunt tempus donec vitae sapien ut libero venenatis faucibus nullam quis ante etiam sit amet orci eget eros faucibus tincidunt duis leo sed fringilla mauris sit amet nibh donec sodales sagittis magna sed consequat leo eget bibendum sodales augue velit cursus nunc lorem ipsum dolor sit amet consectetuer adipiscing elit aenean commodo ligula eget dolor aenean massa cum sociis natoque penatibus et magnis dis parturient montes nascetur ridiculus mus donec quam felis ultricies nec pellentesque eu pretium quis sem nulla consequat massa quis enim donec pede justo fringilla vel aliquet nec vulputate eget arcu in enim justo rhoncus ut imperdiet a venenatis vitae justo nullam dictum felis eu pede mollis pretium integer tincidunt cras dapibus vivamus elementum semper nisi aenean vulputate eleifend tellus aenean leo ligula porttitor eu consequat vitae eleifend ac enim aliquam lorem ante dapibus in viverra quis feugiat a tellus phasellus viverra nulla ut metus varius laoreet  ', 0),
(76, 'node', ' blog 2 admin s blog donec pede justo fringilla vel aliquet nec vulputate eget arcu in enim justo rhoncus ut imperdiet a venenatis vitae justo nullam dictum felis eu pede mollis pretium integer tincidunt cras dapibus vivamus elementum semper nisi aenean vulputate eleifend tellus aenean leo ligula porttitor eu consequat vitae eleifend ac enim example image quisque rutrum aenean imperdiet etiam ultricies nisi vel augue curabitur ullamcorper ultricies nisi nam eget dui etiam rhoncus maecenas tempus tellus eget condimentum rhoncus sem quam semper libero sit amet adipiscing sem neque sed ipsum nam quam nunc blandit vel luctus pulvinar hendrerit id lorem maecenas nec odio et ante tincidunt tempus donec vitae sapien ut libero venenatis faucibus nullam quis ante etiam sit amet orci eget eros faucibus tincidunt duis leo sed fringilla mauris sit amet nibh donec sodales sagittis magna sed consequat leo eget bibendum sodales augue velit cursus nunc lorem ipsum dolor sit amet consectetuer adipiscing elit aenean commodo ligula eget dolor aenean massa cum sociis natoque penatibus et magnis dis parturient montes nascetur ridiculus mus donec quam felis ultricies nec pellentesque eu pretium quis sem nulla consequat massa quis enim donec pede justo fringilla vel aliquet nec vulputate eget arcu in enim justo rhoncus ut imperdiet a venenatis vitae justo nullam dictum felis eu pede mollis pretium integer tincidunt cras dapibus vivamus elementum semper nisi aenean vulputate eleifend tellus aenean leo ligula porttitor eu consequat vitae eleifend ac enim aliquam lorem ante dapibus in viverra quis feugiat a tellus phasellus viverra nulla ut metus varius laoreet  ', 0),
(77, 'node', ' pin architecture like  likes admin asas reply admin xsdsd reply admin fsfdgsdf reply admin dfgsdf reply ', 0),
(99, 'node', ' team collaboration feng office 1 team collaboration feng office 1 http wwwfengofficecom web indexphp lang en art cars motorcycles design up  users have voted asdasdas permalink submitted by admin on thu 4262012 1409 asdasdas reply dasfasdf permalink submitted by admin on thu 4262012 1417 dasfasdf reply sdsdf permalink submitted by admin on thu 4262012 1417 sdsdf reply ', 0),
(103, 'node', ' media cars motorcycles like  likes  ', 0),
(107, 'node', ' google image result for http usitercom uploads 20101011 sportkstrim7181jpg google image result for http usitercom uploads 20  sports like  likes  ', 0),
(108, 'node', ' media sports like  likes  ', 0),
(109, 'node', ' media architecture like  likes  ', 0),
(110, 'node', ' butternut squash ravioli with light creamy sauce butternut squash ravioli with light creamy sauce http themesnapcom architecture decor education fitness like  likes  ', 0),
(111, 'node', ' media pin architecture art cars motorcycles decor жесткий диск винчестер intel 520 240gb ssdsc2cw240a310 жесткий диск винчестер intel 520 240gb ssdsc2cw240a310 жесткий диск винчестер intel 520 240gb ssdsc2cw240a310 жесткий диск винчестер intel 520 240gb ssdsc2cw240a310 жесткий диск винчестержесткий диск винчестер intel 520 240gb ssdsc2cw240a310 жесткий диск винчестер intel 520 240gb ssdsc2cw240a310 жесткий диск винчестер intel 520 240gb ssdsc2cw240a310 жесткий диск винчестер intel 520 240gb ssdsc2cw240a310 жесткий диск винчестерже like  likes  ', 0),
(114, 'node', ' media architecture like  likes sdfdfdfsdfss not verified sdfsdfdsf reply sadfasd not verified csadfasdf reply asdfasd not verified asdfasdf reply admin dfgdsfgsdfsdf reply admin dsfgsdfgerytwer reply admin sdfstrerwete reply admin dfhsrherherh reply admin dfghryery reply admin rthfgnsdfha reply ', 0),
(127, 'node', ' media pin  1000 cars motorcycles like  likes  like  ', 0),
(128, 'node', ' media pin decor like  likes  ', 0);

DROP TABLE IF EXISTS `prefixpinboard_search_index`;
CREATE TABLE `prefixpinboard_search_index` (
  `word` varchar(50) NOT NULL DEFAULT '' COMMENT 'The prefixpinboard_search_total.word that is associated with the search item.',
  `sid` int(10) unsigned NOT NULL DEFAULT '0' COMMENT 'The prefixpinboard_search_dataset.sid of the searchable item to which the word belongs.',
  `type` varchar(16) NOT NULL COMMENT 'The prefixpinboard_search_dataset.type of the searchable item to which the word belongs.',
  `score` float DEFAULT NULL COMMENT 'The numeric score of the word, higher being more important.',
  PRIMARY KEY (`word`,`sid`,`type`),
  KEY `sid_type` (`sid`,`type`)
) ENGINE=InnoDB DEFAULT CHARSET=utf8 COMMENT='Stores the search index, associating words, items and...';

INSERT INTO `prefixpinboard_search_index` (`word`, `sid`, `type`, `score`) VALUES
('0cay2dnuhcs', 73, 'node', 1),
('1', 3, 'node', 1),
('1', 4, 'node', 1),
('1', 8, 'node', 1),
('1', 35, 'node', 1),
('1', 41, 'node', 1),
('1', 60, 'node', 1),
('1', 62, 'node', 1),
('1', 75, 'node', 26),
('1', 99, 'node', 27),
('10', 47, 'node', 1),
('1000', 127, 'node', 1),
('10000', 41, 'node', 1),
('11', 48, 'node', 1),
('11', 49, 'node', 1),
('13', 50, 'node', 28),
('13', 51, 'node', 1),
('1409', 99, 'node', 1),
('1417', 99, 'node', 2),
('1500', 73, 'node', 1),
('15039sky', 37, 'node', 11),
('15039skycloudsjpg', 37, 'node', 26),
('156497rabocheemestokristinashteynbreherartdirektor', 44, 'node', 1),
('16', 52, 'node', 1),
('16', 53, 'node', 1),
('18', 55, 'node', 28),
('198363', 74, 'node', 1),
('2', 34, 'node', 1),
('2', 41, 'node', 1),
('2', 66, 'node', 1),
('2', 68, 'node', 1),
('2', 76, 'node', 26),
('20', 59, 'node', 11),
('20', 107, 'node', 11),
('20101011', 59, 'node', 26),
('20101011', 107, 'node', 26),
('2012', 5, 'node', 2),
('2035', 8, 'node', 1),
('2056', 8, 'node', 1),
('2222', 67, 'node', 27),
('240gb', 111, 'node', 8),
('3', 31, 'node', 1),
('3000', 14, 'node', 1),
('30000', 34, 'node', 1),
('3122012', 8, 'node', 2),
('36574021', 42, 'node', 1),
('410', 73, 'node', 27),
('4262012', 99, 'node', 3),
('520', 111, 'node', 8),
('6', 43, 'node', 1),
('600', 60, 'node', 27),
('8', 45, 'node', 1),
('800', 60, 'node', 27),
('9', 5, 'node', 2),
('9', 46, 'node', 1),
('about', 1, 'node', 26),
('adipiscing', 1, 'node', 2.85439),
('adipiscing', 4, 'node', 27),
('adipiscing', 6, 'node', 27),
('adipiscing', 75, 'node', 2),
('adipiscing', 76, 'node', 2),
('admin', 5, 'node', 14),
('admin', 8, 'node', 2),
('admin', 75, 'node', 11),
('admin', 76, 'node', 11),
('admin', 77, 'node', 44),
('admin', 99, 'node', 33),
('admin', 114, 'node', 66),
('adore', 5, 'node', 2),
('adore', 8, 'node', 2),
('aenean', 1, 'node', 2.57864),
('aenean', 75, 'node', 7),
('aenean', 76, 'node', 7),
('ain', 5, 'node', 2),
('ain', 8, 'node', 54),
('airing', 73, 'node', 27),
('aliquam', 1, 'node', 2.81619),
('aliquam', 75, 'node', 1),
('aliquam', 76, 'node', 1),
('aliquet', 1, 'node', 2),
('aliquet', 75, 'node', 2),
('aliquet', 76, 'node', 2),
('amet', 1, 'node', 8.60221),
('amet', 4, 'node', 27),
('amet', 6, 'node', 27),
('amet', 75, 'node', 4),
('amet', 76, 'node', 4),
('and', 5, 'node', 2),
('and', 29, 'node', 27),
('and', 40, 'node', 29),
('and', 56, 'node', 27),
('ante', 1, 'node', 4.60391),
('ante', 75, 'node', 3),
('ante', 76, 'node', 3),
('apparel', 7, 'node', 11),
('apparel', 8, 'node', 11),
('apparel', 10, 'node', 11),
('apparel', 13, 'node', 11),
('apparel', 14, 'node', 11),
('apparel', 15, 'node', 11),
('apparel', 17, 'node', 11),
('apple', 54, 'node', 27),
('apple', 56, 'node', 27),
('apple', 57, 'node', 27),
('apple', 58, 'node', 27),
('architecture', 3, 'node', 11),
('architecture', 4, 'node', 11),
('architecture', 5, 'node', 11),
('architecture', 6, 'node', 11),
('architecture', 7, 'node', 11),
('architecture', 8, 'node', 11),
('architecture', 9, 'node', 11),
('architecture', 10, 'node', 11),
('architecture', 11, 'node', 11),
('architecture', 13, 'node', 11),
('architecture', 14, 'node', 11),
('architecture', 15, 'node', 11),
('architecture', 16, 'node', 11),
('architecture', 17, 'node', 11),
('architecture', 20, 'node', 11),
('architecture', 21, 'node', 11),
('architecture', 22, 'node', 11),
('architecture', 23, 'node', 11),
('architecture', 24, 'node', 11),
('architecture', 25, 'node', 11),
('architecture', 26, 'node', 11),
('architecture', 29, 'node', 11),
('architecture', 30, 'node', 11),
('architecture', 31, 'node', 11),
('architecture', 34, 'node', 11),
('architecture', 35, 'node', 11),
('architecture', 71, 'node', 11),
('architecture', 73, 'node', 11),
('architecture', 74, 'node', 11),
('architecture', 77, 'node', 11),
('architecture', 109, 'node', 11),
('architecture', 110, 'node', 11),
('architecture', 111, 'node', 11),
('architecture', 114, 'node', 11),
('arcu', 1, 'node', 0.886095),
('arcu', 75, 'node', 2),
('arcu', 76, 'node', 2),
('art', 2, 'node', 11),
('art', 4, 'node', 11),
('art', 5, 'node', 3),
('art', 8, 'node', 1),
('art', 10, 'node', 11),
('art', 11, 'node', 11),
('art', 13, 'node', 11),
('art', 22, 'node', 11),
('art', 23, 'node', 11),
('art', 25, 'node', 11),
('art', 26, 'node', 11),
('art', 29, 'node', 11),
('art', 31, 'node', 11),
('art', 35, 'node', 11),
('art', 40, 'node', 27),
('art', 44, 'node', 27),
('art', 71, 'node', 11),
('art', 74, 'node', 11),
('art', 99, 'node', 11),
('art', 111, 'node', 11),
('artanddesign', 44, 'node', 1),
('artdesign', 44, 'node', 1),
('asas', 77, 'node', 1),
('asdasdas', 99, 'node', 27),
('asdfasd', 114, 'node', 1),
('asdfasdf', 114, 'node', 1),
('auctor', 1, 'node', 2),
('augue', 1, 'node', 1),
('augue', 8, 'node', 27),
('augue', 9, 'node', 27),
('augue', 10, 'node', 27),
('augue', 13, 'node', 27),
('augue', 14, 'node', 27),
('augue', 15, 'node', 27),
('augue', 75, 'node', 2),
('augue', 76, 'node', 2),
('automatically', 29, 'node', 27),
('baroque', 5, 'node', 2),
('baroque', 8, 'node', 1),
('beauty', 5, 'node', 11),
('beauty', 7, 'node', 11),
('beauty', 8, 'node', 11),
('beauty', 14, 'node', 11),
('beauty', 15, 'node', 11),
('beauty', 17, 'node', 11),
('bibendum', 1, 'node', 0.889397),
('bibendum', 75, 'node', 1),
('bibendum', 76, 'node', 1),
('blandit', 1, 'node', 4.97685),
('blandit', 75, 'node', 1),
('blandit', 76, 'node', 1),
('blog', 44, 'node', 27),
('blog', 75, 'node', 37),
('blog', 76, 'node', 37),
('books', 5, 'node', 11),
('books', 7, 'node', 11),
('books', 8, 'node', 11),
('books', 9, 'node', 11),
('books', 10, 'node', 11),
('books', 13, 'node', 11),
('books', 14, 'node', 11),
('books', 15, 'node', 11),
('books', 16, 'node', 11),
('books', 17, 'node', 11),
('books', 24, 'node', 11),
('born', 2, 'node', 1),
('break', 29, 'node', 27),
('but', 5, 'node', 27),
('butternut', 30, 'node', 27),
('butternut', 110, 'node', 27),
('cars', 6, 'node', 11),
('cars', 8, 'node', 11),
('cars', 10, 'node', 11),
('cars', 11, 'node', 11),
('cars', 13, 'node', 11),
('cars', 14, 'node', 11),
('cars', 15, 'node', 11),
('cars', 21, 'node', 11),
('cars', 22, 'node', 11),
('cars', 25, 'node', 11),
('cars', 26, 'node', 11),
('cars', 29, 'node', 11),
('cars', 31, 'node', 11),
('cars', 34, 'node', 11),
('cars', 35, 'node', 11),
('cars', 41, 'node', 11),
('cars', 71, 'node', 11),
('cars', 74, 'node', 11),
('cars', 99, 'node', 11),
('cars', 103, 'node', 11),
('cars', 111, 'node', 11),
('cars', 127, 'node', 11),
('cataloging', 40, 'node', 27),
('circle', 74, 'node', 27),
('collaboration', 99, 'node', 27),
('commaseparated', 21, 'node', 27),
('comments', 5, 'node', 2),
('comments', 8, 'node', 2),
('commodo', 1, 'node', 2.91323),
('commodo', 75, 'node', 1),
('commodo', 76, 'node', 1),
('condimentum', 1, 'node', 1),
('condimentum', 4, 'node', 27),
('condimentum', 7, 'node', 27),
('condimentum', 17, 'node', 27),
('condimentum', 75, 'node', 1),
('condimentum', 76, 'node', 1),
('congi', 74, 'node', 27),
('congue', 1, 'node', 1),
('consectetuer', 6, 'node', 27),
('consectetuer', 75, 'node', 1),
('consectetuer', 76, 'node', 1),
('consectetur', 1, 'node', 5.96601),
('consequat', 1, 'node', 0.863659),
('consequat', 75, 'node', 4),
('consequat', 76, 'node', 4),
('content', 21, 'node', 27),
('context', 73, 'node', 1),
('crafts', 3, 'node', 11),
('crafts', 10, 'node', 11),
('crafts', 11, 'node', 11),
('crafts', 13, 'node', 11),
('crafts', 20, 'node', 11),
('crafts', 22, 'node', 11),
('cras', 1, 'node', 2.76564),
('cras', 75, 'node', 2),
('cras', 76, 'node', 2),
('creamy', 30, 'node', 27),
('creamy', 110, 'node', 27),
('csadfasdf', 114, 'node', 1),
('cum', 1, 'node', 0.972861),
('cum', 75, 'node', 1),
('cum', 76, 'node', 1),
('curabitur', 1, 'node', 1.85439),
('curabitur', 8, 'node', 27),
('curabitur', 9, 'node', 27),
('curabitur', 10, 'node', 27),
('curabitur', 13, 'node', 27),
('curabitur', 14, 'node', 27),
('curabitur', 15, 'node', 27),
('curabitur', 16, 'node', 27),
('curabitur', 24, 'node', 27),
('curabitur', 75, 'node', 1),
('curabitur', 76, 'node', 1),
('cursus', 75, 'node', 1),
('cursus', 76, 'node', 1),
('dapibus', 1, 'node', 2.76891),
('dapibus', 75, 'node', 3),
('dapibus', 76, 'node', 3),
('dasfasdf', 99, 'node', 27),
('decor', 5, 'node', 11),
('decor', 7, 'node', 11),
('decor', 9, 'node', 11),
('decor', 11, 'node', 11),
('decor', 16, 'node', 11),
('decor', 17, 'node', 11),
('decor', 21, 'node', 11),
('decor', 22, 'node', 11),
('decor', 23, 'node', 11),
('decor', 24, 'node', 11),
('decor', 25, 'node', 11),
('decor', 26, 'node', 11),
('decor', 29, 'node', 11),
('decor', 30, 'node', 11),
('decor', 31, 'node', 11),
('decor', 34, 'node', 11),
('decor', 35, 'node', 11),
('decor', 71, 'node', 11),
('decor', 74, 'node', 11),
('decor', 110, 'node', 11),
('decor', 111, 'node', 11),
('decor', 128, 'node', 11),
('describe', 21, 'node', 27),
('design', 4, 'node', 11),
('design', 8, 'node', 11),
('design', 11, 'node', 11),
('design', 14, 'node', 11),
('design', 15, 'node', 11),
('design', 22, 'node', 11),
('design', 39, 'node', 11),
('design', 40, 'node', 11),
('design', 44, 'node', 38),
('design', 45, 'node', 11),
('design', 46, 'node', 11),
('design', 47, 'node', 11),
('design', 48, 'node', 11),
('design', 49, 'node', 11),
('design', 50, 'node', 11),
('design', 51, 'node', 11),
('design', 52, 'node', 11),
('design', 53, 'node', 11),
('design', 54, 'node', 11),
('design', 55, 'node', 11),
('design', 56, 'node', 11),
('design', 57, 'node', 11),
('design', 58, 'node', 11),
('design', 66, 'node', 11),
('design', 67, 'node', 11),
('design', 68, 'node', 11),
('design', 71, 'node', 11),
('design', 99, 'node', 11),
('dfgdsfgsdfsdf', 114, 'node', 1),
('dfghryery', 114, 'node', 1),
('dfgsdf', 77, 'node', 1),
('dfhsrherherh', 114, 'node', 1),
('diam', 1, 'node', 2.90974),
('dictum', 1, 'node', 3),
('dictum', 75, 'node', 2),
('dictum', 76, 'node', 2),
('dictumst', 1, 'node', 0.873132),
('dignissim', 1, 'node', 1.8292),
('dis', 1, 'node', 0.953396),
('dis', 75, 'node', 1),
('dis', 76, 'node', 1),
('diy', 3, 'node', 11),
('diy', 10, 'node', 11),
('diy', 11, 'node', 11),
('diy', 13, 'node', 11),
('diy', 20, 'node', 11),
('diy', 22, 'node', 11),
('dolor', 1, 'node', 6.80538),
('dolor', 6, 'node', 27),
('dolor', 75, 'node', 2),
('dolor', 76, 'node', 2),
('donec', 1, 'node', 2),
('donec', 75, 'node', 5),
('donec', 76, 'node', 5),
('drink', 6, 'node', 11),
('dsfgsdfgerytwer', 114, 'node', 1),
('dui', 1, 'node', 4.74035),
('dui', 8, 'node', 27),
('dui', 9, 'node', 27),
('dui', 10, 'node', 27),
('dui', 13, 'node', 27),
('dui', 14, 'node', 27),
('dui', 15, 'node', 27),
('dui', 16, 'node', 27),
('dui', 24, 'node', 27),
('dui', 75, 'node', 1),
('dui', 76, 'node', 1),
('duis', 1, 'node', 2.92743),
('duis', 75, 'node', 1),
('duis', 76, 'node', 1),
('education', 2, 'node', 11),
('education', 6, 'node', 11),
('education', 30, 'node', 11),
('education', 110, 'node', 11),
('eget', 1, 'node', 7.78966),
('eget', 4, 'node', 27),
('eget', 7, 'node', 27),
('eget', 8, 'node', 27),
('eget', 9, 'node', 27),
('eget', 10, 'node', 27),
('eget', 13, 'node', 27),
('eget', 14, 'node', 27),
('eget', 15, 'node', 27),
('eget', 16, 'node', 27),
('eget', 24, 'node', 27),
('eget', 75, 'node', 7),
('eget', 76, 'node', 7),
('eleifend', 1, 'node', 1.85439),
('eleifend', 75, 'node', 4),
('eleifend', 76, 'node', 4),
('elementum', 1, 'node', 2.72814),
('elementum', 75, 'node', 2),
('elementum', 76, 'node', 2),
('elit', 1, 'node', 3.75874),
('elit', 6, 'node', 27),
('elit', 75, 'node', 1),
('elit', 76, 'node', 1),
('england', 2, 'node', 1),
('enim', 1, 'node', 3.78568),
('enim', 75, 'node', 5),
('enim', 76, 'node', 5),
('enter', 21, 'node', 27),
('erat', 1, 'node', 1),
('eros', 1, 'node', 2.67886),
('eros', 75, 'node', 1),
('eros', 76, 'node', 1),
('est', 1, 'node', 3.83025),
('etiam', 1, 'node', 1.71494),
('etiam', 8, 'node', 54),
('etiam', 9, 'node', 54),
('etiam', 10, 'node', 54),
('etiam', 13, 'node', 54),
('etiam', 14, 'node', 54),
('etiam', 15, 'node', 54),
('etiam', 16, 'node', 27),
('etiam', 24, 'node', 27),
('etiam', 75, 'node', 3),
('etiam', 76, 'node', 3),
('euismod', 1, 'node', 0.869951),
('example', 75, 'node', 1),
('example', 76, 'node', 1),
('facilisi', 1, 'node', 0.902857),
('facilisis', 1, 'node', 1.77575),
('fancy', 5, 'node', 2),
('fancy', 8, 'node', 27),
('fantasy', 40, 'node', 2),
('faucibus', 75, 'node', 2),
('faucibus', 76, 'node', 2),
('feature', 73, 'node', 1),
('featurepacked', 56, 'node', 27),
('features', 56, 'node', 1),
('felis', 1, 'node', 1),
('felis', 75, 'node', 3),
('felis', 76, 'node', 3),
('feng', 99, 'node', 27),
('fermentum', 1, 'node', 4.75277),
('feugiat', 1, 'node', 1.91674),
('feugiat', 75, 'node', 0.997306),
('feugiat', 76, 'node', 0.997306),
('ffffound', 34, 'node', 27),
('ffffound', 35, 'node', 27),
('ffffoundcom', 34, 'node', 1),
('ffffoundcom', 35, 'node', 1),
('film', 5, 'node', 11),
('film', 7, 'node', 11),
('film', 8, 'node', 11),
('film', 9, 'node', 11),
('film', 10, 'node', 11),
('film', 13, 'node', 11),
('film', 14, 'node', 11),
('film', 15, 'node', 11),
('film', 16, 'node', 11),
('film', 17, 'node', 11),
('film', 24, 'node', 11),
('find', 5, 'node', 27),
('fitness', 4, 'node', 11),
('fitness', 30, 'node', 11),
('fitness', 110, 'node', 11),
('flickr', 42, 'node', 27),
('food', 6, 'node', 11),
('for', 37, 'node', 27),
('for', 40, 'node', 27),
('for', 59, 'node', 27),
('for', 107, 'node', 27),
('fringilla', 1, 'node', 1.8861),
('fringilla', 75, 'node', 3),
('fringilla', 76, 'node', 3),
('fsfdgsdf', 77, 'node', 1),
('full', 73, 'node', 27),
('fulltime', 5, 'node', 27),
('funfilled', 56, 'node', 27),
('fusce', 1, 'node', 1),
('g2162cb5foaaaaaaabaa', 73, 'node', 1),
('gardening', 2, 'node', 11),
('gardening', 3, 'node', 11),
('gardening', 8, 'node', 11),
('gardening', 9, 'node', 11),
('gardening', 10, 'node', 11),
('gardening', 13, 'node', 11),
('gardening', 14, 'node', 11),
('gardening', 15, 'node', 11),
('gardening', 16, 'node', 11),
('gardening', 20, 'node', 11),
('gardening', 24, 'node', 11),
('geek', 4, 'node', 11),
('geek', 6, 'node', 11),
('geek', 43, 'node', 11),
('get', 5, 'node', 3),
('glee', 73, 'node', 27),
('glogo', 73, 'node', 1),
('google', 37, 'node', 27),
('google', 59, 'node', 27),
('google', 62, 'node', 27),
('google', 107, 'node', 27),
('graphics', 40, 'node', 27),
('gravida', 1, 'node', 2.91674),
('habitasse', 1, 'node', 0.879565),
('hac', 1, 'node', 0.882818),
('hair', 5, 'node', 11),
('hair', 7, 'node', 11),
('hair', 8, 'node', 11),
('hair', 14, 'node', 11),
('hair', 15, 'node', 11),
('hair', 17, 'node', 11),
('has', 3, 'node', 1),
('has', 8, 'node', 1),
('has', 41, 'node', 1),
('have', 34, 'node', 1),
('have', 74, 'node', 1),
('have', 99, 'node', 1),
('hendrerit', 1, 'node', 1.88282),
('hendrerit', 75, 'node', 1),
('hendrerit', 76, 'node', 1),
('history', 9, 'node', 11),
('history', 16, 'node', 11),
('history', 24, 'node', 11),
('holidays', 2, 'node', 11),
('holidays', 3, 'node', 11),
('holidays', 6, 'node', 11),
('holidays', 20, 'node', 11),
('home', 7, 'node', 11),
('home', 17, 'node', 11),
('http', 2, 'node', 1),
('http', 5, 'node', 1),
('http', 6, 'node', 1),
('http', 7, 'node', 1),
('http', 8, 'node', 1),
('http', 9, 'node', 1),
('http', 10, 'node', 1),
('http', 11, 'node', 1),
('http', 13, 'node', 1),
('http', 14, 'node', 1),
('http', 15, 'node', 1),
('http', 16, 'node', 1),
('http', 17, 'node', 1),
('http', 22, 'node', 1),
('http', 24, 'node', 1),
('http', 30, 'node', 1),
('http', 34, 'node', 1),
('http', 35, 'node', 1),
('http', 37, 'node', 37),
('http', 40, 'node', 1),
('http', 41, 'node', 1),
('http', 42, 'node', 1),
('http', 43, 'node', 1),
('http', 44, 'node', 1),
('http', 45, 'node', 1),
('http', 46, 'node', 1),
('http', 47, 'node', 1),
('http', 48, 'node', 1),
('http', 49, 'node', 1),
('http', 50, 'node', 1),
('http', 51, 'node', 1),
('http', 52, 'node', 1),
('http', 53, 'node', 1),
('http', 54, 'node', 1),
('http', 55, 'node', 1),
('http', 56, 'node', 1),
('http', 57, 'node', 1),
('http', 58, 'node', 1),
('http', 59, 'node', 37),
('http', 66, 'node', 1),
('http', 68, 'node', 1),
('http', 73, 'node', 1),
('http', 74, 'node', 1),
('http', 99, 'node', 1),
('http', 107, 'node', 37),
('http', 110, 'node', 1),
('huge', 57, 'node', 27),
('huge', 58, 'node', 27),
('iaculis', 1, 'node', 1.81991),
('idea', 5, 'node', 1),
('illustration', 40, 'node', 27),
('image', 37, 'node', 27),
('image', 59, 'node', 27),
('image', 60, 'node', 27),
('image', 62, 'node', 27),
('image', 75, 'node', 1),
('image', 76, 'node', 1),
('image', 107, 'node', 27),
('images', 37, 'node', 37),
('imperdiet', 1, 'node', 0.920273),
('imperdiet', 75, 'node', 3),
('imperdiet', 76, 'node', 3),
('indexphp', 99, 'node', 1),
('inspiring', 40, 'node', 27),
('integer', 1, 'node', 5.84142),
('integer', 75, 'node', 2),
('integer', 76, 'node', 2),
('intel', 111, 'node', 8),
('interdum', 1, 'node', 0.845322),
('ipod', 56, 'node', 27),
('ipodtouch', 56, 'node', 1),
('ipsum', 1, 'node', 5.3996),
('ipsum', 4, 'node', 2),
('ipsum', 6, 'node', 27),
('ipsum', 75, 'node', 2),
('ipsum', 76, 'node', 2),
('ireland', 2, 'node', 1),
('jpeg', 60, 'node', 27),
('justo', 1, 'node', 2.84234),
('justo', 75, 'node', 6),
('justo', 76, 'node', 6),
('kids', 2, 'node', 11),
('know', 73, 'node', 27),
('lacinia', 1, 'node', 2),
('lacus', 1, 'node', 2.81025),
('lang', 99, 'node', 1),
('laoreet', 75, 'node', 0.980874),
('laoreet', 76, 'node', 0.980874),
('leaps', 57, 'node', 27),
('leaps', 58, 'node', 27),
('lectus', 1, 'node', 0.916736),
('leo', 1, 'node', 3.8447),
('leo', 75, 'node', 4),
('leo', 76, 'node', 4),
('libero', 1, 'node', 0.848323),
('libero', 4, 'node', 27),
('libero', 75, 'node', 2),
('libero', 76, 'node', 2),
('light', 30, 'node', 27),
('light', 110, 'node', 27),
('ligula', 1, 'node', 4.81025),
('ligula', 75, 'node', 3),
('ligula', 76, 'node', 3),
('like', 3, 'node', 11),
('like', 4, 'node', 2.2),
('like', 10, 'node', 11),
('like', 13, 'node', 11),
('like', 14, 'node', 11),
('like', 15, 'node', 11),
('like', 16, 'node', 11),
('like', 17, 'node', 11),
('like', 20, 'node', 11),
('like', 21, 'node', 11),
('like', 22, 'node', 11),
('like', 23, 'node', 11),
('like', 24, 'node', 11),
('like', 25, 'node', 11),
('like', 26, 'node', 11),
('like', 29, 'node', 11),
('like', 30, 'node', 11),
('like', 31, 'node', 11),
('like', 35, 'node', 11),
('like', 37, 'node', 11),
('like', 38, 'node', 11),
('like', 39, 'node', 11),
('like', 40, 'node', 11),
('like', 42, 'node', 11),
('like', 43, 'node', 11),
('like', 44, 'node', 11),
('like', 45, 'node', 11),
('like', 46, 'node', 11),
('like', 47, 'node', 11),
('like', 48, 'node', 11),
('like', 49, 'node', 11),
('like', 50, 'node', 11),
('like', 51, 'node', 11),
('like', 52, 'node', 11),
('like', 53, 'node', 11),
('like', 54, 'node', 11),
('like', 55, 'node', 11),
('like', 56, 'node', 11),
('like', 57, 'node', 11),
('like', 58, 'node', 11),
('like', 59, 'node', 11),
('like', 60, 'node', 11),
('like', 61, 'node', 11),
('like', 62, 'node', 11),
('like', 63, 'node', 11),
('like', 66, 'node', 11),
('like', 67, 'node', 11),
('like', 68, 'node', 11),
('like', 71, 'node', 11),
('like', 73, 'node', 11),
('like', 77, 'node', 2.2),
('like', 103, 'node', 11),
('like', 107, 'node', 11),
('like', 108, 'node', 11),
('like', 109, 'node', 11),
('like', 110, 'node', 11),
('like', 111, 'node', 11),
('like', 114, 'node', 11),
('like', 127, 'node', 22),
('like', 128, 'node', 11),
('likes', 4, 'node', 1),
('likes', 10, 'node', 1),
('likes', 13, 'node', 1),
('likes', 14, 'node', 1),
('likes', 15, 'node', 1),
('likes', 16, 'node', 1),
('likes', 17, 'node', 1),
('likes', 20, 'node', 1),
('likes', 21, 'node', 1),
('likes', 22, 'node', 1),
('likes', 23, 'node', 1),
('likes', 24, 'node', 1),
('likes', 25, 'node', 1),
('likes', 26, 'node', 1),
('likes', 29, 'node', 1),
('likes', 30, 'node', 1),
('likes', 31, 'node', 1),
('likes', 35, 'node', 1),
('likes', 37, 'node', 1),
('likes', 38, 'node', 1),
('likes', 39, 'node', 1),
('likes', 40, 'node', 1),
('likes', 42, 'node', 1),
('likes', 43, 'node', 1),
('likes', 44, 'node', 1),
('likes', 45, 'node', 1),
('likes', 46, 'node', 1),
('likes', 47, 'node', 1),
('likes', 48, 'node', 1),
('likes', 49, 'node', 1),
('likes', 50, 'node', 1),
('likes', 51, 'node', 1),
('likes', 52, 'node', 1),
('likes', 53, 'node', 1),
('likes', 54, 'node', 1),
('likes', 55, 'node', 1),
('likes', 56, 'node', 1),
('likes', 57, 'node', 1),
('likes', 58, 'node', 1),
('likes', 59, 'node', 1),
('likes', 60, 'node', 1),
('likes', 61, 'node', 1),
('likes', 62, 'node', 1),
('likes', 63, 'node', 1),
('likes', 66, 'node', 1),
('likes', 67, 'node', 1),
('likes', 68, 'node', 1),
('likes', 71, 'node', 1),
('likes', 73, 'node', 1),
('likes', 77, 'node', 1),
('likes', 103, 'node', 1),
('likes', 107, 'node', 1),
('likes', 108, 'node', 1),
('likes', 109, 'node', 1),
('likes', 110, 'node', 1),
('likes', 111, 'node', 1),
('likes', 114, 'node', 1),
('likes', 127, 'node', 1),
('likes', 128, 'node', 1),
('lines', 29, 'node', 27),
('list', 21, 'node', 27),
('living', 2, 'node', 1),
('lobortis', 1, 'node', 5.88282),
('log', 5, 'node', 4.4),
('log', 8, 'node', 4.4),
('lol', 41, 'node', 27),
('lorem', 1, 'node', 3),
('lorem', 6, 'node', 27),
('lorem', 75, 'node', 3),
('lorem', 76, 'node', 3),
('luctus', 75, 'node', 1),
('luctus', 76, 'node', 1),
('macbook', 57, 'node', 54),
('macbook', 58, 'node', 54),
('macbookpro', 57, 'node', 1),
('macbookpro', 58, 'node', 1),
('maecenas', 1, 'node', 1.99731),
('maecenas', 4, 'node', 27),
('maecenas', 7, 'node', 27),
('maecenas', 75, 'node', 2),
('maecenas', 76, 'node', 2),
('mag', 44, 'node', 1),
('magna', 1, 'node', 1),
('magna', 75, 'node', 1),
('magna', 76, 'node', 1),
('magnis', 1, 'node', 0.957226),
('magnis', 75, 'node', 1),
('magnis', 76, 'node', 1),
('malesuada', 1, 'node', 2.82841),
('manage', 5, 'node', 27),
('mar', 5, 'node', 2),
('massa', 1, 'node', 1.92027),
('massa', 75, 'node', 2),
('massa', 76, 'node', 2),
('mattis', 1, 'node', 1.91674),
('mauris', 1, 'node', 7.79928),
('mauris', 75, 'node', 1),
('mauris', 76, 'node', 1),
('media', 61, 'node', 26),
('media', 63, 'node', 26),
('media', 103, 'node', 26),
('media', 108, 'node', 26),
('media', 109, 'node', 26),
('media', 111, 'node', 26),
('media', 114, 'node', 26),
('media', 127, 'node', 26),
('media', 128, 'node', 26),
('men', 7, 'node', 11),
('men', 8, 'node', 11),
('men', 10, 'node', 11),
('men', 13, 'node', 11),
('men', 14, 'node', 11),
('men', 15, 'node', 11),
('men', 17, 'node', 11),
('metus', 1, 'node', 4.79053),
('metus', 75, 'node', 0.989021),
('metus', 76, 'node', 0.989021),
('minimalist', 5, 'node', 2),
('minimalist', 8, 'node', 27),
('molestie', 1, 'node', 3.81951),
('mollis', 1, 'node', 0.906287),
('mollis', 75, 'node', 2),
('mollis', 76, 'node', 2),
('mon', 8, 'node', 2),
('montes', 1, 'node', 0.945829),
('montes', 75, 'node', 1),
('montes', 76, 'node', 1),
('morbi', 1, 'node', 2.76206),
('more', 5, 'node', 3),
('motorcycles', 6, 'node', 11),
('motorcycles', 8, 'node', 11),
('motorcycles', 10, 'node', 11),
('motorcycles', 11, 'node', 11),
('motorcycles', 13, 'node', 11),
('motorcycles', 14, 'node', 11),
('motorcycles', 15, 'node', 11),
('motorcycles', 21, 'node', 11),
('motorcycles', 22, 'node', 11),
('motorcycles', 25, 'node', 11),
('motorcycles', 26, 'node', 11),
('motorcycles', 29, 'node', 11),
('motorcycles', 31, 'node', 11),
('motorcycles', 34, 'node', 11),
('motorcycles', 35, 'node', 11),
('motorcycles', 41, 'node', 11),
('motorcycles', 71, 'node', 11),
('motorcycles', 74, 'node', 11),
('motorcycles', 99, 'node', 11),
('motorcycles', 103, 'node', 11),
('motorcycles', 111, 'node', 11),
('motorcycles', 127, 'node', 11),
('much', 5, 'node', 27),
('mus', 1, 'node', 0.934703),
('mus', 75, 'node', 1),
('mus', 76, 'node', 1),
('music', 5, 'node', 11),
('music', 7, 'node', 11),
('music', 8, 'node', 11),
('music', 9, 'node', 11),
('music', 10, 'node', 11),
('music', 13, 'node', 11),
('music', 14, 'node', 11),
('music', 15, 'node', 11),
('music', 16, 'node', 11),
('music', 17, 'node', 11),
('music', 24, 'node', 11),
('n036811065646', 42, 'node', 1),
('nam', 1, 'node', 2.801),
('nam', 8, 'node', 27),
('nam', 9, 'node', 27),
('nam', 10, 'node', 27),
('nam', 13, 'node', 27),
('nam', 14, 'node', 27),
('nam', 15, 'node', 27),
('nam', 16, 'node', 27),
('nam', 24, 'node', 27),
('nam', 75, 'node', 2),
('nam', 76, 'node', 2),
('nascetur', 1, 'node', 0.942091),
('nascetur', 75, 'node', 1),
('nascetur', 76, 'node', 1),
('natoque', 1, 'node', 0.96498),
('natoque', 75, 'node', 1),
('natoque', 76, 'node', 1),
('nature', 9, 'node', 11),
('nature', 16, 'node', 11),
('nature', 24, 'node', 11),
('nec', 1, 'node', 9.4923),
('nec', 75, 'node', 4),
('nec', 76, 'node', 4),
('neque', 1, 'node', 5.57992),
('neque', 4, 'node', 27),
('neque', 75, 'node', 1),
('neque', 76, 'node', 1),
('new', 57, 'node', 27),
('new', 58, 'node', 27),
('nibh', 1, 'node', 3.99731),
('nibh', 75, 'node', 1),
('nibh', 76, 'node', 1),
('nisi', 1, 'node', 2.86295),
('nisi', 8, 'node', 54),
('nisi', 9, 'node', 54),
('nisi', 10, 'node', 54),
('nisi', 13, 'node', 54),
('nisi', 14, 'node', 54),
('nisi', 15, 'node', 54),
('nisi', 16, 'node', 27),
('nisi', 24, 'node', 27),
('nisi', 75, 'node', 4),
('nisi', 76, 'node', 4),
('nisl', 1, 'node', 6.58672),
('non', 1, 'node', 8.56568),
('not', 114, 'node', 3),
('nouveau', 5, 'node', 3),
('nouveau', 8, 'node', 1),
('nulla', 1, 'node', 4.5475),
('nulla', 75, 'node', 1.98902),
('nulla', 76, 'node', 1.98902),
('nullam', 1, 'node', 2),
('nullam', 75, 'node', 3),
('nullam', 76, 'node', 3),
('nunc', 1, 'node', 7.54233),
('nunc', 75, 'node', 2),
('nunc', 76, 'node', 2),
('odio', 1, 'node', 1.88282),
('odio', 75, 'node', 1),
('odio', 76, 'node', 1),
('office', 99, 'node', 27),
('orci', 1, 'node', 0.854391),
('orci', 75, 'node', 1),
('orci', 76, 'node', 1),
('ornare', 1, 'node', 3.75156),
('ornate', 5, 'node', 3),
('other', 37, 'node', 11),
('other', 38, 'node', 11),
('other', 42, 'node', 11),
('page', 41, 'node', 1),
('page', 43, 'node', 1),
('page', 45, 'node', 1),
('page', 46, 'node', 1),
('page', 47, 'node', 1),
('page', 48, 'node', 1),
('page', 49, 'node', 1),
('page', 50, 'node', 28),
('page', 51, 'node', 1),
('page', 52, 'node', 1),
('page', 53, 'node', 1),
('page', 55, 'node', 28),
('page', 66, 'node', 1),
('page', 68, 'node', 1),
('paragraphs', 29, 'node', 27),
('parturient', 1, 'node', 0.949597),
('parturient', 75, 'node', 1),
('parturient', 76, 'node', 1),
('pede', 75, 'node', 4),
('pede', 76, 'node', 4),
('pellentesque', 1, 'node', 4.90929),
('pellentesque', 75, 'node', 1),
('pellentesque', 76, 'node', 1),
('penatibus', 1, 'node', 0.961087),
('penatibus', 75, 'node', 1),
('penatibus', 76, 'node', 1),
('people', 2, 'node', 11),
('people', 10, 'node', 11),
('people', 13, 'node', 11),
('performance', 57, 'node', 27),
('performance', 58, 'node', 27),
('performance', 73, 'node', 27),
('permalink', 8, 'node', 22),
('permalink', 99, 'node', 33),
('pets', 3, 'node', 11),
('pets', 20, 'node', 11),
('pharetra', 1, 'node', 1.85746),
('phasellus', 1, 'node', 2.7656),
('phasellus', 75, 'node', 0.993146),
('phasellus', 76, 'node', 0.993146),
('photo', 42, 'node', 27),
('photography', 37, 'node', 37),
('photos', 42, 'node', 1),
('photostream', 42, 'node', 1),
('pin', 2, 'node', 26),
('pin', 3, 'node', 26),
('pin', 5, 'node', 27),
('pin', 11, 'node', 26),
('pin', 20, 'node', 26),
('pin', 22, 'node', 26),
('pin', 23, 'node', 26),
('pin', 25, 'node', 26),
('pin', 26, 'node', 26),
('pin', 31, 'node', 26),
('pin', 39, 'node', 26),
('pin', 66, 'node', 26),
('pin', 68, 'node', 26),
('pin', 71, 'node', 26),
('pin', 77, 'node', 26),
('pin', 111, 'node', 26),
('pin', 127, 'node', 26),
('pin', 128, 'node', 26),
('pixels', 60, 'node', 27),
('placerat', 1, 'node', 3.99315),
('platea', 1, 'node', 0.876337),
('porttitor', 1, 'node', 4),
('porttitor', 75, 'node', 2),
('porttitor', 76, 'node', 2),
('possible', 5, 'node', 2),
('post', 5, 'node', 2),
('post', 8, 'node', 2),
('posuere', 1, 'node', 2.84066),
('potenti', 1, 'node', 1),
('pretium', 1, 'node', 2.84532),
('pretium', 75, 'node', 3),
('pretium', 76, 'node', 3),
('pro', 57, 'node', 54),
('pro', 58, 'node', 54),
('products', 2, 'node', 11),
('proin', 1, 'node', 0.976851),
('pulvinar', 1, 'node', 3.69586),
('pulvinar', 75, 'node', 1),
('pulvinar', 76, 'node', 1),
('purus', 1, 'node', 2.861),
('quam', 1, 'node', 2),
('quam', 4, 'node', 27),
('quam', 7, 'node', 27),
('quam', 17, 'node', 27),
('quam', 75, 'node', 3),
('quam', 76, 'node', 3),
('quis', 1, 'node', 7.39353),
('quis', 75, 'node', 3.99731),
('quis', 76, 'node', 3.99731),
('quisque', 1, 'node', 1.73842),
('quisque', 75, 'node', 1),
('quisque', 76, 'node', 1),
('ravioli', 30, 'node', 27),
('ravioli', 110, 'node', 27),
('register', 5, 'node', 4.4),
('register', 8, 'node', 4.4),
('reply', 77, 'node', 44),
('reply', 99, 'node', 33),
('reply', 114, 'node', 99),
('result', 37, 'node', 27),
('result', 59, 'node', 27),
('result', 107, 'node', 27),
('rhoncus', 1, 'node', 1.73507),
('rhoncus', 4, 'node', 27),
('rhoncus', 7, 'node', 27),
('rhoncus', 8, 'node', 27),
('rhoncus', 9, 'node', 27),
('rhoncus', 10, 'node', 27),
('rhoncus', 13, 'node', 27),
('rhoncus', 14, 'node', 27),
('rhoncus', 15, 'node', 27),
('rhoncus', 16, 'node', 27),
('rhoncus', 17, 'node', 27),
('rhoncus', 24, 'node', 27),
('rhoncus', 75, 'node', 4),
('rhoncus', 76, 'node', 4),
('ridiculus', 1, 'node', 0.938382),
('ridiculus', 75, 'node', 1),
('ridiculus', 76, 'node', 1),
('risus', 1, 'node', 2.98087),
('rococo', 5, 'node', 3),
('rococo', 8, 'node', 1),
('rthfgnsdfha', 114, 'node', 1),
('rutrum', 1, 'node', 2),
('rutrum', 75, 'node', 1),
('rutrum', 76, 'node', 1),
('sadfasd', 114, 'node', 1),
('safewallpapers', 37, 'node', 37),
('sagittis', 1, 'node', 3),
('sagittis', 75, 'node', 1),
('sagittis', 76, 'node', 1),
('sapien', 1, 'node', 6.85439),
('sapien', 75, 'node', 1),
('sapien', 76, 'node', 1),
('sauce', 30, 'node', 27),
('sauce', 110, 'node', 27),
('scelerisque', 1, 'node', 1.82727),
('science', 9, 'node', 11),
('science', 16, 'node', 11),
('science', 24, 'node', 11),
('scifi', 40, 'node', 2),
('scifiorama', 40, 'node', 54),
('scifiorama', 43, 'node', 27),
('scifiorama', 45, 'node', 27),
('scifiorama', 46, 'node', 27),
('scifiorama', 47, 'node', 27),
('scifiorama', 48, 'node', 27),
('scifiorama', 49, 'node', 27),
('scifiorama', 51, 'node', 27),
('scifiorama', 52, 'node', 27),
('scifiorama', 53, 'node', 27),
('scrapbook', 40, 'node', 27),
('sdfdfdfsdfss', 114, 'node', 1),
('sdfsdfdsf', 114, 'node', 1),
('sdfstrerwete', 114, 'node', 1),
('sdsdf', 99, 'node', 27),
('sed', 1, 'node', 3.99315),
('sed', 4, 'node', 2),
('sed', 75, 'node', 3),
('sed', 76, 'node', 3),
('sem', 1, 'node', 0.899454),
('sem', 4, 'node', 54),
('sem', 7, 'node', 27),
('sem', 17, 'node', 27),
('sem', 75, 'node', 3),
('sem', 76, 'node', 3),
('semper', 4, 'node', 27),
('semper', 75, 'node', 3),
('semper', 76, 'node', 3),
('sharing', 42, 'node', 27),
('side', 5, 'node', 2),
('side', 8, 'node', 27),
('sit', 1, 'node', 8.60221),
('sit', 4, 'node', 27),
('sit', 6, 'node', 27),
('sit', 75, 'node', 4),
('sit', 76, 'node', 4),
('sky', 37, 'node', 37),
('slant', 40, 'node', 2),
('sociis', 1, 'node', 0.968904),
('sociis', 75, 'node', 1),
('sociis', 76, 'node', 1),
('sodales', 1, 'node', 2),
('sodales', 75, 'node', 2),
('sodales', 76, 'node', 2),
('sollicitudin', 1, 'node', 3.83656),
('some', 5, 'node', 3),
('somebody', 73, 'node', 27),
('somnium', 74, 'node', 27),
('sport9800jpg', 60, 'node', 27),
('sportkstrim7181jpg', 59, 'node', 26),
('sportkstrim7181jpg', 107, 'node', 26),
('sports', 59, 'node', 11),
('sports', 60, 'node', 11),
('sports', 61, 'node', 11),
('sports', 62, 'node', 11),
('sports', 63, 'node', 11),
('sports', 107, 'node', 11),
('sports', 108, 'node', 11),
('square', 74, 'node', 27),
('squash', 30, 'node', 27),
('squash', 110, 'node', 27),
('ssdsc2cw240a310', 111, 'node', 8),
('still', 5, 'node', 27),
('submitted', 8, 'node', 2),
('submitted', 99, 'node', 3),
('suscipit', 1, 'node', 2),
('suspendisse', 1, 'node', 3.91323),
('tastes', 5, 'node', 3),
('team', 99, 'node', 27),
('tell', 5, 'node', 2),
('tell', 8, 'node', 28),
('tellus', 1, 'node', 2.84832),
('tellus', 4, 'node', 27),
('tellus', 7, 'node', 27),
('tellus', 75, 'node', 3.99315),
('tellus', 76, 'node', 3.99315),
('tempor', 1, 'node', 2.84532),
('tempus', 1, 'node', 2.99731),
('tempus', 4, 'node', 27),
('tempus', 7, 'node', 27),
('tempus', 75, 'node', 2),
('tempus', 76, 'node', 2),
('that', 73, 'node', 27),
('the', 5, 'node', 32),
('the', 8, 'node', 2),
('the', 57, 'node', 27),
('the', 58, 'node', 27),
('themesnapcom', 2, 'node', 1),
('themesnapcom', 5, 'node', 1),
('themesnapcom', 6, 'node', 1),
('themesnapcom', 7, 'node', 1),
('themesnapcom', 8, 'node', 1),
('themesnapcom', 9, 'node', 1),
('themesnapcom', 10, 'node', 1),
('themesnapcom', 11, 'node', 1),
('themesnapcom', 13, 'node', 1),
('themesnapcom', 14, 'node', 1),
('themesnapcom', 15, 'node', 1),
('themesnapcom', 16, 'node', 1),
('themesnapcom', 17, 'node', 1),
('themesnapcom', 22, 'node', 1),
('themesnapcom', 24, 'node', 1),
('themesnapcom', 30, 'node', 1),
('themesnapcom', 110, 'node', 1),
('thu', 99, 'node', 3),
('time', 5, 'node', 27),
('tincidunt', 1, 'node', 5.59739),
('tincidunt', 75, 'node', 4),
('tincidunt', 76, 'node', 4),
('tortor', 1, 'node', 3.98087),
('touch', 56, 'node', 27),
('towards', 5, 'node', 3),
('triangle', 74, 'node', 27),
('tristique', 1, 'node', 3.70995),
('tue', 73, 'node', 27),
('turpis', 1, 'node', 2.90115),
('ullamcorper', 1, 'node', 1),
('ullamcorper', 8, 'node', 27),
('ullamcorper', 9, 'node', 27),
('ullamcorper', 10, 'node', 27),
('ullamcorper', 13, 'node', 27),
('ullamcorper', 14, 'node', 27),
('ullamcorper', 15, 'node', 27),
('ullamcorper', 16, 'node', 27),
('ullamcorper', 24, 'node', 27),
('ullamcorper', 75, 'node', 1),
('ullamcorper', 76, 'node', 1),
('ultrices', 1, 'node', 3.85196),
('ultricies', 1, 'node', 2.84532),
('ultricies', 8, 'node', 54),
('ultricies', 9, 'node', 54),
('ultricies', 10, 'node', 54),
('ultricies', 13, 'node', 54),
('ultricies', 14, 'node', 54),
('ultricies', 15, 'node', 54),
('ultricies', 16, 'node', 27),
('ultricies', 24, 'node', 27),
('ultricies', 75, 'node', 3),
('ultricies', 76, 'node', 3),
('uploads', 59, 'node', 37),
('uploads', 107, 'node', 37),
('urna', 1, 'node', 4.83965),
('used', 73, 'node', 27),
('user', 3, 'node', 1),
('user', 8, 'node', 1),
('user', 41, 'node', 1),
('users', 34, 'node', 1),
('users', 74, 'node', 1),
('users', 99, 'node', 1),
('usitercom', 59, 'node', 37),
('usitercom', 107, 'node', 37),
('varius', 1, 'node', 3.99315),
('varius', 75, 'node', 0.98493),
('varius', 76, 'node', 0.98493),
('veer', 5, 'node', 3),
('vehicula', 1, 'node', 1.93105),
('vel', 1, 'node', 4.76938),
('vel', 8, 'node', 27),
('vel', 9, 'node', 27),
('vel', 10, 'node', 27),
('vel', 13, 'node', 27),
('vel', 14, 'node', 27),
('vel', 15, 'node', 27),
('vel', 75, 'node', 4),
('vel', 76, 'node', 4),
('velit', 1, 'node', 2.70289),
('velit', 75, 'node', 1),
('velit', 76, 'node', 1),
('venenatis', 1, 'node', 0.857458),
('venenatis', 75, 'node', 3),
('venenatis', 76, 'node', 3),
('verified', 114, 'node', 3),
('vestibulum', 1, 'node', 3.69064),
('vimeo', 74, 'node', 27),
('vimeocom', 74, 'node', 1),
('visual', 40, 'node', 27),
('vitae', 1, 'node', 5.704),
('vitae', 75, 'node', 5),
('vitae', 76, 'node', 5),
('vivamus', 1, 'node', 0.851346),
('vivamus', 75, 'node', 2),
('vivamus', 76, 'node', 2),
('viverra', 1, 'node', 0.931053),
('viverra', 75, 'node', 1.98902),
('viverra', 76, 'node', 1.98902),
('volutpat', 1, 'node', 2.86055),
('voted', 3, 'node', 1),
('voted', 8, 'node', 1),
('voted', 34, 'node', 1),
('voted', 41, 'node', 1),
('voted', 74, 'node', 1),
('voted', 99, 'node', 1),
('vulputate', 1, 'node', 1.76413),
('vulputate', 75, 'node', 4),
('vulputate', 76, 'node', 4),
('watch', 73, 'node', 1),
('web', 99, 'node', 1),
('welcome', 40, 'node', 27),
('well', 5, 'node', 3),
('well', 8, 'node', 1),
('with', 30, 'node', 27),
('with', 40, 'node', 27),
('with', 110, 'node', 27),
('words', 21, 'node', 27),
('working', 5, 'node', 27),
('wow', 38, 'node', 27),
('wwwapplecom', 54, 'node', 1),
('wwwapplecom', 56, 'node', 1),
('wwwapplecom', 57, 'node', 1),
('wwwapplecom', 58, 'node', 1),
('wwwfengofficecom', 99, 'node', 1),
('wwwflickrcom', 42, 'node', 1),
('wwwimgbaseinfo', 37, 'node', 37),
('wwwlookatmeru', 44, 'node', 1),
('wwwscifioramacom', 40, 'node', 1),
('wwwscifioramacom', 41, 'node', 1),
('wwwscifioramacom', 43, 'node', 1),
('wwwscifioramacom', 45, 'node', 1),
('wwwscifioramacom', 46, 'node', 1),
('wwwscifioramacom', 47, 'node', 1),
('wwwscifioramacom', 48, 'node', 1),
('wwwscifioramacom', 49, 'node', 1),
('wwwscifioramacom', 50, 'node', 1),
('wwwscifioramacom', 51, 'node', 1),
('wwwscifioramacom', 52, 'node', 1),
('wwwscifioramacom', 53, 'node', 1),
('wwwscifioramacom', 55, 'node', 1),
('wwwscifioramacom', 66, 'node', 1),
('wwwscifioramacom', 68, 'node', 1),
('wwwyoutubecom', 73, 'node', 1),
('xsdsd', 77, 'node', 1),
('you', 5, 'node', 5),
('you', 8, 'node', 29),
('your', 21, 'node', 27),
('youtube', 73, 'node', 27),
('винчестер', 111, 'node', 8),
('винчестерже', 111, 'node', 1),
('винчестержесткий', 111, 'node', 1),
('диск', 111, 'node', 10),
('жесткий', 111, 'node', 9);

DROP TABLE IF EXISTS `prefixpinboard_search_node_links`;
CREATE TABLE `prefixpinboard_search_node_links` (
  `sid` int(10) unsigned NOT NULL DEFAULT '0' COMMENT 'The prefixpinboard_search_dataset.sid of the searchable item containing the link to the node.',
  `type` varchar(16) NOT NULL DEFAULT '' COMMENT 'The prefixpinboard_search_dataset.type of the searchable item containing the link to the node.',
  `nid` int(10) unsigned NOT NULL DEFAULT '0' COMMENT 'The prefixpinboard_node.nid that this item links to.',
  `caption` longtext COMMENT 'The text used to link to the prefixpinboard_node.nid.',
  PRIMARY KEY (`sid`,`type`,`nid`),
  KEY `nid` (`nid`)
) ENGINE=InnoDB DEFAULT CHARSET=utf8 COMMENT='Stores items (like nodes) that link to other nodes, used...';

INSERT INTO `prefixpinboard_search_node_links` (`sid`, `type`, `nid`, `caption`) VALUES
(4, 'node', 3, 'like'),
(77, 'node', 127, 'like');

DROP TABLE IF EXISTS `prefixpinboard_search_total`;
CREATE TABLE `prefixpinboard_search_total` (
  `word` varchar(50) NOT NULL DEFAULT '' COMMENT 'Primary Key: Unique word in the search index.',
  `count` float DEFAULT NULL COMMENT 'The count of the word in the index using Zipf’s law to equalize the probability distribution.',
  PRIMARY KEY (`word`)
) ENGINE=InnoDB DEFAULT CHARSET=utf8 COMMENT='Stores search totals for words.';

INSERT INTO `prefixpinboard_search_total` (`word`, `count`) VALUES
('0cay2dnuhcs', 0.30103),
('1', 0.00717858),
('10', 0.30103),
('1000', 0.30103),
('10000', 0.30103),
('11', 0.176091),
('13', 0.0147233),
('1409', 0.30103),
('1417', 0.176091),
('1500', 0.30103),
('15039sky', 0.0377886),
('15039skycloudsjpg', 0.0163904),
('156497rabocheemestokristinashteynbreherartdirektor', 0.30103),
('16', 0.176091),
('18', 0.01524),
('198363', 0.30103),
('2', 0.0142404),
('20', 0.0193052),
('20101011', 0.00827253),
('2012', 0.176091),
('2035', 0.30103),
('2056', 0.30103),
('2222', 0.0157943),
('240gb', 0.0511525),
('3', 0.30103),
('3000', 0.30103),
('30000', 0.30103),
('3122012', 0.176091),
('36574021', 0.30103),
('410', 0.0157943),
('4262012', 0.0579919),
('520', 0.0511525),
('6', 0.30103),
('600', 0.0157943),
('8', 0.30103),
('800', 0.0157943),
('9', 0.124939),
('about', 0.0163904),
('adipiscing', 0.00707861),
('admin', 0.00239281),
('adore', 0.0413927),
('aenean', 0.0254364),
('ain', 0.00694886),
('airing', 0.0157943),
('aliquam', 0.081935),
('aliquet', 0.0669468),
('amet', 0.00610813),
('and', 0.00366495),
('ante', 0.0391383),
('apparel', 0.00560388),
('apple', 0.00400274),
('architecture', 0.00115967),
('arcu', 0.0808654),
('art', 0.00172682),
('artanddesign', 0.30103),
('artdesign', 0.30103),
('asas', 0.30103),
('asdasdas', 0.0157943),
('asdfasd', 0.30103),
('asdfasdf', 0.30103),
('auctor', 0.176091),
('augue', 0.00259281),
('automatically', 0.00796893),
('baroque', 0.0457575),
('beauty', 0.00653087),
('bibendum', 0.129075),
('blandit', 0.058172),
('blog', 0.0042788),
('books', 0.00357446),
('born', 0.09691),
('break', 0.0157943),
('but', 0.012965),
('butternut', 0.00796893),
('cars', 0.00179091),
('cataloging', 0.0157943),
('circle', 0.0157943),
('collaboration', 0.00400274),
('commaseparated', 0.0157943),
('comments', 0.09691),
('commodo', 0.0804577),
('condimentum', 0.00513964),
('congi', 0.0157943),
('congue', 0.30103),
('consectetuer', 0.0147233),
('consectetur', 0.0673001),
('consequat', 0.046425),
('content', 0.0157943),
('context', 0.30103),
('crafts', 0.00490733),
('cras', 0.0598684),
('creamy', 0.00796893),
('csadfasdf', 0.30103),
('cum', 0.125929),
('curabitur', 0.00197089),
('cursus', 0.176091),
('dapibus', 0.0469005),
('dasfasdf', 0.0157943),
('decor', 0.00157639),
('describe', 0.0157943),
('design', 0.00129447),
('dfgdsfgsdfsdf', 0.30103),
('dfghryery', 0.30103),
('dfgsdf', 0.30103),
('dfhsrherherh', 0.30103),
('diam', 0.128294),
('dictum', 0.0579919),
('dictumst', 0.30103),
('dignissim', 0.189403),
('dis', 0.126649),
('diy', 0.00490733),
('dolor', 0.0113383),
('donec', 0.0347621),
('drink', 0.0377886),
('dsfgsdfgerytwer', 0.30103),
('dui', 0.00194542),
('duis', 0.080246),
('education', 0.00975984),
('eget', 0.00148584),
('eleifend', 0.0419757),
('elementum', 0.06018),
('elit', 0.013059),
('england', 0.0413927),
('enim', 0.0304131),
('enter', 0.0157943),
('erat', 0.30103),
('eros', 0.0841211),
('est', 0.100742),
('etiam', 0.00112449),
('euismod', 0.30103),
('example', 0.176091),
('facilisi', 0.30103),
('facilisis', 0.193998),
('fancy', 0.0122345),
('fantasy', 0.176091),
('faucibus', 0.09691),
('feature', 0.30103),
('featurepacked', 0.0157943),
('features', 0.30103),
('felis', 0.0579919),
('feng', 0.00400274),
('fermentum', 0.0829302),
('feugiat', 0.0988743),
('ffffound', 0.00796893),
('ffffoundcom', 0.176091),
('film', 0.00357446),
('find', 0.012965),
('fitness', 0.012965),
('flickr', 0.0157943),
('food', 0.0377886),
('for', 0.00400274),
('fringilla', 0.0518489),
('fsfdgsdf', 0.30103),
('full', 0.0157943),
('fulltime', 0.012965),
('funfilled', 0.0157943),
('fusce', 0.30103),
('g2162cb5foaaaaaaabaa', 0.30103),
('gardening', 0.00357446),
('geek', 0.012965),
('get', 0.0457575),
('glee', 0.0157943),
('glogo', 0.30103),
('google', 0.00400274),
('graphics', 0.0157943),
('gravida', 0.128027),
('habitasse', 0.30103),
('hac', 0.30103),
('hair', 0.00653087),
('has', 0.124939),
('have', 0.0579919),
('hendrerit', 0.0995235),
('history', 0.012965),
('holidays', 0.00975984),
('home', 0.0193052),
('http', 0.00281098),
('huge', 0.00796893),
('iaculis', 0.190185),
('idea', 0.0579919),
('illustration', 0.0157943),
('image', 0.00315852),
('images', 0.00663058),
('imperdiet', 0.0586169),
('indexphp', 0.09691),
('inspiring', 0.0157943),
('integer', 0.0420284),
('intel', 0.0511525),
('interdum', 0.30103),
('ipod', 0.0157943),
('ipodtouch', 0.30103),
('ipsum', 0.0111651),
('ireland', 0.0511525),
('jpeg', 0.0157943),
('justo', 0.0283169),
('kids', 0.0377886),
('know', 0.0157943),
('lacinia', 0.176091),
('lacus', 0.132209),
('lang', 0.09691),
('laoreet', 0.178905),
('leaps', 0.00796893),
('lectus', 0.30103),
('leo', 0.0351999),
('libero', 0.0134266),
('light', 0.00796893),
('ligula', 0.0384234),
('like', 0.000664161),
('likes', 0.00729924),
('lines', 0.0157943),
('list', 0.0157943),
('living', 0.0511525),
('lobortis', 0.0681809),
('log', 0.0467434),
('lol', 0.0157943),
('lorem', 0.0118992),
('luctus', 0.176091),
('macbook', 0.00400274),
('macbookpro', 0.176091),
('maecenas', 0.0071789),
('mag', 0.30103),
('magna', 0.124939),
('magnis', 0.126506),
('malesuada', 0.131476),
('manage', 0.012965),
('mar', 0.124939),
('massa', 0.0677815),
('mattis', 0.182335),
('mauris', 0.0422006),
('media', 0.00151586),
('men', 0.00560388),
('metus', 0.0598442),
('minimalist', 0.0122345),
('molestie', 0.100995),
('mollis', 0.0805616),
('mon', 0.176091),
('montes', 0.126931),
('morbi', 0.134193),
('more', 0.0457575),
('motorcycles', 0.00179091),
('much', 0.012965),
('mus', 0.127348),
('music', 0.00357446),
('n036811065646', 0.30103),
('nam', 0.00194489),
('nascetur', 0.127071),
('natoque', 0.126219),
('nature', 0.00975984),
('nec', 0.024144),
('neque', 0.012381),
('new', 0.00663058),
('nibh', 0.0669747),
('nisi', 0.0011154),
('nisl', 0.0613848),
('non', 0.047954),
('not', 0.124939),
('nouveau', 0.0413927),
('nulla', 0.0481677),
('nullam', 0.0511525),
('nunc', 0.0360847),
('odio', 0.0995235),
('office', 0.00400274),
('orci', 0.130442),
('ornare', 0.102624),
('ornate', 0.0457575),
('other', 0.012965),
('page', 0.00454763),
('paragraphs', 0.0157943),
('parturient', 0.12679),
('pede', 0.0511525),
('pellentesque', 0.058704),
('penatibus', 0.126363),
('people', 0.00782534),
('performance', 0.00532883),
('permalink', 0.00179091),
('pets', 0.0193052),
('pharetra', 0.187061),
('phasellus', 0.0829442),
('photo', 0.0157943),
('photography', 0.0115819),
('photos', 0.30103),
('photostream', 0.30103),
('pin', 0.00083278),
('pixels', 0.0157943),
('placerat', 0.0970591),
('platea', 0.30103),
('porttitor', 0.0511525),
('possible', 0.0511525),
('post', 0.09691),
('posuere', 0.130987),
('potenti', 0.30103),
('pretium', 0.0465163),
('pro', 0.00400274),
('products', 0.0377886),
('proin', 0.30103),
('pulvinar', 0.0702471),
('purus', 0.130182),
('quam', 0.0048525),
('quis', 0.0273435),
('quisque', 0.102945),
('ravioli', 0.00796893),
('register', 0.0467434),
('reply', 0.0024606),
('result', 0.00532883),
('rhoncus', 0.00141356),
('ridiculus', 0.12721),
('risus', 0.125635),
('rococo', 0.0413927),
('rthfgnsdfha', 0.30103),
('rutrum', 0.09691),
('sadfasd', 0.30103),
('safewallpapers', 0.0115819),
('sagittis', 0.0791812),
('sapien', 0.0464711),
('sauce', 0.00796893),
('scelerisque', 0.189564),
('science', 0.00975984),
('scifi', 0.176091),
('scifiorama', 0.00145981),
('scrapbook', 0.0157943),
('sdfdfdfsdfss', 0.30103),
('sdfsdfdsf', 0.30103),
('sdfstrerwete', 0.30103),
('sdsdf', 0.0157943),
('sed', 0.0347812),
('sem', 0.00376343),
('semper', 0.012965),
('sharing', 0.0157943),
('side', 0.0122345),
('sit', 0.00610813),
('sky', 0.0115819),
('slant', 0.176091),
('sociis', 0.126074),
('sodales', 0.0669468),
('sollicitudin', 0.100595),
('some', 0.0457575),
('somebody', 0.0157943),
('somnium', 0.0157943),
('sport9800jpg', 0.0157943),
('sportkstrim7181jpg', 0.00827253),
('sports', 0.00560388),
('square', 0.0157943),
('squash', 0.00796893),
('ssdsc2cw240a310', 0.0511525),
('still', 0.012965),
('submitted', 0.0193052),
('suscipit', 0.176091),
('suspendisse', 0.0988318),
('tastes', 0.0457575),
('team', 0.00400274),
('tell', 0.0118992),
('tellus', 0.00664736),
('tempor', 0.130801),
('tempus', 0.00706216),
('that', 0.0157943),
('the', 0.00407791),
('themesnapcom', 0.0248236),
('thu', 0.0579919),
('time', 0.012965),
('tincidunt', 0.0308197),
('tortor', 0.0973271),
('touch', 0.0157943),
('towards', 0.0457575),
('triangle', 0.0157943),
('tristique', 0.103648),
('tue', 0.0157943),
('turpis', 0.128623),
('ullamcorper', 0.00197857),
('ultrices', 0.100235),
('ultricies', 0.00112121),
('uploads', 0.00582954),
('urna', 0.0815729),
('used', 0.0157943),
('user', 0.124939),
('users', 0.0579919),
('usitercom', 0.00582954),
('varius', 0.0673315),
('veer', 0.0457575),
('vehicula', 0.18123),
('vel', 0.00247788),
('velit', 0.0837302),
('venenatis', 0.0591189),
('verified', 0.124939),
('vestibulum', 0.10413),
('vimeo', 0.0157943),
('vimeocom', 0.30103),
('visual', 0.0157943),
('vitae', 0.0268102),
('vivamus', 0.0813935),
('viverra', 0.0805195),
('volutpat', 0.1302),
('voted', 0.0413927),
('vulputate', 0.0423454),
('watch', 0.30103),
('web', 0.0137883),
('welcome', 0.0157943),
('well', 0.0263289),
('with', 0.00496342),
('words', 0.0157943),
('working', 0.012965),
('wow', 0.0157943),
('wwwapplecom', 0.09691),
('wwwfengofficecom', 0.09691),
('wwwflickrcom', 0.30103),
('wwwimgbaseinfo', 0.0115819),
('wwwlookatmeru', 0.30103),
('wwwscifioramacom', 0.0280287),
('wwwyoutubecom', 0.30103),
('xsdsd', 0.30103),
('you', 0.00934003),
('your', 0.0157943),
('youtube', 0.0157943),
('винчестер', 0.0511525),
('винчестерже', 0.30103),
('винчестержесткий', 0.30103),
('диск', 0.0413927),
('жесткий', 0.0457575);

DROP TABLE IF EXISTS `prefixpinboard_semaphore`;
CREATE TABLE `prefixpinboard_semaphore` (
  `name` varchar(255) NOT NULL DEFAULT '' COMMENT 'Primary Key: Unique name.',
  `value` varchar(255) NOT NULL DEFAULT '' COMMENT 'A value for the semaphore.',
  `expire` double NOT NULL COMMENT 'A Unix timestamp with microseconds indicating when the semaphore should expire.',
  PRIMARY KEY (`name`),
  KEY `value` (`value`),
  KEY `expire` (`expire`)
) ENGINE=InnoDB DEFAULT CHARSET=utf8 COMMENT='Table for holding semaphores, locks, flags, etc. that...';


DROP TABLE IF EXISTS `prefixpinboard_sequences`;
CREATE TABLE `prefixpinboard_sequences` (
  `value` int(10) unsigned NOT NULL AUTO_INCREMENT COMMENT 'The value of the sequence.',
  PRIMARY KEY (`value`)
) ENGINE=InnoDB  DEFAULT CHARSET=utf8 COMMENT='Stores IDs.' AUTO_INCREMENT=30 ;

INSERT INTO `prefixpinboard_sequences` (`value`) VALUES
(29);

DROP TABLE IF EXISTS `prefixpinboard_sessions`;
CREATE TABLE `prefixpinboard_sessions` (
  `uid` int(10) unsigned NOT NULL COMMENT 'The prefixpinboard_users.uid corresponding to a session, or 0 for anonymous user.',
  `sid` varchar(128) NOT NULL COMMENT 'A session ID. The value is generated by Drupal’s session handlers.',
  `ssid` varchar(128) NOT NULL DEFAULT '' COMMENT 'Secure session ID. The value is generated by Drupal’s session handlers.',
  `hostname` varchar(128) NOT NULL DEFAULT '' COMMENT 'The IP address that last used this session ID (sid).',
  `timestamp` int(11) NOT NULL DEFAULT '0' COMMENT 'The Unix timestamp when this session last requested a page. Old records are purged by PHP automatically.',
  `cache` int(11) NOT NULL DEFAULT '0' COMMENT 'The time of this user’s last post. This is used when the site has specified a minimum_cache_lifetime. See cache_get().',
  `session` longblob COMMENT 'The serialized contents of $_SESSION, an array of name/value pairs that persists across page requests by this session ID. Drupal loads $_SESSION from here at the start of each request and saves it at the end.',
  PRIMARY KEY (`sid`,`ssid`),
  KEY `timestamp` (`timestamp`),
  KEY `uid` (`uid`),
  KEY `ssid` (`ssid`)
) ENGINE=InnoDB DEFAULT CHARSET=utf8 COMMENT='Drupal’s session handlers read and write into the...';


DROP TABLE IF EXISTS `prefixpinboard_shortcut_set`;
CREATE TABLE `prefixpinboard_shortcut_set` (
  `set_name` varchar(32) NOT NULL DEFAULT '' COMMENT 'Primary Key: The prefixpinboard_menu_links.menu_name under which the set’s links are stored.',
  `title` varchar(255) NOT NULL DEFAULT '' COMMENT 'The title of the set.',
  PRIMARY KEY (`set_name`)
) ENGINE=InnoDB DEFAULT CHARSET=utf8 COMMENT='Stores information about sets of shortcuts links.';

INSERT INTO `prefixpinboard_shortcut_set` (`set_name`, `title`) VALUES
('shortcut-set-1', 'Default');

DROP TABLE IF EXISTS `prefixpinboard_shortcut_set_users`;
CREATE TABLE `prefixpinboard_shortcut_set_users` (
  `uid` int(10) unsigned NOT NULL DEFAULT '0' COMMENT 'The prefixpinboard_users.uid for this set.',
  `set_name` varchar(32) NOT NULL DEFAULT '' COMMENT 'The prefixpinboard_shortcut_set.set_name that will be displayed for this user.',
  PRIMARY KEY (`uid`),
  KEY `set_name` (`set_name`)
) ENGINE=InnoDB DEFAULT CHARSET=utf8 COMMENT='Maps users to shortcut sets.';


DROP TABLE IF EXISTS `prefixpinboard_system`;
CREATE TABLE `prefixpinboard_system` (
  `filename` varchar(255) NOT NULL DEFAULT '' COMMENT 'The path of the primary file for this item, relative to the Drupal root; e.g. modules/node/node.module.',
  `name` varchar(255) NOT NULL DEFAULT '' COMMENT 'The name of the item; e.g. node.',
  `type` varchar(12) NOT NULL DEFAULT '' COMMENT 'The type of the item, either module, theme, or theme_engine.',
  `owner` varchar(255) NOT NULL DEFAULT '' COMMENT 'A theme’s ’parent’ . Can be either a theme or an engine.',
  `status` int(11) NOT NULL DEFAULT '0' COMMENT 'Boolean indicating whether or not this item is enabled.',
  `bootstrap` int(11) NOT NULL DEFAULT '0' COMMENT 'Boolean indicating whether this module is loaded during Drupal’s early bootstrapping phase (e.g. even before the page cache is consulted).',
  `schema_version` smallint(6) NOT NULL DEFAULT '-1' COMMENT 'The module’s database schema version number. -1 if the module is not installed (its tables do not exist); 0 or the largest N of the module’s hook_update_N() function that has either been run or existed when the module was first installed.',
  `weight` int(11) NOT NULL DEFAULT '0' COMMENT 'The order in which this module’s hooks should be invoked relative to other modules. Equal-weighted modules are ordered by name.',
  `info` blob COMMENT 'A serialized array containing information from the module’s .info file; keys can include name, description, package, version, core, dependencies, and php.',
  PRIMARY KEY (`filename`),
  KEY `system_list` (`status`,`bootstrap`,`type`,`weight`,`name`),
  KEY `type_name` (`type`,`name`)
) ENGINE=InnoDB DEFAULT CHARSET=utf8 COMMENT='A list of all modules, themes, and theme engines that are...';

INSERT INTO `prefixpinboard_system` (`filename`, `name`, `type`, `owner`, `status`, `bootstrap`, `schema_version`, `weight`, `info`) VALUES
('modules/aggregator/aggregator.module', 'aggregator', 'module', '', 0, 0, -1, 0, 0x613a31333a7b733a343a226e616d65223b733a31303a2241676772656761746f72223b733a31313a226465736372697074696f6e223b733a35373a22416767726567617465732073796e6469636174656420636f6e74656e7420285253532c205244462c20616e642041746f6d206665656473292e223b733a373a227061636b616765223b733a343a22436f7265223b733a373a2276657273696f6e223b733a343a22372e3134223b733a343a22636f7265223b733a333a22372e78223b733a353a2266696c6573223b613a313a7b693a303b733a31353a2261676772656761746f722e74657374223b7d733a393a22636f6e666967757265223b733a34313a2261646d696e2f636f6e6669672f73657276696365732f61676772656761746f722f73657474696e6773223b733a31313a227374796c65736865657473223b613a313a7b733a333a22616c6c223b613a313a7b733a31343a2261676772656761746f722e637373223b733a33333a226d6f64756c65732f61676772656761746f722f61676772656761746f722e637373223b7d7d733a373a2270726f6a656374223b733a363a2264727570616c223b733a393a22646174657374616d70223b733a31303a2231333335393937353535223b733a31323a22646570656e64656e63696573223b613a303a7b7d733a333a22706870223b733a353a22352e322e34223b733a393a22626f6f747374726170223b693a303b7d),
('modules/aggregator/tests/aggregator_test.module', 'aggregator_test', 'module', '', 0, 0, -1, 0, 0x613a31323a7b733a343a226e616d65223b733a32333a2241676772656761746f72206d6f64756c65207465737473223b733a31313a226465736372697074696f6e223b733a34363a22537570706f7274206d6f64756c6520666f722061676772656761746f722072656c617465642074657374696e672e223b733a373a227061636b616765223b733a373a2254657374696e67223b733a373a2276657273696f6e223b733a343a22372e3134223b733a343a22636f7265223b733a333a22372e78223b733a363a2268696464656e223b623a313b733a373a2270726f6a656374223b733a363a2264727570616c223b733a393a22646174657374616d70223b733a31303a2231333335393937353535223b733a31323a22646570656e64656e63696573223b613a303a7b7d733a333a22706870223b733a353a22352e322e34223b733a353a2266696c6573223b613a303a7b7d733a393a22626f6f747374726170223b693a303b7d),
('modules/block/block.module', 'block', 'module', '', 1, 0, 7008, -5, 0x613a31323a7b733a343a226e616d65223b733a353a22426c6f636b223b733a31313a226465736372697074696f6e223b733a3134303a22436f6e74726f6c73207468652076697375616c206275696c64696e6720626c6f636b732061207061676520697320636f6e737472756374656420776974682e20426c6f636b732061726520626f786573206f6620636f6e74656e742072656e646572656420696e746f20616e20617265612c206f7220726567696f6e2c206f6620612077656220706167652e223b733a373a227061636b616765223b733a343a22436f7265223b733a373a2276657273696f6e223b733a343a22372e3134223b733a343a22636f7265223b733a333a22372e78223b733a353a2266696c6573223b613a313a7b693a303b733a31303a22626c6f636b2e74657374223b7d733a393a22636f6e666967757265223b733a32313a2261646d696e2f7374727563747572652f626c6f636b223b733a373a2270726f6a656374223b733a363a2264727570616c223b733a393a22646174657374616d70223b733a31303a2231333335393937353535223b733a31323a22646570656e64656e63696573223b613a303a7b7d733a333a22706870223b733a353a22352e322e34223b733a393a22626f6f747374726170223b693a303b7d),
('modules/block/tests/block_test.module', 'block_test', 'module', '', 0, 0, -1, 0, 0x613a31323a7b733a343a226e616d65223b733a31303a22426c6f636b2074657374223b733a31313a226465736372697074696f6e223b733a32313a2250726f7669646573207465737420626c6f636b732e223b733a373a227061636b616765223b733a373a2254657374696e67223b733a373a2276657273696f6e223b733a343a22372e3134223b733a343a22636f7265223b733a333a22372e78223b733a363a2268696464656e223b623a313b733a373a2270726f6a656374223b733a363a2264727570616c223b733a393a22646174657374616d70223b733a31303a2231333335393937353535223b733a31323a22646570656e64656e63696573223b613a303a7b7d733a333a22706870223b733a353a22352e322e34223b733a353a2266696c6573223b613a303a7b7d733a393a22626f6f747374726170223b693a303b7d),
('modules/blog/blog.module', 'blog', 'module', '', 1, 0, 0, 0, 0x613a31313a7b733a343a226e616d65223b733a343a22426c6f67223b733a31313a226465736372697074696f6e223b733a32353a22456e61626c6573206d756c74692d7573657220626c6f67732e223b733a373a227061636b616765223b733a343a22436f7265223b733a373a2276657273696f6e223b733a343a22372e3134223b733a343a22636f7265223b733a333a22372e78223b733a353a2266696c6573223b613a313a7b693a303b733a393a22626c6f672e74657374223b7d733a373a2270726f6a656374223b733a363a2264727570616c223b733a393a22646174657374616d70223b733a31303a2231333335393937353535223b733a31323a22646570656e64656e63696573223b613a303a7b7d733a333a22706870223b733a353a22352e322e34223b733a393a22626f6f747374726170223b693a303b7d),
('modules/book/book.module', 'book', 'module', '', 0, 0, -1, 0, 0x613a31333a7b733a343a226e616d65223b733a343a22426f6f6b223b733a31313a226465736372697074696f6e223b733a36363a22416c6c6f777320757365727320746f2063726561746520616e64206f7267616e697a652072656c6174656420636f6e74656e7420696e20616e206f75746c696e652e223b733a373a227061636b616765223b733a343a22436f7265223b733a373a2276657273696f6e223b733a343a22372e3134223b733a343a22636f7265223b733a333a22372e78223b733a353a2266696c6573223b613a313a7b693a303b733a393a22626f6f6b2e74657374223b7d733a393a22636f6e666967757265223b733a32373a2261646d696e2f636f6e74656e742f626f6f6b2f73657474696e6773223b733a31313a227374796c65736865657473223b613a313a7b733a333a22616c6c223b613a313a7b733a383a22626f6f6b2e637373223b733a32313a226d6f64756c65732f626f6f6b2f626f6f6b2e637373223b7d7d733a373a2270726f6a656374223b733a363a2264727570616c223b733a393a22646174657374616d70223b733a31303a2231333335393937353535223b733a31323a22646570656e64656e63696573223b613a303a7b7d733a333a22706870223b733a353a22352e322e34223b733a393a22626f6f747374726170223b693a303b7d),
('modules/color/color.module', 'color', 'module', '', 1, 0, 7001, 0, 0x613a31313a7b733a343a226e616d65223b733a353a22436f6c6f72223b733a31313a226465736372697074696f6e223b733a37303a22416c6c6f77732061646d696e6973747261746f727320746f206368616e67652074686520636f6c6f7220736368656d65206f6620636f6d70617469626c65207468656d65732e223b733a373a227061636b616765223b733a343a22436f7265223b733a373a2276657273696f6e223b733a343a22372e3134223b733a343a22636f7265223b733a333a22372e78223b733a353a2266696c6573223b613a313a7b693a303b733a31303a22636f6c6f722e74657374223b7d733a373a2270726f6a656374223b733a363a2264727570616c223b733a393a22646174657374616d70223b733a31303a2231333335393937353535223b733a31323a22646570656e64656e63696573223b613a303a7b7d733a333a22706870223b733a353a22352e322e34223b733a393a22626f6f747374726170223b693a303b7d),
('modules/comment/comment.module', 'comment', 'module', '', 1, 0, 7009, 0, 0x613a31333a7b733a343a226e616d65223b733a373a22436f6d6d656e74223b733a31313a226465736372697074696f6e223b733a35373a22416c6c6f777320757365727320746f20636f6d6d656e74206f6e20616e642064697363757373207075626c697368656420636f6e74656e742e223b733a373a227061636b616765223b733a343a22436f7265223b733a373a2276657273696f6e223b733a343a22372e3134223b733a343a22636f7265223b733a333a22372e78223b733a31323a22646570656e64656e63696573223b613a313a7b693a303b733a343a2274657874223b7d733a353a2266696c6573223b613a323a7b693a303b733a31343a22636f6d6d656e742e6d6f64756c65223b693a313b733a31323a22636f6d6d656e742e74657374223b7d733a393a22636f6e666967757265223b733a32313a2261646d696e2f636f6e74656e742f636f6d6d656e74223b733a31313a227374796c65736865657473223b613a313a7b733a333a22616c6c223b613a313a7b733a31313a22636f6d6d656e742e637373223b733a32373a226d6f64756c65732f636f6d6d656e742f636f6d6d656e742e637373223b7d7d733a373a2270726f6a656374223b733a363a2264727570616c223b733a393a22646174657374616d70223b733a31303a2231333335393937353535223b733a333a22706870223b733a353a22352e322e34223b733a393a22626f6f747374726170223b693a303b7d),
('modules/contact/contact.module', 'contact', 'module', '', 1, 0, 7003, 0, 0x613a31323a7b733a343a226e616d65223b733a373a22436f6e74616374223b733a31313a226465736372697074696f6e223b733a36313a22456e61626c65732074686520757365206f6620626f746820706572736f6e616c20616e6420736974652d7769646520636f6e7461637420666f726d732e223b733a373a227061636b616765223b733a343a22436f7265223b733a373a2276657273696f6e223b733a343a22372e3134223b733a343a22636f7265223b733a333a22372e78223b733a353a2266696c6573223b613a313a7b693a303b733a31323a22636f6e746163742e74657374223b7d733a393a22636f6e666967757265223b733a32333a2261646d696e2f7374727563747572652f636f6e74616374223b733a373a2270726f6a656374223b733a363a2264727570616c223b733a393a22646174657374616d70223b733a31303a2231333335393937353535223b733a31323a22646570656e64656e63696573223b613a303a7b7d733a333a22706870223b733a353a22352e322e34223b733a393a22626f6f747374726170223b693a303b7d),
('modules/contextual/contextual.module', 'contextual', 'module', '', 1, 0, 0, 0, 0x613a31313a7b733a343a226e616d65223b733a31363a22436f6e7465787475616c206c696e6b73223b733a31313a226465736372697074696f6e223b733a37353a2250726f766964657320636f6e7465787475616c206c696e6b7320746f20706572666f726d20616374696f6e732072656c6174656420746f20656c656d656e7473206f6e206120706167652e223b733a373a227061636b616765223b733a343a22436f7265223b733a373a2276657273696f6e223b733a343a22372e3134223b733a343a22636f7265223b733a333a22372e78223b733a353a2266696c6573223b613a313a7b693a303b733a31353a22636f6e7465787475616c2e74657374223b7d733a373a2270726f6a656374223b733a363a2264727570616c223b733a393a22646174657374616d70223b733a31303a2231333335393937353535223b733a31323a22646570656e64656e63696573223b613a303a7b7d733a333a22706870223b733a353a22352e322e34223b733a393a22626f6f747374726170223b693a303b7d),
('modules/dashboard/dashboard.module', 'dashboard', 'module', '', 1, 0, 0, 0, 0x613a31323a7b733a343a226e616d65223b733a393a2244617368626f617264223b733a31313a226465736372697074696f6e223b733a3133363a2250726f766964657320612064617368626f617264207061676520696e207468652061646d696e69737472617469766520696e7465726661636520666f72206f7267616e697a696e672061646d696e697374726174697665207461736b7320616e6420747261636b696e6720696e666f726d6174696f6e2077697468696e20796f757220736974652e223b733a343a22636f7265223b733a333a22372e78223b733a373a227061636b616765223b733a343a22436f7265223b733a373a2276657273696f6e223b733a343a22372e3134223b733a353a2266696c6573223b613a313a7b693a303b733a31343a2264617368626f6172642e74657374223b7d733a31323a22646570656e64656e63696573223b613a313a7b693a303b733a353a22626c6f636b223b7d733a393a22636f6e666967757265223b733a32353a2261646d696e2f64617368626f6172642f637573746f6d697a65223b733a373a2270726f6a656374223b733a363a2264727570616c223b733a393a22646174657374616d70223b733a31303a2231333335393937353535223b733a333a22706870223b733a353a22352e322e34223b733a393a22626f6f747374726170223b693a303b7d),
('modules/dblog/dblog.module', 'dblog', 'module', '', 1, 1, 7001, 0, 0x613a31313a7b733a343a226e616d65223b733a31363a224461746162617365206c6f6767696e67223b733a31313a226465736372697074696f6e223b733a34373a224c6f677320616e64207265636f7264732073797374656d206576656e747320746f207468652064617461626173652e223b733a373a227061636b616765223b733a343a22436f7265223b733a373a2276657273696f6e223b733a343a22372e3134223b733a343a22636f7265223b733a333a22372e78223b733a353a2266696c6573223b613a313a7b693a303b733a31303a2264626c6f672e74657374223b7d733a373a2270726f6a656374223b733a363a2264727570616c223b733a393a22646174657374616d70223b733a31303a2231333335393937353535223b733a31323a22646570656e64656e63696573223b613a303a7b7d733a333a22706870223b733a353a22352e322e34223b733a393a22626f6f747374726170223b693a303b7d),
('modules/field/field.module', 'field', 'module', '', 1, 0, 7002, 0, 0x613a31333a7b733a343a226e616d65223b733a353a224669656c64223b733a31313a226465736372697074696f6e223b733a35373a224669656c642041504920746f20616464206669656c647320746f20656e746974696573206c696b65206e6f64657320616e642075736572732e223b733a373a227061636b616765223b733a343a22436f7265223b733a373a2276657273696f6e223b733a343a22372e3134223b733a343a22636f7265223b733a333a22372e78223b733a353a2266696c6573223b613a333a7b693a303b733a31323a226669656c642e6d6f64756c65223b693a313b733a31363a226669656c642e6174746163682e696e63223b693a323b733a31363a2274657374732f6669656c642e74657374223b7d733a31323a22646570656e64656e63696573223b613a313a7b693a303b733a31373a226669656c645f73716c5f73746f72616765223b7d733a383a227265717569726564223b623a313b733a31313a227374796c65736865657473223b613a313a7b733a333a22616c6c223b613a313a7b733a31353a227468656d652f6669656c642e637373223b733a32393a226d6f64756c65732f6669656c642f7468656d652f6669656c642e637373223b7d7d733a373a2270726f6a656374223b733a363a2264727570616c223b733a393a22646174657374616d70223b733a31303a2231333335393937353535223b733a333a22706870223b733a353a22352e322e34223b733a393a22626f6f747374726170223b693a303b7d),
('modules/field/modules/field_sql_storage/field_sql_storage.module', 'field_sql_storage', 'module', '', 1, 0, 7002, 0, 0x613a31323a7b733a343a226e616d65223b733a31373a224669656c642053514c2073746f72616765223b733a31313a226465736372697074696f6e223b733a33373a2253746f726573206669656c64206461746120696e20616e2053514c2064617461626173652e223b733a373a227061636b616765223b733a343a22436f7265223b733a373a2276657273696f6e223b733a343a22372e3134223b733a343a22636f7265223b733a333a22372e78223b733a31323a22646570656e64656e63696573223b613a313a7b693a303b733a353a226669656c64223b7d733a353a2266696c6573223b613a313a7b693a303b733a32323a226669656c645f73716c5f73746f726167652e74657374223b7d733a383a227265717569726564223b623a313b733a373a2270726f6a656374223b733a363a2264727570616c223b733a393a22646174657374616d70223b733a31303a2231333335393937353535223b733a333a22706870223b733a353a22352e322e34223b733a393a22626f6f747374726170223b693a303b7d),
('modules/field/modules/list/list.module', 'list', 'module', '', 1, 0, 7002, 0, 0x613a31313a7b733a343a226e616d65223b733a343a224c697374223b733a31313a226465736372697074696f6e223b733a36393a22446566696e6573206c697374206669656c642074797065732e205573652077697468204f7074696f6e7320746f206372656174652073656c656374696f6e206c697374732e223b733a373a227061636b616765223b733a343a22436f7265223b733a373a2276657273696f6e223b733a343a22372e3134223b733a343a22636f7265223b733a333a22372e78223b733a31323a22646570656e64656e63696573223b613a323a7b693a303b733a353a226669656c64223b693a313b733a373a226f7074696f6e73223b7d733a353a2266696c6573223b613a313a7b693a303b733a31353a2274657374732f6c6973742e74657374223b7d733a373a2270726f6a656374223b733a363a2264727570616c223b733a393a22646174657374616d70223b733a31303a2231333335393937353535223b733a333a22706870223b733a353a22352e322e34223b733a393a22626f6f747374726170223b693a303b7d),
('modules/field/modules/list/tests/list_test.module', 'list_test', 'module', '', 0, 0, -1, 0, 0x613a31323a7b733a343a226e616d65223b733a393a224c6973742074657374223b733a31313a226465736372697074696f6e223b733a34313a22537570706f7274206d6f64756c6520666f7220746865204c697374206d6f64756c652074657374732e223b733a343a22636f7265223b733a333a22372e78223b733a373a227061636b616765223b733a373a2254657374696e67223b733a373a2276657273696f6e223b733a343a22372e3134223b733a363a2268696464656e223b623a313b733a373a2270726f6a656374223b733a363a2264727570616c223b733a393a22646174657374616d70223b733a31303a2231333335393937353535223b733a31323a22646570656e64656e63696573223b613a303a7b7d733a333a22706870223b733a353a22352e322e34223b733a353a2266696c6573223b613a303a7b7d733a393a22626f6f747374726170223b693a303b7d),
('modules/field/modules/number/number.module', 'number', 'module', '', 1, 0, 0, 0, 0x613a31333a7b733a343a226e616d65223b733a363a224e756d626572223b733a31313a226465736372697074696f6e223b733a32383a22446566696e6573206e756d65726963206669656c642074797065732e223b733a373a227061636b616765223b733a343a22436f7265223b733a373a2276657273696f6e223b733a343a22372e3134223b733a343a22636f7265223b733a333a22372e78223b733a31323a22646570656e64656e63696573223b613a313a7b693a303b733a353a226669656c64223b7d733a353a2266696c6573223b613a313a7b693a303b733a31313a226e756d6265722e74657374223b7d733a373a2270726f6a656374223b733a363a2264727570616c223b733a393a22646174657374616d70223b733a31303a2231333335393937353535223b733a333a22706870223b733a353a22352e322e34223b733a393a22626f6f747374726170223b693a303b733a383a227265717569726564223b623a313b733a31313a226578706c616e6174696f6e223b733a37333a224669656c64207479706528732920696e20757365202d20736565203c6120687265663d222f61646d696e2f7265706f7274732f6669656c6473223e4669656c64206c6973743c2f613e223b7d),
('modules/field/modules/options/options.module', 'options', 'module', '', 1, 0, 0, 0, 0x613a31313a7b733a343a226e616d65223b733a373a224f7074696f6e73223b733a31313a226465736372697074696f6e223b733a38323a22446566696e65732073656c656374696f6e2c20636865636b20626f7820616e6420726164696f20627574746f6e207769646765747320666f72207465787420616e64206e756d65726963206669656c64732e223b733a373a227061636b616765223b733a343a22436f7265223b733a373a2276657273696f6e223b733a343a22372e3134223b733a343a22636f7265223b733a333a22372e78223b733a31323a22646570656e64656e63696573223b613a313a7b693a303b733a353a226669656c64223b7d733a353a2266696c6573223b613a313a7b693a303b733a31323a226f7074696f6e732e74657374223b7d733a373a2270726f6a656374223b733a363a2264727570616c223b733a393a22646174657374616d70223b733a31303a2231333335393937353535223b733a333a22706870223b733a353a22352e322e34223b733a393a22626f6f747374726170223b693a303b7d),
('modules/field/modules/text/text.module', 'text', 'module', '', 1, 0, 7000, 0, 0x613a31333a7b733a343a226e616d65223b733a343a2254657874223b733a31313a226465736372697074696f6e223b733a33323a22446566696e65732073696d706c652074657874206669656c642074797065732e223b733a373a227061636b616765223b733a343a22436f7265223b733a373a2276657273696f6e223b733a343a22372e3134223b733a343a22636f7265223b733a333a22372e78223b733a31323a22646570656e64656e63696573223b613a313a7b693a303b733a353a226669656c64223b7d733a353a2266696c6573223b613a313a7b693a303b733a393a22746578742e74657374223b7d733a383a227265717569726564223b623a313b733a373a2270726f6a656374223b733a363a2264727570616c223b733a393a22646174657374616d70223b733a31303a2231333335393937353535223b733a333a22706870223b733a353a22352e322e34223b733a393a22626f6f747374726170223b693a303b733a31313a226578706c616e6174696f6e223b733a37333a224669656c64207479706528732920696e20757365202d20736565203c6120687265663d222f61646d696e2f7265706f7274732f6669656c6473223e4669656c64206c6973743c2f613e223b7d),
('modules/field/tests/field_test.module', 'field_test', 'module', '', 0, 0, -1, 0, 0x613a31323a7b733a343a226e616d65223b733a31343a224669656c64204150492054657374223b733a31313a226465736372697074696f6e223b733a33393a22537570706f7274206d6f64756c6520666f7220746865204669656c64204150492074657374732e223b733a343a22636f7265223b733a333a22372e78223b733a373a227061636b616765223b733a373a2254657374696e67223b733a353a2266696c6573223b613a313a7b693a303b733a32313a226669656c645f746573742e656e746974792e696e63223b7d733a373a2276657273696f6e223b733a343a22372e3134223b733a363a2268696464656e223b623a313b733a373a2270726f6a656374223b733a363a2264727570616c223b733a393a22646174657374616d70223b733a31303a2231333335393937353535223b733a31323a22646570656e64656e63696573223b613a303a7b7d733a333a22706870223b733a353a22352e322e34223b733a393a22626f6f747374726170223b693a303b7d),
('modules/field_ui/field_ui.module', 'field_ui', 'module', '', 1, 0, 0, 0, 0x613a31313a7b733a343a226e616d65223b733a383a224669656c64205549223b733a31313a226465736372697074696f6e223b733a33333a225573657220696e7465726661636520666f7220746865204669656c64204150492e223b733a373a227061636b616765223b733a343a22436f7265223b733a373a2276657273696f6e223b733a343a22372e3134223b733a343a22636f7265223b733a333a22372e78223b733a31323a22646570656e64656e63696573223b613a313a7b693a303b733a353a226669656c64223b7d733a353a2266696c6573223b613a313a7b693a303b733a31333a226669656c645f75692e74657374223b7d733a373a2270726f6a656374223b733a363a2264727570616c223b733a393a22646174657374616d70223b733a31303a2231333335393937353535223b733a333a22706870223b733a353a22352e322e34223b733a393a22626f6f747374726170223b693a303b7d),
('modules/file/file.module', 'file', 'module', '', 1, 0, 0, 0, 0x613a31313a7b733a343a226e616d65223b733a343a2246696c65223b733a31313a226465736372697074696f6e223b733a32363a22446566696e657320612066696c65206669656c6420747970652e223b733a373a227061636b616765223b733a343a22436f7265223b733a373a2276657273696f6e223b733a343a22372e3134223b733a343a22636f7265223b733a333a22372e78223b733a31323a22646570656e64656e63696573223b613a313a7b693a303b733a353a226669656c64223b7d733a353a2266696c6573223b613a313a7b693a303b733a31353a2274657374732f66696c652e74657374223b7d733a373a2270726f6a656374223b733a363a2264727570616c223b733a393a22646174657374616d70223b733a31303a2231333335393937353535223b733a333a22706870223b733a353a22352e322e34223b733a393a22626f6f747374726170223b693a303b7d),
('modules/file/tests/file_module_test.module', 'file_module_test', 'module', '', 0, 0, -1, 0, 0x613a31323a7b733a343a226e616d65223b733a393a2246696c652074657374223b733a31313a226465736372697074696f6e223b733a35333a2250726f766964657320686f6f6b7320666f722074657374696e672046696c65206d6f64756c652066756e6374696f6e616c6974792e223b733a373a227061636b616765223b733a343a22436f7265223b733a373a2276657273696f6e223b733a343a22372e3134223b733a343a22636f7265223b733a333a22372e78223b733a363a2268696464656e223b623a313b733a373a2270726f6a656374223b733a363a2264727570616c223b733a393a22646174657374616d70223b733a31303a2231333335393937353535223b733a31323a22646570656e64656e63696573223b613a303a7b7d733a333a22706870223b733a353a22352e322e34223b733a353a2266696c6573223b613a303a7b7d733a393a22626f6f747374726170223b693a303b7d),
('modules/filter/filter.module', 'filter', 'module', '', 1, 0, 7010, 0, 0x613a31333a7b733a343a226e616d65223b733a363a2246696c746572223b733a31313a226465736372697074696f6e223b733a34333a2246696c7465727320636f6e74656e7420696e207072657061726174696f6e20666f7220646973706c61792e223b733a373a227061636b616765223b733a343a22436f7265223b733a373a2276657273696f6e223b733a343a22372e3134223b733a343a22636f7265223b733a333a22372e78223b733a353a2266696c6573223b613a313a7b693a303b733a31313a2266696c7465722e74657374223b7d733a383a227265717569726564223b623a313b733a393a22636f6e666967757265223b733a32383a2261646d696e2f636f6e6669672f636f6e74656e742f666f726d617473223b733a373a2270726f6a656374223b733a363a2264727570616c223b733a393a22646174657374616d70223b733a31303a2231333335393937353535223b733a31323a22646570656e64656e63696573223b613a303a7b7d733a333a22706870223b733a353a22352e322e34223b733a393a22626f6f747374726170223b693a303b7d),
('modules/forum/forum.module', 'forum', 'module', '', 0, 0, -1, 0, 0x613a31333a7b733a343a226e616d65223b733a353a22466f72756d223b733a31313a226465736372697074696f6e223b733a32373a2250726f76696465732064697363757373696f6e20666f72756d732e223b733a31323a22646570656e64656e63696573223b613a323a7b693a303b733a383a227461786f6e6f6d79223b693a313b733a373a22636f6d6d656e74223b7d733a373a227061636b616765223b733a343a22436f7265223b733a373a2276657273696f6e223b733a343a22372e3134223b733a343a22636f7265223b733a333a22372e78223b733a353a2266696c6573223b613a313a7b693a303b733a31303a22666f72756d2e74657374223b7d733a393a22636f6e666967757265223b733a32313a2261646d696e2f7374727563747572652f666f72756d223b733a31313a227374796c65736865657473223b613a313a7b733a333a22616c6c223b613a313a7b733a393a22666f72756d2e637373223b733a32333a226d6f64756c65732f666f72756d2f666f72756d2e637373223b7d7d733a373a2270726f6a656374223b733a363a2264727570616c223b733a393a22646174657374616d70223b733a31303a2231333335393937353535223b733a333a22706870223b733a353a22352e322e34223b733a393a22626f6f747374726170223b693a303b7d),
('modules/help/help.module', 'help', 'module', '', 1, 0, 0, 0, 0x613a31313a7b733a343a226e616d65223b733a343a2248656c70223b733a31313a226465736372697074696f6e223b733a33353a224d616e616765732074686520646973706c6179206f66206f6e6c696e652068656c702e223b733a373a227061636b616765223b733a343a22436f7265223b733a373a2276657273696f6e223b733a343a22372e3134223b733a343a22636f7265223b733a333a22372e78223b733a353a2266696c6573223b613a313a7b693a303b733a393a2268656c702e74657374223b7d733a373a2270726f6a656374223b733a363a2264727570616c223b733a393a22646174657374616d70223b733a31303a2231333335393937353535223b733a31323a22646570656e64656e63696573223b613a303a7b7d733a333a22706870223b733a353a22352e322e34223b733a393a22626f6f747374726170223b693a303b7d),
('modules/image/image.module', 'image', 'module', '', 1, 0, 7004, 0, 0x613a31343a7b733a343a226e616d65223b733a353a22496d616765223b733a31313a226465736372697074696f6e223b733a33343a2250726f766964657320696d616765206d616e6970756c6174696f6e20746f6f6c732e223b733a373a227061636b616765223b733a343a22436f7265223b733a373a2276657273696f6e223b733a343a22372e3134223b733a343a22636f7265223b733a333a22372e78223b733a31323a22646570656e64656e63696573223b613a313a7b693a303b733a343a2266696c65223b7d733a353a2266696c6573223b613a313a7b693a303b733a31303a22696d6167652e74657374223b7d733a393a22636f6e666967757265223b733a33313a2261646d696e2f636f6e6669672f6d656469612f696d6167652d7374796c6573223b733a373a2270726f6a656374223b733a363a2264727570616c223b733a393a22646174657374616d70223b733a31303a2231333335393937353535223b733a333a22706870223b733a353a22352e322e34223b733a393a22626f6f747374726170223b693a303b733a383a227265717569726564223b623a313b733a31313a226578706c616e6174696f6e223b733a37333a224669656c64207479706528732920696e20757365202d20736565203c6120687265663d222f61646d696e2f7265706f7274732f6669656c6473223e4669656c64206c6973743c2f613e223b7d),
('modules/image/tests/image_module_test.module', 'image_module_test', 'module', '', 0, 0, -1, 0, 0x613a31323a7b733a343a226e616d65223b733a31303a22496d6167652074657374223b733a31313a226465736372697074696f6e223b733a36393a2250726f766964657320686f6f6b20696d706c656d656e746174696f6e7320666f722074657374696e6720496d616765206d6f64756c652066756e6374696f6e616c6974792e223b733a373a227061636b616765223b733a343a22436f7265223b733a373a2276657273696f6e223b733a343a22372e3134223b733a343a22636f7265223b733a333a22372e78223b733a353a2266696c6573223b613a313a7b693a303b733a32343a22696d6167655f6d6f64756c655f746573742e6d6f64756c65223b7d733a363a2268696464656e223b623a313b733a373a2270726f6a656374223b733a363a2264727570616c223b733a393a22646174657374616d70223b733a31303a2231333335393937353535223b733a31323a22646570656e64656e63696573223b613a303a7b7d733a333a22706870223b733a353a22352e322e34223b733a393a22626f6f747374726170223b693a303b7d),
('modules/locale/locale.module', 'locale', 'module', '', 1, 0, 7004, 0, 0x613a31323a7b733a343a226e616d65223b733a363a224c6f63616c65223b733a31313a226465736372697074696f6e223b733a3131393a2241646473206c616e67756167652068616e646c696e672066756e6374696f6e616c69747920616e6420656e61626c657320746865207472616e736c6174696f6e206f6620746865207573657220696e7465726661636520746f206c616e677561676573206f74686572207468616e20456e676c6973682e223b733a373a227061636b616765223b733a343a22436f7265223b733a373a2276657273696f6e223b733a343a22372e3134223b733a343a22636f7265223b733a333a22372e78223b733a353a2266696c6573223b613a313a7b693a303b733a31313a226c6f63616c652e74657374223b7d733a393a22636f6e666967757265223b733a33303a2261646d696e2f636f6e6669672f726567696f6e616c2f6c616e6775616765223b733a373a2270726f6a656374223b733a363a2264727570616c223b733a393a22646174657374616d70223b733a31303a2231333335393937353535223b733a31323a22646570656e64656e63696573223b613a303a7b7d733a333a22706870223b733a353a22352e322e34223b733a393a22626f6f747374726170223b693a303b7d),
('modules/locale/tests/locale_test.module', 'locale_test', 'module', '', 0, 0, -1, 0, 0x613a31323a7b733a343a226e616d65223b733a31313a224c6f63616c652054657374223b733a31313a226465736372697074696f6e223b733a34323a22537570706f7274206d6f64756c6520666f7220746865206c6f63616c65206c617965722074657374732e223b733a343a22636f7265223b733a333a22372e78223b733a373a227061636b616765223b733a373a2254657374696e67223b733a373a2276657273696f6e223b733a343a22372e3134223b733a363a2268696464656e223b623a313b733a373a2270726f6a656374223b733a363a2264727570616c223b733a393a22646174657374616d70223b733a31303a2231333335393937353535223b733a31323a22646570656e64656e63696573223b613a303a7b7d733a333a22706870223b733a353a22352e322e34223b733a353a2266696c6573223b613a303a7b7d733a393a22626f6f747374726170223b693a303b7d),
('modules/menu/menu.module', 'menu', 'module', '', 1, 0, 7003, 0, 0x613a31323a7b733a343a226e616d65223b733a343a224d656e75223b733a31313a226465736372697074696f6e223b733a36303a22416c6c6f77732061646d696e6973747261746f727320746f20637573746f6d697a65207468652073697465206e617669676174696f6e206d656e752e223b733a373a227061636b616765223b733a343a22436f7265223b733a373a2276657273696f6e223b733a343a22372e3134223b733a343a22636f7265223b733a333a22372e78223b733a353a2266696c6573223b613a313a7b693a303b733a393a226d656e752e74657374223b7d733a393a22636f6e666967757265223b733a32303a2261646d696e2f7374727563747572652f6d656e75223b733a373a2270726f6a656374223b733a363a2264727570616c223b733a393a22646174657374616d70223b733a31303a2231333335393937353535223b733a31323a22646570656e64656e63696573223b613a303a7b7d733a333a22706870223b733a353a22352e322e34223b733a393a22626f6f747374726170223b693a303b7d),
('modules/node/node.module', 'node', 'module', '', 1, 0, 7013, 0, 0x613a31343a7b733a343a226e616d65223b733a343a224e6f6465223b733a31313a226465736372697074696f6e223b733a36363a22416c6c6f777320636f6e74656e7420746f206265207375626d697474656420746f20746865207369746520616e6420646973706c61796564206f6e2070616765732e223b733a373a227061636b616765223b733a343a22436f7265223b733a373a2276657273696f6e223b733a343a22372e3134223b733a343a22636f7265223b733a333a22372e78223b733a353a2266696c6573223b613a323a7b693a303b733a31313a226e6f64652e6d6f64756c65223b693a313b733a393a226e6f64652e74657374223b7d733a383a227265717569726564223b623a313b733a393a22636f6e666967757265223b733a32313a2261646d696e2f7374727563747572652f7479706573223b733a31313a227374796c65736865657473223b613a313a7b733a333a22616c6c223b613a313a7b733a383a226e6f64652e637373223b733a32313a226d6f64756c65732f6e6f64652f6e6f64652e637373223b7d7d733a373a2270726f6a656374223b733a363a2264727570616c223b733a393a22646174657374616d70223b733a31303a2231333335393937353535223b733a31323a22646570656e64656e63696573223b613a303a7b7d733a333a22706870223b733a353a22352e322e34223b733a393a22626f6f747374726170223b693a303b7d),
('modules/node/tests/node_access_test.module', 'node_access_test', 'module', '', 0, 0, -1, 0, 0x613a31323a7b733a343a226e616d65223b733a32343a224e6f6465206d6f64756c6520616363657373207465737473223b733a31313a226465736372697074696f6e223b733a34333a22537570706f7274206d6f64756c6520666f72206e6f6465207065726d697373696f6e2074657374696e672e223b733a373a227061636b616765223b733a373a2254657374696e67223b733a373a2276657273696f6e223b733a343a22372e3134223b733a343a22636f7265223b733a333a22372e78223b733a363a2268696464656e223b623a313b733a373a2270726f6a656374223b733a363a2264727570616c223b733a393a22646174657374616d70223b733a31303a2231333335393937353535223b733a31323a22646570656e64656e63696573223b613a303a7b7d733a333a22706870223b733a353a22352e322e34223b733a353a2266696c6573223b613a303a7b7d733a393a22626f6f747374726170223b693a303b7d),
('modules/node/tests/node_test.module', 'node_test', 'module', '', 0, 0, -1, 0, 0x613a31323a7b733a343a226e616d65223b733a31373a224e6f6465206d6f64756c65207465737473223b733a31313a226465736372697074696f6e223b733a34303a22537570706f7274206d6f64756c6520666f72206e6f64652072656c617465642074657374696e672e223b733a373a227061636b616765223b733a373a2254657374696e67223b733a373a2276657273696f6e223b733a343a22372e3134223b733a343a22636f7265223b733a333a22372e78223b733a363a2268696464656e223b623a313b733a373a2270726f6a656374223b733a363a2264727570616c223b733a393a22646174657374616d70223b733a31303a2231333335393937353535223b733a31323a22646570656e64656e63696573223b613a303a7b7d733a333a22706870223b733a353a22352e322e34223b733a353a2266696c6573223b613a303a7b7d733a393a22626f6f747374726170223b693a303b7d),
('modules/node/tests/node_test_exception.module', 'node_test_exception', 'module', '', 0, 0, -1, 0, 0x613a31323a7b733a343a226e616d65223b733a32373a224e6f6465206d6f64756c6520657863657074696f6e207465737473223b733a31313a226465736372697074696f6e223b733a35303a22537570706f7274206d6f64756c6520666f72206e6f64652072656c6174656420657863657074696f6e2074657374696e672e223b733a373a227061636b616765223b733a373a2254657374696e67223b733a373a2276657273696f6e223b733a343a22372e3134223b733a343a22636f7265223b733a333a22372e78223b733a363a2268696464656e223b623a313b733a373a2270726f6a656374223b733a363a2264727570616c223b733a393a22646174657374616d70223b733a31303a2231333335393937353535223b733a31323a22646570656e64656e63696573223b613a303a7b7d733a333a22706870223b733a353a22352e322e34223b733a353a2266696c6573223b613a303a7b7d733a393a22626f6f747374726170223b693a303b7d),
('modules/openid/openid.module', 'openid', 'module', '', 0, 0, -1, 0, 0x613a31313a7b733a343a226e616d65223b733a363a224f70656e4944223b733a31313a226465736372697074696f6e223b733a34383a22416c6c6f777320757365727320746f206c6f6720696e746f20796f75722073697465207573696e67204f70656e49442e223b733a373a2276657273696f6e223b733a343a22372e3134223b733a373a227061636b616765223b733a343a22436f7265223b733a343a22636f7265223b733a333a22372e78223b733a353a2266696c6573223b613a313a7b693a303b733a31313a226f70656e69642e74657374223b7d733a373a2270726f6a656374223b733a363a2264727570616c223b733a393a22646174657374616d70223b733a31303a2231333335393937353535223b733a31323a22646570656e64656e63696573223b613a303a7b7d733a333a22706870223b733a353a22352e322e34223b733a393a22626f6f747374726170223b693a303b7d),
('modules/openid/tests/openid_test.module', 'openid_test', 'module', '', 0, 0, -1, 0, 0x613a31323a7b733a343a226e616d65223b733a32313a224f70656e49442064756d6d792070726f7669646572223b733a31313a226465736372697074696f6e223b733a33333a224f70656e49442070726f7669646572207573656420666f722074657374696e672e223b733a373a227061636b616765223b733a373a2254657374696e67223b733a373a2276657273696f6e223b733a343a22372e3134223b733a343a22636f7265223b733a333a22372e78223b733a31323a22646570656e64656e63696573223b613a313a7b693a303b733a363a226f70656e6964223b7d733a363a2268696464656e223b623a313b733a373a2270726f6a656374223b733a363a2264727570616c223b733a393a22646174657374616d70223b733a31303a2231333335393937353535223b733a333a22706870223b733a353a22352e322e34223b733a353a2266696c6573223b613a303a7b7d733a393a22626f6f747374726170223b693a303b7d),
('modules/overlay/overlay.module', 'overlay', 'module', '', 1, 1, 0, 0, 0x613a31313a7b733a343a226e616d65223b733a373a224f7665726c6179223b733a31313a226465736372697074696f6e223b733a35393a22446973706c617973207468652044727570616c2061646d696e697374726174696f6e20696e7465726661636520696e20616e206f7665726c61792e223b733a373a227061636b616765223b733a343a22436f7265223b733a373a2276657273696f6e223b733a343a22372e3134223b733a343a22636f7265223b733a333a22372e78223b733a373a2270726f6a656374223b733a363a2264727570616c223b733a393a22646174657374616d70223b733a31303a2231333335393937353535223b733a31323a22646570656e64656e63696573223b613a303a7b7d733a333a22706870223b733a353a22352e322e34223b733a353a2266696c6573223b613a303a7b7d733a393a22626f6f747374726170223b693a303b7d),
('modules/path/path.module', 'path', 'module', '', 1, 0, 0, 0, 0x613a31323a7b733a343a226e616d65223b733a343a2250617468223b733a31313a226465736372697074696f6e223b733a32383a22416c6c6f777320757365727320746f2072656e616d652055524c732e223b733a373a227061636b616765223b733a343a22436f7265223b733a373a2276657273696f6e223b733a343a22372e3134223b733a343a22636f7265223b733a333a22372e78223b733a353a2266696c6573223b613a313a7b693a303b733a393a22706174682e74657374223b7d733a393a22636f6e666967757265223b733a32343a2261646d696e2f636f6e6669672f7365617263682f70617468223b733a373a2270726f6a656374223b733a363a2264727570616c223b733a393a22646174657374616d70223b733a31303a2231333335393937353535223b733a31323a22646570656e64656e63696573223b613a303a7b7d733a333a22706870223b733a353a22352e322e34223b733a393a22626f6f747374726170223b693a303b7d),
('modules/php/php.module', 'php', 'module', '', 1, 0, 0, 0, 0x613a31313a7b733a343a226e616d65223b733a31303a225048502066696c746572223b733a31313a226465736372697074696f6e223b733a35303a22416c6c6f777320656d6265646465642050485020636f64652f736e69707065747320746f206265206576616c75617465642e223b733a373a227061636b616765223b733a343a22436f7265223b733a373a2276657273696f6e223b733a343a22372e3134223b733a343a22636f7265223b733a333a22372e78223b733a353a2266696c6573223b613a313a7b693a303b733a383a227068702e74657374223b7d733a373a2270726f6a656374223b733a363a2264727570616c223b733a393a22646174657374616d70223b733a31303a2231333335393937353535223b733a31323a22646570656e64656e63696573223b613a303a7b7d733a333a22706870223b733a353a22352e322e34223b733a393a22626f6f747374726170223b693a303b7d),
('modules/poll/poll.module', 'poll', 'module', '', 0, 0, -1, 0, 0x613a31323a7b733a343a226e616d65223b733a343a22506f6c6c223b733a31313a226465736372697074696f6e223b733a39353a22416c6c6f777320796f7572207369746520746f206361707475726520766f746573206f6e20646966666572656e7420746f7069637320696e2074686520666f726d206f66206d756c7469706c652063686f696365207175657374696f6e732e223b733a373a227061636b616765223b733a343a22436f7265223b733a373a2276657273696f6e223b733a343a22372e3134223b733a343a22636f7265223b733a333a22372e78223b733a353a2266696c6573223b613a313a7b693a303b733a393a22706f6c6c2e74657374223b7d733a31313a227374796c65736865657473223b613a313a7b733a333a22616c6c223b613a313a7b733a383a22706f6c6c2e637373223b733a32313a226d6f64756c65732f706f6c6c2f706f6c6c2e637373223b7d7d733a373a2270726f6a656374223b733a363a2264727570616c223b733a393a22646174657374616d70223b733a31303a2231333335393937353535223b733a31323a22646570656e64656e63696573223b613a303a7b7d733a333a22706870223b733a353a22352e322e34223b733a393a22626f6f747374726170223b693a303b7d),
('modules/profile/profile.module', 'profile', 'module', '', 0, 0, -1, 0, 0x613a31333a7b733a343a226e616d65223b733a373a2250726f66696c65223b733a31313a226465736372697074696f6e223b733a33363a22537570706f72747320636f6e666967757261626c6520757365722070726f66696c65732e223b733a373a227061636b616765223b733a343a22436f7265223b733a373a2276657273696f6e223b733a343a22372e3134223b733a343a22636f7265223b733a333a22372e78223b733a353a2266696c6573223b613a313a7b693a303b733a31323a2270726f66696c652e74657374223b7d733a393a22636f6e666967757265223b733a32373a2261646d696e2f636f6e6669672f70656f706c652f70726f66696c65223b733a363a2268696464656e223b623a313b733a373a2270726f6a656374223b733a363a2264727570616c223b733a393a22646174657374616d70223b733a31303a2231333335393937353535223b733a31323a22646570656e64656e63696573223b613a303a7b7d733a333a22706870223b733a353a22352e322e34223b733a393a22626f6f747374726170223b693a303b7d),
('modules/rdf/rdf.module', 'rdf', 'module', '', 1, 0, 0, 0, 0x613a31313a7b733a343a226e616d65223b733a333a22524446223b733a31313a226465736372697074696f6e223b733a3134383a22456e72696368657320796f757220636f6e74656e742077697468206d6574616461746120746f206c6574206f74686572206170706c69636174696f6e732028652e672e2073656172636820656e67696e65732c2061676772656761746f7273292062657474657220756e6465727374616e64206974732072656c6174696f6e736869707320616e6420617474726962757465732e223b733a373a227061636b616765223b733a343a22436f7265223b733a373a2276657273696f6e223b733a343a22372e3134223b733a343a22636f7265223b733a333a22372e78223b733a353a2266696c6573223b613a313a7b693a303b733a383a227264662e74657374223b7d733a373a2270726f6a656374223b733a363a2264727570616c223b733a393a22646174657374616d70223b733a31303a2231333335393937353535223b733a31323a22646570656e64656e63696573223b613a303a7b7d733a333a22706870223b733a353a22352e322e34223b733a393a22626f6f747374726170223b693a303b7d),
('modules/rdf/tests/rdf_test.module', 'rdf_test', 'module', '', 0, 0, -1, 0, 0x613a31323a7b733a343a226e616d65223b733a31363a22524446206d6f64756c65207465737473223b733a31313a226465736372697074696f6e223b733a33383a22537570706f7274206d6f64756c6520666f7220524446206d6f64756c652074657374696e672e223b733a373a227061636b616765223b733a373a2254657374696e67223b733a373a2276657273696f6e223b733a343a22372e3134223b733a343a22636f7265223b733a333a22372e78223b733a363a2268696464656e223b623a313b733a373a2270726f6a656374223b733a363a2264727570616c223b733a393a22646174657374616d70223b733a31303a2231333335393937353535223b733a31323a22646570656e64656e63696573223b613a303a7b7d733a333a22706870223b733a353a22352e322e34223b733a353a2266696c6573223b613a303a7b7d733a393a22626f6f747374726170223b693a303b7d),
('modules/search/search.module', 'search', 'module', '', 1, 0, 7000, 0, 0x613a31333a7b733a343a226e616d65223b733a363a22536561726368223b733a31313a226465736372697074696f6e223b733a33363a22456e61626c657320736974652d77696465206b6579776f726420736561726368696e672e223b733a373a227061636b616765223b733a343a22436f7265223b733a373a2276657273696f6e223b733a343a22372e3134223b733a343a22636f7265223b733a333a22372e78223b733a353a2266696c6573223b613a323a7b693a303b733a31393a227365617263682e657874656e6465722e696e63223b693a313b733a31313a227365617263682e74657374223b7d733a393a22636f6e666967757265223b733a32383a2261646d696e2f636f6e6669672f7365617263682f73657474696e6773223b733a31313a227374796c65736865657473223b613a313a7b733a333a22616c6c223b613a313a7b733a31303a227365617263682e637373223b733a32353a226d6f64756c65732f7365617263682f7365617263682e637373223b7d7d733a373a2270726f6a656374223b733a363a2264727570616c223b733a393a22646174657374616d70223b733a31303a2231333335393937353535223b733a31323a22646570656e64656e63696573223b613a303a7b7d733a333a22706870223b733a353a22352e322e34223b733a393a22626f6f747374726170223b693a303b7d),
('modules/search/tests/search_embedded_form.module', 'search_embedded_form', 'module', '', 0, 0, -1, 0, 0x613a31323a7b733a343a226e616d65223b733a32303a2253656172636820656d62656464656420666f726d223b733a31313a226465736372697074696f6e223b733a35393a22537570706f7274206d6f64756c6520666f7220736561726368206d6f64756c652074657374696e67206f6620656d62656464656420666f726d732e223b733a373a227061636b616765223b733a373a2254657374696e67223b733a373a2276657273696f6e223b733a343a22372e3134223b733a343a22636f7265223b733a333a22372e78223b733a363a2268696464656e223b623a313b733a373a2270726f6a656374223b733a363a2264727570616c223b733a393a22646174657374616d70223b733a31303a2231333335393937353535223b733a31323a22646570656e64656e63696573223b613a303a7b7d733a333a22706870223b733a353a22352e322e34223b733a353a2266696c6573223b613a303a7b7d733a393a22626f6f747374726170223b693a303b7d),
('modules/search/tests/search_extra_type.module', 'search_extra_type', 'module', '', 0, 0, -1, 0, 0x613a31323a7b733a343a226e616d65223b733a31363a2254657374207365617263682074797065223b733a31313a226465736372697074696f6e223b733a34313a22537570706f7274206d6f64756c6520666f7220736561726368206d6f64756c652074657374696e672e223b733a373a227061636b616765223b733a373a2254657374696e67223b733a373a2276657273696f6e223b733a343a22372e3134223b733a343a22636f7265223b733a333a22372e78223b733a363a2268696464656e223b623a313b733a373a2270726f6a656374223b733a363a2264727570616c223b733a393a22646174657374616d70223b733a31303a2231333335393937353535223b733a31323a22646570656e64656e63696573223b613a303a7b7d733a333a22706870223b733a353a22352e322e34223b733a353a2266696c6573223b613a303a7b7d733a393a22626f6f747374726170223b693a303b7d),
('modules/shortcut/shortcut.module', 'shortcut', 'module', '', 1, 0, 0, 0, 0x613a31323a7b733a343a226e616d65223b733a383a2253686f7274637574223b733a31313a226465736372697074696f6e223b733a36303a22416c6c6f777320757365727320746f206d616e61676520637573746f6d697a61626c65206c69737473206f662073686f7274637574206c696e6b732e223b733a373a227061636b616765223b733a343a22436f7265223b733a373a2276657273696f6e223b733a343a22372e3134223b733a343a22636f7265223b733a333a22372e78223b733a353a2266696c6573223b613a313a7b693a303b733a31333a2273686f72746375742e74657374223b7d733a393a22636f6e666967757265223b733a33363a2261646d696e2f636f6e6669672f757365722d696e746572666163652f73686f7274637574223b733a373a2270726f6a656374223b733a363a2264727570616c223b733a393a22646174657374616d70223b733a31303a2231333335393937353535223b733a31323a22646570656e64656e63696573223b613a303a7b7d733a333a22706870223b733a353a22352e322e34223b733a393a22626f6f747374726170223b693a303b7d),
('modules/simpletest/simpletest.module', 'simpletest', 'module', '', 0, 0, -1, 0, 0x613a31323a7b733a343a226e616d65223b733a373a2254657374696e67223b733a31313a226465736372697074696f6e223b733a35333a2250726f76696465732061206672616d65776f726b20666f7220756e697420616e642066756e6374696f6e616c2074657374696e672e223b733a373a227061636b616765223b733a343a22436f7265223b733a373a2276657273696f6e223b733a343a22372e3134223b733a343a22636f7265223b733a333a22372e78223b733a353a2266696c6573223b613a34373a7b693a303b733a31353a2273696d706c65746573742e74657374223b693a313b733a32343a2264727570616c5f7765625f746573745f636173652e706870223b693a323b733a31383a2274657374732f616374696f6e732e74657374223b693a333b733a31353a2274657374732f616a61782e74657374223b693a343b733a31363a2274657374732f62617463682e74657374223b693a353b733a32303a2274657374732f626f6f7473747261702e74657374223b693a363b733a31363a2274657374732f63616368652e74657374223b693a373b733a31373a2274657374732f636f6d6d6f6e2e74657374223b693a383b733a32343a2274657374732f64617461626173655f746573742e74657374223b693a393b733a33323a2274657374732f656e746974795f637275645f686f6f6b5f746573742e74657374223b693a31303b733a32333a2274657374732f656e746974795f71756572792e74657374223b693a31313b733a31363a2274657374732f6572726f722e74657374223b693a31323b733a31353a2274657374732f66696c652e74657374223b693a31333b733a32333a2274657374732f66696c657472616e736665722e74657374223b693a31343b733a31353a2274657374732f666f726d2e74657374223b693a31353b733a31363a2274657374732f67726170682e74657374223b693a31363b733a31363a2274657374732f696d6167652e74657374223b693a31373b733a31353a2274657374732f6c6f636b2e74657374223b693a31383b733a31353a2274657374732f6d61696c2e74657374223b693a31393b733a31353a2274657374732f6d656e752e74657374223b693a32303b733a31373a2274657374732f6d6f64756c652e74657374223b693a32313b733a31363a2274657374732f70616765722e74657374223b693a32323b733a31393a2274657374732f70617373776f72642e74657374223b693a32333b733a31353a2274657374732f706174682e74657374223b693a32343b733a31393a2274657374732f72656769737472792e74657374223b693a32353b733a31373a2274657374732f736368656d612e74657374223b693a32363b733a31383a2274657374732f73657373696f6e2e74657374223b693a32373b733a32303a2274657374732f7461626c65736f72742e74657374223b693a32383b733a31363a2274657374732f7468656d652e74657374223b693a32393b733a31383a2274657374732f756e69636f64652e74657374223b693a33303b733a31373a2274657374732f7570646174652e74657374223b693a33313b733a31373a2274657374732f786d6c7270632e74657374223b693a33323b733a32363a2274657374732f757067726164652f757067726164652e74657374223b693a33333b733a33343a2274657374732f757067726164652f757067726164652e636f6d6d656e742e74657374223b693a33343b733a33313a2274657374732f757067726164652f7570646174652e6669656c642e74657374223b693a33353b733a33333a2274657374732f757067726164652f757067726164652e66696c7465722e74657374223b693a33363b733a33323a2274657374732f757067726164652f757067726164652e666f72756d2e74657374223b693a33373b733a33333a2274657374732f757067726164652f757067726164652e6c6f63616c652e74657374223b693a33383b733a33313a2274657374732f757067726164652f757067726164652e6d656e752e74657374223b693a33393b733a33313a2274657374732f757067726164652f757067726164652e6e6f64652e74657374223b693a34303b733a33353a2274657374732f757067726164652f757067726164652e7461786f6e6f6d792e74657374223b693a34313b733a33343a2274657374732f757067726164652f757067726164652e747269676765722e74657374223b693a34323b733a33393a2274657374732f757067726164652f757067726164652e7472616e736c617461626c652e74657374223b693a34333b733a33333a2274657374732f757067726164652f7570646174652e747269676765722e74657374223b693a34343b733a33333a2274657374732f757067726164652f757067726164652e75706c6f61642e74657374223b693a34353b733a33303a2274657374732f757067726164652f7570646174652e757365722e74657374223b693a34363b733a33313a2274657374732f757067726164652f757067726164652e757365722e74657374223b7d733a393a22636f6e666967757265223b733a34313a2261646d696e2f636f6e6669672f646576656c6f706d656e742f74657374696e672f73657474696e6773223b733a373a2270726f6a656374223b733a363a2264727570616c223b733a393a22646174657374616d70223b733a31303a2231333335393937353535223b733a31323a22646570656e64656e63696573223b613a303a7b7d733a333a22706870223b733a353a22352e322e34223b733a393a22626f6f747374726170223b693a303b7d),
('modules/simpletest/tests/actions_loop_test.module', 'actions_loop_test', 'module', '', 0, 0, -1, 0, 0x613a31323a7b733a343a226e616d65223b733a31373a22416374696f6e73206c6f6f702074657374223b733a31313a226465736372697074696f6e223b733a33393a22537570706f7274206d6f64756c6520666f7220616374696f6e206c6f6f702074657374696e672e223b733a373a227061636b616765223b733a373a2254657374696e67223b733a373a2276657273696f6e223b733a343a22372e3134223b733a343a22636f7265223b733a333a22372e78223b733a363a2268696464656e223b623a313b733a373a2270726f6a656374223b733a363a2264727570616c223b733a393a22646174657374616d70223b733a31303a2231333335393937353535223b733a31323a22646570656e64656e63696573223b613a303a7b7d733a333a22706870223b733a353a22352e322e34223b733a353a2266696c6573223b613a303a7b7d733a393a22626f6f747374726170223b693a303b7d),
('modules/simpletest/tests/ajax_forms_test.module', 'ajax_forms_test', 'module', '', 0, 0, -1, 0, 0x613a31323a7b733a343a226e616d65223b733a32363a22414a415820666f726d2074657374206d6f636b206d6f64756c65223b733a31313a226465736372697074696f6e223b733a32353a225465737420666f7220414a415820666f726d2063616c6c732e223b733a343a22636f7265223b733a333a22372e78223b733a373a227061636b616765223b733a373a2254657374696e67223b733a373a2276657273696f6e223b733a343a22372e3134223b733a363a2268696464656e223b623a313b733a373a2270726f6a656374223b733a363a2264727570616c223b733a393a22646174657374616d70223b733a31303a2231333335393937353535223b733a31323a22646570656e64656e63696573223b613a303a7b7d733a333a22706870223b733a353a22352e322e34223b733a353a2266696c6573223b613a303a7b7d733a393a22626f6f747374726170223b693a303b7d),
('modules/simpletest/tests/ajax_test.module', 'ajax_test', 'module', '', 0, 0, -1, 0, 0x613a31323a7b733a343a226e616d65223b733a393a22414a41582054657374223b733a31313a226465736372697074696f6e223b733a34303a22537570706f7274206d6f64756c6520666f7220414a4158206672616d65776f726b2074657374732e223b733a373a227061636b616765223b733a373a2254657374696e67223b733a373a2276657273696f6e223b733a343a22372e3134223b733a343a22636f7265223b733a333a22372e78223b733a363a2268696464656e223b623a313b733a373a2270726f6a656374223b733a363a2264727570616c223b733a393a22646174657374616d70223b733a31303a2231333335393937353535223b733a31323a22646570656e64656e63696573223b613a303a7b7d733a333a22706870223b733a353a22352e322e34223b733a353a2266696c6573223b613a303a7b7d733a393a22626f6f747374726170223b693a303b7d);
INSERT INTO `prefixpinboard_system` (`filename`, `name`, `type`, `owner`, `status`, `bootstrap`, `schema_version`, `weight`, `info`) VALUES
('modules/simpletest/tests/batch_test.module', 'batch_test', 'module', '', 0, 0, -1, 0, 0x613a31323a7b733a343a226e616d65223b733a31343a224261746368204150492074657374223b733a31313a226465736372697074696f6e223b733a33353a22537570706f7274206d6f64756c6520666f72204261746368204150492074657374732e223b733a373a227061636b616765223b733a373a2254657374696e67223b733a373a2276657273696f6e223b733a343a22372e3134223b733a343a22636f7265223b733a333a22372e78223b733a363a2268696464656e223b623a313b733a373a2270726f6a656374223b733a363a2264727570616c223b733a393a22646174657374616d70223b733a31303a2231333335393937353535223b733a31323a22646570656e64656e63696573223b613a303a7b7d733a333a22706870223b733a353a22352e322e34223b733a353a2266696c6573223b613a303a7b7d733a393a22626f6f747374726170223b693a303b7d),
('modules/simpletest/tests/common_test.module', 'common_test', 'module', '', 0, 0, -1, 0, 0x613a31333a7b733a343a226e616d65223b733a31313a22436f6d6d6f6e2054657374223b733a31313a226465736372697074696f6e223b733a33323a22537570706f7274206d6f64756c6520666f7220436f6d6d6f6e2074657374732e223b733a373a227061636b616765223b733a373a2254657374696e67223b733a373a2276657273696f6e223b733a343a22372e3134223b733a343a22636f7265223b733a333a22372e78223b733a31313a227374796c65736865657473223b613a323a7b733a333a22616c6c223b613a313a7b733a31353a22636f6d6d6f6e5f746573742e637373223b733a34303a226d6f64756c65732f73696d706c65746573742f74657374732f636f6d6d6f6e5f746573742e637373223b7d733a353a227072696e74223b613a313a7b733a32313a22636f6d6d6f6e5f746573742e7072696e742e637373223b733a34363a226d6f64756c65732f73696d706c65746573742f74657374732f636f6d6d6f6e5f746573742e7072696e742e637373223b7d7d733a363a2268696464656e223b623a313b733a373a2270726f6a656374223b733a363a2264727570616c223b733a393a22646174657374616d70223b733a31303a2231333335393937353535223b733a31323a22646570656e64656e63696573223b613a303a7b7d733a333a22706870223b733a353a22352e322e34223b733a353a2266696c6573223b613a303a7b7d733a393a22626f6f747374726170223b693a303b7d),
('modules/simpletest/tests/common_test_cron_helper.module', 'common_test_cron_helper', 'module', '', 0, 0, -1, 0, 0x613a31323a7b733a343a226e616d65223b733a32333a22436f6d6d6f6e20546573742043726f6e2048656c706572223b733a31313a226465736372697074696f6e223b733a35363a2248656c706572206d6f64756c6520666f722043726f6e52756e54657374436173653a3a7465737443726f6e457863657074696f6e7328292e223b733a373a227061636b616765223b733a373a2254657374696e67223b733a373a2276657273696f6e223b733a343a22372e3134223b733a343a22636f7265223b733a333a22372e78223b733a363a2268696464656e223b623a313b733a373a2270726f6a656374223b733a363a2264727570616c223b733a393a22646174657374616d70223b733a31303a2231333335393937353535223b733a31323a22646570656e64656e63696573223b613a303a7b7d733a333a22706870223b733a353a22352e322e34223b733a353a2266696c6573223b613a303a7b7d733a393a22626f6f747374726170223b693a303b7d),
('modules/simpletest/tests/database_test.module', 'database_test', 'module', '', 0, 0, -1, 0, 0x613a31323a7b733a343a226e616d65223b733a31333a2244617461626173652054657374223b733a31313a226465736372697074696f6e223b733a34303a22537570706f7274206d6f64756c6520666f72204461746162617365206c617965722074657374732e223b733a343a22636f7265223b733a333a22372e78223b733a373a227061636b616765223b733a373a2254657374696e67223b733a373a2276657273696f6e223b733a343a22372e3134223b733a363a2268696464656e223b623a313b733a373a2270726f6a656374223b733a363a2264727570616c223b733a393a22646174657374616d70223b733a31303a2231333335393937353535223b733a31323a22646570656e64656e63696573223b613a303a7b7d733a333a22706870223b733a353a22352e322e34223b733a353a2266696c6573223b613a303a7b7d733a393a22626f6f747374726170223b693a303b7d),
('modules/simpletest/tests/drupal_system_listing_compatible_test/drupal_system_listing_compatible_test.module', 'drupal_system_listing_compatible_test', 'module', '', 0, 0, -1, 0, 0x613a31323a7b733a343a226e616d65223b733a33373a2244727570616c2073797374656d206c697374696e6720636f6d70617469626c652074657374223b733a31313a226465736372697074696f6e223b733a36323a22537570706f7274206d6f64756c6520666f722074657374696e67207468652064727570616c5f73797374656d5f6c697374696e672066756e6374696f6e2e223b733a373a227061636b616765223b733a373a2254657374696e67223b733a373a2276657273696f6e223b733a343a22372e3134223b733a343a22636f7265223b733a333a22372e78223b733a363a2268696464656e223b623a313b733a373a2270726f6a656374223b733a363a2264727570616c223b733a393a22646174657374616d70223b733a31303a2231333335393937353535223b733a31323a22646570656e64656e63696573223b613a303a7b7d733a333a22706870223b733a353a22352e322e34223b733a353a2266696c6573223b613a303a7b7d733a393a22626f6f747374726170223b693a303b7d),
('modules/simpletest/tests/drupal_system_listing_incompatible_test/drupal_system_listing_incompatible_test.module', 'drupal_system_listing_incompatible_test', 'module', '', 0, 0, -1, 0, 0x613a31323a7b733a343a226e616d65223b733a33393a2244727570616c2073797374656d206c697374696e6720696e636f6d70617469626c652074657374223b733a31313a226465736372697074696f6e223b733a36323a22537570706f7274206d6f64756c6520666f722074657374696e67207468652064727570616c5f73797374656d5f6c697374696e672066756e6374696f6e2e223b733a373a227061636b616765223b733a373a2254657374696e67223b733a373a2276657273696f6e223b733a343a22372e3134223b733a343a22636f7265223b733a333a22372e78223b733a363a2268696464656e223b623a313b733a373a2270726f6a656374223b733a363a2264727570616c223b733a393a22646174657374616d70223b733a31303a2231333335393937353535223b733a31323a22646570656e64656e63696573223b613a303a7b7d733a333a22706870223b733a353a22352e322e34223b733a353a2266696c6573223b613a303a7b7d733a393a22626f6f747374726170223b693a303b7d),
('modules/simpletest/tests/entity_cache_test.module', 'entity_cache_test', 'module', '', 0, 0, -1, 0, 0x613a31323a7b733a343a226e616d65223b733a31373a22456e746974792063616368652074657374223b733a31313a226465736372697074696f6e223b733a34303a22537570706f7274206d6f64756c6520666f722074657374696e6720656e746974792063616368652e223b733a373a227061636b616765223b733a373a2254657374696e67223b733a373a2276657273696f6e223b733a343a22372e3134223b733a343a22636f7265223b733a333a22372e78223b733a31323a22646570656e64656e63696573223b613a313a7b693a303b733a32383a22656e746974795f63616368655f746573745f646570656e64656e6379223b7d733a363a2268696464656e223b623a313b733a373a2270726f6a656374223b733a363a2264727570616c223b733a393a22646174657374616d70223b733a31303a2231333335393937353535223b733a333a22706870223b733a353a22352e322e34223b733a353a2266696c6573223b613a303a7b7d733a393a22626f6f747374726170223b693a303b7d),
('modules/simpletest/tests/entity_cache_test_dependency.module', 'entity_cache_test_dependency', 'module', '', 0, 0, -1, 0, 0x613a31323a7b733a343a226e616d65223b733a32383a22456e74697479206361636865207465737420646570656e64656e6379223b733a31313a226465736372697074696f6e223b733a35313a22537570706f727420646570656e64656e6379206d6f64756c6520666f722074657374696e6720656e746974792063616368652e223b733a373a227061636b616765223b733a373a2254657374696e67223b733a373a2276657273696f6e223b733a343a22372e3134223b733a343a22636f7265223b733a333a22372e78223b733a363a2268696464656e223b623a313b733a373a2270726f6a656374223b733a363a2264727570616c223b733a393a22646174657374616d70223b733a31303a2231333335393937353535223b733a31323a22646570656e64656e63696573223b613a303a7b7d733a333a22706870223b733a353a22352e322e34223b733a353a2266696c6573223b613a303a7b7d733a393a22626f6f747374726170223b693a303b7d),
('modules/simpletest/tests/entity_crud_hook_test.module', 'entity_crud_hook_test', 'module', '', 0, 0, -1, 0, 0x613a31323a7b733a343a226e616d65223b733a32323a22456e74697479204352554420486f6f6b732054657374223b733a31313a226465736372697074696f6e223b733a33353a22537570706f7274206d6f64756c6520666f72204352554420686f6f6b2074657374732e223b733a343a22636f7265223b733a333a22372e78223b733a373a227061636b616765223b733a373a2254657374696e67223b733a373a2276657273696f6e223b733a343a22372e3134223b733a363a2268696464656e223b623a313b733a373a2270726f6a656374223b733a363a2264727570616c223b733a393a22646174657374616d70223b733a31303a2231333335393937353535223b733a31323a22646570656e64656e63696573223b613a303a7b7d733a333a22706870223b733a353a22352e322e34223b733a353a2266696c6573223b613a303a7b7d733a393a22626f6f747374726170223b693a303b7d),
('modules/simpletest/tests/error_test.module', 'error_test', 'module', '', 0, 0, -1, 0, 0x613a31323a7b733a343a226e616d65223b733a31303a224572726f722074657374223b733a31313a226465736372697074696f6e223b733a34373a22537570706f7274206d6f64756c6520666f72206572726f7220616e6420657863657074696f6e2074657374696e672e223b733a373a227061636b616765223b733a373a2254657374696e67223b733a373a2276657273696f6e223b733a343a22372e3134223b733a343a22636f7265223b733a333a22372e78223b733a363a2268696464656e223b623a313b733a373a2270726f6a656374223b733a363a2264727570616c223b733a393a22646174657374616d70223b733a31303a2231333335393937353535223b733a31323a22646570656e64656e63696573223b613a303a7b7d733a333a22706870223b733a353a22352e322e34223b733a353a2266696c6573223b613a303a7b7d733a393a22626f6f747374726170223b693a303b7d),
('modules/simpletest/tests/file_test.module', 'file_test', 'module', '', 0, 0, -1, 0, 0x613a31323a7b733a343a226e616d65223b733a393a2246696c652074657374223b733a31313a226465736372697074696f6e223b733a33393a22537570706f7274206d6f64756c6520666f722066696c652068616e646c696e672074657374732e223b733a373a227061636b616765223b733a373a2254657374696e67223b733a373a2276657273696f6e223b733a343a22372e3134223b733a343a22636f7265223b733a333a22372e78223b733a353a2266696c6573223b613a313a7b693a303b733a31363a2266696c655f746573742e6d6f64756c65223b7d733a363a2268696464656e223b623a313b733a373a2270726f6a656374223b733a363a2264727570616c223b733a393a22646174657374616d70223b733a31303a2231333335393937353535223b733a31323a22646570656e64656e63696573223b613a303a7b7d733a333a22706870223b733a353a22352e322e34223b733a393a22626f6f747374726170223b693a303b7d),
('modules/simpletest/tests/filter_test.module', 'filter_test', 'module', '', 0, 0, -1, 0, 0x613a31323a7b733a343a226e616d65223b733a31383a2246696c7465722074657374206d6f64756c65223b733a31313a226465736372697074696f6e223b733a33333a2254657374732066696c74657220686f6f6b7320616e642066756e6374696f6e732e223b733a373a227061636b616765223b733a373a2254657374696e67223b733a373a2276657273696f6e223b733a343a22372e3134223b733a343a22636f7265223b733a333a22372e78223b733a363a2268696464656e223b623a313b733a373a2270726f6a656374223b733a363a2264727570616c223b733a393a22646174657374616d70223b733a31303a2231333335393937353535223b733a31323a22646570656e64656e63696573223b613a303a7b7d733a333a22706870223b733a353a22352e322e34223b733a353a2266696c6573223b613a303a7b7d733a393a22626f6f747374726170223b693a303b7d),
('modules/simpletest/tests/form_test.module', 'form_test', 'module', '', 0, 0, -1, 0, 0x613a31323a7b733a343a226e616d65223b733a31323a22466f726d4150492054657374223b733a31313a226465736372697074696f6e223b733a33343a22537570706f7274206d6f64756c6520666f7220466f726d204150492074657374732e223b733a373a227061636b616765223b733a373a2254657374696e67223b733a373a2276657273696f6e223b733a343a22372e3134223b733a343a22636f7265223b733a333a22372e78223b733a363a2268696464656e223b623a313b733a373a2270726f6a656374223b733a363a2264727570616c223b733a393a22646174657374616d70223b733a31303a2231333335393937353535223b733a31323a22646570656e64656e63696573223b613a303a7b7d733a333a22706870223b733a353a22352e322e34223b733a353a2266696c6573223b613a303a7b7d733a393a22626f6f747374726170223b693a303b7d),
('modules/simpletest/tests/image_test.module', 'image_test', 'module', '', 0, 0, -1, 0, 0x613a31323a7b733a343a226e616d65223b733a31303a22496d6167652074657374223b733a31313a226465736372697074696f6e223b733a33393a22537570706f7274206d6f64756c6520666f7220696d61676520746f6f6c6b69742074657374732e223b733a373a227061636b616765223b733a373a2254657374696e67223b733a373a2276657273696f6e223b733a343a22372e3134223b733a343a22636f7265223b733a333a22372e78223b733a363a2268696464656e223b623a313b733a373a2270726f6a656374223b733a363a2264727570616c223b733a393a22646174657374616d70223b733a31303a2231333335393937353535223b733a31323a22646570656e64656e63696573223b613a303a7b7d733a333a22706870223b733a353a22352e322e34223b733a353a2266696c6573223b613a303a7b7d733a393a22626f6f747374726170223b693a303b7d),
('modules/simpletest/tests/menu_test.module', 'menu_test', 'module', '', 0, 0, -1, 0, 0x613a31323a7b733a343a226e616d65223b733a31353a22486f6f6b206d656e75207465737473223b733a31313a226465736372697074696f6e223b733a33373a22537570706f7274206d6f64756c6520666f72206d656e7520686f6f6b2074657374696e672e223b733a373a227061636b616765223b733a373a2254657374696e67223b733a373a2276657273696f6e223b733a343a22372e3134223b733a343a22636f7265223b733a333a22372e78223b733a363a2268696464656e223b623a313b733a373a2270726f6a656374223b733a363a2264727570616c223b733a393a22646174657374616d70223b733a31303a2231333335393937353535223b733a31323a22646570656e64656e63696573223b613a303a7b7d733a333a22706870223b733a353a22352e322e34223b733a353a2266696c6573223b613a303a7b7d733a393a22626f6f747374726170223b693a303b7d),
('modules/simpletest/tests/module_test.module', 'module_test', 'module', '', 0, 0, -1, 0, 0x613a31323a7b733a343a226e616d65223b733a31313a224d6f64756c652074657374223b733a31313a226465736372697074696f6e223b733a34313a22537570706f7274206d6f64756c6520666f72206d6f64756c652073797374656d2074657374696e672e223b733a373a227061636b616765223b733a373a2254657374696e67223b733a373a2276657273696f6e223b733a343a22372e3134223b733a343a22636f7265223b733a333a22372e78223b733a363a2268696464656e223b623a313b733a373a2270726f6a656374223b733a363a2264727570616c223b733a393a22646174657374616d70223b733a31303a2231333335393937353535223b733a31323a22646570656e64656e63696573223b613a303a7b7d733a333a22706870223b733a353a22352e322e34223b733a353a2266696c6573223b613a303a7b7d733a393a22626f6f747374726170223b693a303b7d),
('modules/simpletest/tests/path_test.module', 'path_test', 'module', '', 0, 0, -1, 0, 0x613a31323a7b733a343a226e616d65223b733a31353a22486f6f6b2070617468207465737473223b733a31313a226465736372697074696f6e223b733a33373a22537570706f7274206d6f64756c6520666f72207061746820686f6f6b2074657374696e672e223b733a373a227061636b616765223b733a373a2254657374696e67223b733a373a2276657273696f6e223b733a343a22372e3134223b733a343a22636f7265223b733a333a22372e78223b733a363a2268696464656e223b623a313b733a373a2270726f6a656374223b733a363a2264727570616c223b733a393a22646174657374616d70223b733a31303a2231333335393937353535223b733a31323a22646570656e64656e63696573223b613a303a7b7d733a333a22706870223b733a353a22352e322e34223b733a353a2266696c6573223b613a303a7b7d733a393a22626f6f747374726170223b693a303b7d),
('modules/simpletest/tests/requirements1_test.module', 'requirements1_test', 'module', '', 0, 0, -1, 0, 0x613a31323a7b733a343a226e616d65223b733a31393a22526571756972656d656e747320312054657374223b733a31313a226465736372697074696f6e223b733a38303a22546573747320746861742061206d6f64756c65206973206e6f7420696e7374616c6c6564207768656e206974206661696c7320686f6f6b5f726571756972656d656e74732827696e7374616c6c27292e223b733a373a227061636b616765223b733a373a2254657374696e67223b733a373a2276657273696f6e223b733a343a22372e3134223b733a343a22636f7265223b733a333a22372e78223b733a363a2268696464656e223b623a313b733a373a2270726f6a656374223b733a363a2264727570616c223b733a393a22646174657374616d70223b733a31303a2231333335393937353535223b733a31323a22646570656e64656e63696573223b613a303a7b7d733a333a22706870223b733a353a22352e322e34223b733a353a2266696c6573223b613a303a7b7d733a393a22626f6f747374726170223b693a303b7d),
('modules/simpletest/tests/requirements2_test.module', 'requirements2_test', 'module', '', 0, 0, -1, 0, 0x613a31323a7b733a343a226e616d65223b733a31393a22526571756972656d656e747320322054657374223b733a31313a226465736372697074696f6e223b733a39383a22546573747320746861742061206d6f64756c65206973206e6f7420696e7374616c6c6564207768656e20746865206f6e6520697420646570656e6473206f6e206661696c7320686f6f6b5f726571756972656d656e74732827696e7374616c6c292e223b733a31323a22646570656e64656e63696573223b613a323a7b693a303b733a31383a22726571756972656d656e7473315f74657374223b693a313b733a373a22636f6d6d656e74223b7d733a373a227061636b616765223b733a373a2254657374696e67223b733a373a2276657273696f6e223b733a343a22372e3134223b733a343a22636f7265223b733a333a22372e78223b733a363a2268696464656e223b623a313b733a373a2270726f6a656374223b733a363a2264727570616c223b733a393a22646174657374616d70223b733a31303a2231333335393937353535223b733a333a22706870223b733a353a22352e322e34223b733a353a2266696c6573223b613a303a7b7d733a393a22626f6f747374726170223b693a303b7d),
('modules/simpletest/tests/session_test.module', 'session_test', 'module', '', 0, 0, -1, 0, 0x613a31323a7b733a343a226e616d65223b733a31323a2253657373696f6e2074657374223b733a31313a226465736372697074696f6e223b733a34303a22537570706f7274206d6f64756c6520666f722073657373696f6e20646174612074657374696e672e223b733a373a227061636b616765223b733a373a2254657374696e67223b733a373a2276657273696f6e223b733a343a22372e3134223b733a343a22636f7265223b733a333a22372e78223b733a363a2268696464656e223b623a313b733a373a2270726f6a656374223b733a363a2264727570616c223b733a393a22646174657374616d70223b733a31303a2231333335393937353535223b733a31323a22646570656e64656e63696573223b613a303a7b7d733a333a22706870223b733a353a22352e322e34223b733a353a2266696c6573223b613a303a7b7d733a393a22626f6f747374726170223b693a303b7d),
('modules/simpletest/tests/system_dependencies_test.module', 'system_dependencies_test', 'module', '', 0, 0, -1, 0, 0x613a31323a7b733a343a226e616d65223b733a32323a2253797374656d20646570656e64656e63792074657374223b733a31313a226465736372697074696f6e223b733a34373a22537570706f7274206d6f64756c6520666f722074657374696e672073797374656d20646570656e64656e636965732e223b733a373a227061636b616765223b733a373a2254657374696e67223b733a373a2276657273696f6e223b733a343a22372e3134223b733a343a22636f7265223b733a333a22372e78223b733a363a2268696464656e223b623a313b733a31323a22646570656e64656e63696573223b613a313a7b693a303b733a31393a225f6d697373696e675f646570656e64656e6379223b7d733a373a2270726f6a656374223b733a363a2264727570616c223b733a393a22646174657374616d70223b733a31303a2231333335393937353535223b733a333a22706870223b733a353a22352e322e34223b733a353a2266696c6573223b613a303a7b7d733a393a22626f6f747374726170223b693a303b7d),
('modules/simpletest/tests/system_incompatible_core_version_dependencies_test.module', 'system_incompatible_core_version_dependencies_test', 'module', '', 0, 0, -1, 0, 0x613a31323a7b733a343a226e616d65223b733a35303a2253797374656d20696e636f6d70617469626c6520636f72652076657273696f6e20646570656e64656e636965732074657374223b733a31313a226465736372697074696f6e223b733a34373a22537570706f7274206d6f64756c6520666f722074657374696e672073797374656d20646570656e64656e636965732e223b733a373a227061636b616765223b733a373a2254657374696e67223b733a373a2276657273696f6e223b733a343a22372e3134223b733a343a22636f7265223b733a333a22372e78223b733a363a2268696464656e223b623a313b733a31323a22646570656e64656e63696573223b613a313a7b693a303b733a33373a2273797374656d5f696e636f6d70617469626c655f636f72655f76657273696f6e5f74657374223b7d733a373a2270726f6a656374223b733a363a2264727570616c223b733a393a22646174657374616d70223b733a31303a2231333335393937353535223b733a333a22706870223b733a353a22352e322e34223b733a353a2266696c6573223b613a303a7b7d733a393a22626f6f747374726170223b693a303b7d),
('modules/simpletest/tests/system_incompatible_core_version_test.module', 'system_incompatible_core_version_test', 'module', '', 0, 0, -1, 0, 0x613a31323a7b733a343a226e616d65223b733a33373a2253797374656d20696e636f6d70617469626c6520636f72652076657273696f6e2074657374223b733a31313a226465736372697074696f6e223b733a34373a22537570706f7274206d6f64756c6520666f722074657374696e672073797374656d20646570656e64656e636965732e223b733a373a227061636b616765223b733a373a2254657374696e67223b733a373a2276657273696f6e223b733a343a22372e3134223b733a343a22636f7265223b733a333a22352e78223b733a363a2268696464656e223b623a313b733a373a2270726f6a656374223b733a363a2264727570616c223b733a393a22646174657374616d70223b733a31303a2231333335393937353535223b733a31323a22646570656e64656e63696573223b613a303a7b7d733a333a22706870223b733a353a22352e322e34223b733a353a2266696c6573223b613a303a7b7d733a393a22626f6f747374726170223b693a303b7d),
('modules/simpletest/tests/system_incompatible_module_version_dependencies_test.module', 'system_incompatible_module_version_dependencies_test', 'module', '', 0, 0, -1, 0, 0x613a31323a7b733a343a226e616d65223b733a35323a2253797374656d20696e636f6d70617469626c65206d6f64756c652076657273696f6e20646570656e64656e636965732074657374223b733a31313a226465736372697074696f6e223b733a34373a22537570706f7274206d6f64756c6520666f722074657374696e672073797374656d20646570656e64656e636965732e223b733a373a227061636b616765223b733a373a2254657374696e67223b733a373a2276657273696f6e223b733a343a22372e3134223b733a343a22636f7265223b733a333a22372e78223b733a363a2268696464656e223b623a313b733a31323a22646570656e64656e63696573223b613a313a7b693a303b733a34363a2273797374656d5f696e636f6d70617469626c655f6d6f64756c655f76657273696f6e5f7465737420283e322e3029223b7d733a373a2270726f6a656374223b733a363a2264727570616c223b733a393a22646174657374616d70223b733a31303a2231333335393937353535223b733a333a22706870223b733a353a22352e322e34223b733a353a2266696c6573223b613a303a7b7d733a393a22626f6f747374726170223b693a303b7d),
('modules/simpletest/tests/system_incompatible_module_version_test.module', 'system_incompatible_module_version_test', 'module', '', 0, 0, -1, 0, 0x613a31323a7b733a343a226e616d65223b733a33393a2253797374656d20696e636f6d70617469626c65206d6f64756c652076657273696f6e2074657374223b733a31313a226465736372697074696f6e223b733a34373a22537570706f7274206d6f64756c6520666f722074657374696e672073797374656d20646570656e64656e636965732e223b733a373a227061636b616765223b733a373a2254657374696e67223b733a373a2276657273696f6e223b733a343a22372e3134223b733a343a22636f7265223b733a333a22372e78223b733a363a2268696464656e223b623a313b733a373a2270726f6a656374223b733a363a2264727570616c223b733a393a22646174657374616d70223b733a31303a2231333335393937353535223b733a31323a22646570656e64656e63696573223b613a303a7b7d733a333a22706870223b733a353a22352e322e34223b733a353a2266696c6573223b613a303a7b7d733a393a22626f6f747374726170223b693a303b7d),
('modules/simpletest/tests/system_test.module', 'system_test', 'module', '', 0, 0, -1, 0, 0x613a31323a7b733a343a226e616d65223b733a31313a2253797374656d2074657374223b733a31313a226465736372697074696f6e223b733a33343a22537570706f7274206d6f64756c6520666f722073797374656d2074657374696e672e223b733a373a227061636b616765223b733a373a2254657374696e67223b733a373a2276657273696f6e223b733a343a22372e3134223b733a343a22636f7265223b733a333a22372e78223b733a353a2266696c6573223b613a313a7b693a303b733a31383a2273797374656d5f746573742e6d6f64756c65223b7d733a363a2268696464656e223b623a313b733a373a2270726f6a656374223b733a363a2264727570616c223b733a393a22646174657374616d70223b733a31303a2231333335393937353535223b733a31323a22646570656e64656e63696573223b613a303a7b7d733a333a22706870223b733a353a22352e322e34223b733a393a22626f6f747374726170223b693a303b7d),
('modules/simpletest/tests/taxonomy_test.module', 'taxonomy_test', 'module', '', 0, 0, -1, 0, 0x613a31323a7b733a343a226e616d65223b733a32303a225461786f6e6f6d792074657374206d6f64756c65223b733a31313a226465736372697074696f6e223b733a34353a222254657374732066756e6374696f6e7320616e6420686f6f6b73206e6f74207573656420696e20636f7265222e223b733a373a227061636b616765223b733a373a2254657374696e67223b733a373a2276657273696f6e223b733a343a22372e3134223b733a343a22636f7265223b733a333a22372e78223b733a363a2268696464656e223b623a313b733a31323a22646570656e64656e63696573223b613a313a7b693a303b733a383a227461786f6e6f6d79223b7d733a373a2270726f6a656374223b733a363a2264727570616c223b733a393a22646174657374616d70223b733a31303a2231333335393937353535223b733a333a22706870223b733a353a22352e322e34223b733a353a2266696c6573223b613a303a7b7d733a393a22626f6f747374726170223b693a303b7d),
('modules/simpletest/tests/theme_test.module', 'theme_test', 'module', '', 0, 0, -1, 0, 0x613a31323a7b733a343a226e616d65223b733a31303a225468656d652074657374223b733a31313a226465736372697074696f6e223b733a34303a22537570706f7274206d6f64756c6520666f72207468656d652073797374656d2074657374696e672e223b733a373a227061636b616765223b733a373a2254657374696e67223b733a373a2276657273696f6e223b733a343a22372e3134223b733a343a22636f7265223b733a333a22372e78223b733a363a2268696464656e223b623a313b733a373a2270726f6a656374223b733a363a2264727570616c223b733a393a22646174657374616d70223b733a31303a2231333335393937353535223b733a31323a22646570656e64656e63696573223b613a303a7b7d733a333a22706870223b733a353a22352e322e34223b733a353a2266696c6573223b613a303a7b7d733a393a22626f6f747374726170223b693a303b7d),
('modules/simpletest/tests/update_script_test.module', 'update_script_test', 'module', '', 0, 0, -1, 0, 0x613a31323a7b733a343a226e616d65223b733a31383a22557064617465207363726970742074657374223b733a31313a226465736372697074696f6e223b733a34313a22537570706f7274206d6f64756c6520666f7220757064617465207363726970742074657374696e672e223b733a373a227061636b616765223b733a373a2254657374696e67223b733a373a2276657273696f6e223b733a343a22372e3134223b733a343a22636f7265223b733a333a22372e78223b733a363a2268696464656e223b623a313b733a373a2270726f6a656374223b733a363a2264727570616c223b733a393a22646174657374616d70223b733a31303a2231333335393937353535223b733a31323a22646570656e64656e63696573223b613a303a7b7d733a333a22706870223b733a353a22352e322e34223b733a353a2266696c6573223b613a303a7b7d733a393a22626f6f747374726170223b693a303b7d),
('modules/simpletest/tests/update_test_1.module', 'update_test_1', 'module', '', 0, 0, -1, 0, 0x613a31323a7b733a343a226e616d65223b733a31313a225570646174652074657374223b733a31313a226465736372697074696f6e223b733a33343a22537570706f7274206d6f64756c6520666f72207570646174652074657374696e672e223b733a373a227061636b616765223b733a373a2254657374696e67223b733a373a2276657273696f6e223b733a343a22372e3134223b733a343a22636f7265223b733a333a22372e78223b733a363a2268696464656e223b623a313b733a373a2270726f6a656374223b733a363a2264727570616c223b733a393a22646174657374616d70223b733a31303a2231333335393937353535223b733a31323a22646570656e64656e63696573223b613a303a7b7d733a333a22706870223b733a353a22352e322e34223b733a353a2266696c6573223b613a303a7b7d733a393a22626f6f747374726170223b693a303b7d),
('modules/simpletest/tests/update_test_2.module', 'update_test_2', 'module', '', 0, 0, -1, 0, 0x613a31323a7b733a343a226e616d65223b733a31313a225570646174652074657374223b733a31313a226465736372697074696f6e223b733a33343a22537570706f7274206d6f64756c6520666f72207570646174652074657374696e672e223b733a373a227061636b616765223b733a373a2254657374696e67223b733a373a2276657273696f6e223b733a343a22372e3134223b733a343a22636f7265223b733a333a22372e78223b733a363a2268696464656e223b623a313b733a373a2270726f6a656374223b733a363a2264727570616c223b733a393a22646174657374616d70223b733a31303a2231333335393937353535223b733a31323a22646570656e64656e63696573223b613a303a7b7d733a333a22706870223b733a353a22352e322e34223b733a353a2266696c6573223b613a303a7b7d733a393a22626f6f747374726170223b693a303b7d),
('modules/simpletest/tests/update_test_3.module', 'update_test_3', 'module', '', 0, 0, -1, 0, 0x613a31323a7b733a343a226e616d65223b733a31313a225570646174652074657374223b733a31313a226465736372697074696f6e223b733a33343a22537570706f7274206d6f64756c6520666f72207570646174652074657374696e672e223b733a373a227061636b616765223b733a373a2254657374696e67223b733a373a2276657273696f6e223b733a343a22372e3134223b733a343a22636f7265223b733a333a22372e78223b733a363a2268696464656e223b623a313b733a373a2270726f6a656374223b733a363a2264727570616c223b733a393a22646174657374616d70223b733a31303a2231333335393937353535223b733a31323a22646570656e64656e63696573223b613a303a7b7d733a333a22706870223b733a353a22352e322e34223b733a353a2266696c6573223b613a303a7b7d733a393a22626f6f747374726170223b693a303b7d),
('modules/simpletest/tests/url_alter_test.module', 'url_alter_test', 'module', '', 0, 0, -1, 0, 0x613a31323a7b733a343a226e616d65223b733a31353a2255726c5f616c746572207465737473223b733a31313a226465736372697074696f6e223b733a34353a224120737570706f7274206d6f64756c657320666f722075726c5f616c74657220686f6f6b2074657374696e672e223b733a343a22636f7265223b733a333a22372e78223b733a373a227061636b616765223b733a373a2254657374696e67223b733a373a2276657273696f6e223b733a343a22372e3134223b733a363a2268696464656e223b623a313b733a373a2270726f6a656374223b733a363a2264727570616c223b733a393a22646174657374616d70223b733a31303a2231333335393937353535223b733a31323a22646570656e64656e63696573223b613a303a7b7d733a333a22706870223b733a353a22352e322e34223b733a353a2266696c6573223b613a303a7b7d733a393a22626f6f747374726170223b693a303b7d),
('modules/simpletest/tests/xmlrpc_test.module', 'xmlrpc_test', 'module', '', 0, 0, -1, 0, 0x613a31323a7b733a343a226e616d65223b733a31323a22584d4c2d5250432054657374223b733a31313a226465736372697074696f6e223b733a37353a22537570706f7274206d6f64756c6520666f7220584d4c2d525043207465737473206163636f7264696e6720746f207468652076616c696461746f72312073706563696669636174696f6e2e223b733a373a227061636b616765223b733a373a2254657374696e67223b733a373a2276657273696f6e223b733a343a22372e3134223b733a343a22636f7265223b733a333a22372e78223b733a363a2268696464656e223b623a313b733a373a2270726f6a656374223b733a363a2264727570616c223b733a393a22646174657374616d70223b733a31303a2231333335393937353535223b733a31323a22646570656e64656e63696573223b613a303a7b7d733a333a22706870223b733a353a22352e322e34223b733a353a2266696c6573223b613a303a7b7d733a393a22626f6f747374726170223b693a303b7d),
('modules/statistics/statistics.module', 'statistics', 'module', '', 1, 1, 7000, 0, 0x613a31323a7b733a343a226e616d65223b733a31303a2253746174697374696373223b733a31313a226465736372697074696f6e223b733a33373a224c6f677320616363657373207374617469737469637320666f7220796f757220736974652e223b733a373a227061636b616765223b733a343a22436f7265223b733a373a2276657273696f6e223b733a343a22372e3134223b733a343a22636f7265223b733a333a22372e78223b733a353a2266696c6573223b613a313a7b693a303b733a31353a22737461746973746963732e74657374223b7d733a393a22636f6e666967757265223b733a33303a2261646d696e2f636f6e6669672f73797374656d2f73746174697374696373223b733a373a2270726f6a656374223b733a363a2264727570616c223b733a393a22646174657374616d70223b733a31303a2231333335393937353535223b733a31323a22646570656e64656e63696573223b613a303a7b7d733a333a22706870223b733a353a22352e322e34223b733a393a22626f6f747374726170223b693a303b7d),
('modules/syslog/syslog.module', 'syslog', 'module', '', 0, 0, -1, 0, 0x613a31313a7b733a343a226e616d65223b733a363a225379736c6f67223b733a31313a226465736372697074696f6e223b733a34313a224c6f677320616e64207265636f7264732073797374656d206576656e747320746f207379736c6f672e223b733a373a227061636b616765223b733a343a22436f7265223b733a373a2276657273696f6e223b733a343a22372e3134223b733a343a22636f7265223b733a333a22372e78223b733a353a2266696c6573223b613a313a7b693a303b733a31313a227379736c6f672e74657374223b7d733a373a2270726f6a656374223b733a363a2264727570616c223b733a393a22646174657374616d70223b733a31303a2231333335393937353535223b733a31323a22646570656e64656e63696573223b613a303a7b7d733a333a22706870223b733a353a22352e322e34223b733a393a22626f6f747374726170223b693a303b7d),
('modules/system/system.module', 'system', 'module', '', 1, 0, 7073, 0, 0x613a31333a7b733a343a226e616d65223b733a363a2253797374656d223b733a31313a226465736372697074696f6e223b733a35343a2248616e646c65732067656e6572616c207369746520636f6e66696775726174696f6e20666f722061646d696e6973747261746f72732e223b733a373a227061636b616765223b733a343a22436f7265223b733a373a2276657273696f6e223b733a343a22372e3134223b733a343a22636f7265223b733a333a22372e78223b733a353a2266696c6573223b613a363a7b693a303b733a31393a2273797374656d2e61726368697665722e696e63223b693a313b733a31353a2273797374656d2e6d61696c2e696e63223b693a323b733a31363a2273797374656d2e71756575652e696e63223b693a333b733a31343a2273797374656d2e7461722e696e63223b693a343b733a31383a2273797374656d2e757064617465722e696e63223b693a353b733a31313a2273797374656d2e74657374223b7d733a383a227265717569726564223b623a313b733a393a22636f6e666967757265223b733a31393a2261646d696e2f636f6e6669672f73797374656d223b733a373a2270726f6a656374223b733a363a2264727570616c223b733a393a22646174657374616d70223b733a31303a2231333335393937353535223b733a31323a22646570656e64656e63696573223b613a303a7b7d733a333a22706870223b733a353a22352e322e34223b733a393a22626f6f747374726170223b693a303b7d),
('modules/taxonomy/taxonomy.module', 'taxonomy', 'module', '', 1, 0, 7010, 0, 0x613a31343a7b733a343a226e616d65223b733a383a225461786f6e6f6d79223b733a31313a226465736372697074696f6e223b733a33383a22456e61626c6573207468652063617465676f72697a6174696f6e206f6620636f6e74656e742e223b733a373a227061636b616765223b733a343a22436f7265223b733a373a2276657273696f6e223b733a343a22372e3134223b733a343a22636f7265223b733a333a22372e78223b733a31323a22646570656e64656e63696573223b613a313a7b693a303b733a373a226f7074696f6e73223b7d733a353a2266696c6573223b613a323a7b693a303b733a31353a227461786f6e6f6d792e6d6f64756c65223b693a313b733a31333a227461786f6e6f6d792e74657374223b7d733a393a22636f6e666967757265223b733a32343a2261646d696e2f7374727563747572652f7461786f6e6f6d79223b733a373a2270726f6a656374223b733a363a2264727570616c223b733a393a22646174657374616d70223b733a31303a2231333335393937353535223b733a333a22706870223b733a353a22352e322e34223b733a393a22626f6f747374726170223b693a303b733a383a227265717569726564223b623a313b733a31313a226578706c616e6174696f6e223b733a37333a224669656c64207479706528732920696e20757365202d20736565203c6120687265663d222f61646d696e2f7265706f7274732f6669656c6473223e4669656c64206c6973743c2f613e223b7d),
('modules/toolbar/toolbar.module', 'toolbar', 'module', '', 1, 0, 0, 0, 0x613a31313a7b733a343a226e616d65223b733a373a22546f6f6c626172223b733a31313a226465736372697074696f6e223b733a39393a2250726f7669646573206120746f6f6c62617220746861742073686f77732074686520746f702d6c6576656c2061646d696e697374726174696f6e206d656e75206974656d7320616e64206c696e6b732066726f6d206f74686572206d6f64756c65732e223b733a343a22636f7265223b733a333a22372e78223b733a373a227061636b616765223b733a343a22436f7265223b733a373a2276657273696f6e223b733a343a22372e3134223b733a373a2270726f6a656374223b733a363a2264727570616c223b733a393a22646174657374616d70223b733a31303a2231333335393937353535223b733a31323a22646570656e64656e63696573223b613a303a7b7d733a333a22706870223b733a353a22352e322e34223b733a353a2266696c6573223b613a303a7b7d733a393a22626f6f747374726170223b693a303b7d),
('modules/tracker/tracker.module', 'tracker', 'module', '', 0, 0, -1, 0, 0x613a31313a7b733a343a226e616d65223b733a373a22547261636b6572223b733a31313a226465736372697074696f6e223b733a34353a22456e61626c657320747261636b696e67206f6620726563656e7420636f6e74656e7420666f722075736572732e223b733a31323a22646570656e64656e63696573223b613a313a7b693a303b733a373a22636f6d6d656e74223b7d733a373a227061636b616765223b733a343a22436f7265223b733a373a2276657273696f6e223b733a343a22372e3134223b733a343a22636f7265223b733a333a22372e78223b733a353a2266696c6573223b613a313a7b693a303b733a31323a22747261636b65722e74657374223b7d733a373a2270726f6a656374223b733a363a2264727570616c223b733a393a22646174657374616d70223b733a31303a2231333335393937353535223b733a333a22706870223b733a353a22352e322e34223b733a393a22626f6f747374726170223b693a303b7d),
('modules/translation/tests/translation_test.module', 'translation_test', 'module', '', 0, 0, -1, 0, 0x613a31323a7b733a343a226e616d65223b733a32343a22436f6e74656e74205472616e736c6174696f6e2054657374223b733a31313a226465736372697074696f6e223b733a34393a22537570706f7274206d6f64756c6520666f722074686520636f6e74656e74207472616e736c6174696f6e2074657374732e223b733a343a22636f7265223b733a333a22372e78223b733a373a227061636b616765223b733a373a2254657374696e67223b733a373a2276657273696f6e223b733a343a22372e3134223b733a363a2268696464656e223b623a313b733a373a2270726f6a656374223b733a363a2264727570616c223b733a393a22646174657374616d70223b733a31303a2231333335393937353535223b733a31323a22646570656e64656e63696573223b613a303a7b7d733a333a22706870223b733a353a22352e322e34223b733a353a2266696c6573223b613a303a7b7d733a393a22626f6f747374726170223b693a303b7d),
('modules/translation/translation.module', 'translation', 'module', '', 0, 0, -1, 0, 0x613a31313a7b733a343a226e616d65223b733a31393a22436f6e74656e74207472616e736c6174696f6e223b733a31313a226465736372697074696f6e223b733a35373a22416c6c6f777320636f6e74656e7420746f206265207472616e736c6174656420696e746f20646966666572656e74206c616e6775616765732e223b733a31323a22646570656e64656e63696573223b613a313a7b693a303b733a363a226c6f63616c65223b7d733a373a227061636b616765223b733a343a22436f7265223b733a373a2276657273696f6e223b733a343a22372e3134223b733a343a22636f7265223b733a333a22372e78223b733a353a2266696c6573223b613a313a7b693a303b733a31363a227472616e736c6174696f6e2e74657374223b7d733a373a2270726f6a656374223b733a363a2264727570616c223b733a393a22646174657374616d70223b733a31303a2231333335393937353535223b733a333a22706870223b733a353a22352e322e34223b733a393a22626f6f747374726170223b693a303b7d),
('modules/trigger/tests/trigger_test.module', 'trigger_test', 'module', '', 0, 0, -1, 0, 0x613a31323a7b733a343a226e616d65223b733a31323a22547269676765722054657374223b733a31313a226465736372697074696f6e223b733a33333a22537570706f7274206d6f64756c6520666f7220547269676765722074657374732e223b733a373a227061636b616765223b733a373a2254657374696e67223b733a343a22636f7265223b733a333a22372e78223b733a363a2268696464656e223b623a313b733a373a2276657273696f6e223b733a343a22372e3134223b733a373a2270726f6a656374223b733a363a2264727570616c223b733a393a22646174657374616d70223b733a31303a2231333335393937353535223b733a31323a22646570656e64656e63696573223b613a303a7b7d733a333a22706870223b733a353a22352e322e34223b733a353a2266696c6573223b613a303a7b7d733a393a22626f6f747374726170223b693a303b7d),
('modules/trigger/trigger.module', 'trigger', 'module', '', 0, 0, -1, 0, 0x613a31323a7b733a343a226e616d65223b733a373a2254726967676572223b733a31313a226465736372697074696f6e223b733a39303a22456e61626c657320616374696f6e7320746f206265206669726564206f6e206365727461696e2073797374656d206576656e74732c2073756368206173207768656e206e657720636f6e74656e7420697320637265617465642e223b733a373a227061636b616765223b733a343a22436f7265223b733a373a2276657273696f6e223b733a343a22372e3134223b733a343a22636f7265223b733a333a22372e78223b733a353a2266696c6573223b613a313a7b693a303b733a31323a22747269676765722e74657374223b7d733a393a22636f6e666967757265223b733a32333a2261646d696e2f7374727563747572652f74726967676572223b733a373a2270726f6a656374223b733a363a2264727570616c223b733a393a22646174657374616d70223b733a31303a2231333335393937353535223b733a31323a22646570656e64656e63696573223b613a303a7b7d733a333a22706870223b733a353a22352e322e34223b733a393a22626f6f747374726170223b693a303b7d),
('modules/update/tests/aaa_update_test.module', 'aaa_update_test', 'module', '', 0, 0, -1, 0, 0x613a31323a7b733a343a226e616d65223b733a31353a22414141205570646174652074657374223b733a31313a226465736372697074696f6e223b733a34313a22537570706f7274206d6f64756c6520666f7220757064617465206d6f64756c652074657374696e672e223b733a373a227061636b616765223b733a373a2254657374696e67223b733a343a22636f7265223b733a333a22372e78223b733a363a2268696464656e223b623a313b733a373a2276657273696f6e223b733a343a22372e3134223b733a373a2270726f6a656374223b733a363a2264727570616c223b733a393a22646174657374616d70223b733a31303a2231333335393937353535223b733a31323a22646570656e64656e63696573223b613a303a7b7d733a333a22706870223b733a353a22352e322e34223b733a353a2266696c6573223b613a303a7b7d733a393a22626f6f747374726170223b693a303b7d),
('modules/update/tests/bbb_update_test.module', 'bbb_update_test', 'module', '', 0, 0, -1, 0, 0x613a31323a7b733a343a226e616d65223b733a31353a22424242205570646174652074657374223b733a31313a226465736372697074696f6e223b733a34313a22537570706f7274206d6f64756c6520666f7220757064617465206d6f64756c652074657374696e672e223b733a373a227061636b616765223b733a373a2254657374696e67223b733a343a22636f7265223b733a333a22372e78223b733a363a2268696464656e223b623a313b733a373a2276657273696f6e223b733a343a22372e3134223b733a373a2270726f6a656374223b733a363a2264727570616c223b733a393a22646174657374616d70223b733a31303a2231333335393937353535223b733a31323a22646570656e64656e63696573223b613a303a7b7d733a333a22706870223b733a353a22352e322e34223b733a353a2266696c6573223b613a303a7b7d733a393a22626f6f747374726170223b693a303b7d),
('modules/update/tests/ccc_update_test.module', 'ccc_update_test', 'module', '', 0, 0, -1, 0, 0x613a31323a7b733a343a226e616d65223b733a31353a22434343205570646174652074657374223b733a31313a226465736372697074696f6e223b733a34313a22537570706f7274206d6f64756c6520666f7220757064617465206d6f64756c652074657374696e672e223b733a373a227061636b616765223b733a373a2254657374696e67223b733a343a22636f7265223b733a333a22372e78223b733a363a2268696464656e223b623a313b733a373a2276657273696f6e223b733a343a22372e3134223b733a373a2270726f6a656374223b733a363a2264727570616c223b733a393a22646174657374616d70223b733a31303a2231333335393937353535223b733a31323a22646570656e64656e63696573223b613a303a7b7d733a333a22706870223b733a353a22352e322e34223b733a353a2266696c6573223b613a303a7b7d733a393a22626f6f747374726170223b693a303b7d),
('modules/update/tests/update_test.module', 'update_test', 'module', '', 0, 0, -1, 0, 0x613a31323a7b733a343a226e616d65223b733a31313a225570646174652074657374223b733a31313a226465736372697074696f6e223b733a34313a22537570706f7274206d6f64756c6520666f7220757064617465206d6f64756c652074657374696e672e223b733a373a227061636b616765223b733a373a2254657374696e67223b733a373a2276657273696f6e223b733a343a22372e3134223b733a343a22636f7265223b733a333a22372e78223b733a363a2268696464656e223b623a313b733a373a2270726f6a656374223b733a363a2264727570616c223b733a393a22646174657374616d70223b733a31303a2231333335393937353535223b733a31323a22646570656e64656e63696573223b613a303a7b7d733a333a22706870223b733a353a22352e322e34223b733a353a2266696c6573223b613a303a7b7d733a393a22626f6f747374726170223b693a303b7d),
('modules/update/update.module', 'update', 'module', '', 1, 0, 7001, 0, 0x613a31323a7b733a343a226e616d65223b733a31343a22557064617465206d616e61676572223b733a31313a226465736372697074696f6e223b733a3130343a22436865636b7320666f7220617661696c61626c6520757064617465732c20616e642063616e207365637572656c7920696e7374616c6c206f7220757064617465206d6f64756c657320616e64207468656d65732076696120612077656220696e746572666163652e223b733a373a2276657273696f6e223b733a343a22372e3134223b733a373a227061636b616765223b733a343a22436f7265223b733a343a22636f7265223b733a333a22372e78223b733a353a2266696c6573223b613a313a7b693a303b733a31313a227570646174652e74657374223b7d733a393a22636f6e666967757265223b733a33303a2261646d696e2f7265706f7274732f757064617465732f73657474696e6773223b733a373a2270726f6a656374223b733a363a2264727570616c223b733a393a22646174657374616d70223b733a31303a2231333335393937353535223b733a31323a22646570656e64656e63696573223b613a303a7b7d733a333a22706870223b733a353a22352e322e34223b733a393a22626f6f747374726170223b693a303b7d),
('modules/user/tests/user_form_test.module', 'user_form_test', 'module', '', 0, 0, -1, 0, 0x613a31323a7b733a343a226e616d65223b733a32323a2255736572206d6f64756c6520666f726d207465737473223b733a31313a226465736372697074696f6e223b733a33373a22537570706f7274206d6f64756c6520666f72207573657220666f726d2074657374696e672e223b733a373a227061636b616765223b733a373a2254657374696e67223b733a373a2276657273696f6e223b733a343a22372e3134223b733a343a22636f7265223b733a333a22372e78223b733a363a2268696464656e223b623a313b733a373a2270726f6a656374223b733a363a2264727570616c223b733a393a22646174657374616d70223b733a31303a2231333335393937353535223b733a31323a22646570656e64656e63696573223b613a303a7b7d733a333a22706870223b733a353a22352e322e34223b733a353a2266696c6573223b613a303a7b7d733a393a22626f6f747374726170223b693a303b7d),
('modules/user/user.module', 'user', 'module', '', 1, 0, 7018, 0, 0x613a31343a7b733a343a226e616d65223b733a343a2255736572223b733a31313a226465736372697074696f6e223b733a34373a224d616e6167657320746865207573657220726567697374726174696f6e20616e64206c6f67696e2073797374656d2e223b733a373a227061636b616765223b733a343a22436f7265223b733a373a2276657273696f6e223b733a343a22372e3134223b733a343a22636f7265223b733a333a22372e78223b733a353a2266696c6573223b613a323a7b693a303b733a31313a22757365722e6d6f64756c65223b693a313b733a393a22757365722e74657374223b7d733a383a227265717569726564223b623a313b733a393a22636f6e666967757265223b733a31393a2261646d696e2f636f6e6669672f70656f706c65223b733a31313a227374796c65736865657473223b613a313a7b733a333a22616c6c223b613a313a7b733a383a22757365722e637373223b733a32313a226d6f64756c65732f757365722f757365722e637373223b7d7d733a373a2270726f6a656374223b733a363a2264727570616c223b733a393a22646174657374616d70223b733a31303a2231333335393937353535223b733a31323a22646570656e64656e63696573223b613a303a7b7d733a333a22706870223b733a353a22352e322e34223b733a393a22626f6f747374726170223b693a303b7d),
('profiles/standard/standard.profile', 'standard', 'module', '', 1, 0, 0, 1000, 0x613a31343a7b733a343a226e616d65223b733a383a225374616e64617264223b733a31313a226465736372697074696f6e223b733a35313a22496e7374616c6c207769746820636f6d6d6f6e6c792075736564206665617475726573207072652d636f6e666967757265642e223b733a373a2276657273696f6e223b733a343a22372e3134223b733a343a22636f7265223b733a333a22372e78223b733a31323a22646570656e64656e63696573223b613a32313a7b693a303b733a353a22626c6f636b223b693a313b733a353a22636f6c6f72223b693a323b733a373a22636f6d6d656e74223b693a333b733a31303a22636f6e7465787475616c223b693a343b733a393a2264617368626f617264223b693a353b733a343a2268656c70223b693a363b733a353a22696d616765223b693a373b733a343a226c697374223b693a383b733a343a226d656e75223b693a393b733a363a226e756d626572223b693a31303b733a373a226f7074696f6e73223b693a31313b733a343a2270617468223b693a31323b733a383a227461786f6e6f6d79223b693a31333b733a353a2264626c6f67223b693a31343b733a363a22736561726368223b693a31353b733a383a2273686f7274637574223b693a31363b733a373a22746f6f6c626172223b693a31373b733a373a226f7665726c6179223b693a31383b733a383a226669656c645f7569223b693a31393b733a343a2266696c65223b693a32303b733a333a22726466223b7d733a373a2270726f6a656374223b733a363a2264727570616c223b733a393a22646174657374616d70223b733a31303a2231333335393937353535223b733a373a227061636b616765223b733a353a224f74686572223b733a333a22706870223b733a353a22352e322e34223b733a353a2266696c6573223b613a303a7b7d733a393a22626f6f747374726170223b693a303b733a363a2268696464656e223b623a313b733a383a227265717569726564223b623a313b733a31373a22646973747269627574696f6e5f6e616d65223b733a363a2244727570616c223b7d),
('sites/all/modules/auto_nodetitle/auto_nodetitle.module', 'auto_nodetitle', 'module', '', 1, 0, 1, 5, 0x613a31313a7b733a343a226e616d65223b733a32303a224175746f6d61746963204e6f64657469746c6573223b733a31313a226465736372697074696f6e223b733a37303a22416c6c6f777320686964696e67206f662074686520636f6e74656e74207469746c65206669656c6420616e64206175746f6d61746963207469746c65206372656174696f6e2e223b733a343a22636f7265223b733a333a22372e78223b733a353a2266696c6573223b613a333a7b693a303b733a32323a226175746f5f6e6f64657469746c652e696e7374616c6c223b693a313b733a32313a226175746f5f6e6f64657469746c652e6d6f64756c65223b693a323b733a31373a226175746f5f6e6f64657469746c652e6a73223b7d733a373a2276657273696f6e223b733a373a22372e782d312e30223b733a373a2270726f6a656374223b733a31343a226175746f5f6e6f64657469746c65223b733a393a22646174657374616d70223b733a31303a2231333037343439393135223b733a31323a22646570656e64656e63696573223b613a303a7b7d733a373a227061636b616765223b733a353a224f74686572223b733a333a22706870223b733a353a22352e322e34223b733a393a22626f6f747374726170223b693a303b7d),
('sites/all/modules/contact_importer/contact_importer.module', 'contact_importer', 'module', '', 1, 0, 7000, 0, 0x613a31323a7b733a343a226e616d65223b733a31363a22436f6e7461637420496d706f72746572223b733a31313a226465736372697074696f6e223b733a38373a22456e61626c6573206f74686572206d6f64756c657320746f20616c6c6f7720757365727320746f20696d706f727420656d61696c206164647265737365732066726f6d207468656972206164647265737320626f6f6b2e223b733a373a227061636b616765223b733a31363a22436f6e7461637420496d706f72746572223b733a343a22636f7265223b733a333a22372e78223b733a393a22636f6e666967757265223b733a32393a2261646d696e2f636f6e6669672f636f6e746163745f696d706f72746572223b733a353a2266696c6573223b613a333a7b693a303b733a32343a22636f6e746163745f696d706f727465722e696e7374616c6c223b693a313b733a32333a22636f6e746163745f696d706f727465722e6d6f64756c65223b693a323b733a32363a22636f6e746163745f696d706f727465722e61646d696e2e696e63223b7d733a373a2276657273696f6e223b733a373a22372e782d312e31223b733a373a2270726f6a656374223b733a31363a22636f6e746163745f696d706f72746572223b733a393a22646174657374616d70223b733a31303a2231333039343234353136223b733a31323a22646570656e64656e63696573223b613a303a7b7d733a333a22706870223b733a353a22352e322e34223b733a393a22626f6f747374726170223b693a303b7d),
('sites/all/modules/contact_importer/contact_importer_forms.module', 'contact_importer_forms', 'module', '', 1, 0, 0, 0, 0x613a31323a7b733a343a226e616d65223b733a33333a22436f6e7461637420496d706f7274657220466f726d20496e746567726174696f6e223b733a31313a226465736372697074696f6e223b733a35363a22416c6c6f777320796f7520746f2063686f6f736520666f726d7320746f20757365207769746820436f6e7461637420496d706f727465722e223b733a31323a22646570656e64656e63696573223b613a313a7b693a303b733a31363a22636f6e746163745f696d706f72746572223b7d733a373a227061636b616765223b733a31363a22436f6e7461637420496d706f72746572223b733a343a22636f7265223b733a333a22372e78223b733a393a22636f6e666967757265223b733a34303a2261646d696e2f636f6e6669672f636f6e746163745f696d706f727465722f666f726d732f6c697374223b733a353a2266696c6573223b613a323a7b693a303b733a33303a22636f6e746163745f696d706f727465725f666f726d732e696e7374616c6c223b693a313b733a32393a22636f6e746163745f696d706f727465725f666f726d732e6d6f64756c65223b7d733a373a2276657273696f6e223b733a373a22372e782d312e31223b733a373a2270726f6a656374223b733a31363a22636f6e746163745f696d706f72746572223b733a393a22646174657374616d70223b733a31303a2231333039343234353136223b733a333a22706870223b733a353a22352e322e34223b733a393a22626f6f747374726170223b693a303b7d);
INSERT INTO `prefixpinboard_system` (`filename`, `name`, `type`, `owner`, `status`, `bootstrap`, `schema_version`, `weight`, `info`) VALUES
('sites/all/modules/contact_importer/octazen_engine/octazen_engine.module', 'octazen_engine', 'module', '', 0, 0, -1, 0, 0x613a31323a7b733a343a226e616d65223b733a32343a224f6374617a656e2052657472696576616c20456e67696e65223b733a31313a226465736372697074696f6e223b733a36323a22496e746567726174657320436f6e7461637420496d706f72746572207769746820746865204f6374617a656e2052657472696576616c2053657276696365223b733a31323a22646570656e64656e63696573223b613a313a7b693a303b733a31363a22636f6e746163745f696d706f72746572223b7d733a373a227061636b616765223b733a31363a22436f6e7461637420496d706f72746572223b733a343a22636f7265223b733a333a22372e78223b733a393a22636f6e666967757265223b733a33383a2261646d696e2f636f6e6669672f636f6e746163745f696d706f727465722f73657474696e6773223b733a353a2266696c6573223b613a323a7b693a303b733a32323a226f6374617a656e5f656e67696e652e696e7374616c6c223b693a313b733a32313a226f6374617a656e5f656e67696e652e6d6f64756c65223b7d733a373a2276657273696f6e223b733a373a22372e782d312e31223b733a373a2270726f6a656374223b733a31363a22636f6e746163745f696d706f72746572223b733a393a22646174657374616d70223b733a31303a2231333039343234353136223b733a333a22706870223b733a353a22352e322e34223b733a393a22626f6f747374726170223b693a303b7d),
('sites/all/modules/contact_importer/openinviter_engine/openinviter_engine.module', 'openinviter_engine', 'module', '', 1, 0, 0, 0, 0x613a31313a7b733a343a226e616d65223b733a32383a224f70656e496e76697465722052657472696576616c20456e67696e65223b733a31313a226465736372697074696f6e223b733a36363a22496e746567726174657320436f6e7461637420496d706f72746572207769746820746865204f70656e496e76697465722052657472696576616c204c696272617279223b733a31323a22646570656e64656e63696573223b613a313a7b693a303b733a31363a22636f6e746163745f696d706f72746572223b7d733a373a227061636b616765223b733a31363a22436f6e7461637420496d706f72746572223b733a343a22636f7265223b733a333a22372e78223b733a353a2266696c6573223b613a333a7b693a303b733a32383a226f70656e696e76697465725f656e67696e652e61646d696e2e696e63223b693a313b733a32363a226f70656e696e76697465725f656e67696e652e696e7374616c6c223b693a323b733a32353a226f70656e696e76697465725f656e67696e652e6d6f64756c65223b7d733a373a2276657273696f6e223b733a373a22372e782d312e31223b733a373a2270726f6a656374223b733a31363a22636f6e746163745f696d706f72746572223b733a393a22646174657374616d70223b733a31303a2231333039343234353136223b733a333a22706870223b733a353a22352e322e34223b733a393a22626f6f747374726170223b693a303b7d),
('sites/all/modules/ctools/bulk_export/bulk_export.module', 'bulk_export', 'module', '', 0, 0, -1, 0, 0x613a31313a7b733a343a226e616d65223b733a31313a2242756c6b204578706f7274223b733a31313a226465736372697074696f6e223b733a36373a22506572666f726d732062756c6b206578706f7274696e67206f662064617461206f626a65637473206b6e6f776e2061626f7574206279204368616f7320746f6f6c732e223b733a343a22636f7265223b733a333a22372e78223b733a31323a22646570656e64656e63696573223b613a313a7b693a303b733a363a2263746f6f6c73223b7d733a373a227061636b616765223b733a31363a224368616f7320746f6f6c207375697465223b733a373a2276657273696f6e223b733a373a22372e782d312e30223b733a373a2270726f6a656374223b733a363a2263746f6f6c73223b733a393a22646174657374616d70223b733a31303a2231333332393632343436223b733a333a22706870223b733a353a22352e322e34223b733a353a2266696c6573223b613a303a7b7d733a393a22626f6f747374726170223b693a303b7d),
('sites/all/modules/ctools/ctools.module', 'ctools', 'module', '', 1, 0, 6007, 0, 0x613a31313a7b733a343a226e616d65223b733a31313a224368616f7320746f6f6c73223b733a31313a226465736372697074696f6e223b733a34363a2241206c696272617279206f662068656c7066756c20746f6f6c73206279204d65726c696e206f66204368616f732e223b733a343a22636f7265223b733a333a22372e78223b733a373a227061636b616765223b733a31363a224368616f7320746f6f6c207375697465223b733a353a2266696c6573223b613a333a7b693a303b733a32303a22696e636c756465732f636f6e746578742e696e63223b693a313b733a32323a22696e636c756465732f6d6174682d657870722e696e63223b693a323b733a32313a22696e636c756465732f7374796c697a65722e696e63223b7d733a373a2276657273696f6e223b733a373a22372e782d312e30223b733a373a2270726f6a656374223b733a363a2263746f6f6c73223b733a393a22646174657374616d70223b733a31303a2231333332393632343436223b733a31323a22646570656e64656e63696573223b613a303a7b7d733a333a22706870223b733a353a22352e322e34223b733a393a22626f6f747374726170223b693a303b7d),
('sites/all/modules/ctools/ctools_access_ruleset/ctools_access_ruleset.module', 'ctools_access_ruleset', 'module', '', 0, 0, -1, 0, 0x613a31313a7b733a343a226e616d65223b733a31353a22437573746f6d2072756c6573657473223b733a31313a226465736372697074696f6e223b733a38313a2243726561746520637573746f6d2c206578706f727461626c652c207265757361626c65206163636573732072756c657365747320666f72206170706c69636174696f6e73206c696b652050616e656c732e223b733a343a22636f7265223b733a333a22372e78223b733a373a227061636b616765223b733a31363a224368616f7320746f6f6c207375697465223b733a31323a22646570656e64656e63696573223b613a313a7b693a303b733a363a2263746f6f6c73223b7d733a373a2276657273696f6e223b733a373a22372e782d312e30223b733a373a2270726f6a656374223b733a363a2263746f6f6c73223b733a393a22646174657374616d70223b733a31303a2231333332393632343436223b733a333a22706870223b733a353a22352e322e34223b733a353a2266696c6573223b613a303a7b7d733a393a22626f6f747374726170223b693a303b7d),
('sites/all/modules/ctools/ctools_ajax_sample/ctools_ajax_sample.module', 'ctools_ajax_sample', 'module', '', 0, 0, -1, 0, 0x613a31313a7b733a343a226e616d65223b733a33333a224368616f7320546f6f6c73202843546f6f6c732920414a4158204578616d706c65223b733a31313a226465736372697074696f6e223b733a34313a2253686f777320686f7720746f207573652074686520706f776572206f66204368616f7320414a41582e223b733a373a227061636b616765223b733a31363a224368616f7320746f6f6c207375697465223b733a31323a22646570656e64656e63696573223b613a313a7b693a303b733a363a2263746f6f6c73223b7d733a343a22636f7265223b733a333a22372e78223b733a373a2276657273696f6e223b733a373a22372e782d312e30223b733a373a2270726f6a656374223b733a363a2263746f6f6c73223b733a393a22646174657374616d70223b733a31303a2231333332393632343436223b733a333a22706870223b733a353a22352e322e34223b733a353a2266696c6573223b613a303a7b7d733a393a22626f6f747374726170223b693a303b7d),
('sites/all/modules/ctools/ctools_custom_content/ctools_custom_content.module', 'ctools_custom_content', 'module', '', 0, 0, -1, 0, 0x613a31313a7b733a343a226e616d65223b733a32303a22437573746f6d20636f6e74656e742070616e6573223b733a31313a226465736372697074696f6e223b733a37393a2243726561746520637573746f6d2c206578706f727461626c652c207265757361626c6520636f6e74656e742070616e657320666f72206170706c69636174696f6e73206c696b652050616e656c732e223b733a343a22636f7265223b733a333a22372e78223b733a373a227061636b616765223b733a31363a224368616f7320746f6f6c207375697465223b733a31323a22646570656e64656e63696573223b613a313a7b693a303b733a363a2263746f6f6c73223b7d733a373a2276657273696f6e223b733a373a22372e782d312e30223b733a373a2270726f6a656374223b733a363a2263746f6f6c73223b733a393a22646174657374616d70223b733a31303a2231333332393632343436223b733a333a22706870223b733a353a22352e322e34223b733a353a2266696c6573223b613a303a7b7d733a393a22626f6f747374726170223b693a303b7d),
('sites/all/modules/ctools/ctools_plugin_example/ctools_plugin_example.module', 'ctools_plugin_example', 'module', '', 0, 0, -1, 0, 0x613a31313a7b733a343a226e616d65223b733a33353a224368616f7320546f6f6c73202843546f6f6c732920506c7567696e204578616d706c65223b733a31313a226465736372697074696f6e223b733a37353a2253686f777320686f7720616e2065787465726e616c206d6f64756c652063616e2070726f766964652063746f6f6c7320706c7567696e732028666f722050616e656c732c206574632e292e223b733a373a227061636b616765223b733a31363a224368616f7320746f6f6c207375697465223b733a31323a22646570656e64656e63696573223b613a343a7b693a303b733a363a2263746f6f6c73223b693a313b733a363a2270616e656c73223b693a323b733a31323a22706167655f6d616e61676572223b693a333b733a31333a22616476616e6365645f68656c70223b7d733a343a22636f7265223b733a333a22372e78223b733a373a2276657273696f6e223b733a373a22372e782d312e30223b733a373a2270726f6a656374223b733a363a2263746f6f6c73223b733a393a22646174657374616d70223b733a31303a2231333332393632343436223b733a333a22706870223b733a353a22352e322e34223b733a353a2266696c6573223b613a303a7b7d733a393a22626f6f747374726170223b693a303b7d),
('sites/all/modules/ctools/page_manager/page_manager.module', 'page_manager', 'module', '', 0, 0, -1, 0, 0x613a31313a7b733a343a226e616d65223b733a31323a2250616765206d616e61676572223b733a31313a226465736372697074696f6e223b733a35343a2250726f7669646573206120554920616e642041504920746f206d616e6167652070616765732077697468696e2074686520736974652e223b733a343a22636f7265223b733a333a22372e78223b733a31323a22646570656e64656e63696573223b613a313a7b693a303b733a363a2263746f6f6c73223b7d733a373a227061636b616765223b733a31363a224368616f7320746f6f6c207375697465223b733a373a2276657273696f6e223b733a373a22372e782d312e30223b733a373a2270726f6a656374223b733a363a2263746f6f6c73223b733a393a22646174657374616d70223b733a31303a2231333332393632343436223b733a333a22706870223b733a353a22352e322e34223b733a353a2266696c6573223b613a303a7b7d733a393a22626f6f747374726170223b693a303b7d),
('sites/all/modules/ctools/stylizer/stylizer.module', 'stylizer', 'module', '', 0, 0, -1, 0, 0x613a31313a7b733a343a226e616d65223b733a383a225374796c697a6572223b733a31313a226465736372697074696f6e223b733a35333a2243726561746520637573746f6d207374796c657320666f72206170706c69636174696f6e7320737563682061732050616e656c732e223b733a343a22636f7265223b733a333a22372e78223b733a373a227061636b616765223b733a31363a224368616f7320746f6f6c207375697465223b733a31323a22646570656e64656e63696573223b613a323a7b693a303b733a363a2263746f6f6c73223b693a313b733a353a22636f6c6f72223b7d733a373a2276657273696f6e223b733a373a22372e782d312e30223b733a373a2270726f6a656374223b733a363a2263746f6f6c73223b733a393a22646174657374616d70223b733a31303a2231333332393632343436223b733a333a22706870223b733a353a22352e322e34223b733a353a2266696c6573223b613a303a7b7d733a393a22626f6f747374726170223b693a303b7d),
('sites/all/modules/ctools/tests/ctools_plugin_test.module', 'ctools_plugin_test', 'module', '', 0, 0, -1, 0, 0x613a31323a7b733a343a226e616d65223b733a32343a224368616f7320746f6f6c7320706c7567696e732074657374223b733a31313a226465736372697074696f6e223b733a34323a2250726f766964657320686f6f6b7320666f722074657374696e672063746f6f6c7320706c7567696e732e223b733a373a227061636b616765223b733a31363a224368616f7320746f6f6c207375697465223b733a343a22636f7265223b733a333a22372e78223b733a31323a22646570656e64656e63696573223b613a313a7b693a303b733a363a2263746f6f6c73223b7d733a353a2266696c6573223b613a323a7b693a303b733a31393a2263746f6f6c732e706c7567696e732e74657374223b693a313b733a31373a226f626a6563745f63616368652e74657374223b7d733a363a2268696464656e223b623a313b733a373a2276657273696f6e223b733a373a22372e782d312e30223b733a373a2270726f6a656374223b733a363a2263746f6f6c73223b733a393a22646174657374616d70223b733a31303a2231333332393632343436223b733a333a22706870223b733a353a22352e322e34223b733a393a22626f6f747374726170223b693a303b7d),
('sites/all/modules/ctools/views_content/views_content.module', 'views_content', 'module', '', 0, 0, -1, 0, 0x613a31313a7b733a343a226e616d65223b733a31393a22566965777320636f6e74656e742070616e6573223b733a31313a226465736372697074696f6e223b733a3130343a22416c6c6f777320566965777320636f6e74656e7420746f206265207573656420696e2050616e656c732c2044617368626f61726420616e64206f74686572206d6f64756c657320776869636820757365207468652043546f6f6c7320436f6e74656e74204150492e223b733a373a227061636b616765223b733a31363a224368616f7320746f6f6c207375697465223b733a31323a22646570656e64656e63696573223b613a323a7b693a303b733a363a2263746f6f6c73223b693a313b733a353a227669657773223b7d733a343a22636f7265223b733a333a22372e78223b733a353a2266696c6573223b613a333a7b693a303b733a36313a22706c7567696e732f76696577732f76696577735f636f6e74656e745f706c7567696e5f646973706c61795f63746f6f6c735f636f6e746578742e696e63223b693a313b733a35373a22706c7567696e732f76696577732f76696577735f636f6e74656e745f706c7567696e5f646973706c61795f70616e656c5f70616e652e696e63223b693a323b733a35393a22706c7567696e732f76696577732f76696577735f636f6e74656e745f706c7567696e5f7374796c655f63746f6f6c735f636f6e746578742e696e63223b7d733a373a2276657273696f6e223b733a373a22372e782d312e30223b733a373a2270726f6a656374223b733a363a2263746f6f6c73223b733a393a22646174657374616d70223b733a31303a2231333332393632343436223b733a333a22706870223b733a353a22352e322e34223b733a393a22626f6f747374726170223b693a303b7d),
('sites/all/modules/gravatar/gravatar.module', 'gravatar', 'module', '', 1, 0, 6000, 0, 0x613a31323a7b733a343a226e616d65223b733a383a224772617661746172223b733a31313a226465736372697074696f6e223b733a37303a22496e7465677261746520477261766174617220706963747572657320726567697374657265642061742047726176617461722e636f6d20696e2044727570616c207369746573223b733a343a22636f7265223b733a333a22372e78223b733a353a2266696c6573223b613a333a7b693a303b733a31353a2267726176617461722e6d6f64756c65223b693a313b733a31363a2267726176617461722e696e7374616c6c223b693a323b733a31383a2267726176617461722e61646d696e2e696e63223b7d733a393a22636f6e666967757265223b733a32383a2261646d696e2f636f6e6669672f70656f706c652f6772617661746172223b733a373a2276657273696f6e223b733a31313a22372e782d312e782d646576223b733a373a2270726f6a656374223b733a383a226772617661746172223b733a393a22646174657374616d70223b733a31303a2231333235343230303834223b733a31323a22646570656e64656e63696573223b613a303a7b7d733a373a227061636b616765223b733a353a224f74686572223b733a333a22706870223b733a353a22352e322e34223b733a393a22626f6f747374726170223b693a303b7d),
('sites/all/modules/invite/invite.module', 'invite', 'module', '', 1, 0, 7201, 0, 0x613a31323a7b733a343a226e616d65223b733a363a22496e76697465223b733a31313a226465736372697074696f6e223b733a36363a22416c6c6f777320796f757220757365727320746f2073656e6420616e6420747261636b20696e7669746174696f6e7320746f206a6f696e20796f757220736974652e223b733a343a22636f7265223b733a333a22372e78223b733a373a227061636b616765223b733a363a22496e76697465223b733a31323a22646570656e64656e63696573223b613a313a7b693a303b733a353a22746f6b656e223b7d733a353a2266696c6573223b613a353a7b693a303b733a31333a22696e766974652e6d6f64756c65223b693a313b733a31363a22696e766974652e61646d696e2e696e63223b693a323b733a31363a22696e766974652e70616765732e696e63223b693a333b733a31373a22696e766974652e746f6b656e732e696e63223b693a343b733a31343a22696e766974652e696e7374616c6c223b7d733a393a22636f6e666967757265223b733a32363a2261646d696e2f636f6e6669672f70656f706c652f696e76697465223b733a373a2276657273696f6e223b733a31333a22372e782d322e312d6265746132223b733a373a2270726f6a656374223b733a363a22696e76697465223b733a393a22646174657374616d70223b733a31303a2231333233303537363431223b733a333a22706870223b733a353a22352e322e34223b733a393a22626f6f747374726170223b693a303b7d),
('sites/all/modules/invite/modules/invite_cancel_account/invite_cancel_account.module', 'invite_cancel_account', 'module', '', 0, 0, -1, 0, 0x613a31313a7b733a343a226e616d65223b733a32303a2243616e63656c2055736572204163636f756e7473223b733a31313a226465736372697074696f6e223b733a3133383a22416c6c6f777320796f757220757365727320746f207465726d696e6174652075736572206163636f756e7473206279207769746864726177696e6720746865697220696e7669746174696f6e2e205741524e494e47202d2054686973206d6f64756c652069732070757420696e746f20656666656374207768656e20796f7520656e61626c652069742e223b733a343a22636f7265223b733a333a22372e78223b733a373a227061636b616765223b733a363a22496e76697465223b733a31323a22646570656e64656e63696573223b613a313a7b693a303b733a363a22696e76697465223b7d733a353a2266696c6573223b613a313a7b693a303b733a32383a22696e766974655f63616e63656c5f6163636f756e742e6d6f64756c65223b7d733a373a2276657273696f6e223b733a31333a22372e782d322e312d6265746132223b733a373a2270726f6a656374223b733a363a22696e76697465223b733a393a22646174657374616d70223b733a31303a2231333233303537363431223b733a333a22706870223b733a353a22352e322e34223b733a393a22626f6f747374726170223b693a303b7d),
('sites/all/modules/invite/modules/invite_stats/invite_stats.module', 'invite_stats', 'module', '', 0, 0, -1, 0, 0x613a31313a7b733a343a226e616d65223b733a31373a22496e766974652053746174697374696373223b733a31313a226465736372697074696f6e223b733a34383a22446973706c61797320736f6d6520737461746973746963732061626f75742073656e7420696e7669746174696f6e732e223b733a343a22636f7265223b733a333a22372e78223b733a373a227061636b616765223b733a363a22496e76697465223b733a31323a22646570656e64656e63696573223b613a313a7b693a303b733a363a22696e76697465223b7d733a353a2266696c6573223b613a313a7b693a303b733a31393a22696e766974655f73746174732e6d6f64756c65223b7d733a373a2276657273696f6e223b733a31333a22372e782d322e312d6265746132223b733a373a2270726f6a656374223b733a363a22696e76697465223b733a393a22646174657374616d70223b733a31303a2231333233303537363431223b733a333a22706870223b733a353a22352e322e34223b733a393a22626f6f747374726170223b693a303b7d),
('sites/all/modules/jquery_update/jquery_update.module', 'jquery_update', 'module', '', 0, 0, 7000, 0, 0x613a31323a7b733a343a226e616d65223b733a31333a226a517565727920557064617465223b733a31313a226465736372697074696f6e223b733a35323a2255706461746573206a517565727920746f206a517565727920312e352e3220616e64206a517565727920554920312e382e31312e223b733a373a227061636b616765223b733a31343a225573657220696e74657266616365223b733a343a22636f7265223b733a333a22372e78223b733a353a2266696c6573223b613a323a7b693a303b733a32303a226a71756572795f7570646174652e6d6f64756c65223b693a313b733a32313a226a71756572795f7570646174652e696e7374616c6c223b7d733a393a22636f6e666967757265223b733a33363a2261646d696e2f636f6e6669672f646576656c6f706d656e742f706572666f726d616e6365223b733a373a2276657273696f6e223b733a373a22372e782d322e32223b733a373a2270726f6a656374223b733a31333a226a71756572795f757064617465223b733a393a22646174657374616d70223b733a31303a2231333031393230323639223b733a31323a22646570656e64656e63696573223b613a303a7b7d733a333a22706870223b733a353a22352e322e34223b733a393a22626f6f747374726170223b693a303b7d),
('sites/all/modules/loginza/loginza.module', 'loginza', 'module', '', 1, 0, 0, 0, 0x613a31323a7b733a343a226e616d65223b733a373a224c6f67696e7a61223b733a31313a226465736372697074696f6e223b733a36303a22416c6c6f777320757365727320746f206c6f6720696e746f20796f75722073697465207573696e67204c6f67696e7a612e727520736572766963652e223b733a343a22636f7265223b733a333a22372e78223b733a373a227061636b616765223b733a31343a225573657220696e74657266616365223b733a393a22636f6e666967757265223b733a32373a2261646d696e2f636f6e6669672f70656f706c652f6c6f67696e7a61223b733a373a2276657273696f6e223b733a373a22372e782d312e30223b733a373a2270726f6a656374223b733a373a226c6f67696e7a61223b733a393a22646174657374616d70223b733a31303a2231333334353236363938223b733a31323a22646570656e64656e63696573223b613a303a7b7d733a333a22706870223b733a353a22352e322e34223b733a353a2266696c6573223b613a303a7b7d733a393a22626f6f747374726170223b693a303b7d),
('sites/all/modules/pinboard_helper/pinboard_helper.module', 'pinboard_helper', 'module', '', 1, 0, 1, 10000, 0x613a31303a7b733a343a226e616d65223b733a31363a2250696e20426f6172642048656c706572223b733a31313a226465736372697074696f6e223b733a32363a2248656c70657220466f72205468656d652050696e20426f617264223b733a343a22636f7265223b733a333a22372e78223b733a31323a22646570656e64656e63696573223b613a353a7b693a303b733a343a2272617465223b693a313b733a343a226e6f6465223b693a323b733a373a22636f6d6d656e74223b693a333b733a373a22636f6e74616374223b693a343b733a31353a227472616e736c697465726174696f6e223b7d733a373a2276657273696f6e223b733a373a22372e782d312e30223b733a393a22646174657374616d70223b733a31303a2231323938333634313432223b733a373a227061636b616765223b733a353a224f74686572223b733a333a22706870223b733a353a22352e322e34223b733a353a2266696c6573223b613a303a7b7d733a393a22626f6f747374726170223b693a303b7d),
('sites/all/modules/rate/expiration/rate_expiration.module', 'rate_expiration', 'module', '', 0, 0, -1, 0, 0x613a31313a7b733a343a226e616d65223b733a31353a22526174652045787069726174696f6e223b733a31313a226465736372697074696f6e223b733a33383a2241646420616e2065787069726174696f6e2074696d6520746f20726174652077696467657473223b733a343a22636f7265223b733a333a22372e78223b733a373a227061636b616765223b733a363a22566f74696e67223b733a31323a22646570656e64656e63696573223b613a323a7b693a303b733a343a2272617465223b693a313b733a343a2264617465223b7d733a353a2266696c6573223b613a323a7b693a303b733a32333a22726174655f65787069726174696f6e2e696e7374616c6c223b693a313b733a32323a22726174655f65787069726174696f6e2e6d6f64756c65223b7d733a373a2276657273696f6e223b733a373a22372e782d312e33223b733a373a2270726f6a656374223b733a343a2272617465223b733a393a22646174657374616d70223b733a31303a2231333233323839323433223b733a333a22706870223b733a353a22352e322e34223b733a393a22626f6f747374726170223b693a303b7d),
('sites/all/modules/rate/rate.module', 'rate', 'module', '', 1, 0, 6001, 0, 0x613a31313a7b733a343a226e616d65223b733a343a2252617465223b733a31313a226465736372697074696f6e223b733a34363a22466c657869626c6520766f74696e67206f7074696f6e7320666f72206e6f64657320616e6420636f6d6d656e7473223b733a343a22636f7265223b733a333a22372e78223b733a373a227061636b616765223b733a363a22566f74696e67223b733a31323a22646570656e64656e63696573223b613a313a7b693a303b733a393a22766f74696e67617069223b7d733a353a2266696c6573223b613a353a7b693a303b733a31323a22726174652e696e7374616c6c223b693a313b733a31313a22726174652e6d6f64756c65223b693a323b733a31363a22726174652e726573756c74732e696e63223b693a333b733a31343a22726174652e686f6f6b732e696e63223b693a343b733a31343a22726174652e61646d696e2e696e63223b7d733a373a2276657273696f6e223b733a373a22372e782d312e33223b733a373a2270726f6a656374223b733a343a2272617465223b733a393a22646174657374616d70223b733a31303a2231333233323839323433223b733a333a22706870223b733a353a22352e322e34223b733a393a22626f6f747374726170223b693a303b7d),
('sites/all/modules/sharethis/sharethis.module', 'sharethis', 'module', '', 1, 0, 7001, 0, 0x613a31323a7b733a343a226e616d65223b733a393a22536861726554686973223b733a31313a226465736372697074696f6e223b733a38333a2241646420746865203c6120687265663d22687474703a2f2f7368617265746869732e636f6d2f223e5368617265546869733c2f613e2077696467657420746f206e6f646573206f6e20796f757220736974652e223b733a343a22636f7265223b733a333a22372e78223b733a373a227061636b616765223b733a373a2253686172696e67223b733a393a22636f6e666967757265223b733a33313a2261646d696e2f636f6e6669672f73657276696365732f736861726574686973223b733a353a2266696c6573223b613a313a7b693a303b733a33383a2276696577732f7368617265746869735f68616e646c65725f6669656c645f6c696e6b2e696e63223b7d733a373a2276657273696f6e223b733a373a22372e782d322e34223b733a373a2270726f6a656374223b733a393a22736861726574686973223b733a393a22646174657374616d70223b733a31303a2231333334373831373233223b733a31323a22646570656e64656e63696573223b613a303a7b7d733a333a22706870223b733a353a22352e322e34223b733a393a22626f6f747374726170223b693a303b7d),
('sites/all/modules/token/tests/token_test.module', 'token_test', 'module', '', 0, 0, -1, 0, 0x613a31323a7b733a343a226e616d65223b733a31303a22546f6b656e2054657374223b733a31313a226465736372697074696f6e223b733a33393a2254657374696e67206d6f64756c6520666f7220746f6b656e2066756e6374696f6e616c6974792e223b733a373a227061636b616765223b733a373a2254657374696e67223b733a343a22636f7265223b733a333a22372e78223b733a353a2266696c6573223b613a313a7b693a303b733a31373a22746f6b656e5f746573742e6d6f64756c65223b7d733a363a2268696464656e223b623a313b733a373a2276657273696f6e223b733a373a22372e782d312e30223b733a373a2270726f6a656374223b733a353a22746f6b656e223b733a393a22646174657374616d70223b733a31303a2231333333363732353737223b733a31323a22646570656e64656e63696573223b613a303a7b7d733a333a22706870223b733a353a22352e322e34223b733a393a22626f6f747374726170223b693a303b7d),
('sites/all/modules/token/token.module', 'token', 'module', '', 1, 0, 7001, 0, 0x613a31313a7b733a343a226e616d65223b733a353a22546f6b656e223b733a31313a226465736372697074696f6e223b733a37333a2250726f76696465732061207573657220696e7465726661636520666f722074686520546f6b656e2041504920616e6420736f6d65206d697373696e6720636f726520746f6b656e732e223b733a343a22636f7265223b733a333a22372e78223b733a353a2266696c6573223b613a353a7b693a303b733a31323a22746f6b656e2e6d6f64756c65223b693a313b733a31333a22746f6b656e2e696e7374616c6c223b693a323b733a31363a22746f6b656e2e746f6b656e732e696e63223b693a333b733a31353a22746f6b656e2e70616765732e696e63223b693a343b733a31303a22746f6b656e2e74657374223b7d733a373a2276657273696f6e223b733a373a22372e782d312e30223b733a373a2270726f6a656374223b733a353a22746f6b656e223b733a393a22646174657374616d70223b733a31303a2231333333363732353737223b733a31323a22646570656e64656e63696573223b613a303a7b7d733a373a227061636b616765223b733a353a224f74686572223b733a333a22706870223b733a353a22352e322e34223b733a393a22626f6f747374726170223b693a303b7d),
('sites/all/modules/transliteration/transliteration.module', 'transliteration', 'module', '', 1, 0, 0, 0, 0x613a31313a7b733a343a226e616d65223b733a31353a225472616e736c697465726174696f6e223b733a31313a226465736372697074696f6e223b733a36313a22436f6e7665727473206e6f6e2d6c6174696e207465787420746f2055532d415343494920616e642073616e6974697a65732066696c65206e616d65732e223b733a343a22636f7265223b733a333a22372e78223b733a373a2276657273696f6e223b733a373a22372e782d332e30223b733a373a2270726f6a656374223b733a31353a227472616e736c697465726174696f6e223b733a393a22646174657374616d70223b733a31303a2231333138353830313939223b733a31323a22646570656e64656e63696573223b613a303a7b7d733a373a227061636b616765223b733a353a224f74686572223b733a333a22706870223b733a353a22352e322e34223b733a353a2266696c6573223b613a303a7b7d733a393a22626f6f747374726170223b693a303b7d),
('sites/all/modules/video_embed_field/video_embed_field.module', 'video_embed_field', 'module', '', 1, 0, 7004, 0, 0x613a31343a7b733a343a226e616d65223b733a31373a22566964656f20456d626564204669656c64223b733a31313a226465736372697074696f6e223b733a36333a224578706f73652061206669656c64207479706520666f7220656d62656464696e6720766964656f732066726f6d20796f7574756265206f722076696d656f2e223b733a343a22636f7265223b733a333a22372e78223b733a373a227061636b616765223b733a353a224d65646961223b733a393a22636f6e666967757265223b733a33353a2261646d696e2f636f6e6669672f6d656469612f7665665f766964656f5f7374796c6573223b733a31323a22646570656e64656e63696573223b613a323a7b693a303b733a363a2263746f6f6c73223b693a313b733a353a22696d616765223b7d733a373a2276657273696f6e223b733a31333a22372e782d322e302d6265746134223b733a373a2270726f6a656374223b733a31373a22766964656f5f656d6265645f6669656c64223b733a393a22646174657374616d70223b733a31303a2231333239373731333436223b733a333a22706870223b733a353a22352e322e34223b733a353a2266696c6573223b613a303a7b7d733a393a22626f6f747374726170223b693a303b733a383a227265717569726564223b623a313b733a31313a226578706c616e6174696f6e223b733a37333a224669656c64207479706528732920696e20757365202d20736565203c6120687265663d222f61646d696e2f7265706f7274732f6669656c6473223e4669656c64206c6973743c2f613e223b7d),
('sites/all/modules/views/tests/views_test.module', 'views_test', 'module', '', 0, 0, -1, 0, 0x613a31323a7b733a343a226e616d65223b733a31303a2256696577732054657374223b733a31313a226465736372697074696f6e223b733a32323a2254657374206d6f64756c6520666f722056696577732e223b733a373a227061636b616765223b733a353a225669657773223b733a343a22636f7265223b733a333a22372e78223b733a31323a22646570656e64656e63696573223b613a313a7b693a303b733a353a227669657773223b7d733a363a2268696464656e223b623a313b733a373a2276657273696f6e223b733a373a22372e782d332e33223b733a373a2270726f6a656374223b733a353a227669657773223b733a393a22646174657374616d70223b733a31303a2231333239393436323439223b733a333a22706870223b733a353a22352e322e34223b733a353a2266696c6573223b613a303a7b7d733a393a22626f6f747374726170223b693a303b7d);
INSERT INTO `prefixpinboard_system` (`filename`, `name`, `type`, `owner`, `status`, `bootstrap`, `schema_version`, `weight`, `info`) VALUES
('sites/all/modules/views/views.module', 'views', 'module', '', 1, 0, 7301, 10, 0x613a31323a7b733a343a226e616d65223b733a353a225669657773223b733a31313a226465736372697074696f6e223b733a35353a2243726561746520637573746f6d697a6564206c6973747320616e6420717565726965732066726f6d20796f75722064617461626173652e223b733a373a227061636b616765223b733a353a225669657773223b733a343a22636f7265223b733a333a22372e78223b733a333a22706870223b733a333a22352e32223b733a31313a227374796c65736865657473223b613a313a7b733a333a22616c6c223b613a313a7b733a31333a226373732f76696577732e637373223b733a33373a2273697465732f616c6c2f6d6f64756c65732f76696577732f6373732f76696577732e637373223b7d7d733a31323a22646570656e64656e63696573223b613a313a7b693a303b733a363a2263746f6f6c73223b7d733a353a2266696c6573223b613a3237393a7b693a303b733a33313a2268616e646c6572732f76696577735f68616e646c65725f617265612e696e63223b693a313b733a33383a2268616e646c6572732f76696577735f68616e646c65725f617265615f726573756c742e696e63223b693a323b733a33363a2268616e646c6572732f76696577735f68616e646c65725f617265615f746578742e696e63223b693a333b733a33363a2268616e646c6572732f76696577735f68616e646c65725f617265615f766965772e696e63223b693a343b733a33353a2268616e646c6572732f76696577735f68616e646c65725f617267756d656e742e696e63223b693a353b733a34303a2268616e646c6572732f76696577735f68616e646c65725f617267756d656e745f646174652e696e63223b693a363b733a34333a2268616e646c6572732f76696577735f68616e646c65725f617267756d656e745f666f726d756c612e696e63223b693a373b733a34373a2268616e646c6572732f76696577735f68616e646c65725f617267756d656e745f6d616e795f746f5f6f6e652e696e63223b693a383b733a34303a2268616e646c6572732f76696577735f68616e646c65725f617267756d656e745f6e756c6c2e696e63223b693a393b733a34333a2268616e646c6572732f76696577735f68616e646c65725f617267756d656e745f6e756d657269632e696e63223b693a31303b733a34323a2268616e646c6572732f76696577735f68616e646c65725f617267756d656e745f737472696e672e696e63223b693a31313b733a35323a2268616e646c6572732f76696577735f68616e646c65725f617267756d656e745f67726f75705f62795f6e756d657269632e696e63223b693a31323b733a33323a2268616e646c6572732f76696577735f68616e646c65725f6669656c642e696e63223b693a31333b733a34303a2268616e646c6572732f76696577735f68616e646c65725f6669656c645f636f756e7465722e696e63223b693a31343b733a34303a2268616e646c6572732f76696577735f68616e646c65725f6669656c645f626f6f6c65616e2e696e63223b693a31353b733a34393a2268616e646c6572732f76696577735f68616e646c65725f6669656c645f636f6e7465787475616c5f6c696e6b732e696e63223b693a31363b733a33393a2268616e646c6572732f76696577735f68616e646c65725f6669656c645f637573746f6d2e696e63223b693a31373b733a33373a2268616e646c6572732f76696577735f68616e646c65725f6669656c645f646174652e696e63223b693a31383b733a33393a2268616e646c6572732f76696577735f68616e646c65725f6669656c645f656e746974792e696e63223b693a31393b733a33393a2268616e646c6572732f76696577735f68616e646c65725f6669656c645f6d61726b75702e696e63223b693a32303b733a33373a2268616e646c6572732f76696577735f68616e646c65725f6669656c645f6d6174682e696e63223b693a32313b733a34303a2268616e646c6572732f76696577735f68616e646c65725f6669656c645f6e756d657269632e696e63223b693a32323b733a34373a2268616e646c6572732f76696577735f68616e646c65725f6669656c645f70726572656e6465725f6c6973742e696e63223b693a32333b733a34363a2268616e646c6572732f76696577735f68616e646c65725f6669656c645f74696d655f696e74657276616c2e696e63223b693a32343b733a34333a2268616e646c6572732f76696577735f68616e646c65725f6669656c645f73657269616c697a65642e696e63223b693a32353b733a34353a2268616e646c6572732f76696577735f68616e646c65725f6669656c645f6d616368696e655f6e616d652e696e63223b693a32363b733a33363a2268616e646c6572732f76696577735f68616e646c65725f6669656c645f75726c2e696e63223b693a32373b733a33333a2268616e646c6572732f76696577735f68616e646c65725f66696c7465722e696e63223b693a32383b733a35303a2268616e646c6572732f76696577735f68616e646c65725f66696c7465725f626f6f6c65616e5f6f70657261746f722e696e63223b693a32393b733a35373a2268616e646c6572732f76696577735f68616e646c65725f66696c7465725f626f6f6c65616e5f6f70657261746f725f737472696e672e696e63223b693a33303b733a33383a2268616e646c6572732f76696577735f68616e646c65725f66696c7465725f646174652e696e63223b693a33313b733a34323a2268616e646c6572732f76696577735f68616e646c65725f66696c7465725f657175616c6974792e696e63223b693a33323b733a35303a2268616e646c6572732f76696577735f68616e646c65725f66696c7465725f67726f75705f62795f6e756d657269632e696e63223b693a33333b733a34353a2268616e646c6572732f76696577735f68616e646c65725f66696c7465725f696e5f6f70657261746f722e696e63223b693a33343b733a34353a2268616e646c6572732f76696577735f68616e646c65725f66696c7465725f6d616e795f746f5f6f6e652e696e63223b693a33353b733a34313a2268616e646c6572732f76696577735f68616e646c65725f66696c7465725f6e756d657269632e696e63223b693a33363b733a34303a2268616e646c6572732f76696577735f68616e646c65725f66696c7465725f737472696e672e696e63223b693a33373b733a33393a2268616e646c6572732f76696577735f68616e646c65725f72656c6174696f6e736869702e696e63223b693a33383b733a35333a2268616e646c6572732f76696577735f68616e646c65725f72656c6174696f6e736869705f67726f7570776973655f6d61782e696e63223b693a33393b733a33313a2268616e646c6572732f76696577735f68616e646c65725f736f72742e696e63223b693a34303b733a33363a2268616e646c6572732f76696577735f68616e646c65725f736f72745f646174652e696e63223b693a34313b733a33393a2268616e646c6572732f76696577735f68616e646c65725f736f72745f666f726d756c612e696e63223b693a34323b733a34383a2268616e646c6572732f76696577735f68616e646c65725f736f72745f67726f75705f62795f6e756d657269632e696e63223b693a34333b733a34363a2268616e646c6572732f76696577735f68616e646c65725f736f72745f6d656e755f6869657261726368792e696e63223b693a34343b733a33383a2268616e646c6572732f76696577735f68616e646c65725f736f72745f72616e646f6d2e696e63223b693a34353b733a31373a22696e636c756465732f626173652e696e63223b693a34363b733a32313a22696e636c756465732f68616e646c6572732e696e63223b693a34373b733a32303a22696e636c756465732f706c7567696e732e696e63223b693a34383b733a31373a22696e636c756465732f766965772e696e63223b693a34393b733a36303a226d6f64756c65732f61676772656761746f722f76696577735f68616e646c65725f617267756d656e745f61676772656761746f725f6669642e696e63223b693a35303b733a36303a226d6f64756c65732f61676772656761746f722f76696577735f68616e646c65725f617267756d656e745f61676772656761746f725f6969642e696e63223b693a35313b733a36393a226d6f64756c65732f61676772656761746f722f76696577735f68616e646c65725f617267756d656e745f61676772656761746f725f63617465676f72795f6369642e696e63223b693a35323b733a36343a226d6f64756c65732f61676772656761746f722f76696577735f68616e646c65725f6669656c645f61676772656761746f725f7469746c655f6c696e6b2e696e63223b693a35333b733a36323a226d6f64756c65732f61676772656761746f722f76696577735f68616e646c65725f6669656c645f61676772656761746f725f63617465676f72792e696e63223b693a35343b733a37303a226d6f64756c65732f61676772656761746f722f76696577735f68616e646c65725f6669656c645f61676772656761746f725f6974656d5f6465736372697074696f6e2e696e63223b693a35353b733a35373a226d6f64756c65732f61676772656761746f722f76696577735f68616e646c65725f6669656c645f61676772656761746f725f7873732e696e63223b693a35363b733a36373a226d6f64756c65732f61676772656761746f722f76696577735f68616e646c65725f66696c7465725f61676772656761746f725f63617465676f72795f6369642e696e63223b693a35373b733a35343a226d6f64756c65732f61676772656761746f722f76696577735f706c7567696e5f726f775f61676772656761746f725f7273732e696e63223b693a35383b733a35393a226d6f64756c65732f636f6d6d656e742f76696577735f68616e646c65725f617267756d656e745f636f6d6d656e745f757365725f7569642e696e63223b693a35393b733a34373a226d6f64756c65732f636f6d6d656e742f76696577735f68616e646c65725f6669656c645f636f6d6d656e742e696e63223b693a36303b733a35333a226d6f64756c65732f636f6d6d656e742f76696577735f68616e646c65725f6669656c645f636f6d6d656e745f64657074682e696e63223b693a36313b733a35323a226d6f64756c65732f636f6d6d656e742f76696577735f68616e646c65725f6669656c645f636f6d6d656e745f6c696e6b2e696e63223b693a36323b733a36303a226d6f64756c65732f636f6d6d656e742f76696577735f68616e646c65725f6669656c645f636f6d6d656e745f6c696e6b5f617070726f76652e696e63223b693a36333b733a35393a226d6f64756c65732f636f6d6d656e742f76696577735f68616e646c65725f6669656c645f636f6d6d656e745f6c696e6b5f64656c6574652e696e63223b693a36343b733a35373a226d6f64756c65732f636f6d6d656e742f76696577735f68616e646c65725f6669656c645f636f6d6d656e745f6c696e6b5f656469742e696e63223b693a36353b733a35383a226d6f64756c65732f636f6d6d656e742f76696577735f68616e646c65725f6669656c645f636f6d6d656e745f6c696e6b5f7265706c792e696e63223b693a36363b733a35373a226d6f64756c65732f636f6d6d656e742f76696577735f68616e646c65725f6669656c645f636f6d6d656e745f6e6f64655f6c696e6b2e696e63223b693a36373b733a35363a226d6f64756c65732f636f6d6d656e742f76696577735f68616e646c65725f6669656c645f636f6d6d656e745f757365726e616d652e696e63223b693a36383b733a36313a226d6f64756c65732f636f6d6d656e742f76696577735f68616e646c65725f6669656c645f6e63735f6c6173745f636f6d6d656e745f6e616d652e696e63223b693a36393b733a35363a226d6f64756c65732f636f6d6d656e742f76696577735f68616e646c65725f6669656c645f6e63735f6c6173745f757064617465642e696e63223b693a37303b733a35323a226d6f64756c65732f636f6d6d656e742f76696577735f68616e646c65725f6669656c645f6e6f64655f636f6d6d656e742e696e63223b693a37313b733a35373a226d6f64756c65732f636f6d6d656e742f76696577735f68616e646c65725f6669656c645f6e6f64655f6e65775f636f6d6d656e74732e696e63223b693a37323b733a36323a226d6f64756c65732f636f6d6d656e742f76696577735f68616e646c65725f6669656c645f6c6173745f636f6d6d656e745f74696d657374616d702e696e63223b693a37333b733a35373a226d6f64756c65732f636f6d6d656e742f76696577735f68616e646c65725f66696c7465725f636f6d6d656e745f757365725f7569642e696e63223b693a37343b733a35373a226d6f64756c65732f636f6d6d656e742f76696577735f68616e646c65725f66696c7465725f6e63735f6c6173745f757064617465642e696e63223b693a37353b733a35333a226d6f64756c65732f636f6d6d656e742f76696577735f68616e646c65725f66696c7465725f6e6f64655f636f6d6d656e742e696e63223b693a37363b733a35333a226d6f64756c65732f636f6d6d656e742f76696577735f68616e646c65725f736f72745f636f6d6d656e745f7468726561642e696e63223b693a37373b733a36303a226d6f64756c65732f636f6d6d656e742f76696577735f68616e646c65725f736f72745f6e63735f6c6173745f636f6d6d656e745f6e616d652e696e63223b693a37383b733a35353a226d6f64756c65732f636f6d6d656e742f76696577735f68616e646c65725f736f72745f6e63735f6c6173745f757064617465642e696e63223b693a37393b733a34383a226d6f64756c65732f636f6d6d656e742f76696577735f706c7567696e5f726f775f636f6d6d656e745f7273732e696e63223b693a38303b733a34393a226d6f64756c65732f636f6d6d656e742f76696577735f706c7567696e5f726f775f636f6d6d656e745f766965772e696e63223b693a38313b733a35323a226d6f64756c65732f636f6e746163742f76696577735f68616e646c65725f6669656c645f636f6e746163745f6c696e6b2e696e63223b693a38323b733a34333a226d6f64756c65732f6669656c642f76696577735f68616e646c65725f6669656c645f6669656c642e696e63223b693a38333b733a35393a226d6f64756c65732f6669656c642f76696577735f68616e646c65725f72656c6174696f6e736869705f656e746974795f726576657273652e696e63223b693a38343b733a35313a226d6f64756c65732f6669656c642f76696577735f68616e646c65725f617267756d656e745f6669656c645f6c6973742e696e63223b693a38353b733a34393a226d6f64756c65732f6669656c642f76696577735f68616e646c65725f66696c7465725f6669656c645f6c6973742e696e63223b693a38363b733a35373a226d6f64756c65732f66696c7465722f76696577735f68616e646c65725f6669656c645f66696c7465725f666f726d61745f6e616d652e696e63223b693a38373b733a35343a226d6f64756c65732f6c6f63616c652f76696577735f68616e646c65725f617267756d656e745f6c6f63616c655f67726f75702e696e63223b693a38383b733a35373a226d6f64756c65732f6c6f63616c652f76696577735f68616e646c65725f617267756d656e745f6c6f63616c655f6c616e67756167652e696e63223b693a38393b733a35313a226d6f64756c65732f6c6f63616c652f76696577735f68616e646c65725f6669656c645f6c6f63616c655f67726f75702e696e63223b693a39303b733a35343a226d6f64756c65732f6c6f63616c652f76696577735f68616e646c65725f6669656c645f6c6f63616c655f6c616e67756167652e696e63223b693a39313b733a35353a226d6f64756c65732f6c6f63616c652f76696577735f68616e646c65725f6669656c645f6c6f63616c655f6c696e6b5f656469742e696e63223b693a39323b733a35323a226d6f64756c65732f6c6f63616c652f76696577735f68616e646c65725f66696c7465725f6c6f63616c655f67726f75702e696e63223b693a39333b733a35353a226d6f64756c65732f6c6f63616c652f76696577735f68616e646c65725f66696c7465725f6c6f63616c655f6c616e67756167652e696e63223b693a39343b733a35343a226d6f64756c65732f6c6f63616c652f76696577735f68616e646c65725f66696c7465725f6c6f63616c655f76657273696f6e2e696e63223b693a39353b733a35333a226d6f64756c65732f6e6f64652f76696577735f68616e646c65725f617267756d656e745f64617465735f766172696f75732e696e63223b693a39363b733a35333a226d6f64756c65732f6e6f64652f76696577735f68616e646c65725f617267756d656e745f6e6f64655f6c616e67756167652e696e63223b693a39373b733a34383a226d6f64756c65732f6e6f64652f76696577735f68616e646c65725f617267756d656e745f6e6f64655f6e69642e696e63223b693a39383b733a34393a226d6f64756c65732f6e6f64652f76696577735f68616e646c65725f617267756d656e745f6e6f64655f747970652e696e63223b693a39393b733a34383a226d6f64756c65732f6e6f64652f76696577735f68616e646c65725f617267756d656e745f6e6f64655f7669642e696e63223b693a3130303b733a35373a226d6f64756c65732f6e6f64652f76696577735f68616e646c65725f617267756d656e745f6e6f64655f7569645f7265766973696f6e2e696e63223b693a3130313b733a35393a226d6f64756c65732f6e6f64652f76696577735f68616e646c65725f6669656c645f686973746f72795f757365725f74696d657374616d702e696e63223b693a3130323b733a34313a226d6f64756c65732f6e6f64652f76696577735f68616e646c65725f6669656c645f6e6f64652e696e63223b693a3130333b733a34363a226d6f64756c65732f6e6f64652f76696577735f68616e646c65725f6669656c645f6e6f64655f6c696e6b2e696e63223b693a3130343b733a35333a226d6f64756c65732f6e6f64652f76696577735f68616e646c65725f6669656c645f6e6f64655f6c696e6b5f64656c6574652e696e63223b693a3130353b733a35313a226d6f64756c65732f6e6f64652f76696577735f68616e646c65725f6669656c645f6e6f64655f6c696e6b5f656469742e696e63223b693a3130363b733a35303a226d6f64756c65732f6e6f64652f76696577735f68616e646c65725f6669656c645f6e6f64655f7265766973696f6e2e696e63223b693a3130373b733a36323a226d6f64756c65732f6e6f64652f76696577735f68616e646c65725f6669656c645f6e6f64655f7265766973696f6e5f6c696e6b5f64656c6574652e696e63223b693a3130383b733a36323a226d6f64756c65732f6e6f64652f76696577735f68616e646c65725f6669656c645f6e6f64655f7265766973696f6e5f6c696e6b5f7265766572742e696e63223b693a3130393b733a34363a226d6f64756c65732f6e6f64652f76696577735f68616e646c65725f6669656c645f6e6f64655f706174682e696e63223b693a3131303b733a34363a226d6f64756c65732f6e6f64652f76696577735f68616e646c65725f6669656c645f6e6f64655f747970652e696e63223b693a3131313b733a36303a226d6f64756c65732f6e6f64652f76696577735f68616e646c65725f66696c7465725f686973746f72795f757365725f74696d657374616d702e696e63223b693a3131323b733a34393a226d6f64756c65732f6e6f64652f76696577735f68616e646c65725f66696c7465725f6e6f64655f6163636573732e696e63223b693a3131333b733a34393a226d6f64756c65732f6e6f64652f76696577735f68616e646c65725f66696c7465725f6e6f64655f7374617475732e696e63223b693a3131343b733a34373a226d6f64756c65732f6e6f64652f76696577735f68616e646c65725f66696c7465725f6e6f64655f747970652e696e63223b693a3131353b733a35353a226d6f64756c65732f6e6f64652f76696577735f68616e646c65725f66696c7465725f6e6f64655f7569645f7265766973696f6e2e696e63223b693a3131363b733a35313a226d6f64756c65732f6e6f64652f76696577735f706c7567696e5f617267756d656e745f64656661756c745f6e6f64652e696e63223b693a3131373b733a35323a226d6f64756c65732f6e6f64652f76696577735f706c7567696e5f617267756d656e745f76616c69646174655f6e6f64652e696e63223b693a3131383b733a34323a226d6f64756c65732f6e6f64652f76696577735f706c7567696e5f726f775f6e6f64655f7273732e696e63223b693a3131393b733a34333a226d6f64756c65732f6e6f64652f76696577735f706c7567696e5f726f775f6e6f64655f766965772e696e63223b693a3132303b733a35323a226d6f64756c65732f70726f66696c652f76696577735f68616e646c65725f6669656c645f70726f66696c655f646174652e696e63223b693a3132313b733a35323a226d6f64756c65732f70726f66696c652f76696577735f68616e646c65725f6669656c645f70726f66696c655f6c6973742e696e63223b693a3132323b733a35383a226d6f64756c65732f70726f66696c652f76696577735f68616e646c65725f66696c7465725f70726f66696c655f73656c656374696f6e2e696e63223b693a3132333b733a34383a226d6f64756c65732f7365617263682f76696577735f68616e646c65725f617267756d656e745f7365617263682e696e63223b693a3132343b733a35313a226d6f64756c65732f7365617263682f76696577735f68616e646c65725f6669656c645f7365617263685f73636f72652e696e63223b693a3132353b733a34363a226d6f64756c65732f7365617263682f76696577735f68616e646c65725f66696c7465725f7365617263682e696e63223b693a3132363b733a35303a226d6f64756c65732f7365617263682f76696577735f68616e646c65725f736f72745f7365617263685f73636f72652e696e63223b693a3132373b733a34373a226d6f64756c65732f7365617263682f76696577735f706c7567696e5f726f775f7365617263685f766965772e696e63223b693a3132383b733a35373a226d6f64756c65732f737461746973746963732f76696577735f68616e646c65725f6669656c645f6163636573736c6f675f706174682e696e63223b693a3132393b733a35303a226d6f64756c65732f73797374656d2f76696577735f68616e646c65725f617267756d656e745f66696c655f6669642e696e63223b693a3133303b733a34333a226d6f64756c65732f73797374656d2f76696577735f68616e646c65725f6669656c645f66696c652e696e63223b693a3133313b733a35333a226d6f64756c65732f73797374656d2f76696577735f68616e646c65725f6669656c645f66696c655f657874656e73696f6e2e696e63223b693a3133323b733a35323a226d6f64756c65732f73797374656d2f76696577735f68616e646c65725f6669656c645f66696c655f66696c656d696d652e696e63223b693a3133333b733a34373a226d6f64756c65732f73797374656d2f76696577735f68616e646c65725f6669656c645f66696c655f7572692e696e63223b693a3133343b733a35303a226d6f64756c65732f73797374656d2f76696577735f68616e646c65725f6669656c645f66696c655f7374617475732e696e63223b693a3133353b733a35313a226d6f64756c65732f73797374656d2f76696577735f68616e646c65725f66696c7465725f66696c655f7374617475732e696e63223b693a3133363b733a35323a226d6f64756c65732f7461786f6e6f6d792f76696577735f68616e646c65725f617267756d656e745f7461786f6e6f6d792e696e63223b693a3133373b733a35373a226d6f64756c65732f7461786f6e6f6d792f76696577735f68616e646c65725f617267756d656e745f7465726d5f6e6f64655f7469642e696e63223b693a3133383b733a36333a226d6f64756c65732f7461786f6e6f6d792f76696577735f68616e646c65725f617267756d656e745f7465726d5f6e6f64655f7469645f64657074682e696e63223b693a3133393b733a37323a226d6f64756c65732f7461786f6e6f6d792f76696577735f68616e646c65725f617267756d656e745f7465726d5f6e6f64655f7469645f64657074685f6d6f6469666965722e696e63223b693a3134303b733a35383a226d6f64756c65732f7461786f6e6f6d792f76696577735f68616e646c65725f617267756d656e745f766f636162756c6172795f7669642e696e63223b693a3134313b733a36373a226d6f64756c65732f7461786f6e6f6d792f76696577735f68616e646c65725f617267756d656e745f766f636162756c6172795f6d616368696e655f6e616d652e696e63223b693a3134323b733a34393a226d6f64756c65732f7461786f6e6f6d792f76696577735f68616e646c65725f6669656c645f7461786f6e6f6d792e696e63223b693a3134333b733a35343a226d6f64756c65732f7461786f6e6f6d792f76696577735f68616e646c65725f6669656c645f7465726d5f6e6f64655f7469642e696e63223b693a3134343b733a35353a226d6f64756c65732f7461786f6e6f6d792f76696577735f68616e646c65725f6669656c645f7465726d5f6c696e6b5f656469742e696e63223b693a3134353b733a35353a226d6f64756c65732f7461786f6e6f6d792f76696577735f68616e646c65725f66696c7465725f7465726d5f6e6f64655f7469642e696e63223b693a3134363b733a36313a226d6f64756c65732f7461786f6e6f6d792f76696577735f68616e646c65725f66696c7465725f7465726d5f6e6f64655f7469645f64657074682e696e63223b693a3134373b733a35363a226d6f64756c65732f7461786f6e6f6d792f76696577735f68616e646c65725f66696c7465725f766f636162756c6172795f7669642e696e63223b693a3134383b733a36353a226d6f64756c65732f7461786f6e6f6d792f76696577735f68616e646c65725f66696c7465725f766f636162756c6172795f6d616368696e655f6e616d652e696e63223b693a3134393b733a36323a226d6f64756c65732f7461786f6e6f6d792f76696577735f68616e646c65725f72656c6174696f6e736869705f6e6f64655f7465726d5f646174612e696e63223b693a3135303b733a36353a226d6f64756c65732f7461786f6e6f6d792f76696577735f706c7567696e5f617267756d656e745f76616c69646174655f7461786f6e6f6d795f7465726d2e696e63223b693a3135313b733a36333a226d6f64756c65732f7461786f6e6f6d792f76696577735f706c7567696e5f617267756d656e745f64656661756c745f7461786f6e6f6d795f7469642e696e63223b693a3135323b733a35313a226d6f64756c65732f73797374656d2f76696577735f68616e646c65725f66696c7465725f73797374656d5f747970652e696e63223b693a3135333b733a35363a226d6f64756c65732f7472616e736c6174696f6e2f76696577735f68616e646c65725f617267756d656e745f6e6f64655f746e69642e696e63223b693a3135343b733a35373a226d6f64756c65732f7472616e736c6174696f6e2f76696577735f68616e646c65725f6669656c645f6e6f64655f6c616e67756167652e696e63223b693a3135353b733a36333a226d6f64756c65732f7472616e736c6174696f6e2f76696577735f68616e646c65725f6669656c645f6e6f64655f6c696e6b5f7472616e736c6174652e696e63223b693a3135363b733a36353a226d6f64756c65732f7472616e736c6174696f6e2f76696577735f68616e646c65725f6669656c645f6e6f64655f7472616e736c6174696f6e5f6c696e6b2e696e63223b693a3135373b733a35383a226d6f64756c65732f7472616e736c6174696f6e2f76696577735f68616e646c65725f66696c7465725f6e6f64655f6c616e67756167652e696e63223b693a3135383b733a35343a226d6f64756c65732f7472616e736c6174696f6e2f76696577735f68616e646c65725f66696c7465725f6e6f64655f746e69642e696e63223b693a3135393b733a36303a226d6f64756c65732f7472616e736c6174696f6e2f76696577735f68616e646c65725f66696c7465725f6e6f64655f746e69645f6368696c642e696e63223b693a3136303b733a36323a226d6f64756c65732f7472616e736c6174696f6e2f76696577735f68616e646c65725f72656c6174696f6e736869705f7472616e736c6174696f6e2e696e63223b693a3136313b733a35373a226d6f64756c65732f75706c6f61642f76696577735f68616e646c65725f6669656c645f75706c6f61645f6465736372697074696f6e2e696e63223b693a3136323b733a34393a226d6f64756c65732f75706c6f61642f76696577735f68616e646c65725f6669656c645f75706c6f61645f6669642e696e63223b693a3136333b733a35303a226d6f64756c65732f75706c6f61642f76696577735f68616e646c65725f66696c7465725f75706c6f61645f6669642e696e63223b693a3136343b733a34383a226d6f64756c65732f757365722f76696577735f68616e646c65725f617267756d656e745f757365725f7569642e696e63223b693a3136353b733a35353a226d6f64756c65732f757365722f76696577735f68616e646c65725f617267756d656e745f75736572735f726f6c65735f7269642e696e63223b693a3136363b733a34313a226d6f64756c65732f757365722f76696577735f68616e646c65725f6669656c645f757365722e696e63223b693a3136373b733a35303a226d6f64756c65732f757365722f76696577735f68616e646c65725f6669656c645f757365725f6c616e67756167652e696e63223b693a3136383b733a34363a226d6f64756c65732f757365722f76696577735f68616e646c65725f6669656c645f757365725f6c696e6b2e696e63223b693a3136393b733a35333a226d6f64756c65732f757365722f76696577735f68616e646c65725f6669656c645f757365725f6c696e6b5f63616e63656c2e696e63223b693a3137303b733a35313a226d6f64756c65732f757365722f76696577735f68616e646c65725f6669656c645f757365725f6c696e6b5f656469742e696e63223b693a3137313b733a34363a226d6f64756c65732f757365722f76696577735f68616e646c65725f6669656c645f757365725f6d61696c2e696e63223b693a3137323b733a34363a226d6f64756c65732f757365722f76696577735f68616e646c65725f6669656c645f757365725f6e616d652e696e63223b693a3137333b733a35333a226d6f64756c65732f757365722f76696577735f68616e646c65725f6669656c645f757365725f7065726d697373696f6e732e696e63223b693a3137343b733a34393a226d6f64756c65732f757365722f76696577735f68616e646c65725f6669656c645f757365725f706963747572652e696e63223b693a3137353b733a34373a226d6f64756c65732f757365722f76696577735f68616e646c65725f6669656c645f757365725f726f6c65732e696e63223b693a3137363b733a35303a226d6f64756c65732f757365722f76696577735f68616e646c65725f66696c7465725f757365725f63757272656e742e696e63223b693a3137373b733a34373a226d6f64756c65732f757365722f76696577735f68616e646c65725f66696c7465725f757365725f6e616d652e696e63223b693a3137383b733a35343a226d6f64756c65732f757365722f76696577735f68616e646c65725f66696c7465725f757365725f7065726d697373696f6e732e696e63223b693a3137393b733a34383a226d6f64756c65732f757365722f76696577735f68616e646c65725f66696c7465725f757365725f726f6c65732e696e63223b693a3138303b733a35393a226d6f64756c65732f757365722f76696577735f706c7567696e5f617267756d656e745f64656661756c745f63757272656e745f757365722e696e63223b693a3138313b733a35313a226d6f64756c65732f757365722f76696577735f706c7567696e5f617267756d656e745f64656661756c745f757365722e696e63223b693a3138323b733a35323a226d6f64756c65732f757365722f76696577735f706c7567696e5f617267756d656e745f76616c69646174655f757365722e696e63223b693a3138333b733a34333a226d6f64756c65732f757365722f76696577735f706c7567696e5f726f775f757365725f766965772e696e63223b693a3138343b733a33313a22706c7567696e732f76696577735f706c7567696e5f6163636573732e696e63223b693a3138353b733a33363a22706c7567696e732f76696577735f706c7567696e5f6163636573735f6e6f6e652e696e63223b693a3138363b733a33363a22706c7567696e732f76696577735f706c7567696e5f6163636573735f7065726d2e696e63223b693a3138373b733a33363a22706c7567696e732f76696577735f706c7567696e5f6163636573735f726f6c652e696e63223b693a3138383b733a34313a22706c7567696e732f76696577735f706c7567696e5f617267756d656e745f64656661756c742e696e63223b693a3138393b733a34353a22706c7567696e732f76696577735f706c7567696e5f617267756d656e745f64656661756c745f7068702e696e63223b693a3139303b733a34373a22706c7567696e732f76696577735f706c7567696e5f617267756d656e745f64656661756c745f66697865642e696e63223b693a3139313b733a34353a22706c7567696e732f76696577735f706c7567696e5f617267756d656e745f64656661756c745f7261772e696e63223b693a3139323b733a34323a22706c7567696e732f76696577735f706c7567696e5f617267756d656e745f76616c69646174652e696e63223b693a3139333b733a35303a22706c7567696e732f76696577735f706c7567696e5f617267756d656e745f76616c69646174655f6e756d657269632e696e63223b693a3139343b733a34363a22706c7567696e732f76696577735f706c7567696e5f617267756d656e745f76616c69646174655f7068702e696e63223b693a3139353b733a33303a22706c7567696e732f76696577735f706c7567696e5f63616368652e696e63223b693a3139363b733a33353a22706c7567696e732f76696577735f706c7567696e5f63616368655f6e6f6e652e696e63223b693a3139373b733a33353a22706c7567696e732f76696577735f706c7567696e5f63616368655f74696d652e696e63223b693a3139383b733a33323a22706c7567696e732f76696577735f706c7567696e5f646973706c61792e696e63223b693a3139393b733a34333a22706c7567696e732f76696577735f706c7567696e5f646973706c61795f6174746163686d656e742e696e63223b693a3230303b733a33383a22706c7567696e732f76696577735f706c7567696e5f646973706c61795f626c6f636b2e696e63223b693a3230313b733a34303a22706c7567696e732f76696577735f706c7567696e5f646973706c61795f64656661756c742e696e63223b693a3230323b733a33383a22706c7567696e732f76696577735f706c7567696e5f646973706c61795f656d6265642e696e63223b693a3230333b733a34313a22706c7567696e732f76696577735f706c7567696e5f646973706c61795f657874656e6465722e696e63223b693a3230343b733a33373a22706c7567696e732f76696577735f706c7567696e5f646973706c61795f666565642e696e63223b693a3230353b733a33373a22706c7567696e732f76696577735f706c7567696e5f646973706c61795f706167652e696e63223b693a3230363b733a34333a22706c7567696e732f76696577735f706c7567696e5f6578706f7365645f666f726d5f62617369632e696e63223b693a3230373b733a33373a22706c7567696e732f76696577735f706c7567696e5f6578706f7365645f666f726d2e696e63223b693a3230383b733a35323a22706c7567696e732f76696577735f706c7567696e5f6578706f7365645f666f726d5f696e7075745f72657175697265642e696e63223b693a3230393b733a34323a22706c7567696e732f76696577735f706c7567696e5f6c6f63616c697a6174696f6e5f636f72652e696e63223b693a3231303b733a33373a22706c7567696e732f76696577735f706c7567696e5f6c6f63616c697a6174696f6e2e696e63223b693a3231313b733a34323a22706c7567696e732f76696577735f706c7567696e5f6c6f63616c697a6174696f6e5f6e6f6e652e696e63223b693a3231323b733a33303a22706c7567696e732f76696577735f706c7567696e5f70616765722e696e63223b693a3231333b733a33353a22706c7567696e732f76696577735f706c7567696e5f70616765725f66756c6c2e696e63223b693a3231343b733a33353a22706c7567696e732f76696577735f706c7567696e5f70616765725f6d696e692e696e63223b693a3231353b733a33353a22706c7567696e732f76696577735f706c7567696e5f70616765725f6e6f6e652e696e63223b693a3231363b733a33353a22706c7567696e732f76696577735f706c7567696e5f70616765725f736f6d652e696e63223b693a3231373b733a33303a22706c7567696e732f76696577735f706c7567696e5f71756572792e696e63223b693a3231383b733a33383a22706c7567696e732f76696577735f706c7567696e5f71756572795f64656661756c742e696e63223b693a3231393b733a32383a22706c7567696e732f76696577735f706c7567696e5f726f772e696e63223b693a3232303b733a33353a22706c7567696e732f76696577735f706c7567696e5f726f775f6669656c64732e696e63223b693a3232313b733a33303a22706c7567696e732f76696577735f706c7567696e5f7374796c652e696e63223b693a3232323b733a33383a22706c7567696e732f76696577735f706c7567696e5f7374796c655f64656661756c742e696e63223b693a3232333b733a33353a22706c7567696e732f76696577735f706c7567696e5f7374796c655f677269642e696e63223b693a3232343b733a33353a22706c7567696e732f76696577735f706c7567696e5f7374796c655f6c6973742e696e63223b693a3232353b733a34303a22706c7567696e732f76696577735f706c7567696e5f7374796c655f6a756d705f6d656e752e696e63223b693a3232363b733a33343a22706c7567696e732f76696577735f706c7567696e5f7374796c655f7273732e696e63223b693a3232373b733a33383a22706c7567696e732f76696577735f706c7567696e5f7374796c655f73756d6d6172792e696e63223b693a3232383b733a34383a22706c7567696e732f76696577735f706c7567696e5f7374796c655f73756d6d6172795f6a756d705f6d656e752e696e63223b693a3232393b733a35303a22706c7567696e732f76696577735f706c7567696e5f7374796c655f73756d6d6172795f756e666f726d61747465642e696e63223b693a3233303b733a33363a22706c7567696e732f76696577735f706c7567696e5f7374796c655f7461626c652e696e63223b693a3233313b733a34333a2274657374732f68616e646c6572732f76696577735f68616e646c65725f617265615f746578742e74657374223b693a3233323b733a34373a2274657374732f68616e646c6572732f76696577735f68616e646c65725f617267756d656e745f6e756c6c2e74657374223b693a3233333b733a33393a2274657374732f68616e646c6572732f76696577735f68616e646c65725f6669656c642e74657374223b693a3233343b733a34373a2274657374732f68616e646c6572732f76696577735f68616e646c65725f6669656c645f626f6f6c65616e2e74657374223b693a3233353b733a34363a2274657374732f68616e646c6572732f76696577735f68616e646c65725f6669656c645f637573746f6d2e74657374223b693a3233363b733a34373a2274657374732f68616e646c6572732f76696577735f68616e646c65725f6669656c645f636f756e7465722e74657374223b693a3233373b733a34343a2274657374732f68616e646c6572732f76696577735f68616e646c65725f6669656c645f646174652e74657374223b693a3233383b733a34393a2274657374732f68616e646c6572732f76696577735f68616e646c65725f6669656c645f66696c655f73697a652e74657374223b693a3233393b733a34343a2274657374732f68616e646c6572732f76696577735f68616e646c65725f6669656c645f6d6174682e74657374223b693a3234303b733a34333a2274657374732f68616e646c6572732f76696577735f68616e646c65725f6669656c645f75726c2e74657374223b693a3234313b733a34333a2274657374732f68616e646c6572732f76696577735f68616e646c65725f6669656c645f7873732e74657374223b693a3234323b733a34353a2274657374732f68616e646c6572732f76696577735f68616e646c65725f66696c7465725f646174652e74657374223b693a3234333b733a34393a2274657374732f68616e646c6572732f76696577735f68616e646c65725f66696c7465725f657175616c6974792e74657374223b693a3234343b733a35323a2274657374732f68616e646c6572732f76696577735f68616e646c65725f66696c7465725f696e5f6f70657261746f722e74657374223b693a3234353b733a34383a2274657374732f68616e646c6572732f76696577735f68616e646c65725f66696c7465725f6e756d657269632e74657374223b693a3234363b733a34373a2274657374732f68616e646c6572732f76696577735f68616e646c65725f66696c7465725f737472696e672e74657374223b693a3234373b733a34353a2274657374732f68616e646c6572732f76696577735f68616e646c65725f736f72745f72616e646f6d2e74657374223b693a3234383b733a34333a2274657374732f68616e646c6572732f76696577735f68616e646c65725f736f72745f646174652e74657374223b693a3234393b733a33383a2274657374732f68616e646c6572732f76696577735f68616e646c65725f736f72742e74657374223b693a3235303b733a36303a2274657374732f746573745f706c7567696e732f76696577735f746573745f706c7567696e5f6163636573735f746573745f64796e616d69632e696e63223b693a3235313b733a35393a2274657374732f746573745f706c7567696e732f76696577735f746573745f706c7567696e5f6163636573735f746573745f7374617469632e696e63223b693a3235323b733a34363a2274657374732f7374796c65732f76696577735f706c7567696e5f7374796c655f6a756d705f6d656e752e74657374223b693a3235333b733a33363a2274657374732f7374796c65732f76696577735f706c7567696e5f7374796c652e74657374223b693a3235343b733a32333a2274657374732f76696577735f6163636573732e74657374223b693a3235353b733a32343a2274657374732f76696577735f616e616c797a652e74657374223b693a3235363b733a32323a2274657374732f76696577735f62617369632e74657374223b693a3235373b733a33333a2274657374732f76696577735f617267756d656e745f64656661756c742e74657374223b693a3235383b733a33353a2274657374732f76696577735f617267756d656e745f76616c696461746f722e74657374223b693a3235393b733a32393a2274657374732f76696577735f6578706f7365645f666f726d2e74657374223b693a3236303b733a32353a2274657374732f76696577735f676c6f73736172792e74657374223b693a3236313b733a32343a2274657374732f76696577735f67726f757062792e74657374223b693a3236323b733a32353a2274657374732f76696577735f68616e646c6572732e74657374223b693a3236333b733a32333a2274657374732f76696577735f6d6f64756c652e74657374223b693a3236343b733a32323a2274657374732f76696577735f70616765722e74657374223b693a3236353b733a34303a2274657374732f76696577735f706c7567696e5f6c6f63616c697a6174696f6e5f746573742e696e63223b693a3236363b733a32393a2274657374732f76696577735f7472616e736c617461626c652e74657374223b693a3236373b733a32323a2274657374732f76696577735f71756572792e74657374223b693a3236383b733a32343a2274657374732f76696577735f757067726164652e74657374223b693a3236393b733a33343a2274657374732f76696577735f746573742e76696577735f64656661756c742e696e63223b693a3237303b733a35383a2274657374732f636f6d6d656e742f76696577735f68616e646c65725f617267756d656e745f636f6d6d656e745f757365725f7569642e74657374223b693a3237313b733a35363a2274657374732f636f6d6d656e742f76696577735f68616e646c65725f66696c7465725f636f6d6d656e745f757365725f7569642e74657374223b693a3237323b733a34353a2274657374732f757365722f76696577735f68616e646c65725f6669656c645f757365725f6e616d652e74657374223b693a3237333b733a34333a2274657374732f757365722f76696577735f757365725f617267756d656e745f64656661756c742e74657374223b693a3237343b733a34343a2274657374732f757365722f76696577735f757365725f617267756d656e745f76616c69646174652e74657374223b693a3237353b733a32363a2274657374732f757365722f76696577735f757365722e74657374223b693a3237363b733a32323a2274657374732f76696577735f63616368652e74657374223b693a3237373b733a32313a2274657374732f76696577735f766965772e74657374223b693a3237383b733a31393a2274657374732f76696577735f75692e74657374223b7d733a373a2276657273696f6e223b733a373a22372e782d332e33223b733a373a2270726f6a656374223b733a353a227669657773223b733a393a22646174657374616d70223b733a31303a2231333239393436323439223b733a393a22626f6f747374726170223b693a303b7d),
('sites/all/modules/views/views_ui.module', 'views_ui', 'module', '', 1, 0, 0, 0, 0x613a31323a7b733a343a226e616d65223b733a383a225669657773205549223b733a31313a226465736372697074696f6e223b733a39333a2241646d696e69737472617469766520696e7465726661636520746f2076696577732e20576974686f75742074686973206d6f64756c652c20796f752063616e6e6f7420637265617465206f72206564697420796f75722076696577732e223b733a373a227061636b616765223b733a353a225669657773223b733a343a22636f7265223b733a333a22372e78223b733a393a22636f6e666967757265223b733a32313a2261646d696e2f7374727563747572652f7669657773223b733a31323a22646570656e64656e63696573223b613a313a7b693a303b733a353a227669657773223b7d733a353a2266696c6573223b613a323a7b693a303b733a31353a2276696577735f75692e6d6f64756c65223b693a313b733a35373a22706c7567696e732f76696577735f77697a6172642f76696577735f75695f626173655f76696577735f77697a6172642e636c6173732e706870223b7d733a373a2276657273696f6e223b733a373a22372e782d332e33223b733a373a2270726f6a656374223b733a353a227669657773223b733a393a22646174657374616d70223b733a31303a2231333239393436323439223b733a333a22706870223b733a353a22352e322e34223b733a393a22626f6f747374726170223b693a303b7d),
('sites/all/modules/votingapi/votingapi.module', 'votingapi', 'module', '', 1, 0, 7201, 0, 0x613a31313a7b733a343a226e616d65223b733a31303a22566f74696e6720415049223b733a31313a226465736372697074696f6e223b733a34373a2250726f766964657320612073686172656420766f74696e672041504920666f72206f74686572206d6f64756c65732e223b733a373a227061636b616765223b733a363a22566f74696e67223b733a343a22636f7265223b733a333a22372e78223b733a353a2266696c6573223b613a31303a7b693a303b733a31363a22766f74696e676170692e6d6f64756c65223b693a313b733a31393a22766f74696e676170692e61646d696e2e696e63223b693a323b733a31393a22766f74696e676170692e64727573682e696e63223b693a333b733a31373a22766f74696e676170692e696e7374616c6c223b693a343b733a32303a2274657374732f766f74696e676170692e74657374223b693a353b733a32353a2276696577732f766f74696e676170692e76696577732e696e63223b693a363b733a33333a2276696577732f766f74696e676170692e76696577735f64656661756c742e696e63223b693a373b733a34353a2276696577732f766f74696e676170695f76696577735f68616e646c65725f6669656c645f76616c75652e696e63223b693a383b733a34373a2276696577732f766f74696e676170695f76696577735f68616e646c65725f736f72745f6e756c6c61626c652e696e63223b693a393b733a34363a2276696577732f766f74696e676170695f76696577735f68616e646c65725f72656c6174696f6e736869702e696e63223b7d733a373a2276657273696f6e223b733a373a22372e782d322e36223b733a373a2270726f6a656374223b733a393a22766f74696e67617069223b733a393a22646174657374616d70223b733a31303a2231333330333732383439223b733a31323a22646570656e64656e63696573223b613a303a7b7d733a333a22706870223b733a353a22352e322e34223b733a393a22626f6f747374726170223b693a303b7d),
('sites/all/themes/pinboard/pinboard.info', 'pinboard', 'theme', 'themes/engines/phptemplate/phptemplate.engine', 1, 0, -1, 0, 0x613a31363a7b733a343a226e616d65223b733a393a2250696e20426f617264223b733a31313a226465736372697074696f6e223b733a37373a225072656d69756d2044727570616c207468656d65206279203c6120687265663d22687474703a2f2f7777772e7468656d65736e61702e636f6d223e5468656d65536e61702e636f6d3c2f613e2e223b733a31303a2273637265656e73686f74223b733a34303a2273697465732f616c6c2f7468656d65732f70696e626f6172642f73637265656e73686f742e706e67223b733a373a2276657273696f6e223b733a373a22372e782d312e30223b733a343a22636f7265223b733a333a22372e78223b733a383a2273657474696e6773223b613a363a7b733a31303a22746d5f76616c75655f30223b733a393a227468656d65736e6170223b733a31303a22746d5f76616c75655f31223b733a31323a223331343038313639404e3034223b733a31303a22746d5f76616c75655f32223b733a313a2231223b733a31303a22746d5f76616c75655f33223b733a363a22637573746f6d223b733a31303a22746d5f76616c75655f34223b733a353a226d7573656f223b733a31303a22746d5f76616c75655f35223b733a313a2231223b7d733a31323a22646570656e64656e63696573223b613a313a7b693a303b733a31353a2270696e626f6172645f68656c706572223b7d733a373a22726567696f6e73223b613a31363a7b733a31363a22736964656261725f746f705f6c656674223b733a31363a225369646562617220546f70204c656674223b733a31373a22736964656261725f746f705f7269676874223b733a31373a225369646562617220546f70205269676874223b733a31363a22736964656261725f746f705f6d656e75223b733a31363a225369646562617220546f70204d656e75223b733a31383a22736964656261725f746f705f627574746f6e223b733a31383a225369646562617220546f7020427574746f6e223b733a31353a22736964656261725f77656c636f6d65223b733a31353a22536964656261722057656c636f6d65223b733a373a22636f6e74656e74223b733a373a22436f6e74656e74223b733a31303a22736964656261725f6164223b733a31303a2253696465626172204164223b733a31333a22736964656261725f7269676874223b733a31333a2253696465626172205269676874223b733a31303a22666f6f7465725f6f6e65223b733a31303a22466f6f746572204f6e65223b733a31303a22666f6f7465725f74776f223b733a31303a22466f6f7465722054776f223b733a31323a22666f6f7465725f7468726565223b733a31323a22466f6f746572205468726565223b733a31313a22666f6f7465725f666f7572223b733a31313a22466f6f74657220466f7572223b733a31363a22666f6f7465725f636f70797269676874223b733a31363a22466f6f74657220436f70797269676874223b733a31343a2264617368626f6172645f6d61696e223b733a31363a2244617368626f61726420286d61696e29223b733a31373a2264617368626f6172645f73696465626172223b733a31393a2244617368626f61726420287369646562617229223b733a31383a2264617368626f6172645f696e616374697665223b733a32303a2244617368626f6172642028696e61637469766529223b7d733a31313a227374796c65736865657473223b613a313a7b733a333a22616c6c223b613a31323a7b733a31323a226373732f626173652e637373223b733a33383a2273697465732f616c6c2f7468656d65732f70696e626f6172642f6373732f626173652e637373223b733a31363a226373732f736b656c65746f6e2e637373223b733a34323a2273697465732f616c6c2f7468656d65732f70696e626f6172642f6373732f736b656c65746f6e2e637373223b733a31343a226373732f6c61796f75742e637373223b733a34303a2273697465732f616c6c2f7468656d65732f70696e626f6172642f6373732f6c61796f75742e637373223b733a32313a226373732f615f6d61696e5f7374796c65732e637373223b733a34373a2273697465732f616c6c2f7468656d65732f70696e626f6172642f6373732f615f6d61696e5f7374796c65732e637373223b733a31353a226373732f615f626c6f636b2e637373223b733a34313a2273697465732f616c6c2f7468656d65732f70696e626f6172642f6373732f615f626c6f636b2e637373223b733a31343a226373732f6865616465722e637373223b733a34303a2273697465732f616c6c2f7468656d65732f70696e626f6172642f6373732f6865616465722e637373223b733a32353a226373732f746f705f6d656e755f7375626a5f6261722e637373223b733a35313a2273697465732f616c6c2f7468656d65732f70696e626f6172642f6373732f746f705f6d656e755f7375626a5f6261722e637373223b733a31353a226373732f70696e5f626f782e637373223b733a34313a2273697465732f616c6c2f7468656d65732f70696e626f6172642f6373732f70696e5f626f782e637373223b733a31393a226373732f70696e5f6f7665726c61792e637373223b733a34353a2273697465732f616c6c2f7468656d65732f70696e626f6172642f6373732f70696e5f6f7665726c61792e637373223b733a31353a226373732f70726f66696c652e637373223b733a34313a2273697465732f616c6c2f7468656d65732f70696e626f6172642f6373732f70726f66696c652e637373223b733a31333a226373732f626f6172642e637373223b733a33393a2273697465732f616c6c2f7468656d65732f70696e626f6172642f6373732f626f6172642e637373223b733a31323a226373732f706167652e637373223b733a33383a2273697465732f616c6c2f7468656d65732f70696e626f6172642f6373732f706167652e637373223b7d7d733a373a2273637269707473223b613a343a7b733a32313a227363722f6a71756572792e6d61736f6e72792e6a73223b733a34373a2273697465732f616c6c2f7468656d65732f70696e626f6172642f7363722f6a71756572792e6d61736f6e72792e6a73223b733a32383a227363722f6a71756572792e696e66696e6974657363726f6c6c2e6a73223b733a35343a2273697465732f616c6c2f7468656d65732f70696e626f6172642f7363722f6a71756572792e696e66696e6974657363726f6c6c2e6a73223b733a32333a227363722f6a71756572792e74776565742e6d696e2e6a73223b733a34393a2273697465732f616c6c2f7468656d65732f70696e626f6172642f7363722f6a71756572792e74776565742e6d696e2e6a73223b733a31313a227363722f6c696b652e6a73223b733a33373a2273697465732f616c6c2f7468656d65732f70696e626f6172642f7363722f6c696b652e6a73223b7d733a363a22656e67696e65223b733a31313a2270687074656d706c617465223b733a383a226665617475726573223b613a393a7b693a303b733a343a226c6f676f223b693a313b733a373a2266617669636f6e223b693a323b733a343a226e616d65223b693a333b733a363a22736c6f67616e223b693a343b733a31373a226e6f64655f757365725f70696374757265223b693a353b733a32303a22636f6d6d656e745f757365725f70696374757265223b693a363b733a32353a22636f6d6d656e745f757365725f766572696669636174696f6e223b693a373b733a393a226d61696e5f6d656e75223b693a383b733a31343a227365636f6e646172795f6d656e75223b7d733a333a22706870223b733a353a22352e322e34223b733a31353a226f7665726c61795f726567696f6e73223b613a353a7b693a303b733a31343a2264617368626f6172645f6d61696e223b693a313b733a31373a2264617368626f6172645f73696465626172223b693a323b733a31383a2264617368626f6172645f696e616374697665223b693a333b733a373a22636f6e74656e74223b693a343b733a343a2268656c70223b7d733a31343a22726567696f6e735f68696464656e223b613a323a7b693a303b733a383a22706167655f746f70223b693a313b733a31313a22706167655f626f74746f6d223b7d733a32383a226f7665726c61795f737570706c656d656e74616c5f726567696f6e73223b613a313a7b693a303b733a383a22706167655f746f70223b7d7d),
('themes/bartik/bartik.info', 'bartik', 'theme', 'themes/engines/phptemplate/phptemplate.engine', 1, 0, -1, 0, 0x613a31383a7b733a343a226e616d65223b733a363a2242617274696b223b733a31313a226465736372697074696f6e223b733a34383a224120666c657869626c652c207265636f6c6f7261626c65207468656d652077697468206d616e7920726567696f6e732e223b733a373a227061636b616765223b733a343a22436f7265223b733a373a2276657273696f6e223b733a343a22372e3134223b733a343a22636f7265223b733a333a22372e78223b733a31313a227374796c65736865657473223b613a323a7b733a333a22616c6c223b613a333a7b733a31343a226373732f6c61796f75742e637373223b733a32383a227468656d65732f62617274696b2f6373732f6c61796f75742e637373223b733a31333a226373732f7374796c652e637373223b733a32373a227468656d65732f62617274696b2f6373732f7374796c652e637373223b733a31343a226373732f636f6c6f72732e637373223b733a32383a227468656d65732f62617274696b2f6373732f636f6c6f72732e637373223b7d733a353a227072696e74223b613a313a7b733a31333a226373732f7072696e742e637373223b733a32373a227468656d65732f62617274696b2f6373732f7072696e742e637373223b7d7d733a373a22726567696f6e73223b613a32303a7b733a363a22686561646572223b733a363a22486561646572223b733a343a2268656c70223b733a343a2248656c70223b733a383a22706167655f746f70223b733a383a225061676520746f70223b733a31313a22706167655f626f74746f6d223b733a31313a225061676520626f74746f6d223b733a31313a22686967686c696768746564223b733a31313a22486967686c696768746564223b733a383a226665617475726564223b733a383a224665617475726564223b733a373a22636f6e74656e74223b733a373a22436f6e74656e74223b733a31333a22736964656261725f6669727374223b733a31333a2253696465626172206669727374223b733a31343a22736964656261725f7365636f6e64223b733a31343a2253696465626172207365636f6e64223b733a31343a2274726970747963685f6669727374223b733a31343a225472697074796368206669727374223b733a31353a2274726970747963685f6d6964646c65223b733a31353a225472697074796368206d6964646c65223b733a31333a2274726970747963685f6c617374223b733a31333a225472697074796368206c617374223b733a31383a22666f6f7465725f6669727374636f6c756d6e223b733a31393a22466f6f74657220666972737420636f6c756d6e223b733a31393a22666f6f7465725f7365636f6e64636f6c756d6e223b733a32303a22466f6f746572207365636f6e6420636f6c756d6e223b733a31383a22666f6f7465725f7468697264636f6c756d6e223b733a31393a22466f6f74657220746869726420636f6c756d6e223b733a31393a22666f6f7465725f666f75727468636f6c756d6e223b733a32303a22466f6f74657220666f7572746820636f6c756d6e223b733a363a22666f6f746572223b733a363a22466f6f746572223b733a31343a2264617368626f6172645f6d61696e223b733a31363a2244617368626f61726420286d61696e29223b733a31373a2264617368626f6172645f73696465626172223b733a31393a2244617368626f61726420287369646562617229223b733a31383a2264617368626f6172645f696e616374697665223b733a32303a2244617368626f6172642028696e61637469766529223b7d733a383a2273657474696e6773223b613a313a7b733a32303a2273686f72746375745f6d6f64756c655f6c696e6b223b733a313a2230223b7d733a373a2270726f6a656374223b733a363a2264727570616c223b733a393a22646174657374616d70223b733a31303a2231333335393937353535223b733a363a22656e67696e65223b733a31313a2270687074656d706c617465223b733a383a226665617475726573223b613a393a7b693a303b733a343a226c6f676f223b693a313b733a373a2266617669636f6e223b693a323b733a343a226e616d65223b693a333b733a363a22736c6f67616e223b693a343b733a31373a226e6f64655f757365725f70696374757265223b693a353b733a32303a22636f6d6d656e745f757365725f70696374757265223b693a363b733a32353a22636f6d6d656e745f757365725f766572696669636174696f6e223b693a373b733a393a226d61696e5f6d656e75223b693a383b733a31343a227365636f6e646172795f6d656e75223b7d733a31303a2273637265656e73686f74223b733a32383a227468656d65732f62617274696b2f73637265656e73686f742e706e67223b733a333a22706870223b733a353a22352e322e34223b733a373a2273637269707473223b613a303a7b7d733a31353a226f7665726c61795f726567696f6e73223b613a353a7b693a303b733a31343a2264617368626f6172645f6d61696e223b693a313b733a31373a2264617368626f6172645f73696465626172223b693a323b733a31383a2264617368626f6172645f696e616374697665223b693a333b733a373a22636f6e74656e74223b693a343b733a343a2268656c70223b7d733a31343a22726567696f6e735f68696464656e223b613a323a7b693a303b733a383a22706167655f746f70223b693a313b733a31313a22706167655f626f74746f6d223b7d733a32383a226f7665726c61795f737570706c656d656e74616c5f726567696f6e73223b613a313a7b693a303b733a383a22706167655f746f70223b7d7d);
INSERT INTO `prefixpinboard_system` (`filename`, `name`, `type`, `owner`, `status`, `bootstrap`, `schema_version`, `weight`, `info`) VALUES
('themes/garland/garland.info', 'garland', 'theme', 'themes/engines/phptemplate/phptemplate.engine', 0, 0, -1, 0, 0x613a31383a7b733a343a226e616d65223b733a373a224761726c616e64223b733a31313a226465736372697074696f6e223b733a3131313a2241206d756c74692d636f6c756d6e207468656d652077686963682063616e20626520636f6e6669677572656420746f206d6f6469667920636f6c6f727320616e6420737769746368206265747765656e20666978656420616e6420666c756964207769647468206c61796f7574732e223b733a373a227061636b616765223b733a343a22436f7265223b733a373a2276657273696f6e223b733a343a22372e3134223b733a343a22636f7265223b733a333a22372e78223b733a31313a227374796c65736865657473223b613a323a7b733a333a22616c6c223b613a313a7b733a393a227374796c652e637373223b733a32343a227468656d65732f6761726c616e642f7374796c652e637373223b7d733a353a227072696e74223b613a313a7b733a393a227072696e742e637373223b733a32343a227468656d65732f6761726c616e642f7072696e742e637373223b7d7d733a383a2273657474696e6773223b613a313a7b733a31333a226761726c616e645f7769647468223b733a353a22666c756964223b7d733a373a2270726f6a656374223b733a363a2264727570616c223b733a393a22646174657374616d70223b733a31303a2231333335393937353535223b733a363a22656e67696e65223b733a31313a2270687074656d706c617465223b733a373a22726567696f6e73223b613a31323a7b733a31333a22736964656261725f6669727374223b733a31323a224c6566742073696465626172223b733a31343a22736964656261725f7365636f6e64223b733a31333a2252696768742073696465626172223b733a373a22636f6e74656e74223b733a373a22436f6e74656e74223b733a363a22686561646572223b733a363a22486561646572223b733a363a22666f6f746572223b733a363a22466f6f746572223b733a31313a22686967686c696768746564223b733a31313a22486967686c696768746564223b733a343a2268656c70223b733a343a2248656c70223b733a383a22706167655f746f70223b733a383a225061676520746f70223b733a31313a22706167655f626f74746f6d223b733a31313a225061676520626f74746f6d223b733a31343a2264617368626f6172645f6d61696e223b733a31363a2244617368626f61726420286d61696e29223b733a31373a2264617368626f6172645f73696465626172223b733a31393a2244617368626f61726420287369646562617229223b733a31383a2264617368626f6172645f696e616374697665223b733a32303a2244617368626f6172642028696e61637469766529223b7d733a383a226665617475726573223b613a393a7b693a303b733a343a226c6f676f223b693a313b733a373a2266617669636f6e223b693a323b733a343a226e616d65223b693a333b733a363a22736c6f67616e223b693a343b733a31373a226e6f64655f757365725f70696374757265223b693a353b733a32303a22636f6d6d656e745f757365725f70696374757265223b693a363b733a32353a22636f6d6d656e745f757365725f766572696669636174696f6e223b693a373b733a393a226d61696e5f6d656e75223b693a383b733a31343a227365636f6e646172795f6d656e75223b7d733a31303a2273637265656e73686f74223b733a32393a227468656d65732f6761726c616e642f73637265656e73686f742e706e67223b733a333a22706870223b733a353a22352e322e34223b733a373a2273637269707473223b613a303a7b7d733a31353a226f7665726c61795f726567696f6e73223b613a353a7b693a303b733a31343a2264617368626f6172645f6d61696e223b693a313b733a31373a2264617368626f6172645f73696465626172223b693a323b733a31383a2264617368626f6172645f696e616374697665223b693a333b733a373a22636f6e74656e74223b693a343b733a343a2268656c70223b7d733a31343a22726567696f6e735f68696464656e223b613a323a7b693a303b733a383a22706167655f746f70223b693a313b733a31313a22706167655f626f74746f6d223b7d733a32383a226f7665726c61795f737570706c656d656e74616c5f726567696f6e73223b613a313a7b693a303b733a383a22706167655f746f70223b7d7d),
('themes/seven/seven.info', 'seven', 'theme', 'themes/engines/phptemplate/phptemplate.engine', 1, 0, -1, 0, 0x613a31383a7b733a343a226e616d65223b733a353a22536576656e223b733a31313a226465736372697074696f6e223b733a36353a22412073696d706c65206f6e652d636f6c756d6e2c207461626c656c6573732c20666c7569642077696474682061646d696e697374726174696f6e207468656d652e223b733a373a227061636b616765223b733a343a22436f7265223b733a373a2276657273696f6e223b733a343a22372e3134223b733a343a22636f7265223b733a333a22372e78223b733a31313a227374796c65736865657473223b613a313a7b733a363a2273637265656e223b613a323a7b733a393a2272657365742e637373223b733a32323a227468656d65732f736576656e2f72657365742e637373223b733a393a227374796c652e637373223b733a32323a227468656d65732f736576656e2f7374796c652e637373223b7d7d733a383a2273657474696e6773223b613a313a7b733a32303a2273686f72746375745f6d6f64756c655f6c696e6b223b733a313a2231223b7d733a373a22726567696f6e73223b613a383a7b733a373a22636f6e74656e74223b733a373a22436f6e74656e74223b733a343a2268656c70223b733a343a2248656c70223b733a383a22706167655f746f70223b733a383a225061676520746f70223b733a31313a22706167655f626f74746f6d223b733a31313a225061676520626f74746f6d223b733a31333a22736964656261725f6669727374223b733a31333a2246697273742073696465626172223b733a31343a2264617368626f6172645f6d61696e223b733a31363a2244617368626f61726420286d61696e29223b733a31373a2264617368626f6172645f73696465626172223b733a31393a2244617368626f61726420287369646562617229223b733a31383a2264617368626f6172645f696e616374697665223b733a32303a2244617368626f6172642028696e61637469766529223b7d733a31343a22726567696f6e735f68696464656e223b613a333a7b693a303b733a31333a22736964656261725f6669727374223b693a313b733a383a22706167655f746f70223b693a323b733a31313a22706167655f626f74746f6d223b7d733a373a2270726f6a656374223b733a363a2264727570616c223b733a393a22646174657374616d70223b733a31303a2231333335393937353535223b733a363a22656e67696e65223b733a31313a2270687074656d706c617465223b733a383a226665617475726573223b613a393a7b693a303b733a343a226c6f676f223b693a313b733a373a2266617669636f6e223b693a323b733a343a226e616d65223b693a333b733a363a22736c6f67616e223b693a343b733a31373a226e6f64655f757365725f70696374757265223b693a353b733a32303a22636f6d6d656e745f757365725f70696374757265223b693a363b733a32353a22636f6d6d656e745f757365725f766572696669636174696f6e223b693a373b733a393a226d61696e5f6d656e75223b693a383b733a31343a227365636f6e646172795f6d656e75223b7d733a31303a2273637265656e73686f74223b733a32373a227468656d65732f736576656e2f73637265656e73686f742e706e67223b733a333a22706870223b733a353a22352e322e34223b733a373a2273637269707473223b613a303a7b7d733a31353a226f7665726c61795f726567696f6e73223b613a353a7b693a303b733a31343a2264617368626f6172645f6d61696e223b693a313b733a31373a2264617368626f6172645f73696465626172223b693a323b733a31383a2264617368626f6172645f696e616374697665223b693a333b733a373a22636f6e74656e74223b693a343b733a343a2268656c70223b7d733a32383a226f7665726c61795f737570706c656d656e74616c5f726567696f6e73223b613a313a7b693a303b733a383a22706167655f746f70223b7d7d),
('themes/stark/stark.info', 'stark', 'theme', 'themes/engines/phptemplate/phptemplate.engine', 0, 0, -1, 0, 0x613a31373a7b733a343a226e616d65223b733a353a22537461726b223b733a31313a226465736372697074696f6e223b733a3230383a2254686973207468656d652064656d6f6e737472617465732044727570616c27732064656661756c742048544d4c206d61726b757020616e6420435353207374796c65732e20546f206c6561726e20686f7720746f206275696c6420796f7572206f776e207468656d6520616e64206f766572726964652044727570616c27732064656661756c7420636f64652c2073656520746865203c6120687265663d22687474703a2f2f64727570616c2e6f72672f7468656d652d6775696465223e5468656d696e672047756964653c2f613e2e223b733a373a227061636b616765223b733a343a22436f7265223b733a373a2276657273696f6e223b733a343a22372e3134223b733a343a22636f7265223b733a333a22372e78223b733a31313a227374796c65736865657473223b613a313a7b733a333a22616c6c223b613a313a7b733a31303a226c61796f75742e637373223b733a32333a227468656d65732f737461726b2f6c61796f75742e637373223b7d7d733a373a2270726f6a656374223b733a363a2264727570616c223b733a393a22646174657374616d70223b733a31303a2231333335393937353535223b733a363a22656e67696e65223b733a31313a2270687074656d706c617465223b733a373a22726567696f6e73223b613a31323a7b733a31333a22736964656261725f6669727374223b733a31323a224c6566742073696465626172223b733a31343a22736964656261725f7365636f6e64223b733a31333a2252696768742073696465626172223b733a373a22636f6e74656e74223b733a373a22436f6e74656e74223b733a363a22686561646572223b733a363a22486561646572223b733a363a22666f6f746572223b733a363a22466f6f746572223b733a31313a22686967686c696768746564223b733a31313a22486967686c696768746564223b733a343a2268656c70223b733a343a2248656c70223b733a383a22706167655f746f70223b733a383a225061676520746f70223b733a31313a22706167655f626f74746f6d223b733a31313a225061676520626f74746f6d223b733a31343a2264617368626f6172645f6d61696e223b733a31363a2244617368626f61726420286d61696e29223b733a31373a2264617368626f6172645f73696465626172223b733a31393a2244617368626f61726420287369646562617229223b733a31383a2264617368626f6172645f696e616374697665223b733a32303a2244617368626f6172642028696e61637469766529223b7d733a383a226665617475726573223b613a393a7b693a303b733a343a226c6f676f223b693a313b733a373a2266617669636f6e223b693a323b733a343a226e616d65223b693a333b733a363a22736c6f67616e223b693a343b733a31373a226e6f64655f757365725f70696374757265223b693a353b733a32303a22636f6d6d656e745f757365725f70696374757265223b693a363b733a32353a22636f6d6d656e745f757365725f766572696669636174696f6e223b693a373b733a393a226d61696e5f6d656e75223b693a383b733a31343a227365636f6e646172795f6d656e75223b7d733a31303a2273637265656e73686f74223b733a32373a227468656d65732f737461726b2f73637265656e73686f742e706e67223b733a333a22706870223b733a353a22352e322e34223b733a373a2273637269707473223b613a303a7b7d733a31353a226f7665726c61795f726567696f6e73223b613a353a7b693a303b733a31343a2264617368626f6172645f6d61696e223b693a313b733a31373a2264617368626f6172645f73696465626172223b693a323b733a31383a2264617368626f6172645f696e616374697665223b693a333b733a373a22636f6e74656e74223b693a343b733a343a2268656c70223b7d733a31343a22726567696f6e735f68696464656e223b613a323a7b693a303b733a383a22706167655f746f70223b693a313b733a31313a22706167655f626f74746f6d223b7d733a32383a226f7665726c61795f737570706c656d656e74616c5f726567696f6e73223b613a313a7b693a303b733a383a22706167655f746f70223b7d7d);

DROP TABLE IF EXISTS `prefixpinboard_taxonomy_index`;
CREATE TABLE `prefixpinboard_taxonomy_index` (
  `nid` int(10) unsigned NOT NULL DEFAULT '0' COMMENT 'The prefixpinboard_node.nid this record tracks.',
  `tid` int(10) unsigned NOT NULL DEFAULT '0' COMMENT 'The term ID.',
  `sticky` tinyint(4) DEFAULT '0' COMMENT 'Boolean indicating whether the node is sticky.',
  `created` int(11) NOT NULL DEFAULT '0' COMMENT 'The Unix timestamp when the node was created.',
  KEY `term_node` (`tid`,`sticky`,`created`),
  KEY `nid` (`nid`)
) ENGINE=InnoDB DEFAULT CHARSET=utf8 COMMENT='Maintains denormalized information about node/term...';

INSERT INTO `prefixpinboard_taxonomy_index` (`nid`, `tid`, `sticky`, `created`) VALUES
(2, 2, 0, 1331234307),
(2, 6, 0, 1331234307),
(2, 10, 0, 1331234307),
(2, 14, 0, 1331234307),
(2, 18, 0, 1331234307),
(2, 23, 0, 1331234307),
(2, 27, 0, 1331234307),
(3, 1, 0, 1331234353),
(3, 5, 0, 1331234353),
(3, 10, 0, 1331234353),
(3, 14, 0, 1331234353),
(3, 24, 0, 1331234353),
(5, 1, 0, 1331234618),
(5, 16, 0, 1331234618),
(5, 7, 0, 1331234618),
(5, 12, 0, 1331234618),
(6, 1, 0, 1331544459),
(6, 3, 0, 1331544459),
(6, 6, 0, 1331544459),
(6, 9, 0, 1331544459),
(6, 11, 0, 1331544459),
(6, 14, 0, 1331544459),
(7, 1, 0, 1331547908),
(7, 16, 0, 1331547908),
(7, 7, 0, 1331547908),
(7, 12, 0, 1331547908),
(7, 15, 0, 1331547908),
(7, 21, 0, 1331547908),
(8, 1, 0, 1331548761),
(8, 3, 0, 1331548761),
(8, 4, 0, 1331548761),
(8, 7, 0, 1331548761),
(8, 10, 0, 1331548761),
(8, 12, 0, 1331548761),
(8, 21, 0, 1331548761),
(9, 1, 0, 1331548961),
(9, 16, 0, 1331548961),
(9, 7, 0, 1331548961),
(9, 10, 0, 1331548961),
(9, 13, 0, 1331548961),
(9, 28, 0, 1331548961),
(11, 1, 0, 1331549727),
(11, 2, 0, 1331549727),
(11, 3, 0, 1331549727),
(11, 16, 0, 1331549727),
(11, 4, 0, 1331549727),
(11, 5, 0, 1331549727),
(4, 1, 0, 1331234559),
(4, 2, 0, 1331234559),
(4, 4, 0, 1331234559),
(4, 8, 0, 1331234559),
(4, 11, 0, 1331234559),
(13, 1, 0, 1331655644),
(13, 2, 0, 1331655644),
(13, 3, 0, 1331655644),
(13, 5, 0, 1331655644),
(13, 7, 0, 1331655644),
(13, 10, 0, 1331655644),
(13, 21, 0, 1331655644),
(13, 23, 0, 1331655644),
(10, 1, 0, 1331549017),
(10, 2, 0, 1331549017),
(10, 3, 0, 1331549017),
(10, 5, 0, 1331549017),
(10, 7, 0, 1331549017),
(10, 10, 0, 1331549017),
(10, 21, 0, 1331549017),
(10, 23, 0, 1331549017),
(15, 1, 0, 1331658153),
(15, 3, 0, 1331658153),
(15, 4, 0, 1331658153),
(15, 7, 0, 1331658153),
(15, 10, 0, 1331658153),
(15, 12, 0, 1331658153),
(15, 21, 0, 1331658153),
(16, 1, 0, 1331659627),
(16, 16, 0, 1331659627),
(16, 7, 0, 1331659627),
(16, 10, 0, 1331659627),
(16, 13, 0, 1331659627),
(16, 28, 0, 1331659627),
(17, 1, 0, 1331659735),
(17, 16, 0, 1331659735),
(17, 7, 0, 1331659735),
(17, 12, 0, 1331659735),
(17, 15, 0, 1331659735),
(17, 21, 0, 1331659735),
(20, 1, 0, 1331660567),
(20, 5, 0, 1331660567),
(20, 10, 0, 1331660567),
(20, 14, 0, 1331660567),
(20, 24, 0, 1331660567),
(21, 1, 0, 1331665878),
(21, 3, 0, 1331665878),
(21, 16, 0, 1331665878),
(22, 1, 0, 1331670815),
(22, 2, 0, 1331670815),
(22, 3, 0, 1331670815),
(22, 16, 0, 1331670815),
(22, 4, 0, 1331670815),
(22, 5, 0, 1331670815),
(23, 1, 0, 1331671755),
(23, 2, 0, 1331671755),
(23, 16, 0, 1331671755),
(24, 1, 0, 1331671995),
(24, 16, 0, 1331671995),
(24, 7, 0, 1331671995),
(24, 10, 0, 1331671995),
(24, 13, 0, 1331671995),
(24, 28, 0, 1331671995),
(25, 1, 0, 1331675915),
(25, 2, 0, 1331675915),
(25, 3, 0, 1331675915),
(25, 16, 0, 1331675915),
(26, 1, 0, 1331675972),
(26, 2, 0, 1331675972),
(26, 3, 0, 1331675972),
(26, 16, 0, 1331675972),
(29, 1, 0, 1331677700),
(29, 2, 0, 1331677700),
(29, 3, 0, 1331677700),
(29, 16, 0, 1331677700),
(37, 33, 0, 1332684409),
(38, 33, 0, 1332684468),
(39, 4, 0, 1332690888),
(40, 4, 0, 1332690966),
(42, 33, 0, 1332691247),
(43, 11, 0, 1332691445),
(44, 4, 0, 1332691719),
(45, 4, 0, 1332691795),
(46, 4, 0, 1332691834),
(47, 4, 0, 1332691873),
(48, 4, 0, 1332691903),
(49, 4, 0, 1332691943),
(50, 4, 0, 1332692009),
(51, 4, 0, 1332692030),
(52, 4, 0, 1332692211),
(53, 4, 0, 1332692221),
(54, 4, 0, 1332692392),
(55, 4, 0, 1332692452),
(56, 4, 0, 1332692591),
(57, 4, 0, 1332692617),
(58, 4, 0, 1332692718),
(66, 4, 0, 1332693574),
(68, 4, 0, 1332693610),
(71, 1, 0, 1333706671),
(71, 2, 0, 1333706671),
(71, 3, 0, 1333706671),
(71, 16, 0, 1333706671),
(71, 4, 0, 1333706671),
(74, 1, 0, 1333739751),
(74, 2, 0, 1333739751),
(74, 3, 0, 1333739751),
(74, 16, 0, 1333739751),
(35, 1, 0, 1332164676),
(35, 2, 0, 1332164676),
(35, 3, 0, 1332164676),
(35, 16, 0, 1332164676),
(67, 4, 0, 1332693584),
(77, 1, 0, 1335201636),
(31, 1, 0, 1331766012),
(31, 2, 0, 1331766012),
(31, 3, 0, 1331766012),
(31, 16, 0, 1331766012),
(99, 2, 0, 1335423806),
(99, 3, 0, 1335423806),
(99, 4, 0, 1335423806),
(103, 3, 0, 1335475687),
(107, 29, 0, 1335523042),
(108, 29, 0, 1335523090),
(109, 1, 0, 1335523179),
(110, 1, 0, 1335523297),
(110, 16, 0, 1335523297),
(110, 6, 0, 1335523297),
(110, 8, 0, 1335523297),
(59, 29, 0, 1332692888),
(60, 29, 0, 1332692953),
(61, 29, 0, 1332692968),
(62, 29, 0, 1332693066),
(63, 29, 0, 1332693192),
(114, 1, 0, 1335535121),
(111, 1, 0, 1335523328),
(111, 2, 0, 1335523328),
(111, 3, 0, 1335523328),
(111, 16, 0, 1335523328),
(127, 3, 0, 1335812426),
(41, 3, 0, 1332691040),
(34, 1, 0, 1332164630),
(34, 3, 0, 1332164630),
(34, 16, 0, 1332164630),
(30, 1, 0, 1331765910),
(30, 16, 0, 1331765910),
(30, 6, 0, 1331765910),
(30, 8, 0, 1331765910),
(128, 16, 0, 1335814183),
(73, 1, 0, 1333736777),
(14, 1, 0, 1331548761),
(14, 3, 0, 1331548761),
(14, 4, 0, 1331548761),
(14, 7, 0, 1331548761),
(14, 10, 0, 1331548761),
(14, 12, 0, 1331548761),
(14, 21, 0, 1331548761);

DROP TABLE IF EXISTS `prefixpinboard_taxonomy_term_data`;
CREATE TABLE `prefixpinboard_taxonomy_term_data` (
  `tid` int(10) unsigned NOT NULL AUTO_INCREMENT COMMENT 'Primary Key: Unique term ID.',
  `vid` int(10) unsigned NOT NULL DEFAULT '0' COMMENT 'The prefixpinboard_taxonomy_vocabulary.vid of the vocabulary to which the term is assigned.',
  `name` varchar(255) NOT NULL DEFAULT '' COMMENT 'The term name.',
  `description` longtext COMMENT 'A description of the term.',
  `format` varchar(255) DEFAULT NULL COMMENT 'The prefixpinboard_filter_format.format of the description.',
  `weight` int(11) NOT NULL DEFAULT '0' COMMENT 'The weight of this term in relation to other terms.',
  PRIMARY KEY (`tid`),
  KEY `taxonomy_tree` (`vid`,`weight`,`name`),
  KEY `vid_name` (`vid`,`name`),
  KEY `name` (`name`)
) ENGINE=InnoDB  DEFAULT CHARSET=utf8 COMMENT='Stores term information.' AUTO_INCREMENT=34 ;

INSERT INTO `prefixpinboard_taxonomy_term_data` (`tid`, `vid`, `name`, `description`, `format`, `weight`) VALUES
(1, 2, 'Architecture', '', 'filtered_html', 0),
(2, 2, 'Art', '', 'filtered_html', 0),
(3, 2, 'Cars & Motorcycles', '', 'filtered_html', 0),
(4, 2, 'Design', '', 'filtered_html', 0),
(5, 2, 'DIY & Crafts', '', 'filtered_html', 0),
(6, 2, 'Education', '', 'filtered_html', 0),
(7, 2, 'Film, Music & Books', '', 'filtered_html', 0),
(8, 2, 'Fitness', '', 'filtered_html', 0),
(9, 2, 'Food & Drink', '', 'filtered_html', 0),
(10, 2, 'Gardening', '', 'filtered_html', 0),
(11, 2, 'Geek', '', 'filtered_html', 0),
(12, 2, 'Hair & Beauty', '', 'filtered_html', 0),
(13, 2, 'History', '', 'filtered_html', 0),
(14, 2, 'Holidays', '', 'filtered_html', 0),
(15, 2, 'Home', '', 'filtered_html', 0),
(16, 2, 'Decor', '', 'filtered_html', 0),
(17, 2, 'Humor', '', 'filtered_html', 0),
(18, 2, 'Kids', '', 'filtered_html', 0),
(19, 2, 'My Life', '', 'filtered_html', 0),
(20, 2, 'Women''s Apparel', '', 'filtered_html', 0),
(21, 2, 'Men''s Apparel', '', 'filtered_html', 0),
(22, 2, 'Outdoors', '', 'filtered_html', 0),
(23, 2, 'People', '', 'filtered_html', 0),
(24, 2, 'Pets', '', 'filtered_html', 0),
(25, 2, 'Photography', '', 'filtered_html', 0),
(26, 2, 'Print & Posters', '', 'filtered_html', 0),
(27, 2, 'Products', '', 'filtered_html', 0),
(28, 2, 'Science & Nature', '', 'filtered_html', 0),
(29, 2, 'Sports', '', 'filtered_html', 0),
(30, 2, 'Technology', '', 'filtered_html', 0),
(31, 2, 'Travel & Places', '', 'filtered_html', 0),
(32, 2, 'Wedding & Events', '', 'filtered_html', 0),
(33, 2, 'Other', '', 'filtered_html', 0);

DROP TABLE IF EXISTS `prefixpinboard_taxonomy_term_hierarchy`;
CREATE TABLE `prefixpinboard_taxonomy_term_hierarchy` (
  `tid` int(10) unsigned NOT NULL DEFAULT '0' COMMENT 'Primary Key: The prefixpinboard_taxonomy_term_data.tid of the term.',
  `parent` int(10) unsigned NOT NULL DEFAULT '0' COMMENT 'Primary Key: The prefixpinboard_taxonomy_term_data.tid of the term’s parent. 0 indicates no parent.',
  PRIMARY KEY (`tid`,`parent`),
  KEY `parent` (`parent`)
) ENGINE=InnoDB DEFAULT CHARSET=utf8 COMMENT='Stores the hierarchical relationship between terms.';

INSERT INTO `prefixpinboard_taxonomy_term_hierarchy` (`tid`, `parent`) VALUES
(1, 0),
(2, 0),
(3, 0),
(4, 0),
(5, 0),
(6, 0),
(7, 0),
(8, 0),
(9, 0),
(10, 0),
(11, 0),
(12, 0),
(13, 0),
(14, 0),
(15, 0),
(16, 0),
(17, 0),
(18, 0),
(19, 0),
(20, 0),
(21, 0),
(22, 0),
(23, 0),
(24, 0),
(25, 0),
(26, 0),
(27, 0),
(28, 0),
(29, 0),
(30, 0),
(31, 0),
(32, 0),
(33, 0);

DROP TABLE IF EXISTS `prefixpinboard_taxonomy_vocabulary`;
CREATE TABLE `prefixpinboard_taxonomy_vocabulary` (
  `vid` int(10) unsigned NOT NULL AUTO_INCREMENT COMMENT 'Primary Key: Unique vocabulary ID.',
  `name` varchar(255) NOT NULL DEFAULT '' COMMENT 'Name of the vocabulary.',
  `machine_name` varchar(255) NOT NULL DEFAULT '' COMMENT 'The vocabulary machine name.',
  `description` longtext COMMENT 'Description of the vocabulary.',
  `hierarchy` tinyint(3) unsigned NOT NULL DEFAULT '0' COMMENT 'The type of hierarchy allowed within the vocabulary. (0 = disabled, 1 = single, 2 = multiple)',
  `module` varchar(255) NOT NULL DEFAULT '' COMMENT 'The module which created the vocabulary.',
  `weight` int(11) NOT NULL DEFAULT '0' COMMENT 'The weight of this vocabulary in relation to other vocabularies.',
  PRIMARY KEY (`vid`),
  UNIQUE KEY `machine_name` (`machine_name`),
  KEY `list` (`weight`,`name`)
) ENGINE=InnoDB  DEFAULT CHARSET=utf8 COMMENT='Stores vocabulary information.' AUTO_INCREMENT=3 ;

INSERT INTO `prefixpinboard_taxonomy_vocabulary` (`vid`, `name`, `machine_name`, `description`, `hierarchy`, `module`, `weight`) VALUES
(1, 'Tags', 'tags', 'Use tags to group articles on similar topics into categories.', 0, 'taxonomy', 0),
(2, 'Category', 'category', '', 0, 'taxonomy', 0);

DROP TABLE IF EXISTS `prefixpinboard_url_alias`;
CREATE TABLE `prefixpinboard_url_alias` (
  `pid` int(10) unsigned NOT NULL AUTO_INCREMENT COMMENT 'A unique path alias identifier.',
  `source` varchar(255) NOT NULL DEFAULT '' COMMENT 'The Drupal path this alias is for; e.g. node/12.',
  `alias` varchar(255) NOT NULL DEFAULT '' COMMENT 'The alias for this path; e.g. title-of-the-story.',
  `language` varchar(12) NOT NULL DEFAULT '' COMMENT 'The language this alias is for; if ’und’, the alias will be used for unknown languages. Each Drupal path can have an alias for each supported language.',
  PRIMARY KEY (`pid`),
  KEY `alias_language_pid` (`alias`,`language`,`pid`),
  KEY `source_language_pid` (`source`,`language`,`pid`)
) ENGINE=InnoDB  DEFAULT CHARSET=utf8 COMMENT='A list of URL aliases for Drupal paths; a user may visit...' AUTO_INCREMENT=3 ;

INSERT INTO `prefixpinboard_url_alias` (`pid`, `source`, `alias`, `language`) VALUES
(1, 'node/67', '12345', 'und'),
(2, 'node/35', 'FFFFOUND', 'und');

DROP TABLE IF EXISTS `prefixpinboard_users_roles`;
CREATE TABLE `prefixpinboard_users_roles` (
  `uid` int(10) unsigned NOT NULL DEFAULT '0' COMMENT 'Primary Key: prefixpinboard_users.uid for user.',
  `rid` int(10) unsigned NOT NULL DEFAULT '0' COMMENT 'Primary Key: prefixpinboard_role.rid for role.',
  PRIMARY KEY (`uid`,`rid`),
  KEY `rid` (`rid`)
) ENGINE=InnoDB DEFAULT CHARSET=utf8 COMMENT='Maps users to roles.';

INSERT INTO `prefixpinboard_users_roles` (`uid`, `rid`) VALUES
(1, 3);

DROP TABLE IF EXISTS `prefixpinboard_variable`;
CREATE TABLE `prefixpinboard_variable` (
  `name` varchar(128) NOT NULL DEFAULT '' COMMENT 'The name of the variable.',
  `value` longblob NOT NULL COMMENT 'The value of the variable.',
  PRIMARY KEY (`name`)
) ENGINE=InnoDB DEFAULT CHARSET=utf8 COMMENT='Named variable/value pairs created by Drupal core or any...';

INSERT INTO `prefixpinboard_variable` (`name`, `value`) VALUES
('additional_settings__active_tab', 0x733a31323a22656469742d636f6e74657874223b),
('additional_settings__active_tab_pin', 0x733a31393a22656469742d6175746f2d6e6f64657469746c65223b),
('admin_theme', 0x733a353a22736576656e223b),
('anonymous', 0x733a393a22416e6f6e796d6f7573223b),
('ant_pattern_pin', 0x733a3236353a223c3f7068700d0a69662028697373657428246e6f64652d3e626f64792920616e642069735f617272617928246e6f64652d3e626f647929297b0d0a726573657428246e6f64652d3e626f6479293b0d0a2464203d2063757272656e7428246e6f64652d3e626f6479293b0d0a7d0d0a69662028656d7074792824645b305d5b2776616c7565275d29292024645b305d5b2776616c7565275d203d2027273b0d0a246f7574203d207472756e636174655f757466382873747269705f746167732824645b305d5b2776616c7565275d292c203132302c20747275652c2074727565293b0d0a72657475726e20246f7574203f20246f7574203a20274d656469612070696e273b0d0a3f3e223b),
('ant_php_pin', 0x693a313b),
('ant_pin', 0x733a313a2231223b),
('clean_url', 0x733a313a2231223b),
('comment_anonymous_pin', 0x733a313a2230223b),
('comment_default_mode_pin', 0x693a313b),
('comment_default_per_page_pin', 0x733a323a223530223b),
('comment_form_location_pin', 0x693a313b),
('comment_page', 0x693a303b),
('comment_pin', 0x733a313a2232223b),
('comment_preview_pin', 0x733a313a2231223b),
('comment_subject_field_pin', 0x693a303b),
('contact_default_status', 0x693a313b),
('contact_importer_form_show_ids', 0x693a303b),
('contact_importer_modal', 0x733a343a226e6f6e65223b),
('contact_importer_providers_saved', 0x613a343a7b733a333a22616f6c223b733a31383a226f70656e696e76697465725f656e67696e65223b733a353a22676d61696c223b733a31383a226f70656e696e76697465725f656e67696e65223b733a333a226d736e223b733a31383a226f70656e696e76697465725f656e67696e65223b733a353a227961686f6f223b733a31383a226f70656e696e76697465725f656e67696e65223b7d),
('contact_importer_separator', 0x733a323a225c6e223b),
('cron_key', 0x733a34333a224c625a676a4a357968303847425f454c73706961657836527735704b4a714834375a34635a637150706345223b),
('cron_last', 0x693a313334303139393534313b),
('css_js_query_string', 0x733a363a226d356b337866223b),
('ctools_last_cron', 0x693a313334303139393534323b),
('date_default_timezone', 0x733a31353a224575726f70652f48656c73696e6b69223b),
('default_nodes_main', 0x733a323a223130223b),
('drupal_http_request_fails', 0x623a303b),
('drupal_private_key', 0x733a34333a2259794d4f31747863597947647952626b4661527372554f485371565a714c5f3253436269613164526f4e4d223b),
('email__active_tab', 0x733a33373a22656469742d656d61696c2d61646d696e2d70696e626f6172642d68656c7065722d666c6167223b),
('facebook_comments_appid', 0x733a303a22223b),
('facebook_comments_applyall', 0x693a313b),
('facebook_comments_block_amount', 0x733a323a223135223b),
('facebook_comments_block_width', 0x733a333a22323038223b),
('facebook_comments_style', 0x733a353a226c69676874223b),
('facebook_comments_types', 0x613a333a7b733a333a2270696e223b733a333a2270696e223b733a343a22626c6f67223b693a303b733a343a2270616765223b693a303b7d),
('facebook_comments_viewmode', 0x733a343a2266756c6c223b),
('facebook_comments_width', 0x733a333a22363230223b),
('field_bundle_settings_comment__comment_node_pin', 0x613a323a7b733a31303a22766965775f6d6f646573223b613a323a7b733a343a2266756c6c223b613a313a7b733a31353a22637573746f6d5f73657474696e6773223b623a303b7d733a353a22746f6b656e223b613a313a7b733a31353a22637573746f6d5f73657474696e6773223b623a303b7d7d733a31323a2265787472615f6669656c6473223b613a323a7b733a343a22666f726d223b613a303a7b7d733a373a22646973706c6179223b613a303a7b7d7d7d),
('field_bundle_settings_node__pin', 0x613a323a7b733a31303a22766965775f6d6f646573223b613a363a7b733a363a22746561736572223b613a313a7b733a31353a22637573746f6d5f73657474696e6773223b623a313b7d733a343a2266756c6c223b613a313a7b733a31353a22637573746f6d5f73657474696e6773223b623a303b7d733a333a22727373223b613a313a7b733a31353a22637573746f6d5f73657474696e6773223b623a303b7d733a31323a227365617263685f696e646578223b613a313a7b733a31353a22637573746f6d5f73657474696e6773223b623a303b7d733a31333a227365617263685f726573756c74223b613a313a7b733a31353a22637573746f6d5f73657474696e6773223b623a303b7d733a353a22746f6b656e223b613a313a7b733a31353a22637573746f6d5f73657474696e6773223b623a303b7d7d733a31323a2265787472615f6669656c6473223b613a323a7b733a343a22666f726d223b613a343a7b733a353a227469746c65223b613a313a7b733a363a22776569676874223b733a313a2230223b7d733a353a22626f617264223b613a313a7b733a363a22776569676874223b733a313a2236223b7d733a31343a2270696e626f6172645f626f617264223b613a313a7b733a363a22776569676874223b733a313a2233223b7d733a31383a2270696e626f6172645f736570617261746f72223b613a313a7b733a363a22776569676874223b733a313a2235223b7d7d733a373a22646973706c6179223b613a303a7b7d7d7d),
('field_bundle_settings_user__user', 0x613a323a7b733a31303a22766965775f6d6f646573223b613a313a7b733a343a2266756c6c223b613a313a7b733a31353a22637573746f6d5f73657474696e6773223b623a303b7d7d733a31323a2265787472615f6669656c6473223b613a323a7b733a343a22666f726d223b613a323a7b733a373a226163636f756e74223b613a313a7b733a363a22776569676874223b733a313a2230223b7d733a383a2274696d657a6f6e65223b613a313a7b733a363a22776569676874223b733a313a2234223b7d7d733a373a22646973706c6179223b613a313a7b733a373a2273756d6d617279223b613a313a7b733a373a2264656661756c74223b613a323a7b733a363a22776569676874223b733a313a2235223b733a373a2276697369626c65223b623a313b7d7d7d7d7d),
('file_default_scheme', 0x733a363a227075626c6963223b),
('file_private_path', 0x733a303a22223b),
('file_public_path', 0x733a31393a2273697465732f64656661756c742f66696c6573223b),
('file_temporary_path', 0x733a343a222f746d70223b),
('filter_fallback_format', 0x733a31303a22706c61696e5f74657874223b),
('gravatar_default', 0x733a313a2236223b),
('gravatar_rating', 0x733a313a2247223b),
('gravatar_size', 0x733a323a223530223b),
('gravatar_url', 0x733a33313a22687474703a2f2f7777772e67726176617461722e636f6d2f6176617461722f223b),
('gravatar_url_ssl', 0x733a33353a2268747470733a2f2f7365637572652e67726176617461722e636f6d2f6176617461722f223b),
('install_profile', 0x733a383a227374616e64617264223b),
('install_task', 0x733a343a22646f6e65223b),
('install_time', 0x693a313333313135313336333b),
('invite_default_mail_template', 0x733a3230343a225b696e766974653a696e76697465722d7261775d2068617320696e766974656420796f7520746f206a6f696e205b736974653a6e616d655d206174205b736974653a75726c5d2e0d0a0d0a546f206265636f6d652061206d656d626572206f66205b736974653a6e616d655d2c20636c69636b20746865206c696e6b2062656c6f77206f7220706173746520697420696e746f20746865206164647265737320626172206f6620796f75722062726f777365722e0d0a0d0a5b696e766974653a6a6f696e2d6c696e6b5d0d0a223b),
('invite_expiry', 0x733a323a223330223b),
('invite_manual_from', 0x733a303a22223b),
('invite_manual_reply_to', 0x733a303a22223b),
('invite_maxnum_3', 0x733a323a222d31223b),
('invite_page_title', 0x733a31353a22496e76697465206120667269656e64223b),
('invite_profile_inviter', 0x693a313b),
('invite_registration_path', 0x733a31333a22757365722f7265676973746572223b),
('invite_require_approval', 0x693a303b),
('invite_subject', 0x733a34343a225b696e766974653a696e76697465722d7261775d206861732073656e7420796f7520616e20696e7669746521223b),
('invite_subject_editable', 0x693a303b),
('invite_target_role_3', 0x733a313a2232223b),
('invite_target_role_default', 0x733a313a2232223b),
('invite_use_users_email', 0x733a313a2230223b),
('invite_use_users_email_replyto', 0x733a313a2230223b),
('javascript_parsed', 0x613a36333a7b693a303b733a31343a226d6973632f64727570616c2e6a73223b693a313b733a31343a226d6973632f6a71756572792e6a73223b693a323b733a31393a226d6973632f6a71756572792e6f6e63652e6a73223b693a333b733a33323a226d6f64756c65732f6f7665726c61792f6f7665726c61792d6368696c642e6a73223b693a343b733a32343a226d6f64756c65732f73797374656d2f73797374656d2e6a73223b693a353b733a31323a226d6973632f666f726d2e6a73223b693a363b733a32303a226d6973632f6d616368696e652d6e616d652e6a73223b693a373b733a31393a226d6973632f7461626c656865616465722e6a73223b693a383b733a32383a226d6f64756c65732f6669656c645f75692f6669656c645f75692e6a73223b693a393b733a32313a226d6973632f6a71756572792e636f6f6b69652e6a73223b693a31303b733a31373a226d6973632f7461626c65647261672e6a73223b693a31313b733a32363a226d6f64756c65732f746f6f6c6261722f746f6f6c6261722e6a73223b693a31323b733a34373a2273697465732f616c6c2f7468656d65732f70696e626f6172642f7363722f6a71756572792e6d61736f6e72792e6a73223b693a31333b733a35343a2273697465732f616c6c2f7468656d65732f70696e626f6172642f7363722f6a71756572792e696e66696e6974657363726f6c6c2e6a73223b693a31343b733a34393a2273697465732f616c6c2f7468656d65732f70696e626f6172642f7363722f6a71756572792e74776565742e6d696e2e6a73223b693a31353b733a33373a2273697465732f616c6c2f7468656d65732f70696e626f6172642f7363722f6c696b652e6a73223b693a31363b733a31363a226d6973632f636f6c6c617073652e6a73223b693a31373b733a32393a226d6973632f75692f6a71756572792e75692e636f72652e6d696e2e6a73223b693a31383b733a32313a226d6973632f6a71756572792e62612d6262712e6a73223b693a31393b733a33333a226d6f64756c65732f6f7665726c61792f6f7665726c61792d706172656e742e6a73223b693a32303b733a34303a2273697465732f616c6c2f6d6f64756c65732f70696e626f6172645f68656c7065722f6163622e6a73223b693a32313b733a33323a226d6f64756c65732f636f6e7465787475616c2f636f6e7465787475616c2e6a73223b693a32323b733a32303a226d6973632f6175746f636f6d706c6574652e6a73223b693a32333b733a31393a226d6973632f6a71756572792e666f726d2e6a73223b693a32343b733a31363a226d6973632f70726f67726573732e6a73223b693a32353b733a31323a226d6973632f616a61782e6a73223b693a32363b733a32303a226d6f64756c65732f66696c652f66696c652e6a73223b693a32373b733a31363a226d6973632f74657874617265612e6a73223b693a32383b733a33343a226d6f64756c65732f6669656c642f6d6f64756c65732f746578742f746578742e6a73223b693a32393b733a32343a226d6f64756c65732f66696c7465722f66696c7465722e6a73223b693a33303b733a31343a226d6973632f7374617465732e6a73223b693a33313b733a32303a226d6f64756c65732f6d656e752f6d656e752e6a73223b693a33323b733a32303a226d6f64756c65732f6e6f64652f6e6f64652e6a73223b693a33333b733a32303a226d6f64756c65732f706174682f706174682e6a73223b693a33343b733a33363a226d6f64756c65732f636f6d6d656e742f636f6d6d656e742d6e6f64652d666f726d2e6a73223b693a33353b733a32313a226d6973632f766572746963616c2d746162732e6a73223b693a33363b733a34333a2273697465732f616c6c2f6d6f64756c65732f746f6b656e2f6a71756572792e747265655461626c652e6a73223b693a33373b733a33323a2273697465732f616c6c2f6d6f64756c65732f746f6b656e2f746f6b656e2e6a73223b693a33383b733a35303a2273697465732f616c6c2f6d6f64756c65732f6175746f5f6e6f64657469746c652f6175746f5f6e6f64657469746c652e6a73223b693a33393b733a32363a226d6f64756c65732f6d656e752f6d656e752e61646d696e2e6a73223b693a34303b733a32393a226d6f64756c65732f6e6f64652f636f6e74656e745f74797065732e6a73223b693a34313b733a31393a226d6973632f7461626c6573656c6563742e6a73223b693a34323b733a33323a226d6f64756c65732f757365722f757365722e7065726d697373696f6e732e6a73223b693a34333b733a33303a2273697465732f616c6c2f6d6f64756c65732f726174652f726174652e6a73223b693a34343b733a34363a2273697465732f616c6c2f6d6f64756c65732f76696577732f6a732f76696577732d636f6e7465787475616c2e6a73223b693a34353b733a34313a2273697465732f616c6c2f6d6f64756c65732f63746f6f6c732f6a732f64726f70627574746f6e2e6a73223b693a34363b733a34323a2273697465732f616c6c2f6d6f64756c65732f63746f6f6c732f6a732f6175746f2d7375626d69742e6a73223b693a34373b733a33343a2273697465732f616c6c2f6d6f64756c65732f76696577732f6a732f626173652e6a73223b693a34383b733a34303a2273697465732f616c6c2f6d6f64756c65732f76696577732f6a732f76696577732d6c6973742e6a73223b693a34393b733a33343a2273697465732f616c6c2f6d6f64756c65732f76696577732f6a732f616a61782e6a73223b693a35303b733a33313a226d6973632f75692f6a71756572792e75692e7769646765742e6d696e2e6a73223b693a35313b733a32393a226d6973632f75692f6a71756572792e75692e746162732e6d696e2e6a73223b693a35323b733a33313a226d6973632f75692f6a71756572792e75692e627574746f6e2e6d696e2e6a73223b693a35333b733a33303a226d6973632f75692f6a71756572792e75692e6d6f7573652e6d696e2e6a73223b693a35343b733a33343a226d6973632f75692f6a71756572792e75692e647261676761626c652e6d696e2e6a73223b693a35353b733a33333a226d6973632f75692f6a71756572792e75692e706f736974696f6e2e6d696e2e6a73223b693a35363b733a33343a226d6973632f75692f6a71756572792e75692e726573697a61626c652e6d696e2e6a73223b693a35373b733a33313a226d6973632f75692f6a71756572792e75692e6469616c6f672e6d696e2e6a73223b693a35383b733a35323a2273697465732f616c6c2f6d6f64756c65732f76696577732f6a732f6a71756572792e75692e6469616c6f672e70617463682e6a73223b693a35393b733a34303a2273697465732f616c6c2f6d6f64756c65732f63746f6f6c732f6a732f646570656e64656e742e6a73223b693a36303b733a34363a2273697465732f616c6c2f6d6f64756c65732f63746f6f6c732f6a732f636f6c6c61707369626c652d6469762e6a73223b693a36313b733a34313a2273697465732f616c6c2f6d6f64756c65732f76696577732f6a732f76696577732d61646d696e2e6a73223b693a36323b733a33303a22687474703a2f2f6c6f67696e7a612e72752f6a732f7769646765742e6a73223b7d),
('language_content_type_pin', 0x733a313a2230223b),
('language_count', 0x693a323b),
('language_default', 0x4f3a383a22737464436c617373223a31313a7b733a383a226c616e6775616765223b733a323a22656e223b733a343a226e616d65223b733a373a22456e676c697368223b733a363a226e6174697665223b733a373a22456e676c697368223b733a393a22646972656374696f6e223b733a313a2230223b733a373a22656e61626c6564223b693a313b733a373a22706c7572616c73223b733a313a2230223b733a373a22666f726d756c61223b733a303a22223b733a363a22646f6d61696e223b733a303a22223b733a363a22707265666978223b733a323a22656e223b733a363a22776569676874223b733a313a2230223b733a31303a226a617661736372697074223b733a303a22223b7d),
('language_negotiation_language', 0x613a303a7b7d),
('language_negotiation_language_content', 0x613a313a7b733a31363a226c6f63616c652d696e74657266616365223b613a323a7b733a393a2263616c6c6261636b73223b613a313a7b733a383a226c616e6775616765223b733a33303a226c6f63616c655f6c616e67756167655f66726f6d5f696e74657266616365223b7d733a343a2266696c65223b733a31393a22696e636c756465732f6c6f63616c652e696e63223b7d7d),
('language_negotiation_language_url', 0x613a323a7b733a31303a226c6f63616c652d75726c223b613a323a7b733a393a2263616c6c6261636b73223b613a333a7b733a383a226c616e6775616765223b733a32343a226c6f63616c655f6c616e67756167655f66726f6d5f75726c223b733a383a227377697463686572223b733a32383a226c6f63616c655f6c616e67756167655f73776974636865725f75726c223b733a31313a2275726c5f72657772697465223b733a33313a226c6f63616c655f6c616e67756167655f75726c5f726577726974655f75726c223b7d733a343a2266696c65223b733a31393a22696e636c756465732f6c6f63616c652e696e63223b7d733a31393a226c6f63616c652d75726c2d66616c6c6261636b223b613a323a7b733a393a2263616c6c6261636b73223b613a313a7b733a383a226c616e6775616765223b733a32383a226c6f63616c655f6c616e67756167655f75726c5f66616c6c6261636b223b7d733a343a2266696c65223b733a31393a22696e636c756465732f6c6f63616c652e696e63223b7d7d),
('language_types', 0x613a333a7b733a383a226c616e6775616765223b623a313b733a31363a226c616e67756167655f636f6e74656e74223b623a303b733a31323a226c616e67756167655f75726c223b623a303b7d),
('loginza_allow_email_bypass', 0x693a303b),
('loginza_amnesia_paths', 0x733a31393a22757365722f72656769737465720d0a75736572223b),
('loginza_caption_text', 0x733a31393a224c6f6720696e2077697468204c6f67696e7a61223b),
('loginza_default_name', 0x733a31323a2275736572406c6f67696e7a61223b),
('loginza_default_provider', 0x733a303a22223b),
('loginza_integrate_comment_icons', 0x693a313b),
('loginza_integrate_login_button', 0x693a313b),
('loginza_integrate_login_iframe', 0x693a313b),
('loginza_integrate_login_string', 0x693a303b),
('loginza_integrate_register_iframe', 0x693a313b),
('loginza_providers_icons', 0x613a31373a7b733a363a22676f6f676c65223b733a363a22676f6f676c65223b733a383a2266616365626f6f6b223b733a383a2266616365626f6f6b223b733a373a2274776974746572223b733a373a2274776974746572223b733a383a226d796f70656e6964223b733a383a226d796f70656e6964223b733a363a22666c69636b72223b733a363a22666c69636b72223b733a363a226f70656e6964223b733a363a226f70656e6964223b733a363a2279616e646578223b693a303b733a393a226d61696c7275617069223b693a303b733a363a226d61696c7275223b693a303b733a393a22766b6f6e74616b7465223b693a303b733a373a226c6f67696e7a61223b693a303b733a383a227765626d6f6e6579223b693a303b733a373a2272616d626c6572223b693a303b733a363a226c617374666d223b693a303b733a383a22766572697369676e223b693a303b733a333a22616f6c223b693a303b733a353a22737465616d223b693a303b7d),
('loginza_providers_set', 0x613a31373a7b733a363a22676f6f676c65223b733a363a22676f6f676c65223b733a383a2266616365626f6f6b223b733a383a2266616365626f6f6b223b733a373a2274776974746572223b733a373a2274776974746572223b733a383a226d796f70656e6964223b733a383a226d796f70656e6964223b733a363a22666c69636b72223b733a363a22666c69636b72223b733a363a226f70656e6964223b733a363a226f70656e6964223b733a363a2279616e646578223b693a303b733a393a226d61696c7275617069223b693a303b733a363a226d61696c7275223b693a303b733a393a22766b6f6e74616b7465223b693a303b733a373a226c6f67696e7a61223b693a303b733a383a227765626d6f6e6579223b693a303b733a373a2272616d626c6572223b693a303b733a363a226c617374666d223b693a303b733a383a22766572697369676e223b693a303b733a333a22616f6c223b693a303b733a353a22737465616d223b693a303b7d),
('loginza_providers_titles', 0x613a31373a7b733a363a22676f6f676c65223b733a31343a22476f6f676c65204163636f756e74223b733a363a2279616e646578223b733a363a2259616e646578223b733a393a226d61696c7275617069223b733a31313a224d61696c2e727520415049223b733a363a226d61696c7275223b733a373a224d61696c2e7275223b733a393a22766b6f6e74616b7465223b733a393a22566b6f6e74616b7465223b733a383a2266616365626f6f6b223b733a383a2246616365626f6f6b223b733a373a2274776974746572223b733a373a2254776974746572223b733a373a226c6f67696e7a61223b733a373a224c6f67696e7a61223b733a383a226d796f70656e6964223b733a383a224d794f70656e4944223b733a383a227765626d6f6e6579223b733a383a225765624d6f6e6579223b733a373a2272616d626c6572223b733a373a2252616d626c6572223b733a363a22666c69636b72223b733a363a22466c69636b72223b733a363a226c617374666d223b733a373a224c6173742e666d223b733a383a22766572697369676e223b733a383a22566572697369676e223b733a333a22616f6c223b733a333a22414f4c223b733a353a22737465616d223b733a353a22537465616d223b733a363a226f70656e6964223b733a363a224f70656e4944223b7d),
('loginza_widgets_images', 0x613a31383a7b733a31333a22627574746f6e5f776964676574223b733a34353a22687474703a2f2f6c6f67696e7a612e72752f696d672f7369676e5f696e5f627574746f6e5f677261792e676966223b733a363a22676f6f676c65223b733a34333a22687474703a2f2f6c6f67696e7a612e72752f696d672f7769646765742f676f6f676c655f69636f2e676966223b733a363a2279616e646578223b733a34333a22687474703a2f2f6c6f67696e7a612e72752f696d672f7769646765742f79616e6465785f69636f2e676966223b733a393a226d61696c7275617069223b733a34363a22687474703a2f2f6c6f67696e7a612e72752f696d672f7769646765742f6d61696c72756170695f69636f2e676966223b733a363a226d61696c7275223b733a34333a22687474703a2f2f6c6f67696e7a612e72752f696d672f7769646765742f6d61696c72755f69636f2e676966223b733a393a22766b6f6e74616b7465223b733a34363a22687474703a2f2f6c6f67696e7a612e72752f696d672f7769646765742f766b6f6e74616b74655f69636f2e676966223b733a383a2266616365626f6f6b223b733a34353a22687474703a2f2f6c6f67696e7a612e72752f696d672f7769646765742f66616365626f6f6b5f69636f2e676966223b733a373a2274776974746572223b733a34343a22687474703a2f2f6c6f67696e7a612e72752f696d672f7769646765742f747769747465725f69636f2e676966223b733a373a226c6f67696e7a61223b733a34343a22687474703a2f2f6c6f67696e7a612e72752f696d672f7769646765742f6c6f67696e7a615f69636f2e676966223b733a383a226d796f70656e6964223b733a34353a22687474703a2f2f6c6f67696e7a612e72752f696d672f7769646765742f6d796f70656e69645f69636f2e676966223b733a383a227765626d6f6e6579223b733a34353a22687474703a2f2f6c6f67696e7a612e72752f696d672f7769646765742f7765626d6f6e65795f69636f2e676966223b733a373a2272616d626c6572223b733a34343a22687474703a2f2f6c6f67696e7a612e72752f696d672f7769646765742f72616d626c65725f69636f2e676966223b733a363a22666c69636b72223b733a34333a22687474703a2f2f6c6f67696e7a612e72752f696d672f7769646765742f666c69636b725f69636f2e676966223b733a363a226c617374666d223b733a34333a22687474703a2f2f6c6f67696e7a612e72752f696d672f7769646765742f6c617374666d5f69636f2e676966223b733a383a22766572697369676e223b733a34353a22687474703a2f2f6c6f67696e7a612e72752f696d672f7769646765742f766572697369676e5f69636f2e676966223b733a333a22616f6c223b733a34303a22687474703a2f2f6c6f67696e7a612e72752f696d672f7769646765742f616f6c5f69636f2e676966223b733a353a22737465616d223b733a34323a22687474703a2f2f6c6f67696e7a612e72752f696d672f7769646765742f737465616d5f69636f2e676966223b733a363a226f70656e6964223b733a34333a22687474703a2f2f6c6f67696e7a612e72752f696d672f7769646765742f6f70656e69645f69636f2e676966223b7d),
('maintenance_mode', 0x693a303b),
('maintenance_mode_message', 0x733a3130303a22745f70696e626f6172645f372069732063757272656e746c7920756e646572206d61696e74656e616e63652e2057652073686f756c64206265206261636b2073686f72746c792e205468616e6b20796f7520666f7220796f75722070617469656e63652e223b),
('menu_expanded', 0x613a323a7b693a303b733a393a226d61696e2d6d656e75223b693a313b733a31303a226e617669676174696f6e223b7d),
('menu_masks', 0x613a33373a7b693a303b693a3530313b693a313b693a3439333b693a323b693a3235323b693a333b693a3235303b693a343b693a3234373b693a353b693a3234363b693a363b693a3234353b693a373b693a3132353b693a383b693a3132343b693a393b693a3132333b693a31303b693a3132323b693a31313b693a3132313b693a31323b693a3131373b693a31333b693a36333b693a31343b693a36323b693a31353b693a36313b693a31363b693a36303b693a31373b693a35393b693a31383b693a35383b693a31393b693a34343b693a32303b693a33313b693a32313b693a33303b693a32323b693a32393b693a32333b693a32383b693a32343b693a32353b693a32353b693a32343b693a32363b693a32313b693a32373b693a31353b693a32383b693a31343b693a32393b693a31333b693a33303b693a31313b693a33313b693a373b693a33323b693a363b693a33333b693a353b693a33343b693a333b693a33353b693a323b693a33363b693a313b7d),
('menu_options_pin', 0x613a313a7b693a303b733a393a226d61696e2d6d656e75223b7d),
('menu_parent_pin', 0x733a31313a226d61696e2d6d656e753a30223b),
('node_admin_theme', 0x693a303b),
('node_cron_last', 0x733a31303a2231333339303839303139223b),
('node_options_page', 0x613a313a7b693a303b733a363a22737461747573223b7d),
('node_options_pin', 0x613a323a7b693a303b733a363a22737461747573223b693a313b733a373a2270726f6d6f7465223b7d),
('node_preview_pin', 0x733a313a2230223b),
('node_submitted_page', 0x623a303b),
('node_submitted_pin', 0x693a313b),
('notify_comment_message', 0x733a35343a22557365722021757365722021757365725f75726c2068617320706f73746564206120636f6d6d656e742021636f6d6d656e745f75726c223b),
('notify_comment_subject', 0x733a34383a224d6573736167652066726f6d20736974652021736974655f6e616d652061626f75742061206e657720636f6d6d656e74223b),
('notify_follow_message', 0x733a34353a22557365722021757365722021757365725f75726c2068617320666f6c6c6f77656420796f757220626f61726473223b),
('notify_follow_subject', 0x733a34393a224d6573736167652066726f6d20736974652021736974655f6e616d652061626f75742061206e657720666f6c6c6f776572223b),
('notify_repin_message', 0x733a36353a22557365722021757365722021757365725f75726c206d616465206120726570696e2021726570696e5f75726c206f6620796f75722070696e202170696e5f75726c223b),
('notify_repin_subject', 0x733a34363a224d6573736167652066726f6d20736974652021736974655f6e616d652061626f75742061206e657720726570696e223b),
('notify_unfollow_message', 0x733a303a22223b),
('notify_unfollow_subject', 0x733a34383a224d6573736167652066726f6d20736974652021736974655f6e616d652061626f757420616e20756e666f6c6c6f776572223b),
('openinviter_engine_transport', 0x733a343a226375726c223b),
('path_alias_whitelist', 0x613a313a7b733a343a226e6f6465223b623a313b7d),
('rate_widgets', 0x613a313a7b693a313b4f3a383a22737464436c617373223a32343a7b733a343a226e616d65223b733a343a226c696b65223b733a333a22746167223b733a343a22766f7465223b733a353a227469746c65223b733a343a224c696b65223b733a31303a226e6f64655f7479706573223b613a313a7b693a303b733a333a2270696e223b7d733a31333a22636f6d6d656e745f7479706573223b613a303a7b7d733a373a226f7074696f6e73223b613a313a7b693a303b613a323a7b693a303b693a313b693a313b733a323a227570223b7d7d733a383a2274656d706c617465223b733a393a227468756d62735f7570223b733a31323a226e6f64655f646973706c6179223b733a313a2232223b733a31343a227465617365725f646973706c6179223b623a313b733a31353a22636f6d6d656e745f646973706c6179223b733a313a2232223b733a31373a226e6f64655f646973706c61795f6d6f6465223b733a313a2231223b733a31393a227465617365725f646973706c61795f6d6f6465223b733a313a2231223b733a32303a22636f6d6d656e745f646973706c61795f6d6f6465223b733a313a2231223b733a353a22726f6c6573223b613a333a7b693a333b733a313a2233223b693a323b733a313a2232223b693a313b693a303b7d733a32323a22616c6c6f775f766f74696e675f62795f617574686f72223b693a313b733a31363a226e6f7065726d5f6265686176696f7572223b733a313a2231223b733a393a22646973706c61796564223b733a313a2231223b733a32303a22646973706c617965645f6a7573745f766f746564223b733a313a2231223b733a31313a226465736372697074696f6e223b733a303a22223b733a32323a226465736372697074696f6e5f696e5f636f6d70616374223b623a313b733a31303a2276616c75655f74797065223b733a363a22706f696e7473223b733a353a227468656d65223b733a32333a22726174655f74656d706c6174655f7468756d62735f7570223b733a333a22637373223b733a35363a2273697465732f616c6c2f6d6f64756c65732f726174652f74656d706c617465732f7468756d62732d75702f7468756d62732d75702e637373223b733a393a227472616e736c617465223b623a313b7d7d),
('sharethis_button_option', 0x733a31303a22737462635f6c61726765223b),
('sharethis_location', 0x733a373a22636f6e74656e74223b),
('sharethis_node_option', 0x733a373a2270696e2c302c30223b),
('sharethis_option_extras', 0x613a323a7b733a32333a22476f6f676c6520506c7573204f6e653a706c75736f6e65223b693a303b733a32303a2246616365626f6f6b204c696b653a66626c696b65223b693a303b7d),
('sharethis_publisherID', 0x733a303a22223b),
('sharethis_service_option', 0x733a36393a2222476f6f676c653a676f6f676c65222c22426c6f676765723a626c6f67676572222c2254776565743a74776974746572222c2246616365626f6f6b3a66616365626f6f6b22223b),
('sharethis_teaser_option', 0x693a313b),
('sharethis_twitter_suffix', 0x733a303a22223b),
('sharethis_weight', 0x733a323a223130223b),
('sharethis_widget_option', 0x733a383a2273745f6d756c7469223b),
('site_403', 0x733a303a22223b),
('site_404', 0x733a303a22223b),
('site_default_country', 0x733a303a22223b),
('site_frontpage', 0x733a343a226e6f6465223b),
('site_mail', 0x733a31343a2277696b6940656c77696b692e7275223b),
('site_name', 0x733a31323a22745f70696e626f6172645f37223b),
('site_slogan', 0x733a303a22223b),
('statistics_day_timestamp', 0x693a313334303139393534313b),
('theme_default', 0x733a383a2270696e626f617264223b),
('theme_pinboard_settings', 0x613a31383a7b733a31313a22746f67676c655f6c6f676f223b693a313b733a31313a22746f67676c655f6e616d65223b693a313b733a31333a22746f67676c655f736c6f67616e223b693a313b733a32343a22746f67676c655f6e6f64655f757365725f70696374757265223b693a313b733a32373a22746f67676c655f636f6d6d656e745f757365725f70696374757265223b693a313b733a33323a22746f67676c655f636f6d6d656e745f757365725f766572696669636174696f6e223b693a313b733a31343a22746f67676c655f66617669636f6e223b693a313b733a31363a22746f67676c655f6d61696e5f6d656e75223b693a313b733a32313a22746f67676c655f7365636f6e646172795f6d656e75223b693a313b733a31323a2264656661756c745f6c6f676f223b693a313b733a393a226c6f676f5f70617468223b733a303a22223b733a31313a226c6f676f5f75706c6f6164223b733a303a22223b733a31353a2264656661756c745f66617669636f6e223b693a313b733a31323a2266617669636f6e5f70617468223b733a303a22223b733a31343a2266617669636f6e5f75706c6f6164223b733a303a22223b733a31303a22746d5f76616c75655f33223b733a343a22626c7565223b733a31303a22746d5f76616c75655f34223b733a393a2268656c766574696361223b733a31303a22746d5f76616c75655f35223b733a313a2231223b7d),
('transliteration_file_lowercase', 0x693a313b),
('transliteration_file_uploads', 0x693a313b),
('update_last_check', 0x693a313334303139393534373b),
('update_notify_emails', 0x613a313a7b693a303b733a31363a226d65406c6f63616c686f73742e636f6d223b7d),
('user_admin_role', 0x733a313a2233223b),
('user_cancel_method', 0x733a31373a22757365725f63616e63656c5f626c6f636b223b),
('user_email_verification', 0x693a313b),
('user_mail_cancel_confirm_body', 0x733a3338313a225b757365723a6e616d655d2c0d0a0d0a41207265717565737420746f2063616e63656c20796f7572206163636f756e7420686173206265656e206d616465206174205b736974653a6e616d655d2e0d0a0d0a596f75206d6179206e6f772063616e63656c20796f7572206163636f756e74206f6e205b736974653a75726c2d62726965665d20627920636c69636b696e672074686973206c696e6b206f7220636f7079696e6720616e642070617374696e6720697420696e746f20796f75722062726f777365723a0d0a0d0a5b757365723a63616e63656c2d75726c5d0d0a0d0a4e4f54453a205468652063616e63656c6c6174696f6e206f6620796f7572206163636f756e74206973206e6f742072657665727369626c652e0d0a0d0a54686973206c696e6b206578706972657320696e206f6e652064617920616e64206e6f7468696e672077696c6c2068617070656e206966206974206973206e6f7420757365642e0d0a0d0a2d2d20205b736974653a6e616d655d207465616d223b),
('user_mail_cancel_confirm_subject', 0x733a35393a224163636f756e742063616e63656c6c6174696f6e207265717565737420666f72205b757365723a6e616d655d206174205b736974653a6e616d655d223b),
('user_mail_password_reset_body', 0x733a3430373a225b757365723a6e616d655d2c0d0a0d0a41207265717565737420746f207265736574207468652070617373776f726420666f7220796f7572206163636f756e7420686173206265656e206d616465206174205b736974653a6e616d655d2e0d0a0d0a596f75206d6179206e6f77206c6f6720696e20627920636c69636b696e672074686973206c696e6b206f7220636f7079696e6720616e642070617374696e6720697420746f20796f75722062726f777365723a0d0a0d0a5b757365723a6f6e652d74696d652d6c6f67696e2d75726c5d0d0a0d0a54686973206c696e6b2063616e206f6e6c792062652075736564206f6e636520746f206c6f6720696e20616e642077696c6c206c65616420796f7520746f2061207061676520776865726520796f752063616e2073657420796f75722070617373776f72642e2049742065787069726573206166746572206f6e652064617920616e64206e6f7468696e672077696c6c2068617070656e2069662069742773206e6f7420757365642e0d0a0d0a2d2d20205b736974653a6e616d655d207465616d223b),
('user_mail_password_reset_subject', 0x733a36303a225265706c6163656d656e74206c6f67696e20696e666f726d6174696f6e20666f72205b757365723a6e616d655d206174205b736974653a6e616d655d223b),
('user_mail_register_admin_created_body', 0x733a3437363a225b757365723a6e616d655d2c0d0a0d0a4120736974652061646d696e6973747261746f72206174205b736974653a6e616d655d20686173206372656174656420616e206163636f756e7420666f7220796f752e20596f75206d6179206e6f77206c6f6720696e20627920636c69636b696e672074686973206c696e6b206f7220636f7079696e6720616e642070617374696e6720697420746f20796f75722062726f777365723a0d0a0d0a5b757365723a6f6e652d74696d652d6c6f67696e2d75726c5d0d0a0d0a54686973206c696e6b2063616e206f6e6c792062652075736564206f6e636520746f206c6f6720696e20616e642077696c6c206c65616420796f7520746f2061207061676520776865726520796f752063616e2073657420796f75722070617373776f72642e0d0a0d0a41667465722073657474696e6720796f75722070617373776f72642c20796f752077696c6c2062652061626c6520746f206c6f6720696e206174205b736974653a6c6f67696e2d75726c5d20696e2074686520667574757265207573696e673a0d0a0d0a757365726e616d653a205b757365723a6e616d655d0d0a70617373776f72643a20596f75722070617373776f72640d0a0d0a2d2d20205b736974653a6e616d655d207465616d223b),
('user_mail_register_admin_created_subject', 0x733a35383a22416e2061646d696e6973747261746f72206372656174656420616e206163636f756e7420666f7220796f75206174205b736974653a6e616d655d223b),
('user_mail_register_no_approval_required_body', 0x733a3435303a225b757365723a6e616d655d2c0d0a0d0a5468616e6b20796f7520666f72207265676973746572696e67206174205b736974653a6e616d655d2e20596f75206d6179206e6f77206c6f6720696e20627920636c69636b696e672074686973206c696e6b206f7220636f7079696e6720616e642070617374696e6720697420746f20796f75722062726f777365723a0d0a0d0a5b757365723a6f6e652d74696d652d6c6f67696e2d75726c5d0d0a0d0a54686973206c696e6b2063616e206f6e6c792062652075736564206f6e636520746f206c6f6720696e20616e642077696c6c206c65616420796f7520746f2061207061676520776865726520796f752063616e2073657420796f75722070617373776f72642e0d0a0d0a41667465722073657474696e6720796f75722070617373776f72642c20796f752077696c6c2062652061626c6520746f206c6f6720696e206174205b736974653a6c6f67696e2d75726c5d20696e2074686520667574757265207573696e673a0d0a0d0a757365726e616d653a205b757365723a6e616d655d0d0a70617373776f72643a20596f75722070617373776f72640d0a0d0a2d2d20205b736974653a6e616d655d207465616d223b),
('user_mail_register_no_approval_required_subject', 0x733a34363a224163636f756e742064657461696c7320666f72205b757365723a6e616d655d206174205b736974653a6e616d655d223b),
('user_mail_register_pending_approval_body', 0x733a3238373a225b757365723a6e616d655d2c0d0a0d0a5468616e6b20796f7520666f72207265676973746572696e67206174205b736974653a6e616d655d2e20596f7572206170706c69636174696f6e20666f7220616e206163636f756e742069732063757272656e746c792070656e64696e6720617070726f76616c2e204f6e636520697420686173206265656e20617070726f7665642c20796f752077696c6c207265636569766520616e6f7468657220652d6d61696c20636f6e7461696e696e6720696e666f726d6174696f6e2061626f757420686f7720746f206c6f6720696e2c2073657420796f75722070617373776f72642c20616e64206f746865722064657461696c732e0d0a0d0a0d0a2d2d20205b736974653a6e616d655d207465616d223b),
('user_mail_register_pending_approval_subject', 0x733a37313a224163636f756e742064657461696c7320666f72205b757365723a6e616d655d206174205b736974653a6e616d655d202870656e64696e672061646d696e20617070726f76616c29223b),
('user_mail_register_pinboard_helper_flag_text', 0x733a3332353a223c68343e5265706f727420546869732050696e20617320496e617070726f7072696174653c2f68343e506c656173652073656c656374207468652063617465676f72792074686174206d6f737420636c6f73656c79207265666c6563747320796f757220636f6e6365726e2061626f7574207468652050696e2c20736f20746861742077652063616e2072657669657720697420616e642064657465726d696e652069662069742076696f6c61746573206f757220436f6d6d756e6974792047756964656c696e6573206f722069736e277420617070726f70726961746520666f7220616c6c20766965776572732e2041627573696e672074686973206665617475726520697320616c736f20612076696f6c6174696f6e206f662074686520436f6d6d756e6974792047756964656c696e65732c20736f20646f6e277420646f2069742e223b),
('user_mail_register_pinboard_helper_flag_types', 0x733a3132333a2253657875616c20436f6e74656e740d0a56696f6c656e74206f7220526570756c7369766520436f6e74656e740d0a4861746566756c206f72204162757369766520436f6e74656e740d0a4861726d66756c2044616e6765726f757320416374730d0a5370616d0d0a496e6672696e676573204d7920526967687473223b),
('user_mail_status_activated_body', 0x733a3436313a225b757365723a6e616d655d2c0d0a0d0a596f7572206163636f756e74206174205b736974653a6e616d655d20686173206265656e206163746976617465642e0d0a0d0a596f75206d6179206e6f77206c6f6720696e20627920636c69636b696e672074686973206c696e6b206f7220636f7079696e6720616e642070617374696e6720697420696e746f20796f75722062726f777365723a0d0a0d0a5b757365723a6f6e652d74696d652d6c6f67696e2d75726c5d0d0a0d0a54686973206c696e6b2063616e206f6e6c792062652075736564206f6e636520746f206c6f6720696e20616e642077696c6c206c65616420796f7520746f2061207061676520776865726520796f752063616e2073657420796f75722070617373776f72642e0d0a0d0a41667465722073657474696e6720796f75722070617373776f72642c20796f752077696c6c2062652061626c6520746f206c6f6720696e206174205b736974653a6c6f67696e2d75726c5d20696e2074686520667574757265207573696e673a0d0a0d0a757365726e616d653a205b757365723a6e616d655d0d0a70617373776f72643a20596f75722070617373776f72640d0a0d0a2d2d20205b736974653a6e616d655d207465616d223b),
('user_mail_status_activated_notify', 0x693a313b),
('user_mail_status_activated_subject', 0x733a35373a224163636f756e742064657461696c7320666f72205b757365723a6e616d655d206174205b736974653a6e616d655d2028617070726f76656429223b),
('user_mail_status_blocked_body', 0x733a38353a225b757365723a6e616d655d2c0d0a0d0a596f7572206163636f756e74206f6e205b736974653a6e616d655d20686173206265656e20626c6f636b65642e0d0a0d0a2d2d20205b736974653a6e616d655d207465616d223b),
('user_mail_status_blocked_notify', 0x693a303b),
('user_mail_status_blocked_subject', 0x733a35363a224163636f756e742064657461696c7320666f72205b757365723a6e616d655d206174205b736974653a6e616d655d2028626c6f636b656429223b),
('user_mail_status_canceled_body', 0x733a38363a225b757365723a6e616d655d2c0d0a0d0a596f7572206163636f756e74206f6e205b736974653a6e616d655d20686173206265656e2063616e63656c65642e0d0a0d0a2d2d20205b736974653a6e616d655d207465616d223b),
('user_mail_status_canceled_notify', 0x693a303b),
('user_mail_status_canceled_subject', 0x733a35373a224163636f756e742064657461696c7320666f72205b757365723a6e616d655d206174205b736974653a6e616d655d202863616e63656c656429223b),
('user_pictures', 0x693a313b),
('user_picture_default', 0x733a303a22223b),
('user_picture_dimensions', 0x733a393a22313032347831303234223b),
('user_picture_file_size', 0x733a333a22383030223b),
('user_picture_guidelines', 0x733a303a22223b),
('user_picture_path', 0x733a383a227069637475726573223b),
('user_picture_style', 0x733a31323a22757365725f70696374757265223b),
('user_register', 0x733a313a2232223b),
('user_signatures', 0x693a303b),
('views_defaults', 0x613a313a7b733a31333a227461786f6e6f6d795f7465726d223b623a303b7d),
('views_exposed_filter_any_label', 0x733a373a226e65775f616e79223b),
('views_show_additional_queries', 0x693a303b),
('views_ui_always_live_preview', 0x693a313b),
('views_ui_custom_theme', 0x733a383a225f64656661756c74223b),
('views_ui_display_embed', 0x693a303b),
('views_ui_show_advanced_column', 0x693a303b),
('views_ui_show_advanced_help_warning', 0x693a313b),
('views_ui_show_listing_filters', 0x693a303b),
('views_ui_show_master_display', 0x693a303b),
('views_ui_show_performance_statistics', 0x693a303b),
('views_ui_show_preview_information', 0x693a313b),
('views_ui_show_sql_query', 0x693a313b),
('views_ui_show_sql_query_where', 0x733a353a2261626f7665223b),
('vtabs__active_tab', 0x733a32343a22656469742d667365742d756c6f67696e2d6163636f756e74223b);

DROP TABLE IF EXISTS `prefixpinboard_vef_video_styles`;
CREATE TABLE `prefixpinboard_vef_video_styles` (
  `vsid` int(10) unsigned NOT NULL AUTO_INCREMENT COMMENT 'The primary identifier for a video style.',
  `name` varchar(255) NOT NULL COMMENT 'The style name.',
  `data` longblob NOT NULL COMMENT 'The configuration data for the style.',
  PRIMARY KEY (`vsid`),
  UNIQUE KEY `name` (`name`)
) ENGINE=InnoDB  DEFAULT CHARSET=utf8 COMMENT='Stores video embed styles.' AUTO_INCREMENT=2 ;

INSERT INTO `prefixpinboard_vef_video_styles` (`vsid`, `name`, `data`) VALUES
(1, 'normal', 0x613a333a7b733a373a22796f7574756265223b613a393a7b733a353a227769647468223b733a333a22363030223b733a363a22686569676874223b733a333a22333338223b733a353a227468656d65223b733a353a226c69676874223b733a383a226175746f706c6179223b693a303b733a323a226864223b693a313b733a333a2272656c223b693a303b733a383a2273686f77696e666f223b693a313b733a31343a226d6f646573746272616e64696e67223b693a303b733a383a226175746f68696465223b733a313a2232223b7d733a353a2276696d656f223b613a343a7b733a353a227769647468223b733a333a22363030223b733a363a22686569676874223b733a333a22333338223b733a353a22636f6c6f72223b733a363a22666666666666223b733a383a226175746f706c6179223b693a303b7d733a31363a22646174615f5f6163746976655f746162223b733a31353a22656469742d646174612d76696d656f223b7d);

DROP TABLE IF EXISTS `prefixpinboard_views_display`;
CREATE TABLE `prefixpinboard_views_display` (
  `vid` int(10) unsigned NOT NULL DEFAULT '0' COMMENT 'The view this display is attached to.',
  `id` varchar(64) NOT NULL DEFAULT '' COMMENT 'An identifier for this display; usually generated from the display_plugin, so should be something like page or page_1 or block_2, etc.',
  `display_title` varchar(64) NOT NULL DEFAULT '' COMMENT 'The title of the display, viewable by the administrator.',
  `display_plugin` varchar(64) NOT NULL DEFAULT '' COMMENT 'The type of the display. Usually page, block or embed, but is pluggable so may be other things.',
  `position` int(11) DEFAULT '0' COMMENT 'The order in which this display is loaded.',
  `display_options` longtext COMMENT 'A serialized array of options for this display; it contains options that are generally only pertinent to that display plugin type.',
  PRIMARY KEY (`vid`,`id`),
  KEY `vid` (`vid`,`position`)
) ENGINE=InnoDB DEFAULT CHARSET=utf8 COMMENT='Stores information about each display attached to a view.';

INSERT INTO `prefixpinboard_views_display` (`vid`, `id`, `display_title`, `display_plugin`, `position`, `display_options`) VALUES
(4, 'default', 'Master', 'default', 1, 'a:13:{s:5:"query";a:2:{s:4:"type";s:11:"views_query";s:7:"options";a:0:{}}s:6:"access";a:1:{s:4:"type";s:4:"perm";}s:5:"cache";a:1:{s:4:"type";s:4:"none";}s:12:"exposed_form";a:1:{s:4:"type";s:5:"basic";}s:5:"pager";a:2:{s:4:"type";s:4:"full";s:7:"options";a:1:{s:14:"items_per_page";s:2:"30";}}s:12:"style_plugin";s:7:"default";s:10:"row_plugin";s:4:"node";s:6:"fields";a:1:{s:5:"title";a:8:{s:2:"id";s:5:"title";s:5:"table";s:4:"node";s:5:"field";s:5:"title";s:5:"label";s:0:"";s:5:"alter";a:8:{s:10:"alter_text";i:0;s:9:"make_link";i:0;s:8:"absolute";i:0;s:4:"trim";i:0;s:13:"word_boundary";i:0;s:8:"ellipsis";i:0;s:10:"strip_tags";i:0;s:4:"html";i:0;}s:10:"hide_empty";i:0;s:10:"empty_zero";i:0;s:12:"link_to_node";i:1;}}s:7:"filters";a:2:{s:6:"status";a:6:{s:5:"value";i:1;s:5:"table";s:4:"node";s:5:"field";s:6:"status";s:2:"id";s:6:"status";s:6:"expose";a:1:{s:8:"operator";b:0;}s:5:"group";i:1;}s:4:"type";a:11:{s:2:"id";s:4:"type";s:5:"table";s:4:"node";s:5:"field";s:4:"type";s:12:"relationship";s:4:"none";s:10:"group_type";s:5:"group";s:7:"ui_name";s:0:"";s:8:"operator";s:2:"in";s:5:"value";a:1:{s:3:"pin";s:3:"pin";}s:5:"group";s:1:"1";s:7:"exposed";b:0;s:6:"expose";a:9:{s:11:"operator_id";b:0;s:5:"label";s:0:"";s:12:"use_operator";i:0;s:8:"operator";s:0:"";s:10:"identifier";s:0:"";s:8:"required";i:0;s:8:"remember";i:0;s:8:"multiple";i:0;s:6:"reduce";b:0;}}}s:5:"sorts";a:2:{s:9:"timestamp";a:9:{s:2:"id";s:9:"timestamp";s:5:"table";s:12:"node_counter";s:5:"field";s:9:"timestamp";s:12:"relationship";s:4:"none";s:10:"group_type";s:5:"group";s:7:"ui_name";s:0:"";s:5:"order";s:4:"DESC";s:7:"exposed";b:0;s:6:"expose";a:1:{s:5:"label";s:0:"";}}s:7:"created";a:4:{s:2:"id";s:7:"created";s:5:"table";s:4:"node";s:5:"field";s:7:"created";s:5:"order";s:4:"DESC";}}s:5:"title";s:7:"Popular";s:11:"row_options";a:3:{s:10:"build_mode";s:6:"teaser";s:5:"links";b:0;s:8:"comments";b:0;}s:5:"empty";a:1:{s:4:"area";a:11:{s:2:"id";s:4:"area";s:5:"table";s:5:"views";s:5:"field";s:4:"area";s:12:"relationship";s:4:"none";s:10:"group_type";s:5:"group";s:7:"ui_name";s:0:"";s:5:"label";s:7:"no pins";s:5:"empty";i:0;s:7:"content";s:86:"<?php print ''<p>&nbsp;</p><center><h1>''.t(''No Pins'').''</h1></center><p>&nbsp;</p>''; ?>";s:6:"format";s:8:"php_code";s:8:"tokenize";i:0;}}}'),
(4, 'feed', 'Feed', 'feed', 3, 'a:6:{s:5:"query";a:2:{s:4:"type";s:11:"views_query";s:7:"options";a:0:{}}s:5:"pager";a:1:{s:4:"type";s:4:"some";}s:12:"style_plugin";s:3:"rss";s:10:"row_plugin";s:8:"node_rss";s:4:"path";s:11:"popular.xml";s:8:"displays";a:2:{s:7:"default";s:7:"default";s:4:"page";s:4:"page";}}'),
(4, 'page', 'Page', 'page', 2, 'a:3:{s:5:"query";a:2:{s:4:"type";s:11:"views_query";s:7:"options";a:0:{}}s:4:"path";s:7:"popular";s:4:"menu";a:3:{s:4:"type";s:6:"normal";s:5:"title";s:7:"Popular";s:4:"name";s:9:"main-menu";}}'),
(5, 'default', 'Master', 'default', 1, 'a:13:{s:5:"query";a:2:{s:4:"type";s:11:"views_query";s:7:"options";a:0:{}}s:6:"access";a:1:{s:4:"type";s:4:"perm";}s:5:"cache";a:1:{s:4:"type";s:4:"none";}s:12:"exposed_form";a:1:{s:4:"type";s:5:"basic";}s:5:"pager";a:2:{s:4:"type";s:4:"full";s:7:"options";a:1:{s:14:"items_per_page";s:2:"30";}}s:12:"style_plugin";s:7:"default";s:10:"row_plugin";s:4:"node";s:6:"fields";a:1:{s:5:"title";a:8:{s:2:"id";s:5:"title";s:5:"table";s:4:"node";s:5:"field";s:5:"title";s:5:"label";s:0:"";s:5:"alter";a:8:{s:10:"alter_text";i:0;s:9:"make_link";i:0;s:8:"absolute";i:0;s:4:"trim";i:0;s:13:"word_boundary";i:0;s:8:"ellipsis";i:0;s:10:"strip_tags";i:0;s:4:"html";i:0;}s:10:"hide_empty";i:0;s:10:"empty_zero";i:0;s:12:"link_to_node";i:1;}}s:7:"filters";a:2:{s:6:"status";a:6:{s:5:"value";i:1;s:5:"table";s:4:"node";s:5:"field";s:6:"status";s:2:"id";s:6:"status";s:6:"expose";a:1:{s:8:"operator";b:0;}s:5:"group";i:1;}s:4:"type";a:4:{s:2:"id";s:4:"type";s:5:"table";s:4:"node";s:5:"field";s:4:"type";s:5:"value";a:1:{s:3:"pin";s:3:"pin";}}}s:5:"sorts";a:1:{s:7:"created";a:4:{s:2:"id";s:7:"created";s:5:"table";s:4:"node";s:5:"field";s:7:"created";s:5:"order";s:4:"DESC";}}s:5:"title";s:9:"User Feed";s:11:"row_options";a:3:{s:10:"build_mode";s:6:"teaser";s:5:"links";b:1;s:8:"comments";b:0;}s:9:"arguments";a:1:{s:3:"uid";a:22:{s:2:"id";s:3:"uid";s:5:"table";s:4:"node";s:5:"field";s:3:"uid";s:12:"relationship";s:4:"none";s:10:"group_type";s:5:"group";s:7:"ui_name";s:0:"";s:14:"default_action";s:7:"default";s:9:"exception";a:3:{s:5:"value";s:3:"all";s:12:"title_enable";i:0;s:5:"title";s:3:"All";}s:12:"title_enable";i:0;s:5:"title";s:0:"";s:17:"breadcrumb_enable";i:0;s:10:"breadcrumb";s:0:"";s:21:"default_argument_type";s:4:"user";s:24:"default_argument_options";a:1:{s:4:"user";i:0;}s:25:"default_argument_skip_url";i:0;s:15:"summary_options";a:4:{s:9:"base_path";s:0:"";s:5:"count";s:1:"1";s:14:"items_per_page";s:2:"25";s:8:"override";i:0;}s:7:"summary";a:3:{s:10:"sort_order";s:3:"asc";s:17:"number_of_records";s:1:"0";s:6:"format";s:15:"default_summary";}s:18:"specify_validation";i:0;s:8:"validate";a:2:{s:4:"type";s:4:"none";s:4:"fail";s:9:"not found";}s:16:"validate_options";a:0:{}s:12:"break_phrase";i:0;s:3:"not";i:0;}}}'),
(5, 'feed', 'Feed', 'feed', 3, 'a:6:{s:5:"query";a:2:{s:4:"type";s:11:"views_query";s:7:"options";a:0:{}}s:5:"pager";a:2:{s:4:"type";s:4:"some";s:7:"options";a:2:{s:14:"items_per_page";s:2:"30";s:6:"offset";s:1:"0";}}s:12:"style_plugin";s:3:"rss";s:10:"row_plugin";s:8:"node_rss";s:4:"path";s:15:"user/%/feed.rss";s:8:"displays";a:2:{s:7:"default";s:7:"default";s:4:"page";s:4:"page";}}'),
(5, 'page', 'Page', 'page', 2, 'a:2:{s:5:"query";a:2:{s:4:"type";s:11:"views_query";s:7:"options";a:0:{}}s:4:"path";s:9:"user-feed";}'),
(6, 'default', 'Master', 'default', 1, 'a:11:{s:5:"query";a:2:{s:4:"type";s:11:"views_query";s:7:"options";a:1:{s:13:"query_comment";b:0;}}s:6:"access";a:1:{s:4:"type";s:4:"none";}s:5:"cache";a:1:{s:4:"type";s:4:"none";}s:12:"exposed_form";a:1:{s:4:"type";s:5:"basic";}s:5:"pager";a:2:{s:4:"type";s:4:"full";s:7:"options";a:5:{s:14:"items_per_page";s:2:"30";s:6:"offset";s:1:"0";s:2:"id";s:1:"0";s:11:"total_pages";s:0:"";s:6:"expose";a:7:{s:14:"items_per_page";i:0;s:20:"items_per_page_label";s:14:"Items per page";s:22:"items_per_page_options";s:17:"5, 10, 20, 40, 60";s:26:"items_per_page_options_all";i:0;s:32:"items_per_page_options_all_label";s:7:"- All -";s:6:"offset";i:0;s:12:"offset_label";s:6:"Offset";}}}s:12:"style_plugin";s:7:"default";s:10:"row_plugin";s:4:"node";s:5:"sorts";a:2:{s:6:"sticky";a:4:{s:2:"id";s:6:"sticky";s:5:"table";s:4:"node";s:5:"field";s:6:"sticky";s:5:"order";s:4:"DESC";}s:7:"created";a:4:{s:2:"id";s:7:"created";s:5:"table";s:4:"node";s:5:"field";s:7:"created";s:5:"order";s:4:"DESC";}}s:9:"arguments";a:2:{s:19:"term_node_tid_depth";a:13:{s:2:"id";s:19:"term_node_tid_depth";s:5:"table";s:4:"node";s:5:"field";s:19:"term_node_tid_depth";s:14:"default_action";s:9:"not found";s:9:"exception";a:1:{s:12:"title_enable";i:1;}s:12:"title_enable";i:1;s:5:"title";s:2:"%1";s:21:"default_argument_type";s:5:"fixed";s:7:"summary";a:1:{s:6:"format";s:15:"default_summary";}s:18:"specify_validation";i:1;s:8:"validate";a:1:{s:4:"type";s:13:"taxonomy_term";}s:5:"depth";s:1:"0";s:12:"break_phrase";i:1;}s:28:"term_node_tid_depth_modifier";a:7:{s:2:"id";s:28:"term_node_tid_depth_modifier";s:5:"table";s:4:"node";s:5:"field";s:28:"term_node_tid_depth_modifier";s:9:"exception";a:1:{s:12:"title_enable";i:1;}s:21:"default_argument_type";s:5:"fixed";s:7:"summary";a:1:{s:6:"format";s:15:"default_summary";}s:18:"specify_validation";i:1;}}s:7:"filters";a:2:{s:12:"status_extra";a:5:{s:2:"id";s:12:"status_extra";s:5:"table";s:4:"node";s:5:"field";s:12:"status_extra";s:5:"group";i:0;s:6:"expose";a:1:{s:8:"operator";b:0;}}s:4:"type";a:11:{s:2:"id";s:4:"type";s:5:"table";s:4:"node";s:5:"field";s:4:"type";s:12:"relationship";s:4:"none";s:10:"group_type";s:5:"group";s:7:"ui_name";s:0:"";s:8:"operator";s:2:"in";s:5:"value";a:1:{s:3:"pin";s:3:"pin";}s:5:"group";s:1:"1";s:7:"exposed";b:0;s:6:"expose";a:9:{s:11:"operator_id";b:0;s:5:"label";s:0:"";s:12:"use_operator";i:0;s:8:"operator";s:0:"";s:10:"identifier";s:0:"";s:8:"required";i:0;s:8:"remember";i:0;s:8:"multiple";i:0;s:6:"reduce";b:0;}}}s:5:"empty";a:1:{s:4:"area";a:11:{s:2:"id";s:4:"area";s:5:"table";s:5:"views";s:5:"field";s:4:"area";s:12:"relationship";s:4:"none";s:10:"group_type";s:5:"group";s:7:"ui_name";s:0:"";s:5:"label";s:7:"no pins";s:5:"empty";i:0;s:7:"content";s:86:"<?php print ''<p>&nbsp;</p><center><h1>''.t(''No Pins'').''</h1></center><p>&nbsp;</p>''; ?>";s:6:"format";s:8:"php_code";s:8:"tokenize";i:0;}}}'),
(6, 'feed', 'Feed', 'feed', 3, 'a:6:{s:5:"query";a:2:{s:4:"type";s:11:"views_query";s:7:"options";a:0:{}}s:5:"pager";a:2:{s:4:"type";s:4:"full";s:7:"options";a:1:{s:14:"items_per_page";i:15;}}s:12:"style_plugin";s:3:"rss";s:10:"row_plugin";s:8:"node_rss";s:4:"path";s:22:"taxonomy/term/%/%/feed";s:8:"displays";a:2:{s:4:"page";s:4:"page";s:7:"default";i:0;}}'),
(6, 'page', 'Page', 'page', 2, 'a:2:{s:5:"query";a:2:{s:4:"type";s:11:"views_query";s:7:"options";a:0:{}}s:4:"path";s:15:"taxonomy/term/%";}'),
(7, 'default', 'Master', 'default', 1, 'a:11:{s:5:"query";a:2:{s:4:"type";s:11:"views_query";s:7:"options";a:1:{s:13:"query_comment";b:0;}}s:6:"access";a:1:{s:4:"type";s:4:"none";}s:5:"cache";a:1:{s:4:"type";s:4:"none";}s:12:"exposed_form";a:1:{s:4:"type";s:5:"basic";}s:5:"pager";a:2:{s:4:"type";s:4:"full";s:7:"options";a:5:{s:14:"items_per_page";s:2:"30";s:6:"offset";s:1:"0";s:2:"id";s:1:"0";s:11:"total_pages";s:0:"";s:6:"expose";a:7:{s:14:"items_per_page";i:0;s:20:"items_per_page_label";s:14:"Items per page";s:22:"items_per_page_options";s:17:"5, 10, 20, 40, 60";s:26:"items_per_page_options_all";i:0;s:32:"items_per_page_options_all_label";s:7:"- All -";s:6:"offset";i:0;s:12:"offset_label";s:6:"Offset";}}}s:12:"style_plugin";s:7:"default";s:10:"row_plugin";s:4:"node";s:5:"sorts";a:2:{s:6:"sticky";a:4:{s:2:"id";s:6:"sticky";s:5:"table";s:4:"node";s:5:"field";s:6:"sticky";s:5:"order";s:4:"DESC";}s:7:"created";a:4:{s:2:"id";s:7:"created";s:5:"table";s:4:"node";s:5:"field";s:7:"created";s:5:"order";s:4:"DESC";}}s:9:"arguments";a:0:{}s:7:"filters";a:2:{s:12:"status_extra";a:5:{s:2:"id";s:12:"status_extra";s:5:"table";s:4:"node";s:5:"field";s:12:"status_extra";s:5:"group";i:0;s:6:"expose";a:1:{s:8:"operator";b:0;}}s:4:"type";a:11:{s:2:"id";s:4:"type";s:5:"table";s:4:"node";s:5:"field";s:4:"type";s:12:"relationship";s:4:"none";s:10:"group_type";s:5:"group";s:7:"ui_name";s:0:"";s:8:"operator";s:2:"in";s:5:"value";a:1:{s:3:"pin";s:3:"pin";}s:5:"group";s:1:"1";s:7:"exposed";b:0;s:6:"expose";a:9:{s:11:"operator_id";b:0;s:5:"label";s:0:"";s:12:"use_operator";i:0;s:8:"operator";s:0:"";s:10:"identifier";s:0:"";s:8:"required";i:0;s:8:"remember";i:0;s:8:"multiple";i:0;s:6:"reduce";b:0;}}}s:5:"empty";a:1:{s:4:"area";a:11:{s:2:"id";s:4:"area";s:5:"table";s:5:"views";s:5:"field";s:4:"area";s:12:"relationship";s:4:"none";s:10:"group_type";s:5:"group";s:7:"ui_name";s:0:"";s:5:"label";s:7:"no pins";s:5:"empty";i:0;s:7:"content";s:86:"<?php print ''<p>&nbsp;</p><center><h1>''.t(''No Pins'').''</h1></center><p>&nbsp;</p>''; ?>";s:6:"format";s:8:"php_code";s:8:"tokenize";i:0;}}}'),
(7, 'page', 'Page', 'page', 2, 'a:2:{s:5:"query";a:2:{s:4:"type";s:11:"views_query";s:7:"options";a:0:{}}s:4:"path";s:4:"node";}'),
(8, 'default', 'Master', 'default', 1, 'a:13:{s:5:"query";a:2:{s:4:"type";s:11:"views_query";s:7:"options";a:0:{}}s:6:"access";a:1:{s:4:"type";s:4:"perm";}s:5:"cache";a:1:{s:4:"type";s:4:"none";}s:12:"exposed_form";a:1:{s:4:"type";s:5:"basic";}s:5:"pager";a:2:{s:4:"type";s:4:"full";s:7:"options";a:1:{s:14:"items_per_page";s:2:"30";}}s:12:"style_plugin";s:7:"default";s:10:"row_plugin";s:4:"node";s:6:"fields";a:1:{s:5:"title";a:8:{s:2:"id";s:5:"title";s:5:"table";s:4:"node";s:5:"field";s:5:"title";s:5:"label";s:0:"";s:5:"alter";a:8:{s:10:"alter_text";i:0;s:9:"make_link";i:0;s:8:"absolute";i:0;s:4:"trim";i:0;s:13:"word_boundary";i:0;s:8:"ellipsis";i:0;s:10:"strip_tags";i:0;s:4:"html";i:0;}s:10:"hide_empty";i:0;s:10:"empty_zero";i:0;s:12:"link_to_node";i:1;}}s:7:"filters";a:3:{s:6:"status";a:6:{s:5:"value";i:1;s:5:"table";s:4:"node";s:5:"field";s:6:"status";s:2:"id";s:6:"status";s:6:"expose";a:1:{s:8:"operator";b:0;}s:5:"group";i:1;}s:4:"type";a:11:{s:2:"id";s:4:"type";s:5:"table";s:4:"node";s:5:"field";s:4:"type";s:12:"relationship";s:4:"none";s:10:"group_type";s:5:"group";s:7:"ui_name";s:0:"";s:8:"operator";s:2:"in";s:5:"value";a:1:{s:3:"pin";s:3:"pin";}s:5:"group";s:1:"1";s:7:"exposed";b:0;s:6:"expose";a:9:{s:11:"operator_id";b:0;s:5:"label";s:0:"";s:12:"use_operator";i:0;s:8:"operator";s:0:"";s:10:"identifier";s:0:"";s:8:"required";i:0;s:8:"remember";i:0;s:8:"multiple";i:0;s:6:"reduce";b:0;}}s:21:"field_embed_video_url";a:11:{s:2:"id";s:21:"field_embed_video_url";s:5:"table";s:22:"field_data_field_embed";s:5:"field";s:21:"field_embed_video_url";s:12:"relationship";s:4:"none";s:10:"group_type";s:5:"group";s:7:"ui_name";s:0:"";s:8:"operator";s:9:"not empty";s:5:"value";s:0:"";s:5:"group";s:1:"1";s:7:"exposed";b:0;s:6:"expose";a:8:{s:11:"operator_id";b:0;s:5:"label";s:0:"";s:12:"use_operator";i:0;s:8:"operator";s:0:"";s:10:"identifier";s:0:"";s:8:"required";b:0;s:8:"remember";i:0;s:8:"multiple";i:0;}}}s:5:"sorts";a:2:{s:9:"timestamp";a:9:{s:2:"id";s:9:"timestamp";s:5:"table";s:12:"node_counter";s:5:"field";s:9:"timestamp";s:12:"relationship";s:4:"none";s:10:"group_type";s:5:"group";s:7:"ui_name";s:0:"";s:5:"order";s:4:"DESC";s:7:"exposed";b:0;s:6:"expose";a:1:{s:5:"label";s:0:"";}}s:7:"created";a:4:{s:2:"id";s:7:"created";s:5:"table";s:4:"node";s:5:"field";s:7:"created";s:5:"order";s:4:"DESC";}}s:5:"title";s:7:"Popular";s:11:"row_options";a:3:{s:10:"build_mode";s:6:"teaser";s:5:"links";b:0;s:8:"comments";b:0;}s:5:"empty";a:1:{s:4:"area";a:11:{s:2:"id";s:4:"area";s:5:"table";s:5:"views";s:5:"field";s:4:"area";s:12:"relationship";s:4:"none";s:10:"group_type";s:5:"group";s:7:"ui_name";s:0:"";s:5:"label";s:7:"no pins";s:5:"empty";i:0;s:7:"content";s:86:"<?php print ''<p>&nbsp;</p><center><h1>''.t(''No Pins'').''</h1></center><p>&nbsp;</p>''; ?>";s:6:"format";s:8:"php_code";s:8:"tokenize";i:0;}}}'),
(8, 'feed', 'Feed', 'feed', 3, 'a:6:{s:5:"query";a:2:{s:4:"type";s:11:"views_query";s:7:"options";a:0:{}}s:5:"pager";a:1:{s:4:"type";s:4:"some";}s:12:"style_plugin";s:3:"rss";s:10:"row_plugin";s:8:"node_rss";s:4:"path";s:9:"video.xml";s:8:"displays";a:2:{s:7:"default";s:7:"default";s:4:"page";s:4:"page";}}'),
(8, 'page', 'Page', 'page', 2, 'a:3:{s:5:"query";a:2:{s:4:"type";s:11:"views_query";s:7:"options";a:0:{}}s:4:"path";s:5:"video";s:4:"menu";a:6:{s:4:"type";s:6:"normal";s:5:"title";s:5:"Video";s:11:"description";s:0:"";s:4:"name";s:9:"main-menu";s:6:"weight";s:1:"0";s:7:"context";i:0;}}'),
(10, 'block', 'Block', 'block', 2, 'a:2:{s:5:"query";a:2:{s:4:"type";s:11:"views_query";s:7:"options";a:0:{}}s:5:"field";a:1:{s:5:"title";a:1:{s:12:"link_to_node";i:1;}}}'),
(10, 'default', 'Master', 'default', 1, 'a:12:{s:5:"query";a:2:{s:4:"type";s:11:"views_query";s:7:"options";a:4:{s:19:"disable_sql_rewrite";i:0;s:8:"distinct";i:0;s:5:"slave";i:0;s:13:"query_comment";s:0:"";}}s:6:"access";a:1:{s:4:"type";s:4:"perm";}s:5:"cache";a:1:{s:4:"type";s:4:"none";}s:12:"exposed_form";a:1:{s:4:"type";s:5:"basic";}s:5:"pager";a:2:{s:4:"type";s:4:"some";s:7:"options";a:1:{s:14:"items_per_page";s:2:"12";}}s:12:"style_plugin";s:7:"default";s:10:"row_plugin";s:6:"fields";s:6:"fields";a:2:{s:11:"field_image";a:34:{s:2:"id";s:11:"field_image";s:5:"table";s:22:"field_data_field_image";s:5:"field";s:11:"field_image";s:12:"relationship";s:4:"none";s:10:"group_type";s:5:"group";s:7:"ui_name";s:0:"";s:5:"label";s:0:"";s:7:"exclude";i:0;s:5:"alter";a:26:{s:10:"alter_text";i:0;s:4:"text";s:0:"";s:9:"make_link";i:0;s:4:"path";s:0:"";s:8:"absolute";i:0;s:8:"external";i:0;s:14:"replace_spaces";i:0;s:9:"path_case";s:4:"none";s:15:"trim_whitespace";i:0;s:3:"alt";s:0:"";s:3:"rel";s:0:"";s:10:"link_class";s:0:"";s:6:"prefix";s:0:"";s:6:"suffix";s:0:"";s:6:"target";s:0:"";s:5:"nl2br";i:0;s:10:"max_length";s:0:"";s:13:"word_boundary";i:1;s:8:"ellipsis";i:1;s:9:"more_link";i:0;s:14:"more_link_text";s:0:"";s:14:"more_link_path";s:0:"";s:10:"strip_tags";i:0;s:4:"trim";i:0;s:13:"preserve_tags";s:0:"";s:4:"html";i:0;}s:12:"element_type";s:1:"0";s:13:"element_class";s:0:"";s:18:"element_label_type";s:1:"0";s:19:"element_label_class";s:0:"";s:19:"element_label_colon";b:0;s:20:"element_wrapper_type";s:1:"0";s:21:"element_wrapper_class";s:0:"";s:23:"element_default_classes";i:0;s:5:"empty";s:0:"";s:10:"hide_empty";i:0;s:10:"empty_zero";i:0;s:16:"hide_alter_empty";i:1;s:17:"click_sort_column";s:3:"fid";s:4:"type";s:5:"image";s:8:"settings";a:2:{s:11:"image_style";s:9:"pin_tmb_1";s:10:"image_link";s:0:"";}s:12:"group_column";s:0:"";s:13:"group_columns";a:0:{}s:10:"group_rows";b:1;s:11:"delta_limit";s:3:"all";s:12:"delta_offset";i:0;s:14:"delta_reversed";b:0;s:16:"delta_first_last";b:0;s:10:"multi_type";s:9:"separator";s:9:"separator";s:2:", ";s:17:"field_api_classes";i:0;}s:11:"field_embed";a:34:{s:2:"id";s:11:"field_embed";s:5:"table";s:22:"field_data_field_embed";s:5:"field";s:11:"field_embed";s:12:"relationship";s:4:"none";s:10:"group_type";s:5:"group";s:7:"ui_name";s:0:"";s:5:"label";s:0:"";s:7:"exclude";i:0;s:5:"alter";a:26:{s:10:"alter_text";i:0;s:4:"text";s:0:"";s:9:"make_link";i:0;s:4:"path";s:0:"";s:8:"absolute";i:0;s:8:"external";i:0;s:14:"replace_spaces";i:0;s:9:"path_case";s:4:"none";s:15:"trim_whitespace";i:0;s:3:"alt";s:0:"";s:3:"rel";s:0:"";s:10:"link_class";s:0:"";s:6:"prefix";s:0:"";s:6:"suffix";s:0:"";s:6:"target";s:0:"";s:5:"nl2br";i:0;s:10:"max_length";s:0:"";s:13:"word_boundary";i:1;s:8:"ellipsis";i:1;s:9:"more_link";i:0;s:14:"more_link_text";s:0:"";s:14:"more_link_path";s:0:"";s:10:"strip_tags";i:0;s:4:"trim";i:0;s:13:"preserve_tags";s:0:"";s:4:"html";i:0;}s:12:"element_type";s:1:"0";s:13:"element_class";s:0:"";s:18:"element_label_type";s:1:"0";s:19:"element_label_class";s:0:"";s:19:"element_label_colon";b:0;s:20:"element_wrapper_type";s:1:"0";s:21:"element_wrapper_class";s:0:"";s:23:"element_default_classes";i:0;s:5:"empty";s:0:"";s:10:"hide_empty";i:0;s:10:"empty_zero";i:0;s:16:"hide_alter_empty";i:1;s:17:"click_sort_column";s:9:"video_url";s:4:"type";s:27:"video_embed_field_thumbnail";s:8:"settings";a:2:{s:11:"image_style";s:9:"pin_tmb_2";s:10:"image_link";s:0:"";}s:12:"group_column";s:0:"";s:13:"group_columns";a:0:{}s:10:"group_rows";b:1;s:11:"delta_limit";s:3:"all";s:12:"delta_offset";i:0;s:14:"delta_reversed";b:0;s:16:"delta_first_last";b:0;s:10:"multi_type";s:9:"separator";s:9:"separator";s:2:", ";s:17:"field_api_classes";i:0;}}s:7:"filters";a:2:{s:6:"status";a:6:{s:5:"value";i:1;s:5:"table";s:4:"node";s:5:"field";s:6:"status";s:2:"id";s:6:"status";s:6:"expose";a:1:{s:8:"operator";b:0;}s:5:"group";i:1;}s:4:"type";a:4:{s:2:"id";s:4:"type";s:5:"table";s:4:"node";s:5:"field";s:4:"type";s:5:"value";a:1:{s:3:"pin";s:3:"pin";}}}s:5:"sorts";a:1:{s:6:"random";a:9:{s:2:"id";s:6:"random";s:5:"table";s:5:"views";s:5:"field";s:6:"random";s:12:"relationship";s:4:"none";s:10:"group_type";s:5:"group";s:7:"ui_name";s:0:"";s:5:"order";s:3:"ASC";s:7:"exposed";b:0;s:6:"expose";a:1:{s:5:"label";s:0:"";}}}s:5:"title";s:24:"Pinned onto the category";s:9:"arguments";a:1:{s:3:"tid";a:25:{s:2:"id";s:3:"tid";s:5:"table";s:14:"taxonomy_index";s:5:"field";s:3:"tid";s:12:"relationship";s:4:"none";s:10:"group_type";s:5:"group";s:7:"ui_name";s:0:"";s:14:"default_action";s:7:"default";s:9:"exception";a:3:{s:5:"value";s:3:"all";s:12:"title_enable";i:0;s:5:"title";s:3:"All";}s:12:"title_enable";i:1;s:5:"title";s:2:"%1";s:17:"breadcrumb_enable";i:0;s:10:"breadcrumb";s:0:"";s:21:"default_argument_type";s:12:"taxonomy_tid";s:24:"default_argument_options";a:5:{s:9:"term_page";i:0;s:4:"node";i:1;s:5:"limit";i:1;s:12:"vocabularies";a:1:{s:8:"category";s:8:"category";}s:6:"anyall";s:1:",";}s:25:"default_argument_skip_url";i:0;s:15:"summary_options";a:4:{s:9:"base_path";s:0:"";s:5:"count";s:1:"1";s:14:"items_per_page";s:2:"25";s:8:"override";i:0;}s:7:"summary";a:3:{s:10:"sort_order";s:3:"asc";s:17:"number_of_records";s:1:"0";s:6:"format";s:15:"default_summary";}s:18:"specify_validation";i:0;s:8:"validate";a:2:{s:4:"type";s:4:"none";s:4:"fail";s:9:"not found";}s:16:"validate_options";a:0:{}s:12:"break_phrase";i:0;s:9:"add_table";i:0;s:13:"require_value";i:0;s:17:"reduce_duplicates";i:0;s:14:"set_breadcrumb";i:0;}}}'),
(11, 'default', 'Master', 'default', 1, 'a:13:{s:5:"query";a:2:{s:4:"type";s:11:"views_query";s:7:"options";a:0:{}}s:6:"access";a:1:{s:4:"type";s:4:"perm";}s:5:"cache";a:1:{s:4:"type";s:4:"none";}s:12:"exposed_form";a:1:{s:4:"type";s:5:"basic";}s:5:"pager";a:2:{s:4:"type";s:4:"full";s:7:"options";a:1:{s:14:"items_per_page";s:2:"30";}}s:12:"style_plugin";s:7:"default";s:10:"row_plugin";s:4:"node";s:6:"fields";a:1:{s:5:"title";a:8:{s:2:"id";s:5:"title";s:5:"table";s:4:"node";s:5:"field";s:5:"title";s:5:"label";s:0:"";s:5:"alter";a:8:{s:10:"alter_text";i:0;s:9:"make_link";i:0;s:8:"absolute";i:0;s:4:"trim";i:0;s:13:"word_boundary";i:0;s:8:"ellipsis";i:0;s:10:"strip_tags";i:0;s:4:"html";i:0;}s:10:"hide_empty";i:0;s:10:"empty_zero";i:0;s:12:"link_to_node";i:1;}}s:7:"filters";a:3:{s:6:"status";a:6:{s:5:"value";i:1;s:5:"table";s:4:"node";s:5:"field";s:6:"status";s:2:"id";s:6:"status";s:6:"expose";a:1:{s:8:"operator";b:0;}s:5:"group";i:1;}s:4:"type";a:11:{s:2:"id";s:4:"type";s:5:"table";s:4:"node";s:5:"field";s:4:"type";s:12:"relationship";s:4:"none";s:10:"group_type";s:5:"group";s:7:"ui_name";s:0:"";s:8:"operator";s:2:"in";s:5:"value";a:1:{s:3:"pin";s:3:"pin";}s:5:"group";s:1:"1";s:7:"exposed";b:0;s:6:"expose";a:9:{s:11:"operator_id";b:0;s:5:"label";s:0:"";s:12:"use_operator";i:0;s:8:"operator";s:0:"";s:10:"identifier";s:0:"";s:8:"required";i:0;s:8:"remember";i:0;s:8:"multiple";i:0;s:6:"reduce";b:0;}}s:17:"field_price_value";a:11:{s:2:"id";s:17:"field_price_value";s:5:"table";s:22:"field_data_field_price";s:5:"field";s:17:"field_price_value";s:12:"relationship";s:4:"none";s:10:"group_type";s:5:"group";s:7:"ui_name";s:0:"";s:8:"operator";s:9:"not empty";s:5:"value";a:3:{s:3:"min";s:0:"";s:3:"max";s:0:"";s:5:"value";s:2:"20";}s:5:"group";s:1:"1";s:7:"exposed";b:0;s:6:"expose";a:8:{s:11:"operator_id";b:0;s:5:"label";s:0:"";s:12:"use_operator";i:0;s:8:"operator";s:0:"";s:10:"identifier";s:0:"";s:8:"required";i:0;s:8:"remember";i:0;s:8:"multiple";i:0;}}}s:5:"sorts";a:2:{s:9:"timestamp";a:9:{s:2:"id";s:9:"timestamp";s:5:"table";s:12:"node_counter";s:5:"field";s:9:"timestamp";s:12:"relationship";s:4:"none";s:10:"group_type";s:5:"group";s:7:"ui_name";s:0:"";s:5:"order";s:4:"DESC";s:7:"exposed";b:0;s:6:"expose";a:1:{s:5:"label";s:0:"";}}s:7:"created";a:4:{s:2:"id";s:7:"created";s:5:"table";s:4:"node";s:5:"field";s:7:"created";s:5:"order";s:4:"DESC";}}s:5:"title";s:5:"Gifts";s:11:"row_options";a:3:{s:10:"build_mode";s:6:"teaser";s:5:"links";b:0;s:8:"comments";b:0;}s:5:"empty";a:1:{s:4:"area";a:11:{s:2:"id";s:4:"area";s:5:"table";s:5:"views";s:5:"field";s:4:"area";s:12:"relationship";s:4:"none";s:10:"group_type";s:5:"group";s:7:"ui_name";s:0:"";s:5:"label";s:7:"no pins";s:5:"empty";i:0;s:7:"content";s:86:"<?php print ''<p>&nbsp;</p><center><h1>''.t(''No Pins'').''</h1></center><p>&nbsp;</p>''; ?>";s:6:"format";s:8:"php_code";s:8:"tokenize";i:0;}}}'),
(11, 'feed', 'Feed', 'feed', 3, 'a:6:{s:5:"query";a:2:{s:4:"type";s:11:"views_query";s:7:"options";a:0:{}}s:5:"pager";a:1:{s:4:"type";s:4:"some";}s:12:"style_plugin";s:3:"rss";s:10:"row_plugin";s:8:"node_rss";s:4:"path";s:9:"gifts.xml";s:8:"displays";a:2:{s:7:"default";s:7:"default";s:4:"page";s:4:"page";}}'),
(11, 'page', 'Gifts', 'page', 2, 'a:4:{s:5:"query";a:2:{s:4:"type";s:11:"views_query";s:7:"options";a:0:{}}s:4:"path";s:5:"gifts";s:4:"menu";a:6:{s:4:"type";s:6:"normal";s:5:"title";s:5:"Gifts";s:11:"description";s:0:"";s:4:"name";s:9:"main-menu";s:6:"weight";s:1:"0";s:7:"context";i:0;}s:19:"display_description";s:0:"";}'),
(11, 'page_1', 'Gifts 1-20', 'page', 4, 'a:7:{s:5:"query";a:2:{s:4:"type";s:11:"views_query";s:7:"options";a:0:{}}s:4:"path";s:8:"gifts/20";s:4:"menu";a:6:{s:4:"type";s:6:"normal";s:5:"title";s:5:"$1-20";s:11:"description";s:0:"";s:4:"name";s:9:"main-menu";s:6:"weight";s:1:"0";s:7:"context";i:0;}s:19:"display_description";s:0:"";s:7:"filters";a:3:{s:6:"status";a:6:{s:5:"value";i:1;s:5:"table";s:4:"node";s:5:"field";s:6:"status";s:2:"id";s:6:"status";s:6:"expose";a:1:{s:8:"operator";b:0;}s:5:"group";i:1;}s:4:"type";a:11:{s:2:"id";s:4:"type";s:5:"table";s:4:"node";s:5:"field";s:4:"type";s:12:"relationship";s:4:"none";s:10:"group_type";s:5:"group";s:7:"ui_name";s:0:"";s:8:"operator";s:2:"in";s:5:"value";a:1:{s:3:"pin";s:3:"pin";}s:5:"group";s:1:"1";s:7:"exposed";b:0;s:6:"expose";a:9:{s:11:"operator_id";b:0;s:5:"label";s:0:"";s:12:"use_operator";i:0;s:8:"operator";s:0:"";s:10:"identifier";s:0:"";s:8:"required";i:0;s:8:"remember";i:0;s:8:"multiple";i:0;s:6:"reduce";b:0;}}s:17:"field_price_value";a:11:{s:2:"id";s:17:"field_price_value";s:5:"table";s:22:"field_data_field_price";s:5:"field";s:17:"field_price_value";s:12:"relationship";s:4:"none";s:10:"group_type";s:5:"group";s:7:"ui_name";s:0:"";s:8:"operator";s:2:"<=";s:5:"value";a:3:{s:3:"min";s:0:"";s:3:"max";s:0:"";s:5:"value";s:2:"20";}s:5:"group";s:1:"1";s:7:"exposed";b:0;s:6:"expose";a:8:{s:11:"operator_id";b:0;s:5:"label";s:0:"";s:12:"use_operator";i:0;s:8:"operator";s:0:"";s:10:"identifier";s:0:"";s:8:"required";i:0;s:8:"remember";i:0;s:8:"multiple";i:0;}}}s:8:"defaults";a:2:{s:7:"filters";b:0;s:13:"filter_groups";b:0;}s:13:"filter_groups";a:2:{s:8:"operator";s:3:"AND";s:6:"groups";a:1:{i:1;s:3:"AND";}}}'),
(11, 'page_2', 'Gifts 20-50', 'page', 5, 'a:7:{s:5:"query";a:2:{s:4:"type";s:11:"views_query";s:7:"options";a:0:{}}s:4:"path";s:8:"gifts/50";s:4:"menu";a:6:{s:4:"type";s:6:"normal";s:5:"title";s:6:"$20-50";s:11:"description";s:0:"";s:4:"name";s:9:"main-menu";s:6:"weight";s:1:"0";s:7:"context";i:0;}s:19:"display_description";s:0:"";s:7:"filters";a:4:{s:6:"status";a:6:{s:5:"value";i:1;s:5:"table";s:4:"node";s:5:"field";s:6:"status";s:2:"id";s:6:"status";s:6:"expose";a:1:{s:8:"operator";b:0;}s:5:"group";i:1;}s:4:"type";a:11:{s:2:"id";s:4:"type";s:5:"table";s:4:"node";s:5:"field";s:4:"type";s:12:"relationship";s:4:"none";s:10:"group_type";s:5:"group";s:7:"ui_name";s:0:"";s:8:"operator";s:2:"in";s:5:"value";a:1:{s:3:"pin";s:3:"pin";}s:5:"group";i:1;s:7:"exposed";b:0;s:6:"expose";a:9:{s:11:"operator_id";b:0;s:5:"label";s:0:"";s:12:"use_operator";i:0;s:8:"operator";s:0:"";s:10:"identifier";s:0:"";s:8:"required";i:0;s:8:"remember";i:0;s:8:"multiple";i:0;s:6:"reduce";b:0;}}s:19:"field_price_value_1";a:11:{s:2:"id";s:19:"field_price_value_1";s:5:"table";s:22:"field_data_field_price";s:5:"field";s:17:"field_price_value";s:12:"relationship";s:4:"none";s:10:"group_type";s:5:"group";s:7:"ui_name";s:0:"";s:8:"operator";s:2:">=";s:5:"value";a:3:{s:3:"min";s:0:"";s:3:"max";s:0:"";s:5:"value";s:2:"20";}s:5:"group";i:1;s:7:"exposed";b:0;s:6:"expose";a:8:{s:11:"operator_id";b:0;s:5:"label";s:0:"";s:12:"use_operator";i:0;s:8:"operator";s:0:"";s:10:"identifier";s:0:"";s:8:"required";i:0;s:8:"remember";i:0;s:8:"multiple";i:0;}}s:17:"field_price_value";a:11:{s:2:"id";s:17:"field_price_value";s:5:"table";s:22:"field_data_field_price";s:5:"field";s:17:"field_price_value";s:12:"relationship";s:4:"none";s:10:"group_type";s:5:"group";s:7:"ui_name";s:0:"";s:8:"operator";s:2:"<=";s:5:"value";a:3:{s:3:"min";s:0:"";s:3:"max";s:0:"";s:5:"value";s:2:"50";}s:5:"group";i:1;s:7:"exposed";b:0;s:6:"expose";a:8:{s:11:"operator_id";b:0;s:5:"label";s:0:"";s:12:"use_operator";i:0;s:8:"operator";s:0:"";s:10:"identifier";s:0:"";s:8:"required";i:0;s:8:"remember";i:0;s:8:"multiple";i:0;}}}s:8:"defaults";a:2:{s:7:"filters";b:0;s:13:"filter_groups";b:0;}s:13:"filter_groups";a:2:{s:8:"operator";s:3:"AND";s:6:"groups";a:1:{i:1;s:3:"AND";}}}'),
(11, 'page_3', 'Gifts 50-100', 'page', 6, 'a:7:{s:5:"query";a:2:{s:4:"type";s:11:"views_query";s:7:"options";a:0:{}}s:4:"path";s:9:"gifts/100";s:4:"menu";a:6:{s:4:"type";s:6:"normal";s:5:"title";s:7:"$50-100";s:11:"description";s:0:"";s:4:"name";s:9:"main-menu";s:6:"weight";s:1:"0";s:7:"context";i:0;}s:19:"display_description";s:0:"";s:7:"filters";a:4:{s:6:"status";a:6:{s:5:"value";i:1;s:5:"table";s:4:"node";s:5:"field";s:6:"status";s:2:"id";s:6:"status";s:6:"expose";a:1:{s:8:"operator";b:0;}s:5:"group";i:1;}s:4:"type";a:11:{s:2:"id";s:4:"type";s:5:"table";s:4:"node";s:5:"field";s:4:"type";s:12:"relationship";s:4:"none";s:10:"group_type";s:5:"group";s:7:"ui_name";s:0:"";s:8:"operator";s:2:"in";s:5:"value";a:1:{s:3:"pin";s:3:"pin";}s:5:"group";i:1;s:7:"exposed";b:0;s:6:"expose";a:9:{s:11:"operator_id";b:0;s:5:"label";s:0:"";s:12:"use_operator";i:0;s:8:"operator";s:0:"";s:10:"identifier";s:0:"";s:8:"required";i:0;s:8:"remember";i:0;s:8:"multiple";i:0;s:6:"reduce";b:0;}}s:19:"field_price_value_1";a:11:{s:2:"id";s:19:"field_price_value_1";s:5:"table";s:22:"field_data_field_price";s:5:"field";s:17:"field_price_value";s:12:"relationship";s:4:"none";s:10:"group_type";s:5:"group";s:7:"ui_name";s:0:"";s:8:"operator";s:2:">=";s:5:"value";a:3:{s:3:"min";s:0:"";s:3:"max";s:0:"";s:5:"value";s:2:"50";}s:5:"group";i:1;s:7:"exposed";b:0;s:6:"expose";a:8:{s:11:"operator_id";b:0;s:5:"label";s:0:"";s:12:"use_operator";i:0;s:8:"operator";s:0:"";s:10:"identifier";s:0:"";s:8:"required";i:0;s:8:"remember";i:0;s:8:"multiple";i:0;}}s:17:"field_price_value";a:11:{s:2:"id";s:17:"field_price_value";s:5:"table";s:22:"field_data_field_price";s:5:"field";s:17:"field_price_value";s:12:"relationship";s:4:"none";s:10:"group_type";s:5:"group";s:7:"ui_name";s:0:"";s:8:"operator";s:2:"<=";s:5:"value";a:3:{s:3:"min";s:0:"";s:3:"max";s:0:"";s:5:"value";s:3:"100";}s:5:"group";i:1;s:7:"exposed";b:0;s:6:"expose";a:8:{s:11:"operator_id";b:0;s:5:"label";s:0:"";s:12:"use_operator";i:0;s:8:"operator";s:0:"";s:10:"identifier";s:0:"";s:8:"required";i:0;s:8:"remember";i:0;s:8:"multiple";i:0;}}}s:8:"defaults";a:2:{s:7:"filters";b:0;s:13:"filter_groups";b:0;}s:13:"filter_groups";a:2:{s:8:"operator";s:3:"AND";s:6:"groups";a:1:{i:1;s:3:"AND";}}}'),
(11, 'page_4', 'Gifts 100-200', 'page', 7, 'a:7:{s:5:"query";a:2:{s:4:"type";s:11:"views_query";s:7:"options";a:0:{}}s:4:"path";s:9:"gifts/200";s:4:"menu";a:6:{s:4:"type";s:6:"normal";s:5:"title";s:8:"$100-200";s:11:"description";s:0:"";s:4:"name";s:9:"main-menu";s:6:"weight";s:1:"0";s:7:"context";i:0;}s:19:"display_description";s:0:"";s:7:"filters";a:4:{s:6:"status";a:6:{s:5:"value";i:1;s:5:"table";s:4:"node";s:5:"field";s:6:"status";s:2:"id";s:6:"status";s:6:"expose";a:1:{s:8:"operator";b:0;}s:5:"group";i:1;}s:4:"type";a:11:{s:2:"id";s:4:"type";s:5:"table";s:4:"node";s:5:"field";s:4:"type";s:12:"relationship";s:4:"none";s:10:"group_type";s:5:"group";s:7:"ui_name";s:0:"";s:8:"operator";s:2:"in";s:5:"value";a:1:{s:3:"pin";s:3:"pin";}s:5:"group";i:1;s:7:"exposed";b:0;s:6:"expose";a:9:{s:11:"operator_id";b:0;s:5:"label";s:0:"";s:12:"use_operator";i:0;s:8:"operator";s:0:"";s:10:"identifier";s:0:"";s:8:"required";i:0;s:8:"remember";i:0;s:8:"multiple";i:0;s:6:"reduce";b:0;}}s:19:"field_price_value_1";a:11:{s:2:"id";s:19:"field_price_value_1";s:5:"table";s:22:"field_data_field_price";s:5:"field";s:17:"field_price_value";s:12:"relationship";s:4:"none";s:10:"group_type";s:5:"group";s:7:"ui_name";s:0:"";s:8:"operator";s:2:">=";s:5:"value";a:3:{s:3:"min";s:0:"";s:3:"max";s:0:"";s:5:"value";s:3:"100";}s:5:"group";i:1;s:7:"exposed";b:0;s:6:"expose";a:8:{s:11:"operator_id";b:0;s:5:"label";s:0:"";s:12:"use_operator";i:0;s:8:"operator";s:0:"";s:10:"identifier";s:0:"";s:8:"required";i:0;s:8:"remember";i:0;s:8:"multiple";i:0;}}s:17:"field_price_value";a:11:{s:2:"id";s:17:"field_price_value";s:5:"table";s:22:"field_data_field_price";s:5:"field";s:17:"field_price_value";s:12:"relationship";s:4:"none";s:10:"group_type";s:5:"group";s:7:"ui_name";s:0:"";s:8:"operator";s:2:"<=";s:5:"value";a:3:{s:3:"min";s:0:"";s:3:"max";s:0:"";s:5:"value";s:3:"200";}s:5:"group";i:1;s:7:"exposed";b:0;s:6:"expose";a:8:{s:11:"operator_id";b:0;s:5:"label";s:0:"";s:12:"use_operator";i:0;s:8:"operator";s:0:"";s:10:"identifier";s:0:"";s:8:"required";i:0;s:8:"remember";i:0;s:8:"multiple";i:0;}}}s:8:"defaults";a:2:{s:7:"filters";b:0;s:13:"filter_groups";b:0;}s:13:"filter_groups";a:2:{s:8:"operator";s:3:"AND";s:6:"groups";a:1:{i:1;s:3:"AND";}}}'),
(11, 'page_5', 'Gifts 200-500', 'page', 8, 'a:7:{s:5:"query";a:2:{s:4:"type";s:11:"views_query";s:7:"options";a:0:{}}s:4:"path";s:9:"gifts/500";s:4:"menu";a:6:{s:4:"type";s:6:"normal";s:5:"title";s:8:"$200-500";s:11:"description";s:0:"";s:4:"name";s:9:"main-menu";s:6:"weight";s:1:"0";s:7:"context";i:0;}s:19:"display_description";s:0:"";s:7:"filters";a:4:{s:6:"status";a:6:{s:5:"value";i:1;s:5:"table";s:4:"node";s:5:"field";s:6:"status";s:2:"id";s:6:"status";s:6:"expose";a:1:{s:8:"operator";b:0;}s:5:"group";i:1;}s:4:"type";a:11:{s:2:"id";s:4:"type";s:5:"table";s:4:"node";s:5:"field";s:4:"type";s:12:"relationship";s:4:"none";s:10:"group_type";s:5:"group";s:7:"ui_name";s:0:"";s:8:"operator";s:2:"in";s:5:"value";a:1:{s:3:"pin";s:3:"pin";}s:5:"group";i:1;s:7:"exposed";b:0;s:6:"expose";a:9:{s:11:"operator_id";b:0;s:5:"label";s:0:"";s:12:"use_operator";i:0;s:8:"operator";s:0:"";s:10:"identifier";s:0:"";s:8:"required";i:0;s:8:"remember";i:0;s:8:"multiple";i:0;s:6:"reduce";b:0;}}s:19:"field_price_value_1";a:11:{s:2:"id";s:19:"field_price_value_1";s:5:"table";s:22:"field_data_field_price";s:5:"field";s:17:"field_price_value";s:12:"relationship";s:4:"none";s:10:"group_type";s:5:"group";s:7:"ui_name";s:0:"";s:8:"operator";s:2:">=";s:5:"value";a:3:{s:3:"min";s:0:"";s:3:"max";s:0:"";s:5:"value";s:3:"200";}s:5:"group";i:1;s:7:"exposed";b:0;s:6:"expose";a:8:{s:11:"operator_id";b:0;s:5:"label";s:0:"";s:12:"use_operator";i:0;s:8:"operator";s:0:"";s:10:"identifier";s:0:"";s:8:"required";i:0;s:8:"remember";i:0;s:8:"multiple";i:0;}}s:17:"field_price_value";a:11:{s:2:"id";s:17:"field_price_value";s:5:"table";s:22:"field_data_field_price";s:5:"field";s:17:"field_price_value";s:12:"relationship";s:4:"none";s:10:"group_type";s:5:"group";s:7:"ui_name";s:0:"";s:8:"operator";s:2:"<=";s:5:"value";a:3:{s:3:"min";s:0:"";s:3:"max";s:0:"";s:5:"value";s:3:"500";}s:5:"group";i:1;s:7:"exposed";b:0;s:6:"expose";a:8:{s:11:"operator_id";b:0;s:5:"label";s:0:"";s:12:"use_operator";i:0;s:8:"operator";s:0:"";s:10:"identifier";s:0:"";s:8:"required";i:0;s:8:"remember";i:0;s:8:"multiple";i:0;}}}s:8:"defaults";a:2:{s:7:"filters";b:0;s:13:"filter_groups";b:0;}s:13:"filter_groups";a:2:{s:8:"operator";s:3:"AND";s:6:"groups";a:1:{i:1;s:3:"AND";}}}'),
(11, 'page_6', 'Gifts 500+', 'page', 9, 'a:7:{s:5:"query";a:2:{s:4:"type";s:11:"views_query";s:7:"options";a:0:{}}s:4:"path";s:10:"gifts/500-";s:4:"menu";a:6:{s:4:"type";s:6:"normal";s:5:"title";s:5:"$500+";s:11:"description";s:0:"";s:4:"name";s:9:"main-menu";s:6:"weight";s:1:"0";s:7:"context";i:0;}s:19:"display_description";s:0:"";s:7:"filters";a:3:{s:6:"status";a:6:{s:5:"value";i:1;s:5:"table";s:4:"node";s:5:"field";s:6:"status";s:2:"id";s:6:"status";s:6:"expose";a:1:{s:8:"operator";b:0;}s:5:"group";i:1;}s:4:"type";a:11:{s:2:"id";s:4:"type";s:5:"table";s:4:"node";s:5:"field";s:4:"type";s:12:"relationship";s:4:"none";s:10:"group_type";s:5:"group";s:7:"ui_name";s:0:"";s:8:"operator";s:2:"in";s:5:"value";a:1:{s:3:"pin";s:3:"pin";}s:5:"group";i:1;s:7:"exposed";b:0;s:6:"expose";a:9:{s:11:"operator_id";b:0;s:5:"label";s:0:"";s:12:"use_operator";i:0;s:8:"operator";s:0:"";s:10:"identifier";s:0:"";s:8:"required";i:0;s:8:"remember";i:0;s:8:"multiple";i:0;s:6:"reduce";b:0;}}s:19:"field_price_value_1";a:11:{s:2:"id";s:19:"field_price_value_1";s:5:"table";s:22:"field_data_field_price";s:5:"field";s:17:"field_price_value";s:12:"relationship";s:4:"none";s:10:"group_type";s:5:"group";s:7:"ui_name";s:0:"";s:8:"operator";s:2:">=";s:5:"value";a:3:{s:3:"min";s:0:"";s:3:"max";s:0:"";s:5:"value";s:3:"500";}s:5:"group";i:1;s:7:"exposed";b:0;s:6:"expose";a:8:{s:11:"operator_id";b:0;s:5:"label";s:0:"";s:12:"use_operator";i:0;s:8:"operator";s:0:"";s:10:"identifier";s:0:"";s:8:"required";i:0;s:8:"remember";i:0;s:8:"multiple";i:0;}}}s:8:"defaults";a:2:{s:7:"filters";b:0;s:13:"filter_groups";b:0;}s:13:"filter_groups";a:2:{s:8:"operator";s:3:"AND";s:6:"groups";a:1:{i:1;s:3:"AND";}}}');

DROP TABLE IF EXISTS `prefixpinboard_views_view`;
CREATE TABLE `prefixpinboard_views_view` (
  `vid` int(10) unsigned NOT NULL AUTO_INCREMENT COMMENT 'The view ID of the field, defined by the database.',
  `name` varchar(128) NOT NULL DEFAULT '' COMMENT 'The unique name of the view. This is the primary field views are loaded from, and is used so that views may be internal and not necessarily in the database. May only be alphanumeric characters plus underscores.',
  `description` varchar(255) DEFAULT '' COMMENT 'A description of the view for the admin interface.',
  `tag` varchar(255) DEFAULT '' COMMENT 'A tag used to group/sort views in the admin interface',
  `base_table` varchar(64) NOT NULL DEFAULT '' COMMENT 'What table this view is based on, such as node, user, comment, or term.',
  `human_name` varchar(255) DEFAULT '' COMMENT 'A human readable name used to be displayed in the admin interface',
  `core` int(11) DEFAULT '0' COMMENT 'Stores the drupal core version of the view.',
  PRIMARY KEY (`vid`),
  UNIQUE KEY `name` (`name`)
) ENGINE=InnoDB  DEFAULT CHARSET=utf8 COMMENT='Stores the general data for a view.' AUTO_INCREMENT=12 ;

INSERT INTO `prefixpinboard_views_view` (`vid`, `name`, `description`, `tag`, `base_table`, `human_name`, `core`) VALUES
(4, 'popular', '', 'default', 'node', 'Popular', 7),
(5, 'user_feed', '', 'default', 'node', 'User Feed', 7),
(6, 'taxonomy_term', 'A view to emulate Drupal core''s handling of taxonomy/term.', 'default', 'node', 'Taxonomy term', 7),
(7, 'node', 'A view to emulate Drupal core''s handling of taxonomy/term.', 'default', 'node', 'Node', 7),
(8, 'video', '', 'default', 'node', 'Video', 7),
(10, 'pinned_onto_the_board', '', 'default', 'node', 'Pinned onto the category', 7),
(11, 'gifts', '', 'default', 'node', 'Gifts', 7);

DROP TABLE IF EXISTS `prefixpinboard_votingapi_cache`;
CREATE TABLE `prefixpinboard_votingapi_cache` (
  `vote_cache_id` int(10) unsigned NOT NULL AUTO_INCREMENT,
  `entity_type` varchar(64) NOT NULL DEFAULT 'node',
  `entity_id` int(10) unsigned NOT NULL DEFAULT '0',
  `value` float NOT NULL DEFAULT '0',
  `value_type` varchar(64) NOT NULL DEFAULT 'percent',
  `tag` varchar(64) NOT NULL DEFAULT 'vote',
  `function` varchar(64) NOT NULL DEFAULT '',
  `timestamp` int(10) unsigned NOT NULL DEFAULT '0',
  PRIMARY KEY (`vote_cache_id`),
  KEY `content` (`entity_type`,`entity_id`),
  KEY `content_function` (`entity_type`,`entity_id`,`function`),
  KEY `content_tag_func` (`entity_type`,`entity_id`,`tag`,`function`),
  KEY `content_vtype_tag` (`entity_type`,`entity_id`,`value_type`,`tag`),
  KEY `content_vtype_tag_func` (`entity_type`,`entity_id`,`value_type`,`tag`,`function`)
) ENGINE=InnoDB  DEFAULT CHARSET=utf8 AUTO_INCREMENT=631 ;

INSERT INTO `prefixpinboard_votingapi_cache` (`vote_cache_id`, `entity_type`, `entity_id`, `value`, `value_type`, `tag`, `function`, `timestamp`) VALUES
(58, 'node', 11, 1, 'points', 'vote', 'count', 1331571454),
(59, 'node', 11, 1, 'points', 'vote', 'average', 1331571454),
(60, 'node', 11, 1, 'points', 'vote', 'sum', 1331571454),
(85, 'node', 8, 1, 'points', 'vote', 'count', 1331575567),
(86, 'node', 8, 1, 'points', 'vote', 'average', 1331575567),
(87, 'node', 8, 1, 'points', 'vote', 'sum', 1331575567),
(100, 'node', 7, 1, 'points', 'vote', 'count', 1331577106),
(101, 'node', 7, 1, 'points', 'vote', 'average', 1331577106),
(102, 'node', 7, 1, 'points', 'vote', 'sum', 1331577106),
(115, 'node', 18, 1, 'points', 'vote', 'count', 1332434688),
(116, 'node', 18, 1, 'points', 'vote', 'average', 1332434688),
(117, 'node', 18, 1, 'points', 'vote', 'sum', 1332434688),
(118, 'node', 24, 1, 'points', 'vote', 'count', 1332434699),
(119, 'node', 24, 1, 'points', 'vote', 'average', 1332434699),
(120, 'node', 24, 1, 'points', 'vote', 'sum', 1332434699),
(130, 'node', 65, 1, 'points', 'vote', 'count', 1332750967),
(131, 'node', 65, 1, 'points', 'vote', 'average', 1332750967),
(132, 'node', 65, 1, 'points', 'vote', 'sum', 1332750967),
(133, 'node', 62, 1, 'points', 'vote', 'count', 1333614782),
(134, 'node', 62, 1, 'points', 'vote', 'average', 1333614782),
(135, 'node', 62, 1, 'points', 'vote', 'sum', 1333614782),
(136, 'node', 39, 1, 'points', 'vote', 'count', 1333618475),
(137, 'node', 39, 1, 'points', 'vote', 'average', 1333618475),
(138, 'node', 39, 1, 'points', 'vote', 'sum', 1333618475),
(142, 'node', 31, 3, 'points', 'vote', 'count', 1333619076),
(143, 'node', 31, 1, 'points', 'vote', 'average', 1333619076),
(144, 'node', 31, 3, 'points', 'vote', 'sum', 1333619076),
(160, 'node', 60, 1, 'points', 'vote', 'count', 1333628081),
(161, 'node', 60, 1, 'points', 'vote', 'average', 1333628081),
(162, 'node', 60, 1, 'points', 'vote', 'sum', 1333628081),
(166, 'node', 41, 1, 'points', 'vote', 'count', 1333646670),
(167, 'node', 41, 1, 'points', 'vote', 'average', 1333646670),
(168, 'node', 41, 1, 'points', 'vote', 'sum', 1333646670),
(190, 'node', 34, 2, 'points', 'vote', 'count', 1333650925),
(191, 'node', 34, 1, 'points', 'vote', 'average', 1333650925),
(192, 'node', 34, 2, 'points', 'vote', 'sum', 1333650925),
(193, 'node', 64, 1, 'points', 'vote', 'count', 1333698686),
(194, 'node', 64, 1, 'points', 'vote', 'average', 1333698686),
(195, 'node', 64, 1, 'points', 'vote', 'sum', 1333698686),
(202, 'node', 3, 1, 'points', 'vote', 'count', 1337842384),
(203, 'node', 3, 1, 'points', 'vote', 'average', 1337842384),
(204, 'node', 3, 1, 'points', 'vote', 'sum', 1337842384),
(208, 'node', 6, 1, 'points', 'vote', 'count', 1337842397),
(209, 'node', 6, 1, 'points', 'vote', 'average', 1337842397),
(210, 'node', 6, 1, 'points', 'vote', 'sum', 1337842397),
(211, 'node', 5, 1, 'points', 'vote', 'count', 1339512085),
(212, 'node', 5, 1, 'points', 'vote', 'average', 1339512085),
(213, 'node', 5, 1, 'points', 'vote', 'sum', 1339512085),
(220, 'node', 9, 1, 'points', 'vote', 'count', 1339570249),
(221, 'node', 9, 1, 'points', 'vote', 'average', 1339570249),
(222, 'node', 9, 1, 'points', 'vote', 'sum', 1339570249),
(250, 'node', 2, 1, 'points', 'vote', 'count', 1339572775),
(251, 'node', 2, 1, 'points', 'vote', 'average', 1339572775),
(252, 'node', 2, 1, 'points', 'vote', 'sum', 1339572775),
(265, 'node', 4, 1, 'points', 'vote', 'count', 1339573980),
(266, 'node', 4, 1, 'points', 'vote', 'average', 1339573980),
(267, 'node', 4, 1, 'points', 'vote', 'sum', 1339573980),
(268, 'node', 13, 1, 'points', 'vote', 'count', 1339574088),
(269, 'node', 13, 1, 'points', 'vote', 'average', 1339574088),
(270, 'node', 13, 1, 'points', 'vote', 'sum', 1339574088),
(448, 'node', 43, 1, 'points', 'vote', 'count', 1339580727),
(449, 'node', 43, 1, 'points', 'vote', 'average', 1339580727),
(450, 'node', 43, 1, 'points', 'vote', 'sum', 1339580727),
(508, 'node', 25, 1, 'points', 'vote', 'count', 1339585716),
(509, 'node', 25, 1, 'points', 'vote', 'average', 1339585716),
(510, 'node', 25, 1, 'points', 'vote', 'sum', 1339585716),
(538, 'node', 23, 1, 'points', 'vote', 'count', 1339585779),
(539, 'node', 23, 1, 'points', 'vote', 'average', 1339585779),
(540, 'node', 23, 1, 'points', 'vote', 'sum', 1339585779),
(574, 'node', 30, 1, 'points', 'vote', 'count', 1339585884),
(575, 'node', 30, 1, 'points', 'vote', 'average', 1339585884),
(576, 'node', 30, 1, 'points', 'vote', 'sum', 1339585884),
(577, 'node', 35, 1, 'points', 'vote', 'count', 1339585990),
(578, 'node', 35, 1, 'points', 'vote', 'average', 1339585990),
(579, 'node', 35, 1, 'points', 'vote', 'sum', 1339585990),
(610, 'node', 99, 1, 'points', 'vote', 'count', 1340011437),
(611, 'node', 99, 1, 'points', 'vote', 'average', 1340011437),
(612, 'node', 99, 1, 'points', 'vote', 'sum', 1340011437),
(622, 'node', 111, 1, 'points', 'vote', 'count', 1340131205),
(623, 'node', 111, 1, 'points', 'vote', 'average', 1340131205),
(624, 'node', 111, 1, 'points', 'vote', 'sum', 1340131205),
(628, 'node', 110, 1, 'points', 'vote', 'count', 1340131208),
(629, 'node', 110, 1, 'points', 'vote', 'average', 1340131208),
(630, 'node', 110, 1, 'points', 'vote', 'sum', 1340131208);

DROP TABLE IF EXISTS `prefixpinboard_votingapi_vote`;
CREATE TABLE `prefixpinboard_votingapi_vote` (
  `vote_id` int(10) unsigned NOT NULL AUTO_INCREMENT,
  `entity_type` varchar(64) NOT NULL DEFAULT 'node',
  `entity_id` int(10) unsigned NOT NULL DEFAULT '0',
  `value` float NOT NULL DEFAULT '0',
  `value_type` varchar(64) NOT NULL DEFAULT 'percent',
  `tag` varchar(64) NOT NULL DEFAULT 'vote',
  `uid` int(10) unsigned NOT NULL DEFAULT '0',
  `timestamp` int(10) unsigned NOT NULL DEFAULT '0',
  `vote_source` varchar(255) DEFAULT NULL,
  PRIMARY KEY (`vote_id`),
  KEY `content_uid` (`entity_type`,`entity_id`,`uid`),
  KEY `content_uid_2` (`entity_type`,`uid`),
  KEY `content_source` (`entity_type`,`entity_id`,`vote_source`),
  KEY `content_value_tag` (`entity_type`,`entity_id`,`value_type`,`tag`)
) ENGINE=InnoDB  DEFAULT CHARSET=utf8 AUTO_INCREMENT=211 ;

INSERT INTO `prefixpinboard_votingapi_vote` (`vote_id`, `entity_type`, `entity_id`, `value`, `value_type`, `tag`, `uid`, `timestamp`, `vote_source`) VALUES
(20, 'node', 11, 1, 'points', 'vote', 1, 1331571454, '127.0.0.1'),
(29, 'node', 8, 1, 'points', 'vote', 1, 1331575567, '127.0.0.1'),
(34, 'node', 7, 1, 'points', 'vote', 1, 1331577106, '127.0.0.1'),
(39, 'node', 18, 1, 'points', 'vote', 2, 1332434688, '76.182.38.224'),
(40, 'node', 24, 1, 'points', 'vote', 2, 1332434699, '76.182.38.224'),
(41, 'node', 31, 1, 'points', 'vote', 2, 1332451665, '76.182.38.224'),
(42, 'node', 34, 1, 'points', 'vote', 2, 1332451672, '76.182.38.224'),
(44, 'node', 65, 1, 'points', 'vote', 1, 1332750967, '178.126.58.255'),
(45, 'node', 62, 1, 'points', 'vote', 3, 1333614782, '127.0.0.1'),
(46, 'node', 39, 1, 'points', 'vote', 3, 1333618475, '127.0.0.1'),
(47, 'node', 31, 1, 'points', 'vote', 3, 1333618671, '127.0.0.1'),
(48, 'node', 31, 1, 'points', 'vote', 1, 1333619076, '127.0.0.1'),
(54, 'node', 60, 1, 'points', 'vote', 1, 1333628081, '127.0.0.1'),
(56, 'node', 41, 1, 'points', 'vote', 1, 1333646670, '127.0.0.1'),
(64, 'node', 34, 1, 'points', 'vote', 1, 1333650925, '127.0.0.1'),
(65, 'node', 64, 1, 'points', 'vote', 1, 1333698686, '127.0.0.1'),
(68, 'node', 3, 1, 'points', 'vote', 1, 1337842384, '127.0.0.1'),
(70, 'node', 6, 1, 'points', 'vote', 1, 1337842397, '127.0.0.1'),
(71, 'node', 5, 1, 'points', 'vote', 1, 1339512085, '127.0.0.1'),
(74, 'node', 9, 1, 'points', 'vote', 1, 1339570249, '127.0.0.1'),
(84, 'node', 2, 1, 'points', 'vote', 1, 1339572775, '127.0.0.1'),
(89, 'node', 4, 1, 'points', 'vote', 1, 1339573980, '127.0.0.1'),
(90, 'node', 13, 1, 'points', 'vote', 1, 1339574088, '127.0.0.1'),
(150, 'node', 43, 1, 'points', 'vote', 1, 1339580727, '127.0.0.1'),
(170, 'node', 25, 1, 'points', 'vote', 1, 1339585716, '127.0.0.1'),
(180, 'node', 23, 1, 'points', 'vote', 1, 1339585779, '127.0.0.1'),
(192, 'node', 30, 1, 'points', 'vote', 1, 1339585884, '127.0.0.1'),
(193, 'node', 35, 1, 'points', 'vote', 1, 1339585990, '127.0.0.1'),
(204, 'node', 99, 1, 'points', 'vote', 1, 1340011437, '127.0.0.1'),
(208, 'node', 111, 1, 'points', 'vote', 1, 1340131205, '127.0.0.1'),
(210, 'node', 110, 1, 'points', 'vote', 1, 1340131208, '127.0.0.1');

DROP TABLE IF EXISTS `prefixpinboard_watchdog`;
CREATE TABLE `prefixpinboard_watchdog` (
  `wid` int(11) NOT NULL AUTO_INCREMENT COMMENT 'Primary Key: Unique watchdog event ID.',
  `uid` int(11) NOT NULL DEFAULT '0' COMMENT 'The prefixpinboard_users.uid of the user who triggered the event.',
  `type` varchar(64) NOT NULL DEFAULT '' COMMENT 'Type of log message, for example "user" or "page not found."',
  `message` longtext NOT NULL COMMENT 'Text of log message to be passed into the t() function.',
  `variables` longblob NOT NULL COMMENT 'Serialized array of variables that match the message string and that is passed into the t() function.',
  `severity` tinyint(3) unsigned NOT NULL DEFAULT '0' COMMENT 'The severity level of the event; ranges from 0 (Emergency) to 7 (Debug)',
  `link` varchar(255) DEFAULT '' COMMENT 'Link to view the result of the event.',
  `location` text NOT NULL COMMENT 'URL of the origin of the event.',
  `referer` text COMMENT 'URL of referring page.',
  `hostname` varchar(128) NOT NULL DEFAULT '' COMMENT 'Hostname of the user who triggered the event.',
  `timestamp` int(11) NOT NULL DEFAULT '0' COMMENT 'Unix timestamp of when event occurred.',
  PRIMARY KEY (`wid`),
  KEY `type` (`type`),
  KEY `uid` (`uid`)
) ENGINE=InnoDB DEFAULT CHARSET=utf8 COMMENT='Table that contains logs of all system events.' AUTO_INCREMENT=1 ;

